/*******************************************************************************
 * Size: 20 px
 * Bpp: 1
 * Opts: --format lvgl --bpp 1 --size 20 --font third_party/fusion-pixel-font/fusion-pixel-12px-proportional-zh_hans.otf --range 0x20-0x7e,0x25b6 --symbols 、。一上下不与专个中串临主久义乐习了事于互享亮亲人仅今从仔令以件任伙会伴低住体何余作你例侣便保修倍候倦值倾做停傍允兄先光克免入全公共关兴内再写冬冲决准出函分切划创初判别到制刷刻前剩力功加务动助努勇包化升单占印压去参友反发取受变口只可台号叹吃同名后吗含听启呀告周命和哦哪啦善喜喝器回园困固在地坏块塞填壮备复夏够大天太失奇奋套好妹始姐子字存学孩它安完定实宠审家容密对小尚就尾层屏山工已师帮幕平年并幸幼应底度庭建开式引弟张强当录待得心必志快态思总恢惊想意懂成我户房手才打执批找报担拉拒择持指按损换据掌接控提握播操支收改放故效敢散数整文料断新方无日早时明易春是显晚晨景晴智暂暖更月有朋朗期未本机杂权束来极果柔查标校样核格案桌桥梦检椅楚次欢止正步母每水求没河法波注洗活流浏消添清温点热烹熊父片物状狗独猫理生用电界番疲的目直相看真眼知短码研硬确示离秋秒积称移程稍究空窗立端第等答简管系紧红级纯线练组细经结给络绝统继续缓编缩网置老考者而聆联背能脑脚色节花茄菜行表衷袋要见观览言计认让记讲许设证识词试诚话询该语误说请读调象败起超足跃跑身轮轻载较达过运返这进违连迟退送选造道那部都配醒采里重量钟铺锁错键长门闭问闲间阅阳阻降限难集雨需静非靠面音页项须频题风食饪饮首驶驾高鸟麦默、。！？：％，；“”‘’（）【】《》—…·「」『』〈〉￥ --no-kerning --no-compress --lv-font-name lv_font_cn_20 -o main/lv_font_cn_20.c
 ******************************************************************************/

#ifdef LV_LVGL_H_INCLUDE_SIMPLE
#include "lvgl.h"
#else
#include "lvgl/lvgl.h"
#endif

#ifndef LV_FONT_CN_20
#define LV_FONT_CN_20 1
#endif

#if LV_FONT_CN_20

/*-----------------
 *    BITMAPS
 *----------------*/

/*Store the image of the glyphs*/
static LV_ATTRIBUTE_LARGE_CONST const uint8_t glyph_bitmap[] = {
    /* U+0020 " " */
    0x0,

    /* U+0021 "!" */
    0xff, 0xff, 0xfc, 0xc,

    /* U+0022 "\"" */
    0xde, 0xf7, 0xbd, 0x80,

    /* U+0023 "#" */
    0x63, 0x18, 0xc6, 0x31, 0x8c, 0xff, 0xd8, 0xc6,
    0x31, 0x8c, 0x63, 0x18, 0xcf, 0xfd, 0x8c, 0x63,
    0x18, 0xc6, 0x30,

    /* U+0024 "$" */
    0x18, 0x18, 0x3e, 0x18, 0xd9, 0xd8, 0xd8, 0xd8,
    0xd8, 0x3e, 0x19, 0x19, 0x19, 0x19, 0xd9, 0x18,
    0x3e, 0x18, 0x18,

    /* U+0025 "%" */
    0x20, 0xc0, 0xc, 0xd8, 0xc2, 0x10, 0x1, 0x0,
    0x10, 0x0, 0x0, 0x60, 0x18, 0x1, 0x80, 0x18,
    0xc0, 0x0, 0x21, 0x32, 0x0, 0x20, 0xc0,

    /* U+0026 "&" */
    0xe, 0x0, 0x2, 0x10, 0x84, 0x21, 0x3, 0x80,
    0x80, 0xe3, 0x0, 0xf1, 0xbc, 0x13, 0x4, 0xc1,
    0x0, 0x3, 0xec,

    /* U+0027 "'" */
    0xff, 0xc0,

    /* U+0028 "(" */
    0xc, 0x82, 0x8, 0xc3, 0xc, 0x30, 0xc3, 0xc,
    0x30, 0x0, 0x82, 0x8, 0xc,

    /* U+0029 ")" */
    0xc0, 0x82, 0x8, 0xc, 0x30, 0xc3, 0xc, 0x30,
    0xc3, 0x0, 0x82, 0x8, 0xc0,

    /* U+002A "*" */
    0x18, 0x18, 0xd9, 0x3e, 0x18, 0xd9, 0x18, 0x18,

    /* U+002B "+" */
    0x18, 0x18, 0x18, 0xff, 0x18, 0x18, 0x18, 0x18,

    /* U+002C "," */
    0x24, 0x8c,

    /* U+002D "-" */
    0xff,

    /* U+002E "." */
    0xc0,

    /* U+002F "/" */
    0x1, 0x1, 0x1, 0x0, 0x6, 0x6, 0x6, 0x18,
    0x18, 0x18, 0x18, 0x18, 0x20, 0x20, 0x20, 0xc0,
    0xc0, 0xc0,

    /* U+0030 "0" */
    0x3e, 0x0, 0xc1, 0xc1, 0xc1, 0xc7, 0xc1, 0xd9,
    0xc1, 0xe1, 0xc1, 0xc1, 0xc1, 0x0, 0x3e,

    /* U+0031 "1" */
    0x63, 0x38, 0xc6, 0x31, 0x8c, 0x63, 0x18, 0xc6,
    0x33, 0xe0,

    /* U+0032 "2" */
    0x3e, 0x0, 0xc1, 0x1, 0x1, 0x1, 0x1, 0x6,
    0x0, 0x18, 0x20, 0xc0, 0xc0, 0xc0, 0xff,

    /* U+0033 "3" */
    0x3e, 0x0, 0xc1, 0x1, 0x1, 0x1, 0x1, 0xe,
    0x1, 0x1, 0x1, 0x1, 0xc1, 0x0, 0x3e,

    /* U+0034 "4" */
    0x6, 0x3, 0x7, 0x83, 0xc1, 0xe1, 0x30, 0x98,
    0x4c, 0xc6, 0x63, 0x3f, 0xe0, 0xc0, 0x60, 0x30,
    0x18,

    /* U+0035 "5" */
    0xff, 0xc0, 0xc0, 0xc0, 0xc0, 0xc0, 0xc0, 0xfe,
    0x1, 0x1, 0x1, 0x1, 0xc1, 0x0, 0x3e,

    /* U+0036 "6" */
    0x3e, 0x0, 0xc1, 0xc0, 0xc0, 0xc0, 0xc0, 0xfe,
    0xc1, 0xc1, 0xc1, 0xc1, 0xc1, 0x0, 0x3e,

    /* U+0037 "7" */
    0xff, 0x80, 0xc0, 0x60, 0x30, 0x18, 0x10, 0x8,
    0x4, 0x0, 0x6, 0x3, 0x1, 0x80, 0xc0, 0x60,
    0x30,

    /* U+0038 "8" */
    0x3e, 0x0, 0xc1, 0xc1, 0xc1, 0xc1, 0xc1, 0x3e,
    0xc1, 0xc1, 0xc1, 0xc1, 0xc1, 0x0, 0x3e,

    /* U+0039 "9" */
    0x3e, 0x0, 0xc1, 0xc1, 0xc1, 0xc1, 0xc1, 0x3f,
    0x1, 0x1, 0x1, 0x1, 0xc1, 0x0, 0x3e,

    /* U+003A ":" */
    0xc0, 0x0, 0x30,

    /* U+003B ";" */
    0x20, 0x0, 0x0, 0x24, 0x8c,

    /* U+003C "<" */
    0x6, 0x30, 0x1, 0x0, 0x18, 0x8, 0x0, 0x18,
    0x0, 0x18,

    /* U+003D "=" */
    0xff, 0x0, 0x0, 0x0, 0xff,

    /* U+003E ">" */
    0xc0, 0x40, 0x0, 0xc0, 0x0, 0xc6, 0x0, 0x20,
    0x3, 0x0,

    /* U+003F "?" */
    0x3e, 0x0, 0xc1, 0x1, 0x1, 0x1, 0x1, 0x6,
    0x18, 0x18, 0x18, 0x0, 0x0, 0x0, 0x18,

    /* U+0040 "@" */
    0x1f, 0x0, 0x0, 0x20, 0xc0, 0x0, 0xc7, 0x3d,
    0x93, 0xd9, 0x3d, 0x93, 0xd9, 0x3d, 0x93, 0xd9,
    0x3d, 0x93, 0xde, 0xf0, 0x0, 0x20, 0x1, 0xfc,

    /* U+0041 "A" */
    0x6, 0x0, 0x60, 0x6, 0x1, 0x90, 0x19, 0x1,
    0x90, 0x0, 0x2, 0xc, 0x20, 0xc3, 0xfc, 0x20,
    0xc2, 0xc, 0xc0, 0x3c, 0x3, 0xc0, 0x30,

    /* U+0042 "B" */
    0xff, 0x30, 0xc, 0xf, 0x3, 0xc0, 0xf0, 0x3c,
    0xf, 0xfc, 0xc0, 0xf0, 0x3c, 0xf, 0x3, 0xc0,
    0xf0, 0xf, 0xf0,

    /* U+0043 "C" */
    0x1f, 0x0, 0x2, 0xf, 0x0, 0xc0, 0x30, 0xc,
    0x3, 0x0, 0xc0, 0x30, 0xc, 0x0, 0x0, 0x20,
    0xc0, 0x1, 0xf0,

    /* U+0044 "D" */
    0xfe, 0x30, 0xc, 0x13, 0x3, 0xc0, 0xf0, 0x3c,
    0xf, 0x3, 0xc0, 0xf0, 0x3c, 0xf, 0x0, 0xc1,
    0x30, 0xf, 0xe0,

    /* U+0045 "E" */
    0xff, 0xf0, 0xc, 0x3, 0x0, 0xc0, 0x30, 0xc,
    0x3, 0xfe, 0xc0, 0x30, 0xc, 0x3, 0x0, 0xc0,
    0x30, 0xf, 0xfc,

    /* U+0046 "F" */
    0xff, 0xf0, 0xc, 0x3, 0x0, 0xc0, 0x30, 0xc,
    0x3, 0xfe, 0xc0, 0x30, 0xc, 0x3, 0x0, 0xc0,
    0x30, 0xc, 0x0,

    /* U+0047 "G" */
    0x1f, 0x0, 0x2, 0xf, 0x0, 0xc0, 0x30, 0xc,
    0x3, 0x0, 0xc0, 0x30, 0xfc, 0xc, 0x3, 0x20,
    0xc0, 0x31, 0xfc,

    /* U+0048 "H" */
    0xc0, 0xf0, 0x3c, 0xf, 0x3, 0xc0, 0xf0, 0x3c,
    0xf, 0xff, 0xc0, 0xf0, 0x3c, 0xf, 0x3, 0xc0,
    0xf0, 0x3c, 0xc,

    /* U+0049 "I" */
    0xfb, 0x18, 0xc6, 0x31, 0x8c, 0x63, 0x18, 0xc6,
    0x33, 0xe0,

    /* U+004A "J" */
    0x1, 0x1, 0x1, 0x1, 0x1, 0x1, 0x1, 0x1,
    0x1, 0x1, 0xc1, 0xc1, 0xc1, 0x0, 0x3e,

    /* U+004B "K" */
    0xc0, 0xf0, 0xc, 0x13, 0x0, 0xc6, 0x36, 0xc,
    0x3, 0x80, 0xc0, 0x36, 0xc, 0x63, 0x0, 0xc1,
    0x30, 0xc, 0xc,

    /* U+004C "L" */
    0xc0, 0x60, 0x30, 0x18, 0xc, 0x6, 0x3, 0x1,
    0x80, 0xc0, 0x60, 0x30, 0x18, 0xc, 0x6, 0x3,
    0xfe,

    /* U+004D "M" */
    0xc0, 0x3c, 0x3, 0xc0, 0x3e, 0xf, 0xe0, 0xfe,
    0xf, 0xc0, 0x3d, 0x93, 0xd9, 0x3d, 0x93, 0xc6,
    0x3c, 0x63, 0xc6, 0x3c, 0x63, 0xc6, 0x30,

    /* U+004E "N" */
    0xc0, 0xf0, 0x3e, 0xf, 0x63, 0xd8, 0xf6, 0x3c,
    0xf, 0x1b, 0xc6, 0xf1, 0xbc, 0x1f, 0x7, 0xc1,
    0xf0, 0x3c, 0xc,

    /* U+004F "O" */
    0x1f, 0x0, 0x0, 0x20, 0xcc, 0x3, 0xc0, 0x3c,
    0x3, 0xc0, 0x3c, 0x3, 0xc0, 0x3c, 0x3, 0xc0,
    0x30, 0x0, 0x20, 0xc0, 0x0, 0x1f, 0x0,

    /* U+0050 "P" */
    0xff, 0x30, 0xc, 0xf, 0x3, 0xc0, 0xf0, 0x3c,
    0xf, 0xfc, 0xc0, 0x30, 0xc, 0x3, 0x0, 0xc0,
    0x30, 0xc, 0x0,

    /* U+0051 "Q" */
    0x1f, 0x0, 0x0, 0x20, 0xcc, 0x3, 0xc0, 0x3c,
    0x3, 0xc0, 0x3c, 0x3, 0xc0, 0x3c, 0x3, 0xc3,
    0x30, 0x0, 0x20, 0xc0, 0x0, 0x1f, 0x30,

    /* U+0052 "R" */
    0xff, 0x30, 0xc, 0xf, 0x3, 0xc0, 0xf0, 0x3c,
    0xf, 0xfc, 0xc6, 0x31, 0x8c, 0x13, 0x4, 0xc1,
    0x30, 0xc, 0xc,

    /* U+0053 "S" */
    0x3f, 0x0, 0xc, 0xf, 0x0, 0xc0, 0x8, 0x0,
    0x0, 0x38, 0x0, 0x0, 0x40, 0xc, 0x3, 0xc0,
    0xc0, 0x3, 0xf0,

    /* U+0054 "T" */
    0xff, 0xf0, 0x60, 0x6, 0x0, 0x60, 0x6, 0x0,
    0x60, 0x6, 0x0, 0x60, 0x6, 0x0, 0x60, 0x6,
    0x0, 0x60, 0x6, 0x0, 0x60, 0x6, 0x0,

    /* U+0055 "U" */
    0xc0, 0xf0, 0x3c, 0xf, 0x3, 0xc0, 0xf0, 0x3c,
    0xf, 0x3, 0xc0, 0xf0, 0x3c, 0xf, 0x3, 0xc0,
    0xc0, 0x3, 0xf0,

    /* U+0056 "V" */
    0xc0, 0x3c, 0x3, 0xc0, 0x32, 0xc, 0x20, 0xc2,
    0xc, 0x20, 0xc2, 0xc, 0x19, 0x1, 0x90, 0x19,
    0x0, 0x0, 0x6, 0x0, 0x60, 0x6, 0x0,

    /* U+0057 "W" */
    0xc1, 0x7, 0x82, 0xf, 0x4, 0x1e, 0x8, 0x3c,
    0x10, 0x64, 0xd9, 0x9, 0xb2, 0x13, 0x64, 0x26,
    0xc8, 0x4d, 0x90, 0x60, 0xc0, 0xc1, 0x81, 0x83,
    0x3, 0x6, 0x6, 0xc, 0x0,

    /* U+0058 "X" */
    0xc0, 0x30, 0x0, 0x20, 0xc2, 0xc, 0x20, 0xc1,
    0x90, 0x0, 0x0, 0x60, 0x0, 0x1, 0x90, 0x20,
    0xc2, 0xc, 0x20, 0xc0, 0x0, 0xc0, 0x30,

    /* U+0059 "Y" */
    0xc0, 0x30, 0x0, 0x20, 0xc2, 0xc, 0x20, 0xc1,
    0x90, 0x19, 0x1, 0x90, 0x0, 0x0, 0x60, 0x6,
    0x0, 0x60, 0x6, 0x0, 0x60, 0x6, 0x0,

    /* U+005A "Z" */
    0xff, 0xc0, 0x30, 0xc, 0x3, 0x1, 0x1, 0x80,
    0x0, 0x60, 0x18, 0x6, 0x2, 0x3, 0x0, 0xc0,
    0x30, 0xf, 0xfc,

    /* U+005B "[" */
    0xfe, 0x31, 0x8c, 0x63, 0x18, 0xc6, 0x31, 0x8c,
    0x63, 0x18, 0xc7, 0xc0,

    /* U+005C "\\" */
    0xc0, 0xc0, 0xc0, 0x0, 0x20, 0x20, 0x20, 0x18,
    0x18, 0x18, 0x18, 0x18, 0x6, 0x6, 0x6, 0x1,
    0x1, 0x1,

    /* U+005D "]" */
    0xfc, 0x30, 0xc3, 0xc, 0x30, 0xc3, 0xc, 0x30,
    0xc3, 0xc, 0x30, 0xc3, 0xf, 0xf0,

    /* U+005E "^" */
    0x18, 0x0, 0x26, 0x0, 0xc1,

    /* U+005F "_" */
    0xff,

    /* U+0060 "`" */
    0xc0, 0x80,

    /* U+0061 "a" */
    0x3e, 0x1, 0x1, 0x1, 0x3f, 0xc1, 0xc1, 0xc1,
    0x1, 0x3f,

    /* U+0062 "b" */
    0xc0, 0xc0, 0xc0, 0xc0, 0xc0, 0xfe, 0xc0, 0xc1,
    0xc1, 0xc1, 0xc1, 0xc1, 0xc1, 0xc0, 0xfe,

    /* U+0063 "c" */
    0x3e, 0x0, 0xc1, 0xc0, 0xc0, 0xc0, 0xc0, 0xc1,
    0x0, 0x3e,

    /* U+0064 "d" */
    0x3, 0x3, 0x3, 0x3, 0x3, 0x3f, 0x3, 0xc3,
    0xc3, 0xc3, 0xc3, 0xc3, 0xc3, 0x3, 0x3f,

    /* U+0065 "e" */
    0x3e, 0x0, 0xc1, 0xc1, 0xff, 0xc0, 0xc0, 0xc1,
    0x0, 0x3e,

    /* U+0066 "f" */
    0xe, 0x1, 0x83, 0x6, 0x1f, 0xd8, 0x30, 0x60,
    0xc1, 0x83, 0x6, 0xc, 0x18, 0x0,

    /* U+0067 "g" */
    0x3f, 0x1, 0xc1, 0xc1, 0xc1, 0xc1, 0xc1, 0xc1,
    0x1, 0x3f, 0x1, 0x1, 0x3e,

    /* U+0068 "h" */
    0xc0, 0xc0, 0xc0, 0xc0, 0xc0, 0xce, 0xc0, 0xf1,
    0xc1, 0xc1, 0xc1, 0xc1, 0xc1, 0xc1, 0xc1,

    /* U+0069 "i" */
    0x60, 0x0, 0x0, 0x71, 0x8c, 0x63, 0x18, 0xc6,
    0x33, 0xe0,

    /* U+006A "j" */
    0x18, 0x0, 0x0, 0x7c, 0x63, 0x18, 0xc6, 0x31,
    0x8c, 0x63, 0x1f, 0x0,

    /* U+006B "k" */
    0xc0, 0xc0, 0xc0, 0xc0, 0xc0, 0xc1, 0xc0, 0xde,
    0xc0, 0xe0, 0xd8, 0xc0, 0xc6, 0xc0, 0xc1,

    /* U+006C "l" */
    0xf0, 0xc3, 0xc, 0x30, 0xc3, 0xc, 0x30, 0xc3,
    0xc, 0x30, 0xc3, 0xc0,

    /* U+006D "m" */
    0xf9, 0xcc, 0x0, 0xc6, 0x3c, 0x63, 0xc6, 0x3c,
    0x63, 0xc6, 0x3c, 0x63, 0xc6, 0x3c, 0x63,

    /* U+006E "n" */
    0xce, 0xc0, 0xf1, 0xc1, 0xc1, 0xc1, 0xc1, 0xc1,
    0xc1, 0xc1,

    /* U+006F "o" */
    0x3e, 0x0, 0xc1, 0xc1, 0xc1, 0xc1, 0xc1, 0xc1,
    0x0, 0x3e,

    /* U+0070 "p" */
    0xfe, 0xc0, 0xc1, 0xc1, 0xc1, 0xc1, 0xc1, 0xc1,
    0xc0, 0xfe, 0xc0, 0xc0, 0xc0,

    /* U+0071 "q" */
    0x3f, 0x3, 0xc3, 0xc3, 0xc3, 0xc3, 0xc3, 0xc3,
    0x3, 0x3f, 0x3, 0x3, 0x3,

    /* U+0072 "r" */
    0xcf, 0x83, 0xc6, 0xc, 0x18, 0x30, 0x60, 0xc1,
    0x80,

    /* U+0073 "s" */
    0x3e, 0x0, 0xc1, 0x0, 0x38, 0x6, 0x0, 0xc1,
    0x0, 0x3e,

    /* U+0074 "t" */
    0x60, 0xc1, 0x83, 0x6, 0x1f, 0xd8, 0x30, 0x60,
    0xc1, 0x83, 0x6, 0x0, 0x3, 0x80,

    /* U+0075 "u" */
    0xc3, 0xc3, 0xc3, 0xc3, 0xc3, 0xc3, 0xc3, 0xc7,
    0x3, 0x3b,

    /* U+0076 "v" */
    0xc1, 0xc1, 0xc1, 0x26, 0x26, 0x26, 0x0, 0x18,
    0x18, 0x18,

    /* U+0077 "w" */
    0xc6, 0x3c, 0x63, 0xc6, 0x3d, 0x93, 0xd9, 0x3d,
    0x93, 0x0, 0x2, 0xc, 0x20, 0xc2, 0xc,

    /* U+0078 "x" */
    0xc1, 0x0, 0x26, 0x18, 0x18, 0x18, 0x0, 0x26,
    0x0, 0xc1,

    /* U+0079 "y" */
    0xc1, 0xc1, 0xc1, 0xc1, 0xc1, 0x26, 0x26, 0x26,
    0x18, 0x18, 0x18, 0x0, 0xe0,

    /* U+007A "z" */
    0xff, 0x6, 0x6, 0x6, 0x18, 0x20, 0xc0, 0xc0,
    0xc0, 0xff,

    /* U+007B "{" */
    0xe, 0x40, 0x81, 0x2, 0x4, 0x8, 0x0, 0xc0,
    0x0, 0x81, 0x2, 0x4, 0x8, 0x10, 0xe,

    /* U+007C "|" */
    0xff, 0xff, 0xff, 0xff, 0xfc,

    /* U+007D "}" */
    0xe0, 0x30, 0x60, 0xc1, 0x83, 0x6, 0x0, 0x6,
    0x0, 0x60, 0xc1, 0x83, 0x6, 0xc, 0xe0,

    /* U+007E "~" */
    0x20, 0x0, 0xd9, 0x0, 0x6,

    /* U+00B7 "·" */
    0xff, 0x80,

    /* U+2014 "—" */
    0xff, 0xff, 0xe0,

    /* U+2018 "‘" */
    0x3b, 0x7f, 0xc0,

    /* U+2019 "’" */
    0xff, 0x92, 0x70,

    /* U+201C "“" */
    0x21, 0xc6, 0xc6, 0xe7, 0xe7, 0xe7,

    /* U+201D "”" */
    0xe7, 0xe7, 0xe7, 0x21, 0x21, 0x21, 0xc6,

    /* U+2026 "…" */
    0xe1, 0xc3, 0xf0, 0xe1, 0xf8, 0x70, 0xe0,

    /* U+25B6 "▶" */
    0xe0, 0x1, 0xc0, 0x3, 0xf0, 0x7, 0xfe, 0xf,
    0xfc, 0x1f, 0xff, 0x3f, 0xfe, 0x7f, 0xff, 0xff,
    0xf9, 0xff, 0xf3, 0xff, 0x7, 0xfe, 0xf, 0xc0,
    0x1c, 0x0, 0x38, 0x0, 0x0,

    /* U+3001 "、" */
    0xc6, 0x1e, 0x31, 0x80,

    /* U+3002 "。" */
    0x38, 0x73, 0x1e, 0x3c, 0x60, 0xe, 0x0,

    /* U+3008 "〈" */
    0x6, 0xc, 0x18, 0x3, 0x87, 0xe, 0x60, 0xc1,
    0x83, 0x6, 0x3, 0x87, 0xe, 0x0, 0x6, 0xc,
    0x18,

    /* U+3009 "〉" */
    0xc1, 0x83, 0x0, 0x3, 0x87, 0xe, 0x3, 0x6,
    0xc, 0x18, 0x33, 0x87, 0xe, 0x0, 0xc1, 0x83,
    0x0,

    /* U+300A "《" */
    0x18, 0x63, 0xc, 0x61, 0x80, 0x2, 0x18, 0x43,
    0x8, 0x66, 0x30, 0xc6, 0x18, 0xc3, 0x18, 0x63,
    0x2, 0x18, 0x43, 0x8, 0x60, 0x0, 0x18, 0x63,
    0xc, 0x61, 0x80,

    /* U+300B "》" */
    0xc6, 0x18, 0xc3, 0x18, 0x0, 0x2, 0x18, 0x43,
    0x8, 0x60, 0xc3, 0x18, 0x63, 0xc, 0x61, 0x8c,
    0x32, 0x18, 0x43, 0x8, 0x60, 0x0, 0xc6, 0x18,
    0xc3, 0x18, 0x0,

    /* U+300C "「" */
    0xff, 0x83, 0x6, 0xc, 0x18, 0x30, 0x60, 0xc1,
    0x83, 0x6, 0xc, 0x0,

    /* U+300D "」" */
    0x6, 0xc, 0x18, 0x30, 0x60, 0xc1, 0x83, 0x6,
    0xc, 0x18, 0x3f, 0xe0,

    /* U+300E "『" */
    0xff, 0xc3, 0xc3, 0xc3, 0xdf, 0xd8, 0xd8, 0xd8,
    0xd8, 0xd8, 0xd8, 0xd8, 0xf8,

    /* U+300F "』" */
    0x1f, 0x1b, 0x1b, 0x1b, 0x1b, 0x1b, 0x1b, 0x1b,
    0xfb, 0xc3, 0xc3, 0xc3, 0xff,

    /* U+3010 "【" */
    0xff, 0xfc, 0xfc, 0xf8, 0xf8, 0xf8, 0xe0, 0xe0,
    0xe0, 0xe0, 0xe0, 0xe0, 0xe0, 0xf8, 0xf8, 0xf8,
    0xfc, 0xfc, 0xff,

    /* U+3011 "】" */
    0xff, 0x3f, 0x3f, 0x1f, 0x1f, 0x1f, 0x7, 0x7,
    0x7, 0x7, 0x7, 0x7, 0x7, 0x1f, 0x1f, 0x1f,
    0x3f, 0x3f, 0xff,

    /* U+4E00 "一" */
    0xff, 0xff, 0xc0,

    /* U+4E0A "上" */
    0x0, 0xc0, 0x0, 0x30, 0x0, 0xc, 0x0, 0x3,
    0x0, 0x0, 0xc0, 0x0, 0x30, 0x0, 0xc, 0x0,
    0x3, 0xfe, 0x0, 0xc0, 0x0, 0x30, 0x0, 0xc,
    0x0, 0x3, 0x0, 0x0, 0xc0, 0x0, 0x30, 0x0,
    0xc, 0x0, 0x3, 0x0, 0x0, 0xc0, 0x0, 0x30,
    0xf, 0xff, 0xfc,

    /* U+4E0B "下" */
    0xff, 0xff, 0xc0, 0x30, 0x0, 0xc, 0x0, 0x3,
    0x0, 0x0, 0xc0, 0x0, 0x30, 0x0, 0xc, 0x0,
    0x3, 0x60, 0x0, 0xc6, 0x0, 0x31, 0x80, 0xc,
    0x60, 0x3, 0x4, 0x0, 0xc0, 0x0, 0x30, 0x0,
    0xc, 0x0, 0x3, 0x0, 0x0, 0xc0, 0x0, 0x30,
    0x0, 0xc, 0x0,

    /* U+4E0D "不" */
    0xff, 0xff, 0xc0, 0xc, 0x0, 0x3, 0x0, 0x0,
    0x0, 0x0, 0xc0, 0x0, 0x30, 0x0, 0x1c, 0x0,
    0x1b, 0x20, 0x6, 0xc8, 0x6, 0x31, 0x8e, 0xc,
    0x13, 0x83, 0x4, 0x0, 0xc0, 0xc0, 0x30, 0x0,
    0xc, 0x0, 0x3, 0x0, 0x0, 0xc0, 0x0, 0x30,
    0x0, 0xc, 0x0,

    /* U+4E0E "与" */
    0x6, 0x0, 0x1, 0x80, 0x0, 0x7f, 0xfc, 0x18,
    0x0, 0x6, 0x0, 0x6, 0x0, 0x1, 0x80, 0x0,
    0x7f, 0xff, 0x0, 0x0, 0xc0, 0x0, 0x30, 0x0,
    0xc, 0x0, 0x3, 0xff, 0xf8, 0xc0, 0x0, 0x30,
    0x0, 0xc, 0x0, 0x3, 0x0, 0x0, 0x0, 0x0,
    0x0, 0x1, 0xf0,

    /* U+4E13 "专" */
    0x0, 0xc0, 0x0, 0x30, 0x3, 0xff, 0xf0, 0x4,
    0x0, 0x1, 0x0, 0x0, 0x40, 0x0, 0x10, 0x3,
    0xff, 0xff, 0x6, 0x0, 0x1, 0x80, 0x0, 0x60,
    0x0, 0x7f, 0xfc, 0x0, 0x6, 0x0, 0x1, 0x80,
    0x71, 0x80, 0x1c, 0x60, 0x0, 0xe0, 0x0, 0x0,
    0x0, 0x1, 0xe0,

    /* U+4E2A "个" */
    0x0, 0xc0, 0x0, 0x48, 0x0, 0x12, 0x0, 0x4,
    0x80, 0x6, 0x18, 0x6, 0x1, 0x81, 0x80, 0x63,
    0x80, 0x7, 0x0, 0xc0, 0x0, 0x30, 0x0, 0xc,
    0x0, 0x3, 0x0, 0x0, 0xc0, 0x0, 0x30, 0x0,
    0xc, 0x0, 0x3, 0x0, 0x0, 0xc0, 0x0, 0x30,
    0x0, 0xc, 0x0,

    /* U+4E2D "中" */
    0x0, 0xc0, 0x0, 0x30, 0x0, 0xc, 0x0, 0x3,
    0x0, 0xff, 0xff, 0xf0, 0x30, 0x3c, 0xc, 0xf,
    0x3, 0x3, 0xc0, 0xc0, 0xf0, 0x30, 0x3c, 0xc,
    0xf, 0xff, 0xff, 0x0, 0xc0, 0x0, 0x30, 0x0,
    0xc, 0x0, 0x3, 0x0, 0x0, 0xc0, 0x0, 0x30,
    0x0, 0xc, 0x0,

    /* U+4E32 "串" */
    0x0, 0xc0, 0x0, 0x18, 0x0, 0xff, 0xfe, 0x18,
    0x60, 0xc3, 0xc, 0x18, 0x61, 0x83, 0xc, 0x30,
    0x61, 0xff, 0xfc, 0x0, 0xc0, 0x0, 0x18, 0x0,
    0x3, 0x0, 0x7f, 0xff, 0xfc, 0xc, 0x7, 0x81,
    0x80, 0xf0, 0x30, 0x1e, 0x6, 0x3, 0xff, 0xff,
    0xe0, 0x18, 0x0, 0x3, 0x0, 0x0,

    /* U+4E34 "临" */
    0x18, 0x30, 0x3, 0x6, 0x0, 0x60, 0xc0, 0xc,
    0x18, 0xd, 0x83, 0xff, 0xb0, 0x7f, 0xf6, 0x12,
    0x6, 0xcc, 0x30, 0xd9, 0x86, 0x1b, 0x0, 0x3,
    0x67, 0xff, 0xec, 0xff, 0xfd, 0x98, 0x87, 0xb3,
    0x10, 0xf6, 0x62, 0x18, 0xcc, 0x43, 0x19, 0x88,
    0x63, 0x31, 0xc, 0x67, 0xff, 0x80,

    /* U+4E3B "主" */
    0x1, 0x0, 0x0, 0x0, 0x0, 0x0, 0x0, 0x3,
    0x0, 0xff, 0xff, 0xc0, 0x30, 0x0, 0xc, 0x0,
    0x3, 0x0, 0x0, 0xc0, 0x0, 0x30, 0x0, 0xc,
    0x0, 0xff, 0xfc, 0x0, 0xc0, 0x0, 0x30, 0x0,
    0xc, 0x0, 0x3, 0x0, 0x0, 0xc0, 0x0, 0x30,
    0xf, 0xff, 0xfc,

    /* U+4E45 "久" */
    0x6, 0x0, 0x1, 0x80, 0x0, 0x60, 0x0, 0x18,
    0x0, 0x7, 0xf8, 0x1, 0xfe, 0x1, 0x81, 0x81,
    0x80, 0x60, 0x60, 0x18, 0x30, 0x8, 0x0, 0xc,
    0x0, 0x3, 0x0, 0x1, 0x20, 0x1, 0x86, 0x0,
    0x61, 0x80, 0x18, 0x60, 0x18, 0x6, 0x0, 0x0,
    0xe, 0x0, 0x1c,

    /* U+4E49 "义" */
    0x3, 0x0, 0x0, 0x0, 0x6, 0xc, 0x19, 0x83,
    0x6, 0x60, 0xc1, 0x86, 0x1, 0x81, 0x80, 0x60,
    0x60, 0x18, 0x18, 0x6, 0x3, 0x3, 0x0, 0x33,
    0x0, 0xc, 0xc0, 0x0, 0xc0, 0x0, 0xcc, 0x0,
    0x33, 0x0, 0xc, 0xc0, 0x1c, 0xe, 0x0, 0x0,
    0xe, 0x0, 0x1c,

    /* U+4E50 "乐" */
    0x0, 0xf, 0x80, 0x0, 0x0, 0xff, 0xc0, 0x10,
    0x0, 0x2, 0x0, 0x0, 0x40, 0x0, 0x0, 0x30,
    0x6, 0x6, 0x0, 0xc0, 0xc0, 0x1f, 0xff, 0xfc,
    0x3, 0x0, 0x0, 0x60, 0x1, 0x8c, 0x20, 0x41,
    0x83, 0x8, 0x30, 0x61, 0x6, 0xc, 0xc0, 0xc0,
    0x60, 0x18, 0x0, 0x1f, 0x0, 0x0,

    /* U+4E60 "习" */
    0xff, 0xff, 0x80, 0x0, 0xc0, 0x0, 0x60, 0x0,
    0x31, 0x80, 0x18, 0x30, 0xc, 0x18, 0x6, 0x3,
    0x3, 0x0, 0x1, 0x80, 0x0, 0xc0, 0xf, 0x60,
    0x7, 0xb0, 0x1c, 0x18, 0xf0, 0xc, 0x78, 0x6,
    0x3c, 0x3, 0xe0, 0x1, 0x80, 0x0, 0x0, 0x3,
    0x80,

    /* U+4E86 "了" */
    0xff, 0xfe, 0x0, 0xc, 0x0, 0x18, 0x0, 0xc0,
    0x1, 0x80, 0x3, 0x0, 0x8, 0x0, 0x0, 0x0,
    0xc0, 0x1, 0x80, 0x3, 0x0, 0x6, 0x0, 0xc,
    0x0, 0x18, 0x0, 0x30, 0x0, 0x60, 0x0, 0xc0,
    0x1, 0x80, 0x1f, 0x0,

    /* U+4E8B "事" */
    0x0, 0xc0, 0x0, 0x30, 0xf, 0xff, 0xfc, 0x63,
    0x18, 0x18, 0xc6, 0x6, 0x31, 0x81, 0x8c, 0x60,
    0xff, 0xfc, 0x0, 0xc1, 0x0, 0x30, 0x40, 0xc,
    0x13, 0xff, 0xff, 0x0, 0xc1, 0x0, 0x30, 0x43,
    0xff, 0xf0, 0x3, 0x0, 0x0, 0xc0, 0x0, 0x30,
    0x0, 0x7c, 0x0,

    /* U+4E8E "于" */
    0x3f, 0xff, 0x0, 0x30, 0x0, 0xc, 0x0, 0x3,
    0x0, 0x0, 0xc0, 0x0, 0x30, 0x0, 0xc, 0x0,
    0x3, 0x0, 0x0, 0xc0, 0x3f, 0xff, 0xf0, 0xc,
    0x0, 0x3, 0x0, 0x0, 0xc0, 0x0, 0x30, 0x0,
    0xc, 0x0, 0x3, 0x0, 0x0, 0xc0, 0x0, 0x30,
    0x0, 0x7c, 0x0,

    /* U+4E92 "互" */
    0xff, 0xff, 0xc1, 0x80, 0x0, 0x60, 0x0, 0x18,
    0x0, 0x6, 0x0, 0x1, 0xff, 0xc0, 0x7f, 0xf0,
    0x60, 0x4, 0x18, 0x1, 0x6, 0x1, 0x82, 0x0,
    0x60, 0x80, 0x18, 0x3f, 0xf8, 0x0, 0x6, 0x0,
    0x1, 0x80, 0x0, 0x60, 0x0, 0x18, 0x0, 0x6,
    0xf, 0xff, 0xfc,

    /* U+4EAB "享" */
    0x0, 0xc0, 0x0, 0x30, 0xf, 0xff, 0xfc, 0x60,
    0x18, 0x18, 0x6, 0x6, 0x1, 0x81, 0xff, 0xe0,
    0x0, 0x0, 0x0, 0x0, 0xf, 0xff, 0x80, 0x1,
    0x80, 0x0, 0x60, 0x0, 0xe0, 0x0, 0x38, 0xf,
    0xff, 0xfc, 0x3, 0x0, 0x0, 0xc0, 0x0, 0x30,
    0x0, 0x7c, 0x0,

    /* U+4EAE "亮" */
    0x0, 0xc0, 0x0, 0x30, 0xf, 0xff, 0xfc, 0x60,
    0x18, 0x18, 0x6, 0x6, 0x1, 0x81, 0xff, 0xe0,
    0x0, 0x0, 0x0, 0x0, 0x3f, 0xff, 0xfc, 0x0,
    0xf, 0x0, 0x3, 0x7, 0xf8, 0x1, 0x86, 0x0,
    0x61, 0x80, 0x0, 0x60, 0x18, 0x18, 0xc0, 0x6,
    0x3e, 0x1, 0xfc,

    /* U+4EB2 "亲" */
    0x0, 0xc0, 0x0, 0x30, 0x3, 0xff, 0xf0, 0x60,
    0x18, 0x18, 0x6, 0x1, 0x82, 0x0, 0x60, 0x83,
    0xff, 0xff, 0x0, 0xc0, 0x0, 0x30, 0x0, 0xc,
    0x3, 0xff, 0xff, 0x0, 0xc0, 0x0, 0x30, 0x1,
    0x8c, 0x60, 0x63, 0x18, 0xe0, 0xc1, 0xc0, 0x30,
    0x0, 0x1c, 0x0,

    /* U+4EBA "人" */
    0x0, 0x40, 0x0, 0x8, 0x0, 0x1, 0x0, 0x0,
    0x20, 0x0, 0x4, 0x0, 0x0, 0x80, 0x0, 0x6c,
    0x0, 0xd, 0x80, 0x1, 0xb0, 0x0, 0x36, 0x0,
    0x6, 0xc0, 0x3, 0x4, 0x0, 0x60, 0x80, 0xc,
    0x10, 0x6, 0x1, 0x80, 0xc0, 0x30, 0x20, 0x1,
    0x80, 0x0, 0x3, 0x0, 0x1, 0x80,

    /* U+4EC5 "仅" */
    0xd, 0xff, 0xe1, 0xb0, 0xc, 0x36, 0x1, 0x80,
    0xc0, 0x33, 0x18, 0x6, 0x63, 0x0, 0xfc, 0x10,
    0x27, 0x82, 0x4, 0x30, 0x40, 0x86, 0x8, 0x10,
    0xc1, 0x2, 0x18, 0x20, 0x43, 0x3, 0x30, 0x60,
    0x18, 0xc, 0x3, 0x1, 0x80, 0x60, 0x30, 0x33,
    0x6, 0x0, 0x0, 0xc7, 0x3, 0x80,

    /* U+4ECA "今" */
    0x0, 0xc0, 0x0, 0xcc, 0x0, 0x33, 0x0, 0xc,
    0xc0, 0x1c, 0xe, 0x38, 0x0, 0x7e, 0x0, 0x1c,
    0x3, 0x0, 0x0, 0x0, 0x0, 0xc, 0x0, 0x3,
    0x1, 0xff, 0xfe, 0x0, 0x6, 0x0, 0x1, 0x80,
    0x0, 0xc0, 0x0, 0x30, 0x0, 0x30, 0x0, 0x0,
    0x0, 0xc, 0x0,

    /* U+4ECE "从" */
    0x6, 0x8, 0x0, 0xc1, 0x0, 0x18, 0x20, 0x3,
    0x4, 0x0, 0x60, 0x80, 0xc, 0x10, 0x1, 0x82,
    0x0, 0x30, 0x40, 0x19, 0xb6, 0x3, 0x36, 0xc0,
    0x66, 0xd8, 0xc, 0xdb, 0x1, 0x9b, 0x60, 0x33,
    0x6c, 0x8, 0x10, 0x61, 0x2, 0xc, 0x20, 0x41,
    0x80, 0x0, 0x3, 0x6, 0x1, 0x80,

    /* U+4ED4 "仔" */
    0xd, 0xff, 0x81, 0x80, 0x10, 0x30, 0x2, 0x0,
    0x0, 0x3, 0x0, 0x30, 0x60, 0x0, 0xc, 0x1,
    0x1, 0x80, 0x20, 0xf0, 0x4, 0x6, 0x3f, 0xfc,
    0xc0, 0x10, 0x18, 0x2, 0x3, 0x0, 0x40, 0x60,
    0x8, 0xc, 0x1, 0x1, 0x80, 0x20, 0x30, 0x4,
    0x6, 0x0, 0x80, 0xc1, 0xf0, 0x0,

    /* U+4EE4 "令" */
    0x0, 0xc0, 0x0, 0xcc, 0x0, 0x33, 0x0, 0xc,
    0xc0, 0x1e, 0xe, 0x38, 0x0, 0x7e, 0x0, 0x1c,
    0x3, 0x0, 0x0, 0x0, 0x0, 0xc, 0x0, 0x3,
    0x1, 0xff, 0xfe, 0x0, 0x6, 0x0, 0x1, 0x80,
    0x70, 0xc0, 0x1c, 0x30, 0x0, 0xf0, 0x0, 0x0,
    0x0, 0x0, 0xe0,

    /* U+4EE5 "以" */
    0x0, 0xc, 0x0, 0x6, 0x31, 0x83, 0x18, 0xc1,
    0x8c, 0x10, 0xc6, 0x8, 0x63, 0x4, 0x31, 0x80,
    0x18, 0xc0, 0xc, 0x60, 0x6, 0x31, 0x8c, 0x18,
    0xc6, 0xc, 0xc3, 0x7, 0xe7, 0xe3, 0xc3, 0x31,
    0x82, 0x4, 0xc1, 0x2, 0x0, 0x0, 0x3, 0x80,
    0x60,

    /* U+4EF6 "件" */
    0xc, 0x8c, 0x1, 0x91, 0x80, 0x32, 0x30, 0x0,
    0x46, 0x3, 0xf, 0xfe, 0x66, 0x18, 0xc, 0xc3,
    0x7, 0x80, 0x60, 0x30, 0xc, 0x6, 0x1, 0x80,
    0xc0, 0x30, 0x19, 0xff, 0xf3, 0x0, 0xc0, 0x60,
    0x18, 0xc, 0x3, 0x1, 0x80, 0x60, 0x30, 0xc,
    0x6, 0x1, 0x80, 0xc0, 0x30, 0x0,

    /* U+4EFB "任" */
    0xc, 0x3, 0x81, 0x80, 0x70, 0x33, 0xf0, 0x0,
    0x6, 0x3, 0x0, 0xc0, 0x60, 0x18, 0xc, 0x3,
    0x7, 0x80, 0x60, 0xf0, 0xc, 0x6, 0x7f, 0xfc,
    0xc0, 0x30, 0x18, 0x6, 0x3, 0x0, 0xc0, 0x60,
    0x18, 0xc, 0x3, 0x1, 0x80, 0x60, 0x30, 0xc,
    0x6, 0x1, 0x80, 0xc3, 0xfe, 0x0,

    /* U+4F19 "伙" */
    0xc, 0xc, 0x1, 0x81, 0x80, 0x30, 0x30, 0x0,
    0x6, 0x3, 0x18, 0xc6, 0x63, 0x18, 0xcc, 0x63,
    0x1f, 0x98, 0x64, 0x30, 0xc, 0x6, 0x1, 0x80,
    0xc0, 0x30, 0x18, 0x19, 0x83, 0x3, 0x30, 0x60,
    0x66, 0xc, 0xc, 0xc1, 0x81, 0x98, 0x30, 0x40,
    0x86, 0x0, 0x0, 0xce, 0x1, 0x80,

    /* U+4F1A "会" */
    0x0, 0xc0, 0x0, 0xcc, 0x0, 0x33, 0x0, 0xc,
    0xc0, 0x1c, 0xe, 0x38, 0x0, 0x7e, 0x0, 0x1c,
    0x7f, 0xf8, 0x0, 0x0, 0x0, 0x0, 0x0, 0x0,
    0x0, 0x0, 0x0, 0xff, 0xff, 0xc3, 0x0, 0x0,
    0xc0, 0x0, 0x0, 0x0, 0x18, 0x6, 0x6, 0x0,
    0x7, 0xff, 0xd8,

    /* U+4F34 "伴" */
    0xc, 0xc, 0x1, 0x91, 0x8c, 0x32, 0x31, 0x80,
    0x6, 0x3, 0x6, 0xc8, 0x60, 0x18, 0xc, 0x3,
    0x7, 0x87, 0xff, 0x30, 0xc, 0x6, 0x1, 0x80,
    0xc0, 0x30, 0x18, 0x6, 0x3, 0x3f, 0xfe, 0x60,
    0x18, 0xc, 0x3, 0x1, 0x80, 0x60, 0x30, 0xc,
    0x6, 0x1, 0x80, 0xc0, 0x30, 0x0,

    /* U+4F4E "低" */
    0xc, 0x3, 0x81, 0xbf, 0xf0, 0x37, 0xf0, 0x0,
    0xc6, 0x3, 0x18, 0xc0, 0x63, 0x18, 0xc, 0x63,
    0x7, 0x8c, 0x60, 0xf1, 0x8c, 0x6, 0x3f, 0xfc,
    0xc6, 0x30, 0x18, 0xc6, 0x3, 0x18, 0x30, 0x63,
    0x6, 0xc, 0x60, 0xd9, 0x8d, 0x87, 0x31, 0xb0,
    0xe6, 0x3d, 0x8c, 0xc7, 0xb1, 0x80,

    /* U+4F4F "住" */
    0xc, 0x18, 0x1, 0x83, 0x0, 0x30, 0x60, 0x0,
    0x6, 0x3, 0x3f, 0xfe, 0x60, 0x18, 0xc, 0x3,
    0x7, 0x80, 0x60, 0x30, 0xc, 0x6, 0x1, 0x80,
    0xc0, 0x30, 0x18, 0x7f, 0xc3, 0x0, 0xc0, 0x60,
    0x18, 0xc, 0x3, 0x1, 0x80, 0x60, 0x30, 0xc,
    0x6, 0x1, 0x80, 0xcf, 0xff, 0x80,

    /* U+4F53 "体" */
    0xc, 0x18, 0x1, 0x83, 0x0, 0x30, 0x60, 0x0,
    0xc, 0x3, 0x3f, 0xfe, 0x60, 0x30, 0xc, 0x6,
    0x7, 0x83, 0xe0, 0xf0, 0x7c, 0x6, 0x13, 0x60,
    0xc2, 0x6c, 0x18, 0x4d, 0x83, 0x31, 0x88, 0x66,
    0x31, 0xf, 0x3f, 0xd9, 0x80, 0xc0, 0x30, 0x18,
    0x6, 0x3, 0x0, 0xc0, 0x60, 0x0,

    /* U+4F55 "何" */
    0xd, 0xff, 0xe1, 0x80, 0x10, 0x30, 0x2, 0x0,
    0x0, 0x43, 0x0, 0x8, 0x63, 0xf9, 0xc, 0x7f,
    0x27, 0x8c, 0x64, 0x31, 0x8c, 0x86, 0x31, 0x90,
    0xc6, 0x32, 0x18, 0xc6, 0x43, 0x1f, 0xc8, 0x60,
    0x1, 0xc, 0x0, 0x21, 0x80, 0x4, 0x30, 0x0,
    0x86, 0x0, 0x10, 0xc0, 0x3e, 0x0,

    /* U+4F59 "余" */
    0x3, 0xf0, 0x0, 0x0, 0x0, 0x61, 0x80, 0x60,
    0x18, 0x18, 0x6, 0x6, 0x1, 0x8e, 0x7f, 0x9c,
    0x3, 0x0, 0x0, 0xc0, 0x0, 0x30, 0x0, 0xc,
    0x1, 0xff, 0xfe, 0x0, 0xc0, 0x0, 0x30, 0x1,
    0x8c, 0x60, 0x63, 0x18, 0xe0, 0xc1, 0xc0, 0x30,
    0x0, 0x3c, 0x0,

    /* U+4F5C "作" */
    0x8, 0x60, 0x1, 0xc, 0x0, 0x21, 0x80, 0x0,
    0x30, 0x3, 0x7, 0xfe, 0x60, 0xff, 0xcc, 0x66,
    0x7, 0xb0, 0xc0, 0xf6, 0x18, 0x6, 0x3, 0xfc,
    0xc0, 0x60, 0x18, 0xc, 0x3, 0x1, 0x80, 0x60,
    0x30, 0xc, 0x7, 0xf9, 0x80, 0xc0, 0x30, 0x18,
    0x6, 0x3, 0x0, 0xc0, 0x60, 0x0,

    /* U+4F60 "你" */
    0x9, 0x80, 0x1, 0x30, 0x0, 0x27, 0xff, 0x80,
    0xc0, 0x33, 0x18, 0x6, 0x6c, 0x18, 0xcd, 0x83,
    0x1f, 0x80, 0x60, 0x30, 0x6d, 0x86, 0xd, 0xb0,
    0xc1, 0xb6, 0x18, 0x36, 0xc3, 0x18, 0xc6, 0x6f,
    0x18, 0xcd, 0x83, 0x19, 0x80, 0x60, 0x30, 0xc,
    0x6, 0x1, 0x80, 0xc0, 0xf0, 0x0,

    /* U+4F8B "例" */
    0xf, 0xf8, 0x61, 0x30, 0xc, 0x26, 0xd, 0x80,
    0xc1, 0xb3, 0x18, 0x36, 0x63, 0xf6, 0xcc, 0x7e,
    0xdf, 0xb0, 0xdb, 0xf6, 0x1b, 0x66, 0xc3, 0x6c,
    0xc6, 0x6d, 0x98, 0xfd, 0xb3, 0x6, 0x36, 0x60,
    0xc0, 0xcc, 0x18, 0x19, 0x83, 0x3, 0x31, 0x80,
    0x66, 0x0, 0xc, 0xd8, 0xf, 0x80,

    /* U+4FA3 "侣" */
    0x9, 0xff, 0x81, 0x30, 0x30, 0x26, 0x6, 0x0,
    0xc0, 0xc3, 0x18, 0x18, 0x63, 0x3, 0xc, 0x60,
    0x67, 0x8f, 0xfc, 0x30, 0x0, 0x6, 0x0, 0x0,
    0xc0, 0x0, 0x1b, 0xff, 0xf3, 0x60, 0x6, 0x6c,
    0x0, 0xcd, 0x80, 0x19, 0xb0, 0x3, 0x36, 0x0,
    0x66, 0xc0, 0xc, 0xdf, 0xff, 0x80,

    /* U+4FBF "便" */
    0xd, 0xff, 0xe1, 0x81, 0x80, 0x30, 0x30, 0x0,
    0x6, 0x3, 0x1f, 0xfe, 0x63, 0x18, 0xcc, 0x63,
    0x1f, 0x8f, 0xff, 0x31, 0x8c, 0x66, 0x31, 0x8c,
    0xc6, 0x31, 0x98, 0xff, 0xf3, 0x4, 0xc0, 0x60,
    0x98, 0xc, 0xc, 0x1, 0x81, 0x80, 0x30, 0x4c,
    0x6, 0x0, 0x0, 0xce, 0xf, 0x80,

    /* U+4FDD "保" */
    0xc, 0xff, 0xc1, 0x90, 0x18, 0x32, 0x3, 0x0,
    0x40, 0x63, 0x8, 0xc, 0x61, 0xff, 0x8c, 0x3f,
    0xf7, 0x80, 0x20, 0x30, 0x4, 0x6, 0x0, 0x80,
    0xc0, 0x10, 0x19, 0xff, 0xf3, 0x1, 0xf0, 0x60,
    0x3e, 0xc, 0x19, 0x31, 0x83, 0x26, 0x33, 0x84,
    0x66, 0x0, 0x80, 0xc0, 0x10, 0x0,

    /* U+4FEE "修" */
    0x8, 0x60, 0x1, 0xf, 0xf0, 0x21, 0xfe, 0x0,
    0x31, 0x83, 0x1e, 0x30, 0x63, 0xc6, 0xd, 0x8f,
    0x7, 0xbf, 0x1f, 0xf7, 0xe3, 0xe6, 0xc1, 0x80,
    0xd9, 0xc2, 0x1b, 0x38, 0x43, 0x60, 0xf0, 0x6c,
    0xe1, 0xd, 0x9c, 0x21, 0xb3, 0x84, 0x30, 0xf,
    0x6, 0x0, 0x0, 0xc7, 0xc0, 0x0,

    /* U+500D "倍" */
    0xc, 0xc, 0x1, 0x81, 0x80, 0x33, 0xfe, 0x0,
    0x0, 0x3, 0x0, 0x0, 0x60, 0x0, 0xc, 0x20,
    0x27, 0x83, 0x18, 0xf0, 0x63, 0x6, 0x7f, 0xfc,
    0xc0, 0x0, 0x18, 0x0, 0x3, 0xf, 0xf8, 0x61,
    0x1, 0xc, 0x20, 0x21, 0x84, 0x4, 0x30, 0x80,
    0x86, 0x10, 0x10, 0xc3, 0xfe, 0x0,

    /* U+5019 "候" */
    0x8, 0x7f, 0x81, 0x0, 0x30, 0x20, 0x6, 0x0,
    0x0, 0xc3, 0x7f, 0xfe, 0x6c, 0xc0, 0xd, 0x98,
    0x7, 0xb3, 0xff, 0xf6, 0x7f, 0xe6, 0xf1, 0x80,
    0xd8, 0x30, 0x1b, 0x6, 0x3, 0x7f, 0xfe, 0x6c,
    0x24, 0xd, 0x84, 0x81, 0x80, 0x0, 0x30, 0x61,
    0x86, 0x0, 0x0, 0xc6, 0x1, 0x80,

    /* U+5026 "倦" */
    0xc, 0x8c, 0x61, 0x91, 0x8c, 0x31, 0xb2, 0x0,
    0x36, 0x43, 0xf, 0xfe, 0x60, 0x30, 0xc, 0x6,
    0x7, 0x9f, 0xff, 0x30, 0x60, 0x86, 0xc, 0x10,
    0xc1, 0x80, 0x18, 0x7f, 0xb3, 0x36, 0x30, 0x66,
    0xc6, 0xc, 0x1b, 0xc1, 0x83, 0x0, 0x30, 0x0,
    0x66, 0x0, 0xc, 0xc0, 0x7f, 0x80,

    /* U+503C "值" */
    0xc, 0xc, 0x1, 0x81, 0x80, 0x33, 0xff, 0x80,
    0x6, 0x3, 0x0, 0xc0, 0x60, 0x18, 0xc, 0x3f,
    0xe7, 0x84, 0x4, 0xf0, 0x80, 0x86, 0x1f, 0xf0,
    0xc2, 0x2, 0x18, 0x40, 0x43, 0xf, 0xf8, 0x61,
    0x1, 0xc, 0x20, 0x21, 0x84, 0x4, 0x30, 0x80,
    0x86, 0x10, 0x10, 0xcf, 0xff, 0x80,

    /* U+503E "倾" */
    0x8, 0x3f, 0xe1, 0x7, 0xfc, 0x20, 0xc, 0x0,
    0x1, 0x83, 0x63, 0xfe, 0x6c, 0x60, 0xcd, 0x8c,
    0x1f, 0xbf, 0x9b, 0x36, 0x33, 0x66, 0xc6, 0x6c,
    0xd8, 0xcd, 0x9b, 0x19, 0xb3, 0x6f, 0x36, 0x6f,
    0x6, 0xd, 0xe0, 0xc1, 0xbc, 0x18, 0x30, 0xc,
    0x86, 0x0, 0x0, 0xc0, 0xc1, 0x80,

    /* U+505A "做" */
    0x9, 0x8c, 0x1, 0x31, 0x80, 0x26, 0x30, 0x0,
    0xc6, 0x3, 0x7e, 0xfe, 0x63, 0x23, 0xc, 0x64,
    0x67, 0x8c, 0x6c, 0xf1, 0x8d, 0x86, 0x31, 0xb0,
    0xc6, 0x36, 0x1b, 0x36, 0xc3, 0x66, 0xd8, 0x6c,
    0xc4, 0xd, 0x98, 0x81, 0xb3, 0x10, 0x36, 0x6d,
    0x86, 0xcc, 0x0, 0xdf, 0xc1, 0x80,

    /* U+505C "停" */
    0x8, 0x30, 0x1, 0x6, 0x0, 0x3f, 0xff, 0x80,
    0xc0, 0xc3, 0x18, 0x18, 0x63, 0x3, 0xc, 0x7f,
    0xe7, 0x80, 0x0, 0xf0, 0x0, 0x6, 0xff, 0xfc,
    0xd8, 0x1, 0x9b, 0x0, 0x33, 0x1f, 0xf8, 0x60,
    0x18, 0xc, 0x3, 0x1, 0x80, 0x60, 0x30, 0xc,
    0x6, 0x1, 0x80, 0xc1, 0xf0, 0x0,

    /* U+508D "傍" */
    0xc, 0xc, 0x1, 0xbf, 0xfc, 0x37, 0xff, 0x80,
    0x20, 0xc3, 0x4, 0x18, 0x63, 0xff, 0xcc, 0x7f,
    0xff, 0x8c, 0x3, 0x30, 0x0, 0x6, 0x1, 0x80,
    0xc0, 0x30, 0x18, 0xff, 0xf3, 0x3, 0x0, 0x60,
    0x60, 0xc, 0xf, 0xf9, 0x81, 0xff, 0x30, 0x40,
    0x66, 0x0, 0x0, 0xce, 0xe, 0x0,

    /* U+5141 "允" */
    0x0, 0xc0, 0x0, 0x20, 0x0, 0x4, 0x0, 0x0,
    0x80, 0x0, 0x61, 0x80, 0x30, 0xc, 0x6, 0x1,
    0x81, 0xff, 0xfc, 0x6, 0x19, 0x80, 0xc3, 0x30,
    0x18, 0x60, 0x3, 0xc, 0x0, 0x61, 0x80, 0xc,
    0x30, 0x1, 0x86, 0x0, 0x0, 0xc3, 0x18, 0x18,
    0x60, 0x3, 0xf, 0x80, 0x7f, 0x80,

    /* U+5144 "兄" */
    0x3f, 0xff, 0x86, 0x0, 0x30, 0xc0, 0x6, 0x18,
    0x0, 0xc3, 0x0, 0x18, 0x60, 0x3, 0xc, 0x0,
    0x61, 0x80, 0xc, 0x30, 0x1, 0x87, 0xff, 0xf0,
    0x18, 0x30, 0x3, 0x6, 0x0, 0x60, 0xc0, 0xc,
    0x18, 0x1, 0x83, 0x0, 0x0, 0x63, 0x8, 0xc,
    0x60, 0x1, 0x8f, 0xc0, 0x3f, 0x80,

    /* U+5148 "先" */
    0x18, 0xc0, 0x6, 0x30, 0x1, 0x8c, 0x0, 0x63,
    0x0, 0x1f, 0xff, 0x87, 0xff, 0xe2, 0xc, 0x0,
    0x3, 0x0, 0x0, 0xc0, 0x3f, 0xff, 0xf0, 0x60,
    0x80, 0x18, 0x20, 0x6, 0x8, 0x1, 0x82, 0x0,
    0x60, 0x80, 0x0, 0x21, 0x18, 0x8, 0x40, 0x2,
    0x1e, 0x0, 0xfc,

    /* U+5149 "光" */
    0x0, 0xc0, 0x0, 0x30, 0x2, 0xc, 0x10, 0x63,
    0x18, 0x18, 0xc6, 0x6, 0x31, 0x80, 0x6d, 0x80,
    0x3, 0x0, 0x0, 0xc0, 0x3f, 0xff, 0xf0, 0x61,
    0x80, 0x18, 0x60, 0x6, 0x18, 0x1, 0x86, 0x0,
    0x61, 0x80, 0x0, 0x63, 0x18, 0x18, 0xc0, 0x6,
    0x3e, 0x1, 0xfc,

    /* U+514B "克" */
    0x0, 0xc0, 0x0, 0x30, 0xf, 0xff, 0xfc, 0x3,
    0x0, 0x0, 0xc0, 0x0, 0x30, 0x3, 0xff, 0xf0,
    0x80, 0x4, 0x20, 0x1, 0x8, 0x0, 0x42, 0x0,
    0x10, 0xff, 0xfc, 0x6, 0x18, 0x1, 0x86, 0x0,
    0x61, 0x80, 0x0, 0x63, 0x18, 0x18, 0xc0, 0x6,
    0x3e, 0x1, 0xfc,

    /* U+514D "免" */
    0x18, 0x0, 0x3, 0x0, 0x0, 0x7f, 0xf0, 0x0,
    0x6, 0x2, 0x0, 0xc0, 0x40, 0x18, 0x3f, 0xff,
    0xe1, 0x6, 0xc, 0x20, 0xc1, 0x84, 0x18, 0x30,
    0x83, 0x6, 0x1f, 0xff, 0xc0, 0x33, 0x0, 0x6,
    0x60, 0x0, 0xcc, 0x0, 0x1, 0x83, 0x4, 0x30,
    0x60, 0x6, 0xf, 0xe0, 0xff, 0x80,

    /* U+5165 "入" */
    0x6, 0x0, 0x0, 0x30, 0x0, 0x6, 0x0, 0x0,
    0xc0, 0x0, 0x4, 0x0, 0x0, 0x80, 0x0, 0x10,
    0x0, 0xd, 0x80, 0x1, 0xb0, 0x0, 0x36, 0x0,
    0x6, 0xc0, 0x3, 0x4, 0x0, 0x60, 0x80, 0xc,
    0x10, 0x6, 0x1, 0x80, 0xc0, 0x30, 0x20, 0x1,
    0x80, 0x0, 0x3, 0x0, 0x1, 0x80,

    /* U+5168 "全" */
    0x0, 0xc0, 0x0, 0xcc, 0x0, 0x33, 0x0, 0xc,
    0xc0, 0x1c, 0xe, 0x38, 0x0, 0x7e, 0x0, 0x1c,
    0x7f, 0xf8, 0x0, 0xc0, 0x0, 0x30, 0x0, 0xc,
    0x0, 0x3, 0x0, 0x7f, 0xff, 0x80, 0x30, 0x0,
    0xc, 0x0, 0x3, 0x0, 0x0, 0xc0, 0x0, 0x30,
    0xf, 0xff, 0xfc,

    /* U+516C "公" */
    0x6, 0x18, 0x0, 0xc3, 0x0, 0x18, 0x60, 0x0,
    0x0, 0x1, 0x80, 0x60, 0x30, 0xc, 0x6, 0x1,
    0x81, 0x0, 0xc, 0x20, 0x1, 0x98, 0x30, 0xf,
    0x6, 0x1, 0x80, 0xc0, 0x0, 0x60, 0x60, 0xc,
    0xc, 0x1, 0x81, 0x80, 0x30, 0x30, 0x18, 0x39,
    0x83, 0x0, 0x30, 0xff, 0x6, 0x0,

    /* U+5171 "共" */
    0x6, 0x18, 0x1, 0x86, 0x0, 0x61, 0x80, 0x18,
    0x60, 0x3f, 0xff, 0x1, 0x86, 0x0, 0x61, 0x80,
    0x18, 0x60, 0x6, 0x18, 0x1, 0x86, 0x0, 0x61,
    0x83, 0xff, 0xff, 0x0, 0x0, 0x0, 0x0, 0x0,
    0x61, 0x80, 0x18, 0x60, 0x18, 0x6, 0x0, 0x0,
    0xe, 0x0, 0x1c,

    /* U+5173 "关" */
    0x18, 0x6, 0x0, 0x0, 0x0, 0x61, 0x80, 0x18,
    0x60, 0x3f, 0xff, 0x0, 0x30, 0x0, 0xc, 0x0,
    0x3, 0x0, 0x0, 0xc0, 0x0, 0x30, 0x0, 0xc,
    0x3, 0xff, 0xff, 0x1, 0x20, 0x0, 0x48, 0x0,
    0x61, 0x80, 0x18, 0x60, 0x18, 0x6, 0x0, 0x0,
    0xe, 0x0, 0x1c,

    /* U+5174 "兴" */
    0x1, 0x1, 0x0, 0x40, 0x42, 0xc, 0x10, 0x63,
    0x18, 0x18, 0xc6, 0x6, 0x1, 0x81, 0x80, 0x60,
    0x0, 0x60, 0x0, 0x0, 0x0, 0x0, 0x0, 0x0,
    0x3, 0xff, 0xff, 0x0, 0x0, 0x0, 0x0, 0x0,
    0x61, 0x80, 0x18, 0x60, 0x18, 0x6, 0x0, 0x0,
    0xe, 0x0, 0x1c,

    /* U+5185 "内" */
    0x0, 0x40, 0x0, 0x8, 0x0, 0x1, 0x0, 0x0,
    0x20, 0xf, 0xff, 0xff, 0x80, 0x80, 0xf0, 0x10,
    0x1e, 0x2, 0x3, 0xc0, 0x0, 0x78, 0x36, 0xf,
    0x18, 0x21, 0xe3, 0x4, 0x3d, 0x80, 0x67, 0x80,
    0x0, 0xf0, 0x0, 0x1e, 0x0, 0x3, 0xc0, 0x0,
    0x78, 0x0, 0xf, 0x0, 0x1f, 0x80,

    /* U+518D "再" */
    0xff, 0xff, 0xc0, 0x30, 0x0, 0xc, 0x0, 0x3,
    0x0, 0x3f, 0xff, 0x8, 0x30, 0x42, 0xc, 0x10,
    0xff, 0xfc, 0x20, 0xc1, 0x8, 0x30, 0x42, 0xc,
    0x10, 0x83, 0x4, 0xff, 0xff, 0xc8, 0x0, 0x42,
    0x0, 0x10, 0x80, 0x4, 0x20, 0x1, 0x8, 0x0,
    0x42, 0x0, 0xf0,

    /* U+5199 "写" */
    0xff, 0xff, 0xf8, 0x0, 0xf, 0x0, 0x1, 0xe0,
    0x0, 0x30, 0x60, 0x0, 0xc, 0x0, 0x1, 0xff,
    0x80, 0xc0, 0x0, 0x18, 0x0, 0x3, 0xff, 0xf0,
    0x0, 0x6, 0x0, 0x0, 0xc0, 0x0, 0x18, 0x0,
    0x3, 0x3f, 0xfe, 0x60, 0x0, 0xc, 0x0, 0x1,
    0x80, 0x0, 0x0, 0x0, 0xf8, 0x0,

    /* U+51AC "冬" */
    0x6, 0x0, 0x1, 0x80, 0x0, 0x7f, 0xe0, 0x60,
    0x18, 0x18, 0x6, 0x6, 0x1, 0x8e, 0x60, 0xc0,
    0x7, 0xc0, 0x1, 0xf0, 0x7, 0x83, 0x8e, 0x1c,
    0x1f, 0x87, 0x7, 0x0, 0x3c, 0x7, 0x80, 0x1,
    0xe0, 0x0, 0x78, 0x0, 0x1, 0xc0, 0x0, 0x0,
    0x0, 0x3, 0xe0,

    /* U+51B2 "冲" */
    0xc0, 0xc, 0x0, 0x1, 0x80, 0xc0, 0x30, 0x18,
    0x6, 0x3, 0x7f, 0xfe, 0xc, 0x18, 0xc1, 0x83,
    0x18, 0x30, 0x63, 0x6, 0xc, 0x60, 0xc1, 0x8c,
    0x18, 0x31, 0x9b, 0xff, 0xf3, 0x0, 0xc0, 0x60,
    0x18, 0xc, 0x3, 0x0, 0x0, 0x60, 0xc0, 0xc,
    0x18, 0x1, 0x83, 0x0, 0x30, 0x0,

    /* U+51B3 "决" */
    0xc0, 0x30, 0x0, 0x6, 0x0, 0xc0, 0xc0, 0x18,
    0xff, 0xc3, 0x1f, 0xf8, 0x0, 0x63, 0x0, 0xc,
    0x60, 0x1, 0x8c, 0x0, 0x31, 0x80, 0x6, 0x30,
    0x0, 0xc6, 0x1b, 0xff, 0xf3, 0x3, 0x0, 0x60,
    0x0, 0xc, 0x33, 0x0, 0x0, 0x0, 0xc1, 0x2,
    0x19, 0xe0, 0x7f, 0x38, 0x7, 0x80,

    /* U+51C6 "准" */
    0xc0, 0xcc, 0x0, 0x18, 0x0, 0xc3, 0xc, 0x18,
    0x61, 0x83, 0xc, 0x30, 0xe, 0x7f, 0x81, 0xc0,
    0xc0, 0x1f, 0xff, 0x3, 0x3, 0x0, 0x60, 0x60,
    0xcc, 0xc, 0x19, 0x81, 0x83, 0x3f, 0xfe, 0x66,
    0x6, 0xc, 0xc0, 0xc0, 0x18, 0x18, 0xc3, 0x3,
    0x18, 0x60, 0x63, 0xf, 0xff, 0x80,

    /* U+51FA "出" */
    0x0, 0xc0, 0x0, 0x18, 0x0, 0xc3, 0x6, 0x18,
    0x60, 0xc3, 0xc, 0x18, 0x61, 0x83, 0xc, 0x30,
    0x61, 0xff, 0xfc, 0x0, 0xc0, 0x0, 0x18, 0x0,
    0x3, 0x0, 0x0, 0x60, 0x0, 0xc, 0x1, 0x81,
    0x80, 0xf0, 0x30, 0x1e, 0x6, 0x3, 0xc0, 0xc0,
    0x78, 0x18, 0xf, 0xff, 0xff, 0x80,

    /* U+51FD "函" */
    0x1f, 0xfe, 0x0, 0x1, 0x0, 0x0, 0x20, 0x0,
    0x0, 0x0, 0x3, 0x0, 0x0, 0x0, 0x30, 0x30,
    0x1e, 0x6, 0x3, 0xd8, 0xc6, 0x78, 0xd9, 0xf,
    0x3, 0x1, 0xe0, 0x60, 0x3c, 0x6c, 0x87, 0x8d,
    0x90, 0xf6, 0x31, 0x9e, 0x6, 0x3, 0xc1, 0xc0,
    0x78, 0x38, 0xf, 0xff, 0xff, 0x80,

    /* U+5206 "分" */
    0x6, 0x18, 0x0, 0xc3, 0x0, 0x18, 0x60, 0x0,
    0x0, 0x1, 0x80, 0x60, 0x30, 0xc, 0x6, 0x1,
    0x83, 0x0, 0xc, 0x60, 0x1, 0x9b, 0xff, 0xcc,
    0x6, 0x18, 0x0, 0xc3, 0x0, 0x18, 0x60, 0xc,
    0xc, 0x1, 0x81, 0x80, 0x30, 0x30, 0x18, 0x6,
    0x0, 0x0, 0x3, 0x80, 0xe0, 0x0,

    /* U+5207 "切" */
    0x31, 0xff, 0xe6, 0x3, 0xc, 0xc0, 0x61, 0x98,
    0xc, 0x33, 0x1, 0x86, 0x7c, 0x30, 0xcf, 0x86,
    0x1f, 0x80, 0xc3, 0x30, 0x18, 0x66, 0x3, 0xc,
    0xc0, 0x61, 0x98, 0xc, 0x33, 0x61, 0x86, 0x6c,
    0x30, 0xcf, 0x18, 0x19, 0xe3, 0x3, 0x0, 0x60,
    0x0, 0x0, 0x0, 0x6, 0xe, 0x0,

    /* U+5212 "划" */
    0x19, 0x0, 0xc6, 0x0, 0x31, 0x8c, 0x6c, 0x63,
    0x1b, 0x18, 0x6, 0xc7, 0xfd, 0xbf, 0xff, 0x6f,
    0xe0, 0x1b, 0x18, 0xc6, 0xc6, 0x71, 0xb1, 0x90,
    0x6c, 0x18, 0x1b, 0x6, 0x6, 0xc1, 0x80, 0x30,
    0x60, 0xc, 0x18, 0xc3, 0x19, 0x30, 0xc0, 0xc,
    0x3e, 0xf, 0x7c,

    /* U+521B "创" */
    0x6, 0x0, 0x60, 0x0, 0xc, 0x66, 0x19, 0x8c,
    0xc3, 0x32, 0x4, 0x67, 0x80, 0x6c, 0xf0, 0xd,
    0x99, 0xfe, 0x33, 0x20, 0x46, 0x64, 0x8, 0xcc,
    0x81, 0x19, 0x93, 0xe3, 0x32, 0x7c, 0x66, 0x40,
    0x0, 0xc8, 0x0, 0x19, 0x0, 0x3, 0x20, 0x30,
    0x60, 0x6, 0xc, 0x7f, 0xdf, 0x80,

    /* U+521D "初" */
    0x61, 0xff, 0xe3, 0x6, 0xc, 0x60, 0xc1, 0x8c,
    0x18, 0x3f, 0xe3, 0x7, 0xfc, 0x60, 0xc1, 0x8c,
    0x18, 0x1, 0x83, 0x18, 0x30, 0x63, 0x36, 0xc,
    0x66, 0xc1, 0xbf, 0x18, 0x3d, 0x9b, 0x7, 0xb3,
    0x60, 0xc6, 0x10, 0x18, 0xc2, 0x3, 0x18, 0x40,
    0x63, 0x0, 0x0, 0x66, 0xe, 0x0,

    /* U+5224 "判" */
    0xc6, 0x30, 0x60, 0xc0, 0xc, 0x99, 0x19, 0x93,
    0x23, 0x30, 0x60, 0x67, 0xff, 0xec, 0xff, 0xfd,
    0x98, 0x30, 0x33, 0x6, 0x6, 0x60, 0xc0, 0xcf,
    0xff, 0xd9, 0x83, 0x3, 0x30, 0x60, 0x66, 0xc,
    0x0, 0xc1, 0x80, 0x18, 0x0, 0x3, 0x18, 0x0,
    0x60, 0x0, 0xf, 0x80, 0x1f, 0x80,

    /* U+522B "别" */
    0xff, 0xc0, 0x78, 0x19, 0x8f, 0x3, 0x31, 0xe0,
    0x66, 0x3c, 0xc, 0xc7, 0x81, 0x98, 0xff, 0xf3,
    0x18, 0xc0, 0x63, 0x18, 0xc, 0x7f, 0xf9, 0x8c,
    0x63, 0x31, 0x8c, 0x66, 0x31, 0x8c, 0xc6, 0x31,
    0x98, 0xc8, 0x30, 0x19, 0x6, 0x3, 0x20, 0xc0,
    0x60, 0x0, 0xf, 0x1c, 0xf, 0x80,

    /* U+5230 "到" */
    0xff, 0xf0, 0x60, 0xc0, 0xc, 0x18, 0x19, 0x8c,
    0x3, 0x32, 0x4, 0x66, 0x40, 0x8c, 0xff, 0xed,
    0x9f, 0xfd, 0xb3, 0x6, 0x6, 0x60, 0xc0, 0xcc,
    0x18, 0x19, 0xff, 0xfb, 0x3f, 0xff, 0x66, 0xc,
    0x0, 0xc1, 0x80, 0x18, 0x30, 0x3, 0x7, 0xf0,
    0x60, 0x0, 0xf, 0xe0, 0x1f, 0x80,

    /* U+5236 "制" */
    0x36, 0x0, 0x66, 0xc0, 0xc, 0xff, 0xd9, 0x9f,
    0xfb, 0x3c, 0x60, 0x66, 0xc, 0xc, 0xc1, 0x81,
    0x9f, 0xff, 0xb3, 0x6, 0x6, 0x60, 0xc0, 0xcf,
    0xff, 0xd9, 0xe3, 0x1b, 0x3c, 0x63, 0x67, 0x8c,
    0x60, 0xf1, 0x8c, 0x1e, 0x31, 0x83, 0xc6, 0xf0,
    0x60, 0xc0, 0xc, 0x18, 0x1f, 0x80,

    /* U+5237 "刷" */
    0x3f, 0xf0, 0x64, 0x6, 0xc, 0x80, 0xd9, 0x90,
    0x1b, 0x33, 0xff, 0x66, 0x43, 0xc, 0xc8, 0x61,
    0x99, 0xc, 0x33, 0x3f, 0xf6, 0x67, 0xfe, 0xcc,
    0xe6, 0xd9, 0x9c, 0xdb, 0x33, 0x9b, 0x66, 0x33,
    0x60, 0xf6, 0x6c, 0x1e, 0xcf, 0x83, 0xd9, 0xf0,
    0x78, 0x30, 0xff, 0x6, 0x1f, 0x80,

    /* U+523B "刻" */
    0x6, 0x0, 0x60, 0xc0, 0xf, 0xff, 0xd9, 0xff,
    0xfb, 0x31, 0x80, 0x66, 0x40, 0x8c, 0xc8, 0x11,
    0x9f, 0xfc, 0x33, 0xff, 0x86, 0x60, 0xc0, 0xcc,
    0x60, 0xd9, 0x8c, 0x1b, 0x3e, 0x4, 0x66, 0x3,
    0x0, 0xc0, 0x60, 0x18, 0xc, 0x3, 0x1e, 0x40,
    0x60, 0x0, 0xf, 0x80, 0xdf, 0x80,

    /* U+524D "前" */
    0x18, 0x6, 0x0, 0x0, 0x0, 0x60, 0x80, 0x18,
    0x20, 0xff, 0xff, 0xc0, 0x0, 0x0, 0x0, 0x0,
    0xff, 0x24, 0x20, 0xc9, 0x8, 0x32, 0x42, 0xc,
    0x90, 0xff, 0x24, 0x20, 0xc9, 0x8, 0x32, 0x43,
    0xfc, 0x90, 0x83, 0x4, 0x20, 0xc1, 0x8, 0x30,
    0x42, 0x1c, 0x70,

    /* U+5269 "剩" */
    0x1, 0xc0, 0x60, 0x0, 0xc, 0xf8, 0x19, 0x83,
    0x3, 0x30, 0x60, 0x66, 0xc, 0xc, 0xff, 0xfd,
    0x99, 0x36, 0x33, 0x26, 0xc6, 0x7c, 0xde, 0xcc,
    0x9b, 0x19, 0x93, 0x63, 0x3e, 0x6f, 0x66, 0x3e,
    0x0, 0xc7, 0xc0, 0x18, 0xf8, 0x3, 0x26, 0xc0,
    0x60, 0xc0, 0xf, 0x18, 0xdf, 0x80,

    /* U+529B "力" */
    0x0, 0xc0, 0x0, 0x18, 0x0, 0x3, 0x0, 0x0,
    0x60, 0x3, 0xff, 0xfe, 0x1, 0x80, 0xc0, 0x30,
    0x18, 0x6, 0x3, 0x0, 0xc0, 0x60, 0x18, 0xc,
    0x0, 0x1, 0x80, 0x80, 0x30, 0x10, 0x6, 0x2,
    0x0, 0xc1, 0x80, 0x18, 0x30, 0x3, 0x18, 0x0,
    0x60, 0x0, 0x3, 0x80, 0x3e, 0x0,

    /* U+529F "功" */
    0x0, 0x30, 0x0, 0x6, 0x3, 0xf8, 0xc0, 0x7f,
    0x18, 0x1, 0x9f, 0xfe, 0x30, 0x60, 0xc6, 0xc,
    0x18, 0xc1, 0x83, 0x18, 0x30, 0x63, 0x6, 0xc,
    0x60, 0xc1, 0x8f, 0x18, 0x31, 0xe3, 0x6, 0x0,
    0x0, 0xfc, 0x30, 0x1f, 0x86, 0x3, 0x0, 0xc0,
    0x60, 0x0, 0x0, 0x4, 0xe, 0x0,

    /* U+52A0 "加" */
    0x18, 0x0, 0x3, 0x0, 0x0, 0x60, 0x3f, 0x8c,
    0x7, 0xff, 0xfc, 0xc6, 0x31, 0x98, 0xc6, 0x33,
    0x18, 0xc6, 0x63, 0x18, 0xcc, 0x63, 0x19, 0x8c,
    0x63, 0x31, 0x8c, 0x66, 0x31, 0x8c, 0xc6, 0x1,
    0x98, 0xc8, 0x33, 0x19, 0x6, 0x63, 0x20, 0xcc,
    0x60, 0x1, 0x8f, 0x1c, 0x3f, 0x80,

    /* U+52A1 "务" */
    0x6, 0x0, 0x1, 0x80, 0x0, 0x7f, 0xe0, 0x60,
    0x18, 0x18, 0x6, 0x6, 0x1, 0x8e, 0x61, 0x80,
    0x7, 0x80, 0x1, 0xe0, 0x3f, 0x87, 0xf0, 0x10,
    0x0, 0x4, 0x0, 0x3f, 0xff, 0x0, 0x40, 0xc0,
    0x10, 0x30, 0x0, 0xc, 0x6, 0x3, 0x0, 0x0,
    0xf, 0x81, 0xe0,

    /* U+52A8 "动" */
    0x0, 0x8, 0x0, 0x2, 0x3, 0xf0, 0x80, 0xfc,
    0x20, 0x0, 0xff, 0xc0, 0x2, 0x30, 0x0, 0x8f,
    0xfc, 0x23, 0x18, 0x8, 0xc6, 0x2, 0x32, 0x0,
    0x8c, 0x80, 0x23, 0x23, 0x8, 0xf1, 0xcc, 0x3c,
    0x73, 0xf, 0xec, 0xc3, 0xfb, 0x30, 0xc0, 0x0,
    0x0, 0xc, 0x70,

    /* U+52A9 "助" */
    0x3f, 0xc, 0x6, 0x21, 0x80, 0xc4, 0x30, 0x18,
    0xff, 0xf3, 0x1f, 0xfe, 0x63, 0xff, 0xcf, 0xc3,
    0x19, 0x88, 0x63, 0x31, 0xc, 0x66, 0x21, 0x8c,
    0xc4, 0x31, 0x9f, 0x86, 0x33, 0x10, 0xc6, 0x63,
    0xe0, 0xcc, 0x7c, 0x19, 0x8f, 0x83, 0xfe, 0x30,
    0x60, 0x0, 0x0, 0x3, 0xe, 0x0,

    /* U+52AA "努" */
    0x18, 0x0, 0x6, 0x0, 0xf, 0xf3, 0xfc, 0x6c,
    0xc3, 0x1b, 0x30, 0xc0, 0xc0, 0x6, 0x31, 0x98,
    0x70, 0x18, 0x1c, 0x6, 0x38, 0xce, 0x70, 0xc,
    0x0, 0x3, 0x0, 0xff, 0xff, 0xc0, 0xc0, 0x30,
    0x30, 0xc, 0x0, 0x3, 0x1c, 0x0, 0xc0, 0x0,
    0xe, 0x1, 0xf8,

    /* U+52C7 "勇" */
    0x7f, 0xfe, 0x0, 0x61, 0x80, 0xc, 0x30, 0x1,
    0x86, 0x7, 0xff, 0xf8, 0xc1, 0x83, 0x18, 0x30,
    0x63, 0xff, 0xfc, 0x60, 0xc1, 0x8c, 0x18, 0x31,
    0x83, 0x6, 0x30, 0x60, 0xcf, 0xff, 0xfe, 0x6,
    0x0, 0xc0, 0xc0, 0x18, 0x0, 0x3, 0x1c, 0x0,
    0x60, 0x0, 0x3, 0x80, 0x3e, 0x0,

    /* U+5305 "包" */
    0x18, 0x0, 0x3, 0x0, 0x0, 0x7f, 0xfe, 0x10,
    0x0, 0xc2, 0x0, 0x18, 0x40, 0x3, 0x37, 0xfc,
    0x60, 0xc1, 0x8c, 0x18, 0x31, 0x83, 0x6, 0x30,
    0x7f, 0xc6, 0xf, 0xf8, 0xc1, 0x80, 0xf8, 0x30,
    0x0, 0x6, 0x0, 0x0, 0xc0, 0x0, 0x18, 0x0,
    0x60, 0x0, 0xc, 0x1f, 0xff, 0x80,

    /* U+5316 "化" */
    0xc, 0x30, 0x1, 0x86, 0x0, 0x30, 0xc0, 0x0,
    0x18, 0x3, 0x3, 0x8, 0x60, 0x66, 0xc, 0xc,
    0xc7, 0x81, 0xe0, 0x30, 0xf0, 0x6, 0x1e, 0x0,
    0xc3, 0xc0, 0x19, 0xd8, 0x3, 0x3, 0x0, 0x60,
    0x60, 0xc, 0xc, 0x1, 0x81, 0x83, 0x30, 0x0,
    0x66, 0x0, 0xc, 0xc0, 0x3f, 0x80,

    /* U+5347 "升" */
    0x1, 0xc6, 0x0, 0x1, 0x83, 0xe0, 0x60, 0x18,
    0x18, 0x6, 0x6, 0x1, 0x81, 0x80, 0x60, 0x60,
    0x18, 0x18, 0x6, 0x6, 0x3f, 0xff, 0xf0, 0x60,
    0x60, 0x18, 0x18, 0x6, 0x6, 0x1, 0x81, 0x80,
    0x60, 0x60, 0x0, 0x18, 0x18, 0x6, 0x0, 0x1,
    0x8e, 0x0, 0x60,

    /* U+5355 "单" */
    0x18, 0x6, 0x0, 0x0, 0x0, 0x61, 0x80, 0x18,
    0x60, 0x3f, 0xff, 0x8, 0x30, 0x42, 0xc, 0x10,
    0xff, 0xfc, 0x20, 0xc1, 0x8, 0x30, 0x42, 0xc,
    0x10, 0xff, 0xfc, 0x0, 0xc0, 0x0, 0x30, 0xf,
    0xff, 0xfc, 0x3, 0x0, 0x0, 0xc0, 0x0, 0x30,
    0x0, 0xc, 0x0,

    /* U+5360 "占" */
    0x1, 0x80, 0x0, 0xc0, 0x0, 0x60, 0x0, 0x30,
    0x0, 0x1f, 0xf8, 0xc, 0x0, 0x6, 0x0, 0x3,
    0x0, 0x1, 0x80, 0x0, 0xc0, 0x0, 0x60, 0x1f,
    0xff, 0xcc, 0x0, 0x66, 0x0, 0x33, 0x0, 0x19,
    0x80, 0xc, 0xc0, 0x6, 0x60, 0x3, 0x3f, 0xff,
    0x80,

    /* U+5370 "印" */
    0x7, 0x0, 0x0, 0x0, 0x3, 0xe0, 0xff, 0xe0,
    0x18, 0x3c, 0x3, 0x7, 0x80, 0x60, 0xf0, 0xc,
    0x1f, 0xf9, 0x83, 0xc0, 0x30, 0x78, 0x6, 0xf,
    0x0, 0xc1, 0xe0, 0x18, 0x3c, 0x73, 0x7, 0x8e,
    0x60, 0xfe, 0xc, 0xf8, 0x1, 0x80, 0x0, 0x30,
    0x0, 0x6, 0x0, 0x0, 0xc0, 0x0,

    /* U+538B "压" */
    0x3f, 0xff, 0xc8, 0x0, 0x2, 0x0, 0x0, 0x80,
    0x0, 0x20, 0x0, 0x8, 0x8, 0x2, 0x2, 0x0,
    0x80, 0x80, 0x20, 0x20, 0x9, 0xff, 0xc2, 0x2,
    0x0, 0x80, 0x80, 0x20, 0x26, 0x8, 0x9, 0x82,
    0x2, 0x10, 0x80, 0x80, 0x0, 0x20, 0x0, 0x8,
    0xd, 0xff, 0xfc,

    /* U+53BB "去" */
    0x0, 0xc0, 0x0, 0x30, 0x0, 0xc, 0x0, 0x3,
    0x0, 0x3f, 0xff, 0x0, 0x30, 0x0, 0xc, 0x0,
    0x3, 0x0, 0x0, 0xc0, 0x3f, 0xff, 0xf0, 0x10,
    0x0, 0x4, 0x0, 0x6, 0x6, 0x1, 0x81, 0x80,
    0x60, 0x60, 0x18, 0x18, 0x18, 0x39, 0x6, 0x0,
    0x43, 0xfc, 0x10,

    /* U+53C2 "参" */
    0x6, 0x0, 0x6, 0x1, 0x81, 0x80, 0x60, 0x60,
    0x18, 0x3f, 0xf9, 0x0, 0x40, 0x0, 0x10, 0x3,
    0xff, 0xff, 0x6, 0x18, 0x1, 0x86, 0x1, 0x9c,
    0x60, 0x67, 0x18, 0xe0, 0x39, 0xc7, 0xf0, 0x1,
    0xfc, 0x0, 0x7f, 0x0, 0x0, 0x1e, 0x0, 0x0,
    0x3, 0xfe, 0x0,

    /* U+53CB "友" */
    0x1, 0x0, 0x0, 0x40, 0x0, 0x10, 0x0, 0x4,
    0x0, 0xff, 0xff, 0xc1, 0x80, 0x0, 0x60, 0x0,
    0x18, 0x0, 0x6, 0x0, 0x1, 0xff, 0xc1, 0x90,
    0x10, 0x64, 0x4, 0x18, 0xc6, 0x6, 0x31, 0x82,
    0x3, 0x80, 0x87, 0xf8, 0x21, 0xc6, 0x0, 0x0,
    0xd, 0xe0, 0x1c,

    /* U+53CD "反" */
    0x0, 0x3f, 0x80, 0x0, 0x0, 0xff, 0x0, 0x18,
    0x0, 0x3, 0x0, 0x0, 0x60, 0x0, 0xc, 0x0,
    0x1, 0xff, 0xfc, 0x36, 0x1, 0x86, 0xc0, 0x30,
    0xc6, 0x18, 0x18, 0xc3, 0x3, 0xc, 0xc0, 0x60,
    0x60, 0xc, 0xc, 0x1, 0x81, 0x80, 0x31, 0xce,
    0x0, 0x0, 0x3, 0x38, 0x7, 0x80,

    /* U+53D1 "发" */
    0x31, 0xc, 0xc, 0x43, 0x83, 0x10, 0x60, 0x4,
    0x0, 0xc1, 0x0, 0x30, 0x40, 0xf, 0xff, 0xfc,
    0x18, 0x0, 0x6, 0x0, 0x1, 0xff, 0x80, 0xd0,
    0x60, 0x34, 0x18, 0xc, 0xcc, 0x3, 0x33, 0x3,
    0x3, 0x0, 0xc7, 0xf8, 0x31, 0xce, 0x0, 0x0,
    0xc, 0xe0, 0x1c,

    /* U+53D6 "取" */
    0xff, 0xc0, 0x4, 0x27, 0xfc, 0x84, 0xff, 0x90,
    0x9f, 0xf3, 0xf2, 0x6, 0x42, 0x40, 0xc8, 0x48,
    0x19, 0x9, 0x3, 0x21, 0x20, 0x67, 0xe4, 0xc,
    0xfc, 0x81, 0x90, 0x8c, 0xc2, 0x11, 0x98, 0x42,
    0x33, 0x9, 0xf1, 0x81, 0x3e, 0x30, 0xf9, 0x19,
    0x80, 0x20, 0x0, 0x4, 0x81, 0x80,

    /* U+53D7 "受" */
    0x0, 0xf, 0x87, 0xfe, 0x0, 0xff, 0xc0, 0x1f,
    0xf8, 0x1, 0x84, 0x18, 0xc, 0x64, 0x1, 0x8c,
    0x87, 0xff, 0xff, 0xc0, 0x0, 0x78, 0x0, 0xf,
    0x0, 0x1, 0xef, 0xff, 0x31, 0x80, 0x20, 0x30,
    0x4, 0x1, 0x83, 0x0, 0x30, 0x60, 0x1, 0xf0,
    0x0, 0x0, 0x3, 0xf8, 0x3f, 0x80,

    /* U+53D8 "变" */
    0x0, 0xc0, 0x0, 0x30, 0xf, 0xff, 0xfc, 0x18,
    0x60, 0x6, 0x18, 0x9, 0x86, 0x42, 0x61, 0x93,
    0x18, 0x63, 0x6, 0x18, 0x1, 0x86, 0x0, 0x61,
    0x80, 0xff, 0xfc, 0x18, 0x6, 0x6, 0x1, 0x80,
    0x61, 0x80, 0x18, 0x60, 0x1, 0xe0, 0x0, 0x0,
    0xf, 0xe1, 0xfc,

    /* U+53E3 "口" */
    0xff, 0xff, 0x80, 0xf, 0x0, 0x1e, 0x0, 0x3c,
    0x0, 0x78, 0x0, 0xf0, 0x1, 0xe0, 0x3, 0xc0,
    0x7, 0x80, 0xf, 0x0, 0x1e, 0x0, 0x3c, 0x0,
    0x78, 0x0, 0xff, 0xff, 0x80,

    /* U+53EA "只" */
    0x3f, 0xff, 0x84, 0x0, 0x30, 0x80, 0x6, 0x10,
    0x0, 0xc2, 0x0, 0x18, 0x40, 0x3, 0x8, 0x0,
    0x61, 0x0, 0xc, 0x20, 0x1, 0x87, 0xff, 0xf0,
    0x0, 0x0, 0x0, 0x0, 0x0, 0x0, 0x0, 0x0,
    0x0, 0x6, 0x1, 0x80, 0xc0, 0x30, 0x20, 0x1,
    0x80, 0x0, 0x3, 0x0, 0x1, 0x80,

    /* U+53EF "可" */
    0xff, 0xff, 0xc0, 0x0, 0x40, 0x0, 0x10, 0x0,
    0x4, 0x0, 0x1, 0x0, 0x0, 0x41, 0xff, 0x10,
    0x60, 0xc4, 0x18, 0x31, 0x6, 0xc, 0x41, 0x83,
    0x10, 0x60, 0xc4, 0x1f, 0xf1, 0x0, 0x0, 0x40,
    0x0, 0x10, 0x0, 0x4, 0x0, 0x1, 0x0, 0x0,
    0x40, 0x0, 0xf0,

    /* U+53F0 "台" */
    0x1, 0x0, 0x1, 0x80, 0x0, 0x60, 0x0, 0x18,
    0x0, 0x18, 0x6, 0x8, 0x0, 0x42, 0x0, 0x13,
    0xff, 0xfb, 0x0, 0x0, 0xc0, 0x0, 0x30, 0x0,
    0x0, 0xff, 0xfc, 0x20, 0x1, 0x8, 0x0, 0x42,
    0x0, 0x10, 0x80, 0x4, 0x20, 0x1, 0x8, 0x0,
    0x43, 0xff, 0xf0,

    /* U+53F7 "号" */
    0x1f, 0xfe, 0x6, 0x1, 0x81, 0x80, 0x60, 0x60,
    0x18, 0x18, 0x6, 0x6, 0x1, 0x81, 0xff, 0xe0,
    0x0, 0x0, 0x0, 0x0, 0x3f, 0xff, 0xf0, 0x60,
    0x0, 0x18, 0x0, 0x7, 0xfe, 0x0, 0x1, 0x80,
    0x0, 0x60, 0x0, 0x18, 0x0, 0x0, 0x0, 0x0,
    0x0, 0xf, 0x80,

    /* U+53F9 "叹" */
    0x1, 0xff, 0xe0, 0x30, 0xf, 0xe6, 0x1, 0xec,
    0xc0, 0x3d, 0x98, 0x7, 0xb3, 0x0, 0xf6, 0x10,
    0x66, 0xc2, 0xc, 0xd8, 0x41, 0x9b, 0x8, 0x33,
    0x61, 0x6, 0x6c, 0x20, 0xcd, 0x83, 0x61, 0xf0,
    0x10, 0x3e, 0x2, 0x7, 0xc0, 0x40, 0x0, 0x36,
    0x0, 0x0, 0x0, 0x7, 0x7, 0x80,

    /* U+5403 "吃" */
    0x0, 0x40, 0x0, 0x8, 0x3, 0xe1, 0xff, 0xfc,
    0x3f, 0xfd, 0x98, 0x1, 0xbc, 0x0, 0x37, 0x80,
    0x6, 0xcf, 0xfc, 0xd8, 0x6, 0x1b, 0x0, 0xc3,
    0x60, 0x20, 0x6c, 0x4, 0xd, 0x83, 0x1, 0xf0,
    0x80, 0x3e, 0x10, 0x7, 0xc2, 0x0, 0x1, 0x80,
    0x60, 0x0, 0xc, 0x1, 0xff, 0x80,

    /* U+540C "同" */
    0xff, 0xff, 0xf8, 0x0, 0xf, 0x0, 0x1, 0xe0,
    0x0, 0x3d, 0xff, 0xe7, 0x80, 0x0, 0xf0, 0x0,
    0x1e, 0x3f, 0xe3, 0xc6, 0xc, 0x78, 0xc1, 0x8f,
    0x18, 0x31, 0xe3, 0x6, 0x3c, 0x60, 0xc7, 0x8c,
    0x18, 0xf1, 0xff, 0x1e, 0x0, 0x3, 0xc0, 0x0,
    0x78, 0x0, 0xf, 0x0, 0xf, 0x80,

    /* U+540D "名" */
    0x1, 0x80, 0x0, 0x30, 0x0, 0x7, 0xfe, 0x0,
    0xff, 0xc0, 0x60, 0x18, 0x73, 0xc, 0xe, 0x61,
    0x80, 0x2, 0x40, 0x0, 0x0, 0x0, 0x6, 0x0,
    0x1f, 0xff, 0x83, 0xff, 0xff, 0xe0, 0x6, 0xc,
    0x0, 0xc1, 0x80, 0x18, 0x30, 0x3, 0x6, 0x0,
    0x60, 0xc0, 0xc, 0x1f, 0xff, 0x80,

    /* U+540E "后" */
    0x0, 0x3f, 0x80, 0x0, 0x3, 0xfc, 0x0, 0xc0,
    0x0, 0x30, 0x0, 0xc, 0x0, 0x3, 0x0, 0x0,
    0xff, 0xff, 0x30, 0x0, 0xc, 0x0, 0x3, 0x0,
    0x0, 0xdf, 0xfe, 0x36, 0x1, 0x8d, 0x80, 0x63,
    0x60, 0x18, 0xd8, 0x6, 0x6, 0x1, 0x81, 0x80,
    0x6c, 0x7f, 0xf8,

    /* U+5417 "吗" */
    0x1, 0xff, 0x80, 0x0, 0x33, 0xe0, 0x6, 0x6c,
    0x0, 0xcd, 0x84, 0x19, 0xb0, 0x83, 0x36, 0x10,
    0x66, 0xc2, 0xc, 0xd8, 0x41, 0x9b, 0xf, 0xff,
    0x61, 0xff, 0xec, 0x0, 0x3d, 0x80, 0x7, 0xb0,
    0x0, 0xfe, 0x7f, 0x98, 0x0, 0x3, 0x0, 0x0,
    0x60, 0x0, 0x0, 0x0, 0x3e, 0x0,

    /* U+542B "含" */
    0x1, 0xf0, 0x7, 0x83, 0x81, 0xe0, 0xe0, 0x78,
    0x38, 0xe0, 0x41, 0xc0, 0xc, 0x0, 0x3, 0x1,
    0xff, 0xfe, 0x0, 0x6, 0x0, 0x1, 0x80, 0x0,
    0xc0, 0x0, 0x30, 0x7f, 0xff, 0x98, 0x0, 0x66,
    0x0, 0x19, 0x80, 0x6, 0x60, 0x1, 0x98, 0x0,
    0x67, 0xff, 0xf8,

    /* U+542C "听" */
    0x0, 0x7, 0x80, 0x0, 0x3, 0xe7, 0xf0, 0x6c,
    0xc0, 0xd, 0x98, 0x1, 0xb3, 0x0, 0x36, 0x60,
    0x6, 0xcf, 0xff, 0xd9, 0x86, 0x1b, 0x30, 0xc3,
    0x66, 0x18, 0x6c, 0xc3, 0xd, 0x98, 0x61, 0xb3,
    0xc, 0x3e, 0x61, 0x80, 0xc, 0x30, 0x0, 0x6,
    0x0, 0x0, 0xc0, 0x18, 0x18, 0x0,

    /* U+542F "启" */
    0x0, 0x30, 0x0, 0x6, 0x0, 0x7f, 0xff, 0x8c,
    0x0, 0x31, 0x80, 0x6, 0x30, 0x0, 0xc6, 0x0,
    0x18, 0xff, 0xff, 0x18, 0x0, 0x3, 0x0, 0x0,
    0x60, 0x0, 0xf, 0xff, 0xf1, 0xe0, 0x6, 0xc,
    0x0, 0xc9, 0x80, 0x19, 0x30, 0x3, 0x26, 0x0,
    0x60, 0xc0, 0xf, 0x1f, 0xff, 0x80,

    /* U+5440 "呀" */
    0x1, 0xff, 0xe0, 0x8, 0x33, 0xe1, 0x6, 0x6c,
    0x20, 0xcd, 0x80, 0x19, 0xb3, 0x3, 0x36, 0x60,
    0x66, 0xcf, 0xff, 0xd8, 0x9, 0x9b, 0x1, 0x33,
    0x60, 0x26, 0x6c, 0x0, 0xcd, 0x83, 0x19, 0xf0,
    0x83, 0x3e, 0x10, 0x67, 0xc2, 0xc, 0x7, 0x81,
    0x80, 0x0, 0x30, 0x0, 0x1e, 0x0,

    /* U+544A "告" */
    0x20, 0xc0, 0x8, 0x30, 0x3, 0xff, 0xf0, 0xff,
    0xfc, 0xc0, 0xc0, 0x0, 0x30, 0x0, 0xc, 0x3,
    0xff, 0xff, 0x0, 0x0, 0x0, 0x0, 0x0, 0x0,
    0x0, 0xff, 0xfc, 0x20, 0x1, 0x8, 0x0, 0x42,
    0x0, 0x10, 0x80, 0x4, 0x20, 0x1, 0x8, 0x0,
    0x43, 0xff, 0xf0,

    /* U+5468 "周" */
    0x1f, 0xff, 0xe3, 0x6, 0xc, 0x60, 0xc1, 0x8c,
    0x18, 0x31, 0x9f, 0xe6, 0x30, 0x60, 0xc6, 0xc,
    0x18, 0xcf, 0xf3, 0x18, 0x0, 0x63, 0x0, 0xc,
    0x60, 0x1, 0x8c, 0xff, 0x31, 0x98, 0x66, 0x3,
    0xc, 0xc8, 0x7f, 0x99, 0x0, 0x3, 0x20, 0x0,
    0x60, 0x0, 0xf, 0x0, 0x1f, 0x80,

    /* U+547D "命" */
    0x0, 0x60, 0x0, 0x0, 0x0, 0x2, 0x40, 0x7,
    0x87, 0x0, 0xf0, 0xe0, 0x1e, 0x1c, 0x3c, 0xff,
    0x78, 0x0, 0x0, 0x0, 0x0, 0x7, 0xf3, 0xf0,
    0xc2, 0x46, 0x18, 0x48, 0xc3, 0x9, 0x18, 0x61,
    0x23, 0xc, 0x24, 0x61, 0x84, 0x8c, 0x3f, 0x97,
    0x80, 0x2, 0x0, 0x0, 0x40, 0x0,

    /* U+548C "和" */
    0x1, 0xc0, 0x0, 0x0, 0x3, 0xe1, 0xfc, 0x18,
    0x63, 0x6, 0x18, 0xc1, 0x86, 0x30, 0x61, 0x8f,
    0xff, 0x63, 0x6, 0x18, 0xc1, 0x86, 0x31, 0xe1,
    0x8c, 0x78, 0x63, 0x27, 0x18, 0xf1, 0xb6, 0x3c,
    0x6d, 0x8f, 0x1b, 0x63, 0x6, 0x1f, 0xc1, 0x80,
    0x0, 0x60, 0x0,

    /* U+54E6 "哦" */
    0x0, 0x33, 0x80, 0x0, 0x43, 0xef, 0x9, 0xec,
    0x61, 0xd, 0x8c, 0x21, 0xb1, 0x84, 0x37, 0xff,
    0xfe, 0xc6, 0x10, 0xd8, 0xc2, 0x1b, 0x18, 0x4f,
    0x63, 0xc9, 0xec, 0x79, 0x3d, 0xfc, 0x19, 0xff,
    0x83, 0x3e, 0x30, 0x60, 0x6, 0x0, 0x0, 0xc2,
    0x60, 0x79, 0xcc, 0xf, 0x31, 0x80,

    /* U+54EA "哪" */
    0x7, 0xf7, 0xe0, 0x36, 0xcf, 0xe6, 0xd9, 0xec,
    0xdb, 0x3d, 0x9b, 0x67, 0xbf, 0xec, 0xf7, 0xfd,
    0x9e, 0xcd, 0xbc, 0xd9, 0xb6, 0x1b, 0x36, 0xcf,
    0x66, 0xd9, 0xef, 0xfb, 0x3d, 0x9b, 0x67, 0xb3,
    0x6c, 0xfe, 0x6d, 0xff, 0xcd, 0xbf, 0x6, 0x36,
    0x0, 0x6, 0xc0, 0x63, 0xd8, 0x0,

    /* U+5566 "啦" */
    0x1, 0x88, 0x1f, 0x30, 0xc3, 0xe6, 0x18, 0x7c,
    0xc3, 0xd, 0xff, 0xff, 0xb3, 0x0, 0x36, 0x60,
    0x6, 0xcd, 0x83, 0xd9, 0xe8, 0x7b, 0x3d, 0xf,
    0x67, 0xa1, 0xef, 0xc4, 0x3d, 0x98, 0x87, 0xb3,
    0x10, 0xfe, 0x62, 0x60, 0xc, 0xc, 0x1, 0x81,
    0x80, 0x30, 0x30, 0x1e, 0xff, 0x80,

    /* U+5584 "善" */
    0x6, 0x18, 0x1, 0x86, 0xf, 0xff, 0xfc, 0x3,
    0x0, 0x0, 0xc0, 0x0, 0x30, 0x3, 0xff, 0xf0,
    0x3, 0x0, 0x0, 0xc0, 0x3f, 0xff, 0xf1, 0x8c,
    0x60, 0x63, 0x18, 0xff, 0xff, 0xc8, 0x0, 0x42,
    0x0, 0x10, 0x80, 0x4, 0x20, 0x1, 0x8, 0x0,
    0x43, 0xff, 0xf0,

    /* U+559C "喜" */
    0x0, 0xc0, 0x0, 0x30, 0xf, 0xff, 0xfc, 0x3,
    0x0, 0x0, 0xc0, 0x0, 0x30, 0x3, 0xff, 0xf0,
    0x60, 0x18, 0x18, 0x6, 0x7, 0xff, 0x80, 0x61,
    0x80, 0x18, 0x60, 0xff, 0xff, 0xc6, 0x1, 0x81,
    0x80, 0x60, 0x60, 0x18, 0x18, 0x6, 0x6, 0x1,
    0x81, 0xff, 0xe0,

    /* U+559D "喝" */
    0x1, 0xff, 0x9f, 0x30, 0x33, 0xe6, 0x6, 0x7c,
    0xc0, 0xcd, 0x9f, 0xf9, 0xb3, 0x3, 0x36, 0x60,
    0x66, 0xcf, 0xfc, 0xd8, 0x40, 0x1b, 0x8, 0x3,
    0x67, 0xff, 0xec, 0xff, 0xfd, 0xe0, 0x87, 0xf3,
    0x6c, 0xfe, 0x6d, 0x9f, 0xcd, 0xb3, 0x1, 0xfe,
    0x60, 0x0, 0xc, 0x0, 0x7, 0x80,

    /* U+5668 "器" */
    0x3f, 0x3f, 0x8, 0x48, 0x42, 0x12, 0x10, 0x84,
    0x84, 0x21, 0x21, 0x8, 0x48, 0x43, 0xf3, 0xf0,
    0x3, 0x60, 0x0, 0xd8, 0x3f, 0xff, 0xf1, 0x80,
    0x60, 0x60, 0x18, 0xff, 0x3f, 0xc8, 0x48, 0x42,
    0x12, 0x10, 0x84, 0x84, 0x21, 0x21, 0x8, 0x48,
    0x43, 0xf3, 0xf0,

    /* U+56DE "回" */
    0xff, 0xff, 0xf8, 0x0, 0xf, 0x0, 0x1, 0xe0,
    0x0, 0x3c, 0x0, 0x7, 0x80, 0x0, 0xf1, 0xff,
    0x1e, 0x30, 0x63, 0xc6, 0xc, 0x78, 0xc1, 0x8f,
    0x18, 0x31, 0xe3, 0x6, 0x3c, 0x7f, 0xc7, 0x80,
    0x0, 0xf0, 0x0, 0x1e, 0x0, 0x3, 0xc0, 0x0,
    0x78, 0x0, 0xf, 0xff, 0xff, 0x80,

    /* U+56ED "园" */
    0xff, 0xff, 0xf8, 0x0, 0xf, 0x0, 0x1, 0xe0,
    0x0, 0x3c, 0x7f, 0x87, 0x80, 0x0, 0xf0, 0x0,
    0x1e, 0xff, 0xf3, 0xc3, 0x30, 0x78, 0x66, 0xf,
    0xc, 0xc1, 0xe2, 0x1b, 0x3c, 0x43, 0x67, 0x88,
    0x6c, 0xf6, 0xf, 0x9e, 0x0, 0x3, 0xc0, 0x0,
    0x78, 0x0, 0xf, 0xff, 0xff, 0x80,

    /* U+56F0 "困" */
    0xff, 0xff, 0xf8, 0x0, 0xf, 0x0, 0x1, 0xe0,
    0x0, 0x3c, 0xc, 0x7, 0x81, 0x80, 0xf0, 0x30,
    0x1e, 0xff, 0xf3, 0xdf, 0xfe, 0x78, 0x3e, 0xf,
    0x1b, 0x21, 0xe3, 0x64, 0x3d, 0x8c, 0x67, 0x81,
    0x80, 0xf0, 0x30, 0x1e, 0x0, 0x3, 0xc0, 0x0,
    0x78, 0x0, 0xf, 0xff, 0xff, 0x80,

    /* U+56FA "固" */
    0xff, 0xff, 0xf8, 0x18, 0xf, 0x3, 0x1, 0xe0,
    0x60, 0x3c, 0xc, 0x7, 0x81, 0x80, 0xf7, 0xff,
    0x9e, 0x6, 0x3, 0xc0, 0xc0, 0x78, 0xff, 0xf,
    0x10, 0x21, 0xe2, 0x4, 0x3c, 0x40, 0x87, 0x88,
    0x10, 0xf1, 0xfe, 0x1e, 0x0, 0x3, 0xc0, 0x0,
    0x78, 0x0, 0xf, 0xff, 0xff, 0x80,

    /* U+5728 "在" */
    0x1, 0x0, 0x0, 0x40, 0x0, 0x10, 0x0, 0x4,
    0x0, 0xff, 0xff, 0xc1, 0x80, 0x0, 0x60, 0x0,
    0x18, 0x0, 0x0, 0x18, 0x6, 0x6, 0x3, 0x9f,
    0xfc, 0xe7, 0xff, 0xd8, 0x18, 0x6, 0x6, 0x1,
    0x81, 0x80, 0x60, 0x60, 0x18, 0x18, 0x6, 0x6,
    0x1, 0x9f, 0xfc,

    /* U+5730 "地" */
    0x30, 0xc, 0x6, 0x1, 0x80, 0xc6, 0x30, 0x18,
    0xc6, 0x3, 0x18, 0xdf, 0xfb, 0x7e, 0xff, 0x6f,
    0xd9, 0xbf, 0x63, 0x31, 0x8c, 0x66, 0x31, 0x8c,
    0xc6, 0x37, 0x9e, 0xc6, 0x3, 0xd8, 0xc1, 0xe3,
    0x0, 0xfc, 0x60, 0x18, 0xc, 0x3, 0x1, 0x80,
    0x60, 0x0, 0xc, 0x1, 0xff, 0x80,

    /* U+574F "坏" */
    0x19, 0xff, 0xe3, 0x0, 0x40, 0x60, 0x8, 0xc,
    0x0, 0x1, 0x80, 0xc0, 0x30, 0x18, 0x3f, 0x83,
    0x0, 0xc1, 0xec, 0x18, 0x3d, 0x83, 0x19, 0x8c,
    0x67, 0x31, 0x8c, 0x86, 0x31, 0xe0, 0xc0, 0x3c,
    0x18, 0x3c, 0x3, 0x0, 0x0, 0x60, 0x0, 0xc,
    0x0, 0x1, 0x80, 0x0, 0x30, 0x0,

    /* U+5757 "块" */
    0x30, 0x18, 0x6, 0x3, 0x0, 0xc0, 0x60, 0x18,
    0xc, 0x3, 0xf, 0xf8, 0x61, 0xff, 0x3f, 0x6,
    0x21, 0x80, 0xc4, 0x30, 0x18, 0x86, 0x3, 0x10,
    0xcf, 0xff, 0x99, 0xff, 0xf3, 0xc1, 0x81, 0xe0,
    0xd8, 0x3c, 0x1b, 0x7, 0x83, 0x60, 0x0, 0x83,
    0x0, 0x0, 0x0, 0x3c, 0x3, 0x80,

    /* U+585E "塞" */
    0x0, 0xc0, 0x0, 0x30, 0xf, 0xff, 0xff, 0x18,
    0x63, 0xc6, 0x18, 0xc1, 0x86, 0x3, 0xff, 0xf0,
    0x18, 0x60, 0x6, 0x18, 0x3f, 0xff, 0xf1, 0x80,
    0x60, 0x60, 0x18, 0x20, 0xc1, 0x8, 0x30, 0x4d,
    0xff, 0xec, 0x3, 0x0, 0x0, 0xc0, 0x0, 0x30,
    0xf, 0xff, 0xfc,

    /* U+586B "填" */
    0x18, 0xc, 0x3, 0x1, 0x80, 0x67, 0xff, 0x8c,
    0x6, 0x1, 0x80, 0xc0, 0x30, 0x18, 0x3f, 0xbf,
    0xe0, 0xc6, 0xc, 0x18, 0xc1, 0x83, 0x1f, 0xf0,
    0x63, 0x6, 0xc, 0x60, 0xc1, 0xec, 0x18, 0x3d,
    0x83, 0x3c, 0x7f, 0xf8, 0x6, 0xc, 0x0, 0xc1,
    0x80, 0x0, 0x0, 0x4, 0x1, 0x80,

    /* U+58EE "壮" */
    0x18, 0xc, 0x3, 0x1, 0x80, 0x60, 0x30, 0xc,
    0x6, 0xd, 0x80, 0xc1, 0xb0, 0x18, 0x1e, 0x7f,
    0xf8, 0xc0, 0x60, 0x18, 0xc, 0x3, 0x1, 0x80,
    0x60, 0x30, 0xc, 0x6, 0x7, 0x80, 0xc0, 0xf0,
    0x18, 0x36, 0x3, 0x0, 0xc0, 0x60, 0x18, 0xc,
    0x3, 0x1, 0x80, 0x61, 0xfe, 0x0,

    /* U+5907 "备" */
    0x6, 0x0, 0x1, 0x80, 0x1, 0xff, 0xe0, 0x7f,
    0xf8, 0xe6, 0xc, 0x0, 0x7c, 0x0, 0x1f, 0x0,
    0x78, 0x38, 0xe0, 0x1, 0xf8, 0x0, 0x7e, 0x0,
    0x1d, 0xff, 0xfe, 0x60, 0x41, 0x98, 0x10, 0x67,
    0xff, 0xf9, 0x81, 0x6, 0x60, 0x41, 0x98, 0x10,
    0x67, 0xff, 0xf8,

    /* U+590D "复" */
    0x30, 0x0, 0x6, 0x0, 0x0, 0xff, 0xff, 0xec,
    0x0, 0xcd, 0x80, 0x19, 0xb0, 0x3, 0x7, 0xff,
    0xe0, 0xc0, 0xc, 0x18, 0x1, 0x83, 0xff, 0xf0,
    0x4, 0x0, 0x0, 0x80, 0x0, 0x7f, 0xf8, 0x7c,
    0x4, 0xf, 0x80, 0x81, 0xf0, 0x10, 0x1, 0xfc,
    0x0, 0x0, 0x3, 0xf8, 0xf, 0x80,

    /* U+590F "夏" */
    0xff, 0xff, 0xc0, 0x30, 0x0, 0xc, 0x0, 0x3,
    0x0, 0x3f, 0xff, 0x8, 0x0, 0x42, 0x0, 0x10,
    0xff, 0xfc, 0x20, 0x1, 0x8, 0x0, 0x42, 0x0,
    0x10, 0xff, 0xfc, 0x18, 0x6, 0x6, 0x1, 0x8e,
    0x61, 0x83, 0x98, 0x60, 0x1, 0xe0, 0x0, 0x0,
    0xf, 0xe1, 0xfc,

    /* U+591F "够" */
    0x18, 0x8, 0x3, 0x1, 0x0, 0x7f, 0x3f, 0x90,
    0x78, 0x32, 0xf, 0x6, 0x41, 0xe0, 0xf0, 0x32,
    0x61, 0xf6, 0x30, 0x3e, 0xc6, 0x4, 0xdf, 0x0,
    0x9b, 0x3f, 0x93, 0x67, 0xf2, 0x6f, 0x6, 0x7d,
    0x93, 0xf, 0xb2, 0x61, 0xf6, 0x4c, 0x0, 0xc6,
    0x0, 0x0, 0x0, 0x1c, 0xe0, 0x0,

    /* U+5927 "大" */
    0x0, 0xc0, 0x0, 0x30, 0x0, 0xc, 0x0, 0x3,
    0x0, 0x0, 0xc0, 0x0, 0x30, 0xf, 0xff, 0xfc,
    0x3, 0x0, 0x0, 0x0, 0x0, 0x48, 0x0, 0x12,
    0x0, 0x4, 0x80, 0x6, 0x18, 0x1, 0x86, 0x0,
    0x61, 0x80, 0x18, 0x60, 0x18, 0x6, 0x0, 0x0,
    0xe, 0x0, 0x1c,

    /* U+5929 "天" */
    0x3f, 0xff, 0x0, 0x30, 0x0, 0xc, 0x0, 0x3,
    0x0, 0x0, 0xc0, 0x0, 0x30, 0x0, 0xc, 0x3,
    0xff, 0xff, 0x0, 0xc0, 0x0, 0x0, 0x0, 0x0,
    0x0, 0x4, 0x80, 0x1, 0x20, 0x0, 0x48, 0x0,
    0x61, 0x80, 0x18, 0x60, 0x18, 0x6, 0x0, 0x0,
    0xe, 0x0, 0x1c,

    /* U+592A "太" */
    0x0, 0xc0, 0x0, 0x30, 0x0, 0xc, 0x0, 0x3,
    0x0, 0x0, 0xc0, 0x0, 0x30, 0xf, 0xff, 0xfc,
    0x3, 0x0, 0x0, 0x0, 0x0, 0x48, 0x0, 0x12,
    0x0, 0x4, 0x80, 0x6, 0x18, 0x1, 0x86, 0x0,
    0x61, 0x80, 0x18, 0x60, 0x19, 0x6, 0x0, 0x0,
    0xe, 0xc, 0x1c,

    /* U+5931 "失" */
    0x18, 0xc0, 0x6, 0x30, 0x1, 0x8c, 0x0, 0x63,
    0x0, 0x1f, 0xff, 0x88, 0x30, 0x2, 0xc, 0x3,
    0x3, 0x0, 0x0, 0xc0, 0x0, 0x30, 0x0, 0xc,
    0x3, 0xfc, 0xff, 0x1, 0x30, 0x0, 0x4c, 0x0,
    0x60, 0x80, 0x18, 0x20, 0x18, 0x6, 0x0, 0x0,
    0xe, 0x0, 0x1c,

    /* U+5947 "奇" */
    0x0, 0xc0, 0x0, 0x30, 0xf, 0xff, 0xfc, 0x4,
    0x80, 0x1, 0x20, 0x0, 0x0, 0x0, 0x61, 0x80,
    0x60, 0x18, 0x18, 0x6, 0x3f, 0xff, 0xf0, 0x0,
    0x10, 0x0, 0x4, 0x1f, 0xe1, 0x6, 0x8, 0x41,
    0x82, 0x10, 0x60, 0x84, 0x1f, 0xe1, 0x0, 0x0,
    0x40, 0x1, 0xf0,

    /* U+594B "奋" */
    0x0, 0xc0, 0x0, 0x30, 0x0, 0xc, 0x0, 0x3,
    0x0, 0xff, 0xff, 0xc0, 0x48, 0x0, 0x12, 0x0,
    0x78, 0x78, 0xe0, 0x1, 0xf8, 0x0, 0x7e, 0x0,
    0x1c, 0xff, 0xfc, 0x20, 0xc1, 0x8, 0x30, 0x43,
    0xff, 0xf0, 0x83, 0x4, 0x20, 0xc1, 0x8, 0x30,
    0x43, 0xff, 0xf0,

    /* U+5957 "套" */
    0x1, 0x0, 0x0, 0x40, 0xf, 0xff, 0xfc, 0x60,
    0x18, 0x18, 0x6, 0x6, 0x1, 0x83, 0xff, 0xf3,
    0x60, 0x3, 0xd8, 0x0, 0xc7, 0xff, 0x81, 0x80,
    0x0, 0x60, 0x0, 0xff, 0xff, 0xc1, 0x80, 0x0,
    0x60, 0x0, 0x0, 0x0, 0x18, 0x6, 0x6, 0x0,
    0x3, 0xff, 0x90,

    /* U+597D "好" */
    0x18, 0x7f, 0x86, 0x0, 0x61, 0x80, 0x18, 0x60,
    0x0, 0xfe, 0x2, 0x3f, 0x80, 0x82, 0x60, 0xc0,
    0x98, 0x30, 0x26, 0xc, 0x9, 0xff, 0xf2, 0x7f,
    0xff, 0x18, 0x30, 0x26, 0xc, 0x9, 0x83, 0x1,
    0x80, 0xc0, 0x60, 0x30, 0x26, 0xc, 0x0, 0x3,
    0xc, 0x7, 0xc0,

    /* U+59B9 "妹" */
    0x18, 0x8, 0x3, 0x1, 0x0, 0x60, 0x20, 0x7f,
    0x3f, 0xcf, 0xe7, 0xf8, 0x4c, 0x10, 0x9, 0x82,
    0x1, 0x30, 0x40, 0x26, 0x8, 0x4, 0xff, 0xff,
    0x18, 0x20, 0x63, 0x4, 0x2, 0x63, 0xe0, 0x30,
    0x93, 0x6, 0x12, 0x60, 0xc2, 0x4c, 0x27, 0x88,
    0x60, 0x1, 0x3, 0x0, 0x20, 0x0,

    /* U+59CB "始" */
    0x18, 0xc, 0x3, 0x1, 0x80, 0x60, 0x30, 0xc,
    0x0, 0xf, 0xe3, 0x18, 0x4d, 0x83, 0x9, 0xb0,
    0x61, 0x3f, 0xf3, 0x27, 0xfe, 0x64, 0xc0, 0x0,
    0x98, 0x0, 0x63, 0x7f, 0xf2, 0x6c, 0x6, 0x4d,
    0x80, 0xc6, 0x30, 0x18, 0xc6, 0x3, 0x26, 0xc0,
    0x60, 0x18, 0xf, 0x3, 0xff, 0x80,

    /* U+59D0 "姐" */
    0x18, 0x7f, 0x83, 0x8, 0x10, 0x61, 0x2, 0xc,
    0x20, 0x46, 0x67, 0xf8, 0x4c, 0xff, 0x9, 0x90,
    0x21, 0x32, 0x4, 0x26, 0x40, 0x84, 0xc8, 0x13,
    0x19, 0xfe, 0x63, 0x3f, 0xc2, 0x64, 0x8, 0x4c,
    0x81, 0x6, 0x10, 0x20, 0xc2, 0x4, 0x26, 0x40,
    0x80, 0x8, 0x13, 0x7, 0xff, 0x80,

    /* U+5B50 "子" */
    0x3f, 0xfe, 0x0, 0x1, 0x80, 0x0, 0x60, 0x0,
    0x60, 0x0, 0x18, 0x0, 0x6, 0x0, 0x3, 0x0,
    0x0, 0x0, 0x0, 0xc0, 0x3f, 0xff, 0xf0, 0xc,
    0x0, 0x3, 0x0, 0x0, 0xc0, 0x0, 0x30, 0x0,
    0xc, 0x0, 0x3, 0x0, 0x0, 0xc0, 0x0, 0x30,
    0x0, 0x7c, 0x0,

    /* U+5B57 "字" */
    0x0, 0xc0, 0x0, 0x18, 0x3, 0xff, 0xff, 0xe0,
    0x0, 0x3c, 0x0, 0x7, 0x80, 0x0, 0xf7, 0xff,
    0x98, 0x0, 0x40, 0x0, 0x8, 0x0, 0x6, 0x0,
    0x0, 0x0, 0x0, 0x60, 0xf, 0xff, 0xfe, 0x1,
    0x80, 0x0, 0x30, 0x0, 0x6, 0x0, 0x0, 0xc0,
    0x0, 0x18, 0x0, 0x1f, 0x0, 0x0,

    /* U+5B58 "存" */
    0x1, 0x0, 0x0, 0x40, 0xf, 0xff, 0xfc, 0x18,
    0x0, 0x6, 0x0, 0x0, 0x0, 0x1, 0x8f, 0xf0,
    0x60, 0x18, 0x18, 0x6, 0xe, 0x2, 0xd, 0x80,
    0x83, 0x60, 0x20, 0x19, 0xff, 0xc6, 0x2, 0x1,
    0x80, 0x80, 0x60, 0x20, 0x18, 0x8, 0x6, 0x2,
    0x1, 0x83, 0x80,

    /* U+5B66 "学" */
    0x21, 0x81, 0x80, 0x0, 0x0, 0x61, 0x88, 0xc,
    0x31, 0xf, 0xff, 0xff, 0x80, 0x0, 0xf0, 0x0,
    0x1e, 0xff, 0xf3, 0x0, 0xc, 0x0, 0x1, 0x80,
    0x1, 0xc0, 0x0, 0x38, 0xf, 0xff, 0xfe, 0x0,
    0xc0, 0x0, 0x18, 0x0, 0x3, 0x0, 0x0, 0x60,
    0x0, 0xc, 0x0, 0x1f, 0x80, 0x0,

    /* U+5B69 "孩" */
    0xfc, 0xc, 0x1, 0x81, 0x80, 0x37, 0xff, 0x80,
    0x18, 0x0, 0x3, 0x0, 0x60, 0x0, 0xc, 0x10,
    0x21, 0x8f, 0xf8, 0x31, 0xff, 0x7, 0x81, 0x83,
    0xc0, 0xc1, 0xf8, 0x18, 0x33, 0x1c, 0x8, 0x60,
    0x6, 0xc, 0x0, 0xc1, 0x80, 0x18, 0x30, 0x3c,
    0x86, 0x0, 0x3, 0xc7, 0x1, 0x80,

    /* U+5B83 "它" */
    0x0, 0xc0, 0x0, 0x18, 0x3, 0xff, 0xff, 0xe0,
    0x0, 0x3c, 0x0, 0x7, 0x80, 0x0, 0xc6, 0x1,
    0x80, 0xc0, 0x30, 0x18, 0x38, 0x3, 0x7, 0x0,
    0x7f, 0xe0, 0xf, 0xe0, 0x1, 0xfc, 0x0, 0x30,
    0x0, 0x6, 0x0, 0x0, 0xc0, 0x3, 0x18, 0x0,
    0x60, 0x0, 0xc, 0x1f, 0xff, 0x80,

    /* U+5B89 "安" */
    0x0, 0x40, 0x0, 0x8, 0x3, 0xff, 0xff, 0xe0,
    0x0, 0x3c, 0x0, 0x6, 0x0, 0x0, 0x0, 0x60,
    0x0, 0xc, 0x0, 0x1, 0x80, 0x1f, 0xff, 0xfc,
    0x18, 0x18, 0x3, 0x3, 0x1, 0x80, 0x60, 0xc,
    0x10, 0x1, 0x82, 0x0, 0x30, 0x40, 0x1, 0xf0,
    0x0, 0x0, 0x3, 0xf8, 0x3f, 0x80,

    /* U+5B8C "完" */
    0x0, 0xc0, 0x0, 0x30, 0xf, 0xff, 0xff, 0x0,
    0x3, 0xc0, 0x0, 0xf0, 0x0, 0x3d, 0xff, 0xec,
    0x0, 0x0, 0x0, 0x0, 0x0, 0x0, 0x0, 0x0,
    0x3, 0xff, 0xff, 0x6, 0x18, 0x1, 0x86, 0x0,
    0x61, 0x80, 0x0, 0x60, 0x18, 0x18, 0xc0, 0x6,
    0x3e, 0x1, 0xfc,

    /* U+5B9A "定" */
    0x0, 0xc0, 0x0, 0x18, 0x3, 0xff, 0xff, 0xe0,
    0x0, 0x3c, 0x0, 0x6, 0x0, 0x0, 0x0, 0x0,
    0x1, 0xff, 0xfc, 0x0, 0xc0, 0x0, 0x18, 0x0,
    0x63, 0x0, 0xc, 0x60, 0x1, 0x8f, 0xf8, 0x31,
    0x80, 0x6, 0x30, 0x0, 0x6, 0x0, 0x27, 0xc0,
    0x0, 0x0, 0x3, 0x0, 0xff, 0x80,

    /* U+5B9E "实" */
    0x0, 0xc0, 0x0, 0x30, 0xf, 0xff, 0xff, 0x0,
    0x3, 0xc0, 0x0, 0xf0, 0x0, 0x3d, 0x82, 0xc,
    0x18, 0x80, 0x6, 0x20, 0x8, 0x8, 0x1, 0x82,
    0x0, 0x60, 0x80, 0xff, 0xff, 0xc0, 0x36, 0x0,
    0xd, 0x80, 0x0, 0x0, 0x7, 0x6, 0x0, 0x0,
    0xf, 0x80, 0x1c,

    /* U+5BA0 "宠" */
    0x0, 0xc0, 0x0, 0x30, 0xf, 0xff, 0xff, 0x0,
    0x3, 0xc0, 0x0, 0xf0, 0x0, 0x3c, 0x10, 0x8c,
    0x4, 0x18, 0x1, 0x6, 0x3f, 0xff, 0xf0, 0x13,
    0x0, 0x4, 0xc0, 0x6, 0x36, 0x1, 0x8d, 0x80,
    0x63, 0x80, 0x18, 0xe0, 0x18, 0xf0, 0xc0, 0xc,
    0x3e, 0x13, 0xfc,

    /* U+5BA1 "审" */
    0x0, 0xc0, 0x0, 0x18, 0x3, 0xff, 0xff, 0xe0,
    0x0, 0x3c, 0x0, 0x6, 0x0, 0x0, 0x0, 0x30,
    0x1, 0xff, 0xfc, 0x30, 0xc1, 0x86, 0x18, 0x30,
    0xc3, 0x6, 0x1f, 0xff, 0xc3, 0xc, 0x18, 0x61,
    0x83, 0xf, 0xff, 0xe0, 0x6, 0x0, 0x0, 0xc0,
    0x0, 0x18, 0x0, 0x3, 0x0, 0x0,

    /* U+5BB6 "家" */
    0x0, 0xc0, 0x0, 0x30, 0xf, 0xff, 0xff, 0x0,
    0x1, 0xc0, 0x0, 0x70, 0x0, 0x1d, 0xff, 0xe4,
    0x7, 0x0, 0x1, 0xc0, 0x7, 0x8c, 0x61, 0xe3,
    0x1b, 0x87, 0xd8, 0x1e, 0x38, 0x7, 0x8e, 0xe,
    0x1f, 0x60, 0x78, 0xc7, 0x1e, 0x31, 0xc0, 0x0,
    0xe, 0x1c, 0x0,

    /* U+5BB9 "容" */
    0x0, 0xc0, 0x0, 0x30, 0xf, 0xff, 0xff, 0x30,
    0x23, 0xcc, 0x8, 0xc0, 0x0, 0x7, 0x8c, 0x70,
    0xc, 0xc0, 0x3, 0x30, 0x7, 0x3, 0x8e, 0x0,
    0x3f, 0x80, 0xf, 0x1f, 0xfe, 0x6, 0x1, 0x81,
    0x80, 0x60, 0x60, 0x18, 0x18, 0x6, 0x6, 0x1,
    0x81, 0xff, 0xe0,

    /* U+5BC6 "密" */
    0x0, 0xc0, 0x0, 0x30, 0xf, 0xff, 0xff, 0xc,
    0x23, 0xc3, 0x8, 0xd9, 0xc, 0x46, 0x43, 0x13,
    0x1f, 0x3, 0x1c, 0x6, 0x7, 0x1, 0x81, 0xc0,
    0x63, 0x9f, 0xf8, 0x0, 0x0, 0x0, 0x0, 0x0,
    0x0, 0x1, 0x83, 0x4, 0x60, 0xc1, 0x18, 0x30,
    0x47, 0xff, 0xf0,

    /* U+5BF9 "对" */
    0x0, 0x1, 0x0, 0x0, 0x4f, 0xe0, 0x13, 0xf8,
    0x4, 0x6, 0xff, 0xf1, 0x80, 0x4c, 0x60, 0x10,
    0x98, 0x4, 0x26, 0xc1, 0x9, 0xb0, 0x41, 0x83,
    0x10, 0x60, 0xc4, 0x18, 0x31, 0x6, 0xc, 0x42,
    0x60, 0x10, 0x98, 0x4, 0x26, 0x1, 0x0, 0x0,
    0x4c, 0x0, 0xf0,

    /* U+5C0F "小" */
    0x0, 0xc0, 0x0, 0x18, 0x0, 0x3, 0x0, 0x0,
    0x60, 0x0, 0xc, 0x0, 0x1, 0x80, 0x6, 0x31,
    0x80, 0xc6, 0x3c, 0x18, 0xc1, 0x84, 0x18, 0x30,
    0x83, 0x6, 0x10, 0x60, 0x3e, 0xc, 0x7, 0x81,
    0x80, 0xc0, 0x30, 0x0, 0x6, 0x0, 0x0, 0xc0,
    0x0, 0x18, 0x0, 0x1f, 0x0, 0x0,

    /* U+5C1A "尚" */
    0x20, 0xc1, 0x80, 0x18, 0x0, 0x63, 0x8, 0x0,
    0x60, 0x0, 0xc, 0x0, 0x1, 0x80, 0x3f, 0xff,
    0xfe, 0x0, 0x3, 0xc0, 0x0, 0x78, 0xff, 0x8f,
    0x18, 0x31, 0xe3, 0x6, 0x3c, 0x60, 0xc7, 0x8c,
    0x18, 0xf1, 0xff, 0x1e, 0x0, 0x3, 0xc0, 0x0,
    0x78, 0x0, 0xf, 0x0, 0xf, 0x80,

    /* U+5C31 "就" */
    0x18, 0x9, 0x6, 0x2, 0xf, 0xf0, 0x8c, 0x0,
    0x20, 0x0, 0x8, 0x0, 0x2, 0xf, 0xff, 0xff,
    0xc, 0x20, 0xc3, 0x0, 0x30, 0xcd, 0x8c, 0x33,
    0x63, 0xfc, 0xd8, 0x18, 0x36, 0x6, 0xd, 0x8d,
    0xb3, 0x6f, 0x6c, 0xdb, 0xdb, 0x36, 0xc6, 0x1,
    0xb3, 0x8c, 0x7c,

    /* U+5C3E "尾" */
    0x3f, 0xff, 0xe6, 0x0, 0xc, 0xc0, 0x1, 0x98,
    0x0, 0x33, 0xff, 0xfe, 0x60, 0x1c, 0xc, 0x3,
    0x81, 0xbf, 0x80, 0x30, 0x3f, 0x86, 0x7, 0xf0,
    0xc0, 0xfe, 0x1b, 0xf8, 0x3, 0x3, 0xfe, 0x60,
    0x7f, 0xcd, 0xfc, 0x1, 0x81, 0x80, 0x0, 0x30,
    0x60, 0x6, 0xf, 0x0, 0xff, 0x80,

    /* U+5C42 "层" */
    0x3f, 0xff, 0xe4, 0x0, 0xc, 0x80, 0x1, 0x90,
    0x0, 0x32, 0x0, 0x6, 0x40, 0x0, 0xcf, 0xff,
    0xf9, 0x0, 0x0, 0x20, 0x0, 0x4, 0xff, 0xf0,
    0x80, 0x0, 0x10, 0x0, 0x3, 0xff, 0xfe, 0x46,
    0x0, 0x8, 0xc0, 0x1, 0x0, 0x0, 0x24, 0x1,
    0x80, 0x80, 0x3, 0x7f, 0xf9, 0x80,

    /* U+5C4F "屏" */
    0x3f, 0xff, 0xcc, 0x0, 0x33, 0x0, 0xc, 0xc0,
    0x3, 0x3f, 0xff, 0xcc, 0x40, 0x43, 0x10, 0x10,
    0xc3, 0x0, 0x30, 0xc6, 0xd, 0xff, 0xf3, 0x7f,
    0xfc, 0xc3, 0x18, 0x30, 0xc6, 0xc, 0x31, 0x83,
    0x7f, 0xfc, 0xdf, 0xff, 0x30, 0xc6, 0x0, 0x1,
    0x8c, 0x70, 0x60,

    /* U+5C71 "山" */
    0x0, 0xc0, 0x0, 0x30, 0x0, 0xc, 0x0, 0x3,
    0x0, 0x0, 0xc0, 0x0, 0x30, 0xc, 0xc, 0xf,
    0x3, 0x3, 0xc0, 0xc0, 0xf0, 0x30, 0x3c, 0xc,
    0xf, 0x3, 0x3, 0xc0, 0xc0, 0xf0, 0x30, 0x3c,
    0xc, 0xf, 0x3, 0x3, 0xc0, 0xc0, 0xf0, 0x30,
    0x3f, 0xff, 0xfc,

    /* U+5DE5 "工" */
    0x3f, 0xff, 0x0, 0x30, 0x0, 0xc, 0x0, 0x3,
    0x0, 0x0, 0xc0, 0x0, 0x30, 0x0, 0xc, 0x0,
    0x3, 0x0, 0x0, 0xc0, 0x0, 0x30, 0x0, 0xc,
    0x0, 0x3, 0x0, 0x0, 0xc0, 0x0, 0x30, 0x0,
    0xc, 0x0, 0x3, 0x0, 0x0, 0xc0, 0x0, 0x30,
    0xf, 0xff, 0xfc,

    /* U+5DF2 "已" */
    0xff, 0xfe, 0x0, 0x3, 0x0, 0x1, 0x80, 0x0,
    0xc0, 0x0, 0x60, 0x0, 0x33, 0x0, 0x19, 0x80,
    0xc, 0xc0, 0x6, 0x7f, 0xff, 0x3f, 0xff, 0x98,
    0x0, 0xc, 0x0, 0x6, 0x0, 0x3, 0x0, 0x1,
    0x80, 0x3, 0xc0, 0x1, 0x80, 0x0, 0xcf, 0xff,
    0xe0,

    /* U+5E08 "师" */
    0x19, 0xff, 0xe3, 0x1, 0x83, 0x60, 0x30, 0x6c,
    0x6, 0xd, 0x80, 0xc1, 0xb3, 0xff, 0xf6, 0x7f,
    0xfe, 0xcc, 0x63, 0xd9, 0x8c, 0x7b, 0x31, 0x8f,
    0x66, 0x31, 0xec, 0xc6, 0x31, 0x98, 0xc6, 0x33,
    0x1b, 0xc6, 0x63, 0x78, 0x0, 0x60, 0x20, 0xc,
    0x0, 0x1, 0x83, 0x0, 0x30, 0x0,

    /* U+5E2E "帮" */
    0x6, 0x1f, 0xe0, 0xc3, 0xf, 0xff, 0x61, 0x83,
    0xc, 0xc0, 0x61, 0x98, 0xc, 0x33, 0x3f, 0xf6,
    0x18, 0x30, 0xff, 0x0, 0x18, 0x3, 0x3, 0x0,
    0x0, 0x0, 0x70, 0x60, 0x3, 0xff, 0xf8, 0x41,
    0x83, 0x8, 0x30, 0x61, 0x6, 0xc, 0x20, 0xc7,
    0x80, 0x18, 0x0, 0x3, 0x0, 0x0,

    /* U+5E55 "幕" */
    0x6, 0x18, 0x1, 0x86, 0xf, 0xff, 0xfc, 0x18,
    0x60, 0x6, 0x18, 0x1, 0x86, 0x3, 0xff, 0xf0,
    0x80, 0x4, 0x20, 0x1, 0x3f, 0xff, 0xf1, 0x8c,
    0x60, 0x63, 0x18, 0x3f, 0xff, 0x36, 0x31, 0xbd,
    0x8c, 0x6f, 0x63, 0x1b, 0x18, 0xde, 0x0, 0x30,
    0x0, 0xc, 0x0,

    /* U+5E73 "平" */
    0x3f, 0xff, 0x0, 0x30, 0x0, 0xc, 0x0, 0x83,
    0x4, 0x20, 0xc1, 0x8, 0x30, 0x41, 0x8c, 0x60,
    0x3, 0x0, 0x0, 0xc0, 0x3f, 0xff, 0xf0, 0xc,
    0x0, 0x3, 0x0, 0x0, 0xc0, 0x0, 0x30, 0x0,
    0xc, 0x0, 0x3, 0x0, 0x0, 0xc0, 0x0, 0x30,
    0x0, 0xc, 0x0,

    /* U+5E74 "年" */
    0x18, 0x0, 0x6, 0x0, 0x1, 0xff, 0xfc, 0x7f,
    0xff, 0x20, 0x30, 0x30, 0xc, 0xc, 0x3, 0x0,
    0x7f, 0xfe, 0x18, 0x30, 0x6, 0xc, 0x1, 0x83,
    0x0, 0x60, 0xc0, 0xff, 0xff, 0xc0, 0xc, 0x0,
    0x3, 0x0, 0x0, 0xc0, 0x0, 0x30, 0x0, 0xc,
    0x0, 0x3, 0x0,

    /* U+5E76 "并" */
    0x18, 0x6, 0x0, 0x0, 0x0, 0x0, 0x0, 0x18,
    0x60, 0xff, 0xff, 0xc1, 0x86, 0x0, 0x61, 0x80,
    0x18, 0x60, 0x6, 0x18, 0x1, 0x86, 0x0, 0x61,
    0x83, 0xff, 0xff, 0x6, 0x18, 0x1, 0x86, 0x0,
    0x61, 0x80, 0x18, 0x60, 0x18, 0x18, 0x0, 0x6,
    0xe, 0x1, 0x80,

    /* U+5E78 "幸" */
    0x0, 0xc0, 0x0, 0x30, 0x3, 0xff, 0xf0, 0x3,
    0x0, 0x0, 0xc0, 0x0, 0x30, 0xf, 0xff, 0xfc,
    0x60, 0x18, 0x18, 0x6, 0x1, 0x86, 0x0, 0x61,
    0x80, 0xff, 0xfc, 0x0, 0xc0, 0x0, 0x30, 0xf,
    0xff, 0xfc, 0x3, 0x0, 0x0, 0xc0, 0x0, 0x30,
    0x0, 0xc, 0x0,

    /* U+5E7C "幼" */
    0x18, 0xc, 0x3, 0x1, 0x80, 0x60, 0x30, 0x0,
    0x6, 0x2, 0x7, 0xfe, 0x40, 0xff, 0xc8, 0x3,
    0x1e, 0x30, 0x63, 0xc6, 0xc, 0x7f, 0x1, 0x8c,
    0x60, 0x31, 0x8c, 0x6, 0x32, 0x18, 0xc6, 0x43,
    0x0, 0xc8, 0x6c, 0x19, 0xd, 0x83, 0xc7, 0xb0,
    0x78, 0x0, 0x3, 0xe1, 0xe, 0x0,

    /* U+5E94 "应" */
    0x0, 0x20, 0x0, 0x8, 0x3, 0xff, 0xfc, 0x80,
    0x0, 0x20, 0x0, 0x8, 0x30, 0x42, 0xc, 0x10,
    0x93, 0x4, 0x24, 0xe1, 0x9, 0x8, 0x42, 0x32,
    0x10, 0x8c, 0x84, 0x23, 0x6, 0x8, 0xc1, 0x82,
    0x0, 0x60, 0x80, 0x0, 0x0, 0x18, 0x0, 0x6,
    0xd, 0xff, 0xfc,

    /* U+5E95 "底" */
    0x0, 0x30, 0x0, 0x6, 0x0, 0xff, 0xff, 0x98,
    0x0, 0xc3, 0x0, 0x18, 0x60, 0x3, 0xd, 0xff,
    0x81, 0xb0, 0x60, 0x36, 0xc, 0x6, 0xc1, 0x80,
    0xd8, 0x30, 0x1b, 0xff, 0xf3, 0x60, 0xc0, 0x6c,
    0x18, 0xd, 0x80, 0x81, 0xb0, 0x10, 0x36, 0xc2,
    0x60, 0xc0, 0xf, 0x1e, 0xc7, 0x80,

    /* U+5EA6 "度" */
    0x0, 0x20, 0x0, 0x8, 0x3, 0xff, 0xfc, 0x8c,
    0x18, 0x23, 0x6, 0x8, 0xc1, 0x83, 0xff, 0xfc,
    0x8c, 0x18, 0x23, 0x6, 0x8, 0xff, 0x82, 0x0,
    0x0, 0x80, 0x0, 0x27, 0xff, 0x8, 0xc1, 0x82,
    0x30, 0x60, 0x80, 0x0, 0x20, 0xf8, 0x0, 0x0,
    0xd, 0xf0, 0x7c,

    /* U+5EAD "庭" */
    0x0, 0x30, 0x0, 0xc, 0x3, 0xff, 0xfc, 0x80,
    0x0, 0x20, 0x0, 0xf, 0xe0, 0x73, 0xf8, 0x1c,
    0x86, 0xf8, 0x26, 0x6, 0x9, 0x81, 0x83, 0xfb,
    0xfc, 0xfe, 0xff, 0x21, 0x86, 0x8, 0x61, 0x83,
    0x9b, 0xfc, 0xe6, 0xff, 0x26, 0x0, 0x0, 0x0,
    0xd, 0x9f, 0xfc,

    /* U+5EFA "建" */
    0xf8, 0x30, 0x3, 0x6, 0x0, 0x67, 0xfe, 0x10,
    0x18, 0xc2, 0x3, 0x18, 0x40, 0x63, 0x31, 0xff,
    0xff, 0xc1, 0x8c, 0xf8, 0x31, 0x83, 0x3f, 0xf3,
    0x60, 0xc0, 0x6c, 0x18, 0xd, 0x9f, 0xf8, 0x0,
    0x60, 0x8, 0xc, 0x1, 0x1, 0x80, 0x38, 0x30,
    0x0, 0x6, 0x3, 0x1f, 0xff, 0x80,

    /* U+5F00 "开" */
    0xff, 0xff, 0xc6, 0x1, 0x81, 0x80, 0x60, 0x60,
    0x18, 0x18, 0x6, 0x6, 0x1, 0x81, 0x80, 0x60,
    0x60, 0x18, 0x18, 0x6, 0x3f, 0xff, 0xf1, 0x80,
    0x60, 0x60, 0x18, 0x18, 0x6, 0x0, 0x1, 0x82,
    0x0, 0x60, 0x80, 0x18, 0x20, 0x6, 0x0, 0x1,
    0x8c, 0x0, 0x60,

    /* U+5F0F "式" */
    0x0, 0x19, 0x80, 0x3, 0x0, 0x0, 0x61, 0x80,
    0xc, 0x3f, 0xff, 0xfe, 0x0, 0x30, 0x0, 0x6,
    0x0, 0x0, 0xc0, 0x0, 0x18, 0x1f, 0xfb, 0x0,
    0x18, 0x60, 0x3, 0x0, 0x0, 0x60, 0x60, 0xc,
    0xc, 0x1, 0x81, 0x80, 0x3e, 0xf, 0x7, 0xc1,
    0xe0, 0xf8, 0x3f, 0xe0, 0x1, 0x80,

    /* U+5F15 "引" */
    0xff, 0xc1, 0x80, 0x60, 0xc0, 0x30, 0x60, 0x18,
    0x30, 0xc, 0x18, 0x6, 0xf, 0xff, 0x7, 0x80,
    0x3, 0xc0, 0x1, 0xe0, 0x0, 0xf0, 0x0, 0x7f,
    0xf8, 0x30, 0xc, 0x18, 0x6, 0xc, 0x3, 0x6,
    0x1, 0x83, 0x0, 0xc1, 0x80, 0x0, 0xc7, 0xc0,
    0x60,

    /* U+5F1F "弟" */
    0x18, 0x6, 0x0, 0x0, 0x0, 0x41, 0x80, 0x10,
    0x60, 0x7f, 0xff, 0x0, 0x30, 0xc0, 0xc, 0x31,
    0xff, 0xfc, 0x60, 0xc0, 0x18, 0x30, 0x6, 0xc,
    0x1, 0xff, 0xff, 0x3, 0xc0, 0xc0, 0xf0, 0x31,
    0xcc, 0xc, 0x73, 0x3, 0xe0, 0xc7, 0x0, 0x30,
    0x0, 0xc, 0x0,

    /* U+5F20 "张" */
    0xf8, 0xc1, 0x3e, 0x30, 0x41, 0x8c, 0x10, 0x63,
    0x18, 0x18, 0xc6, 0x6, 0x31, 0x8f, 0x8c, 0x83,
    0x3, 0x0, 0xc0, 0xc0, 0x31, 0xff, 0xfc, 0x7f,
    0xff, 0xe3, 0x20, 0x18, 0xc6, 0x6, 0x31, 0x81,
    0x8c, 0x60, 0x63, 0x18, 0x18, 0xc9, 0x0, 0x30,
    0xe, 0xf, 0xc,

    /* U+5F3A "强" */
    0xf8, 0x7f, 0x6, 0x10, 0x41, 0x84, 0x10, 0x61,
    0x4, 0x18, 0x7f, 0x3e, 0x2, 0xf, 0x80, 0x83,
    0x7, 0xff, 0xc1, 0x88, 0xf0, 0x62, 0x3f, 0x98,
    0x8f, 0xe6, 0x23, 0x19, 0xff, 0xc6, 0x2, 0x1,
    0x80, 0x80, 0x60, 0x20, 0x18, 0x9, 0x0, 0x2,
    0xe, 0x1f, 0xec,

    /* U+5F53 "当" */
    0x1, 0x80, 0x1, 0x80, 0xc1, 0x83, 0xc1, 0x83,
    0x31, 0x8c, 0x1, 0x80, 0x1, 0x80, 0xff, 0xff,
    0x0, 0x3, 0x0, 0x3, 0x0, 0x3, 0x0, 0x3,
    0xff, 0xff, 0x0, 0x3, 0x0, 0x3, 0x0, 0x3,
    0x0, 0x3, 0x0, 0x3, 0xff, 0xff,

    /* U+5F55 "录" */
    0x3f, 0xff, 0x0, 0x0, 0x40, 0x0, 0x10, 0x0,
    0x4, 0x3f, 0xff, 0x0, 0x0, 0x40, 0x0, 0x13,
    0xff, 0xff, 0x0, 0xc0, 0x0, 0x30, 0x2, 0xc,
    0x10, 0x83, 0x4, 0x18, 0xf6, 0x0, 0x72, 0x0,
    0x1c, 0x80, 0x7, 0x20, 0x1e, 0xc6, 0x0, 0x30,
    0xe, 0x1c, 0x1c,

    /* U+5F85 "待" */
    0x18, 0xc, 0x4, 0xf, 0xf0, 0x81, 0xfe, 0x10,
    0x3f, 0xcc, 0x0, 0xc0, 0x30, 0x18, 0x6, 0x3,
    0x0, 0xf, 0xff, 0xe0, 0x0, 0x9c, 0x0, 0x13,
    0x80, 0x2, 0x10, 0xff, 0xf2, 0x4, 0x8, 0x40,
    0x81, 0x8, 0xc, 0x21, 0x0, 0x4, 0x20, 0x0,
    0x84, 0x0, 0x10, 0x80, 0x3e, 0x0,

    /* U+5F97 "得" */
    0x19, 0xff, 0x88, 0x60, 0x62, 0x18, 0x18, 0x86,
    0x6, 0xc1, 0xff, 0x86, 0x60, 0x61, 0x98, 0x18,
    0x7, 0xfe, 0xe0, 0x0, 0x38, 0x0, 0xe, 0x0,
    0x0, 0x9f, 0xff, 0x20, 0x6, 0x8, 0x1, 0x82,
    0x7f, 0xfc, 0x86, 0x18, 0x21, 0x86, 0x8, 0x1,
    0x82, 0x5, 0xe0,

    /* U+5FC3 "心" */
    0x1, 0x0, 0x0, 0x0, 0x0, 0x3, 0x0, 0x0,
    0x18, 0x0, 0x3, 0x0, 0x0, 0x60, 0x1, 0x8c,
    0x0, 0x31, 0x80, 0x6, 0x0, 0x6, 0xc0, 0x30,
    0xd8, 0x6, 0x1b, 0x0, 0x33, 0x60, 0x6, 0x6c,
    0x0, 0xcd, 0x80, 0x1e, 0x30, 0x33, 0x6, 0x6,
    0x0, 0x0, 0xc0, 0x7, 0xf8, 0x0,

    /* U+5FC5 "必" */
    0x1, 0x0, 0x0, 0x0, 0x0, 0x3, 0x8, 0x0,
    0x61, 0x0, 0xc, 0x20, 0x0, 0x4, 0x1, 0x80,
    0x81, 0x30, 0x60, 0x26, 0xc, 0x4, 0xc1, 0xb0,
    0x98, 0xc1, 0x93, 0x18, 0x3c, 0x6c, 0x7, 0x8d,
    0x80, 0xf1, 0xb0, 0x18, 0x38, 0x13, 0x1e, 0x2,
    0x0, 0x0, 0x43, 0x87, 0xf8, 0x0,

    /* U+5FD7 "志" */
    0x0, 0xc0, 0x0, 0x30, 0x0, 0xc, 0x0, 0x3,
    0x0, 0xff, 0xff, 0xc0, 0x30, 0x0, 0xc, 0x0,
    0x3, 0x0, 0x0, 0xc0, 0xf, 0xff, 0xc0, 0x0,
    0x0, 0x0, 0x0, 0x26, 0xc1, 0x9, 0xb0, 0x42,
    0x63, 0xc, 0x98, 0xc3, 0xc6, 0x6, 0xc0, 0x1,
    0x80, 0x1f, 0xe0,

    /* U+5FEB "快" */
    0x18, 0x30, 0x6, 0xc, 0x1, 0x83, 0x0, 0x60,
    0xc0, 0xd9, 0xff, 0xb6, 0x7f, 0xed, 0xe3, 0x1b,
    0x60, 0xc6, 0xd8, 0x31, 0xb6, 0xc, 0x6d, 0x83,
    0x18, 0x7f, 0xff, 0x18, 0x30, 0x6, 0x12, 0x1,
    0x84, 0x80, 0x61, 0x20, 0x19, 0x86, 0x6, 0x0,
    0x1, 0xe0, 0x1c,

    /* U+6001 "态" */
    0x0, 0xc0, 0x0, 0x30, 0xf, 0xff, 0xfc, 0x4,
    0x80, 0x1, 0x20, 0x0, 0x0, 0x0, 0x61, 0x80,
    0x64, 0x18, 0x19, 0x6, 0x38, 0x30, 0x70, 0x0,
    0x0, 0x0, 0x0, 0x26, 0xc1, 0x9, 0xb0, 0x42,
    0x62, 0xc, 0x98, 0x83, 0xc6, 0x6, 0xc0, 0x1,
    0x80, 0x1f, 0xe0,

    /* U+601D "思" */
    0x3f, 0xff, 0x86, 0x18, 0x30, 0xc3, 0x6, 0x18,
    0x60, 0xc3, 0xff, 0xf8, 0x61, 0x83, 0xc, 0x30,
    0x61, 0x86, 0xc, 0x30, 0xc1, 0x87, 0xff, 0xf0,
    0x0, 0x0, 0x0, 0x0, 0x3, 0x6c, 0x18, 0x6d,
    0x83, 0xd, 0x8c, 0x19, 0xb1, 0x83, 0xc6, 0x6,
    0x60, 0x0, 0xc0, 0xf, 0xf8, 0x0,

    /* U+603B "总" */
    0x18, 0x2, 0x0, 0x0, 0x0, 0x18, 0x30, 0x3,
    0x6, 0x3, 0xff, 0xf8, 0x40, 0x3, 0x8, 0x0,
    0x61, 0x0, 0xc, 0x20, 0x1, 0x87, 0xff, 0xf0,
    0x0, 0x0, 0x0, 0x0, 0x2, 0x6c, 0x18, 0x4d,
    0x83, 0x9, 0x8c, 0x19, 0x31, 0x83, 0xc6, 0x2,
    0x60, 0x0, 0x40, 0x7, 0xf8, 0x0,

    /* U+6062 "恢" */
    0x18, 0x40, 0x3, 0x8, 0x0, 0x67, 0xff, 0xec,
    0x20, 0xd, 0x84, 0x1, 0xb0, 0x80, 0x37, 0x91,
    0x86, 0xc2, 0x33, 0xd8, 0x46, 0x7b, 0x9, 0xcf,
    0x61, 0x39, 0x8c, 0x3b, 0xc1, 0x84, 0x60, 0x30,
    0x8c, 0x6, 0x11, 0x80, 0xc0, 0x0, 0x19, 0x8d,
    0x83, 0x0, 0x0, 0x61, 0xc1, 0x80,

    /* U+60CA "惊" */
    0x18, 0xc, 0x3, 0x1, 0x80, 0x67, 0xff, 0xec,
    0x0, 0xd, 0x80, 0x1, 0xb0, 0x0, 0x37, 0xbf,
    0xe6, 0xc6, 0xc, 0xd8, 0xc1, 0x9b, 0x18, 0x33,
    0x63, 0x6, 0xc, 0x7f, 0xc1, 0x80, 0xc0, 0x30,
    0x18, 0x6, 0x33, 0x60, 0xc6, 0x6c, 0x19, 0x8c,
    0x63, 0x1, 0x80, 0x60, 0xf0, 0x0,

    /* U+60F3 "想" */
    0x18, 0x3f, 0xff, 0xcc, 0x3f, 0xf3, 0xf, 0xfc,
    0xc3, 0x18, 0x3f, 0xcf, 0xc, 0x33, 0xc3, 0xf,
    0x6c, 0xff, 0x18, 0x30, 0xc6, 0xf, 0xf1, 0x83,
    0xfc, 0x0, 0x0, 0x4, 0xc0, 0x1, 0x30, 0x2,
    0x43, 0x10, 0x90, 0xc4, 0x24, 0x6, 0xc0, 0x1,
    0xbc, 0x3f, 0xec,

    /* U+610F "意" */
    0x0, 0xc0, 0x0, 0x30, 0x3, 0xff, 0xf0, 0x18,
    0x20, 0x6, 0x8, 0x1, 0x82, 0xf, 0xff, 0xfc,
    0x60, 0x18, 0x18, 0x6, 0x7, 0xff, 0x81, 0x80,
    0x60, 0x60, 0x18, 0x1f, 0xfe, 0x7, 0xff, 0x80,
    0x6c, 0x10, 0x18, 0x0, 0x26, 0x36, 0xf0, 0x7f,
    0xbc, 0x1f, 0xec,

    /* U+61C2 "懂" */
    0x18, 0x40, 0x83, 0x8, 0x10, 0x67, 0xff, 0xec,
    0x20, 0x4d, 0x84, 0x9, 0xbc, 0x18, 0x37, 0x83,
    0x6, 0xcf, 0xff, 0xd8, 0x4c, 0x9b, 0x9, 0x93,
    0x61, 0x32, 0xc, 0x3f, 0xc1, 0x84, 0xc8, 0x30,
    0x99, 0x6, 0x7f, 0xf8, 0xc0, 0x60, 0x18, 0xc,
    0x3, 0x1, 0x80, 0x67, 0xff, 0x80,

    /* U+6210 "成" */
    0x0, 0x36, 0x0, 0x6, 0x0, 0x0, 0xc6, 0x0,
    0x18, 0xc3, 0xff, 0xfe, 0x60, 0x60, 0xc, 0xc,
    0x1, 0xfd, 0x8c, 0x3f, 0xb1, 0x86, 0x36, 0x30,
    0xc6, 0xc6, 0x18, 0xc7, 0x3, 0x18, 0x80, 0x63,
    0x10, 0xc, 0x62, 0x1, 0xbc, 0x43, 0x30, 0x36,
    0x60, 0x0, 0xf, 0x7, 0x87, 0x80,

    /* U+6211 "我" */
    0x7, 0x19, 0x0, 0x6, 0xf, 0x81, 0x8c, 0x60,
    0x60, 0x18, 0x18, 0x6, 0x6, 0xf, 0xff, 0xfc,
    0x60, 0x60, 0x18, 0x19, 0x6, 0x6, 0x41, 0xf1,
    0x90, 0x60, 0x0, 0xf8, 0x6, 0x3e, 0x1, 0x81,
    0x80, 0x6c, 0x60, 0x67, 0x18, 0x19, 0xce, 0x8,
    0x33, 0x82, 0xc,

    /* U+6237 "户" */
    0x0, 0x30, 0x0, 0x6, 0x0, 0x7f, 0xff, 0x8c,
    0x0, 0x31, 0x80, 0x6, 0x30, 0x0, 0xc6, 0x0,
    0x18, 0xff, 0xff, 0x18, 0x0, 0x3, 0x0, 0x0,
    0x60, 0x0, 0xc, 0x0, 0x1, 0x80, 0x0, 0x0,
    0x0, 0x8, 0x0, 0x1, 0x0, 0x0, 0x20, 0x0,
    0x0, 0x0, 0x3, 0x0, 0x0, 0x0,

    /* U+623F "房" */
    0x0, 0x30, 0x0, 0x6, 0x0, 0xff, 0xff, 0x90,
    0x0, 0x32, 0x0, 0x6, 0x40, 0x0, 0xcf, 0xff,
    0xf9, 0x1, 0x80, 0x20, 0x30, 0x7, 0xff, 0xfc,
    0x86, 0x0, 0x10, 0xc0, 0x2, 0x1f, 0xf8, 0x43,
    0x3, 0x8, 0x60, 0x61, 0x0, 0xc, 0x26, 0x1,
    0x80, 0x0, 0x3, 0x60, 0x38, 0x0,

    /* U+624B "手" */
    0x0, 0x3f, 0x0, 0x0, 0x3, 0xfc, 0x0, 0x3,
    0x0, 0x0, 0xc0, 0x0, 0x30, 0x0, 0xc, 0x0,
    0xff, 0xfc, 0x0, 0xc0, 0x0, 0x30, 0x0, 0xc,
    0x0, 0x3, 0x0, 0xff, 0xff, 0xc0, 0x30, 0x0,
    0xc, 0x0, 0x3, 0x0, 0x0, 0xc0, 0x0, 0x30,
    0x0, 0x7c, 0x0,

    /* U+624D "才" */
    0x0, 0x8, 0x0, 0x2, 0x0, 0x0, 0x80, 0x0,
    0x20, 0xff, 0xff, 0xc0, 0x2, 0x0, 0x0, 0x80,
    0x0, 0xe0, 0x0, 0xc8, 0x0, 0x32, 0x0, 0xc,
    0x80, 0x4, 0x20, 0x1e, 0x8, 0x7, 0x82, 0xe,
    0x0, 0x80, 0x0, 0x20, 0x0, 0x8, 0x0, 0x2,
    0x0, 0xf, 0x80,

    /* U+6253 "打" */
    0x18, 0xff, 0xc6, 0x1, 0x81, 0x80, 0x60, 0x60,
    0x18, 0xfe, 0x6, 0x6, 0x1, 0x81, 0x80, 0x60,
    0x60, 0x18, 0x18, 0x6, 0x7, 0x81, 0x81, 0xe0,
    0x63, 0xe0, 0x18, 0x18, 0x6, 0x6, 0x1, 0x81,
    0x80, 0x60, 0x60, 0x18, 0x18, 0x6, 0x6, 0x1,
    0x8f, 0x83, 0xe0,

    /* U+6267 "执" */
    0x18, 0x30, 0x3, 0x6, 0x0, 0x60, 0xc0, 0xc,
    0x18, 0xf, 0xef, 0xf8, 0x30, 0x63, 0x6, 0xc,
    0x60, 0xc1, 0x8c, 0x18, 0x31, 0x83, 0x1e, 0x30,
    0x63, 0xc6, 0xf, 0x1c, 0xcf, 0x83, 0x19, 0xf0,
    0x3, 0x6, 0x30, 0x60, 0xc6, 0x0, 0x18, 0xc0,
    0x67, 0x20, 0xc, 0xe4, 0x1, 0x80,

    /* U+6279 "批" */
    0x31, 0x83, 0x6, 0x30, 0x60, 0xc6, 0xc, 0x18,
    0xc1, 0x8f, 0xd8, 0x30, 0x63, 0x6, 0xcc, 0x60,
    0xd9, 0x8f, 0x9e, 0x3d, 0x83, 0x7, 0xb0, 0x60,
    0xf6, 0xc, 0x78, 0xc1, 0x83, 0x18, 0x30, 0x63,
    0x6, 0xc, 0x60, 0xc1, 0x8c, 0x1b, 0x31, 0xb3,
    0x66, 0x30, 0x6f, 0xc7, 0x8f, 0x80,

    /* U+627E "找" */
    0x30, 0x33, 0x6, 0x6, 0x10, 0xc0, 0xc2, 0x18,
    0x18, 0x4f, 0xc3, 0x0, 0x60, 0x7f, 0xcc, 0xf,
    0xf9, 0x9f, 0x80, 0x3c, 0x30, 0x87, 0x86, 0x10,
    0xf0, 0xc2, 0x78, 0x1, 0x83, 0x0, 0xc0, 0x60,
    0x18, 0xc, 0x3, 0x1, 0x80, 0x63, 0x30, 0xf3,
    0x66, 0x0, 0xf, 0xce, 0x3, 0x80,

    /* U+62A5 "报" */
    0x18, 0xff, 0xe3, 0x18, 0xc, 0x63, 0x1, 0xff,
    0x60, 0x3f, 0xec, 0x7, 0xfd, 0x80, 0xc6, 0x30,
    0xf8, 0xc6, 0x0, 0x18, 0xc0, 0x3, 0xdf, 0xff,
    0xe3, 0xc1, 0xfc, 0x78, 0x31, 0x8c, 0xd8, 0x31,
    0x84, 0x6, 0x30, 0x80, 0xc6, 0x10, 0x18, 0xcd,
    0x83, 0x18, 0x3, 0xe3, 0xc1, 0x80,

    /* U+62C5 "担" */
    0x30, 0xff, 0x86, 0x10, 0x10, 0xc2, 0x2, 0x18,
    0x40, 0x4f, 0xc8, 0x8, 0x61, 0x1, 0xc, 0x20,
    0x21, 0x87, 0xfc, 0x3c, 0x80, 0x87, 0x90, 0x10,
    0xf2, 0x2, 0x78, 0x40, 0x43, 0x8, 0x8, 0x61,
    0x1, 0xc, 0x3f, 0xe1, 0x80, 0x0, 0x30, 0x0,
    0x6, 0x0, 0x3, 0xcf, 0xff, 0x80,

    /* U+62C9 "拉" */
    0x30, 0x30, 0x6, 0x0, 0x0, 0xc0, 0x30, 0x18,
    0x6, 0xf, 0xdf, 0xfe, 0x60, 0x0, 0xc, 0x0,
    0x1, 0x82, 0x4, 0x3c, 0x40, 0x87, 0x88, 0x13,
    0xc0, 0xc2, 0x78, 0x18, 0x43, 0x3, 0x8, 0x60,
    0x61, 0xc, 0xc, 0x21, 0x80, 0x18, 0x30, 0x3,
    0x6, 0x0, 0x63, 0xc7, 0xff, 0x80,

    /* U+62D2 "拒" */
    0x31, 0xff, 0xe6, 0x30, 0x0, 0xc6, 0x0, 0x7e,
    0xc0, 0xf, 0xd8, 0x1, 0xfb, 0x0, 0xc, 0x7f,
    0xe1, 0x8c, 0xc, 0x31, 0x81, 0x87, 0xb0, 0x33,
    0xc6, 0x6, 0x78, 0xc0, 0xc3, 0x1f, 0xf8, 0x63,
    0x0, 0xc, 0x60, 0x1, 0x8c, 0x0, 0x31, 0x80,
    0x6, 0x30, 0x3, 0xc7, 0xff, 0x80,

    /* U+62E9 "择" */
    0x31, 0xff, 0xe6, 0x30, 0xc, 0xc6, 0x1, 0x98,
    0x0, 0xf, 0xcc, 0xc, 0x60, 0x7c, 0xc, 0xf,
    0x81, 0x8e, 0x7, 0x30, 0x0, 0x7, 0x81, 0x0,
    0xf0, 0x20, 0x78, 0x7f, 0xe3, 0x0, 0x80, 0x60,
    0x10, 0xc, 0x7f, 0xf9, 0x80, 0x40, 0x30, 0x8,
    0x6, 0x1, 0x3, 0xc0, 0x20, 0x0,

    /* U+6301 "持" */
    0x30, 0xc, 0x6, 0x1, 0x80, 0xc1, 0xfe, 0x18,
    0x3f, 0xcf, 0xc0, 0xc0, 0x60, 0x18, 0xc, 0x3,
    0x1, 0x8f, 0xff, 0x3c, 0x0, 0x87, 0x80, 0x10,
    0xf0, 0x2, 0x78, 0xff, 0xf3, 0x4, 0x8, 0x60,
    0x81, 0xc, 0xc, 0x21, 0x80, 0x4, 0x30, 0x0,
    0x86, 0x0, 0x13, 0xc0, 0x3e, 0x0,

    /* U+6307 "指" */
    0x31, 0x80, 0x66, 0x30, 0x70, 0xc6, 0xe, 0x18,
    0xc1, 0xcf, 0xdf, 0xc0, 0x63, 0x0, 0xcc, 0x0,
    0x19, 0x83, 0xff, 0x3c, 0x0, 0x7, 0x80, 0x0,
    0xf0, 0x0, 0x78, 0xff, 0xf3, 0x18, 0x6, 0x63,
    0x0, 0xcc, 0x7f, 0xf9, 0x8c, 0x3, 0x31, 0x80,
    0x66, 0x30, 0xf, 0xc7, 0xff, 0x80,

    /* U+6309 "按" */
    0x30, 0xc, 0x6, 0x1, 0x80, 0xc7, 0xff, 0x98,
    0xff, 0xff, 0xd8, 0x6, 0x60, 0x0, 0xc, 0x3,
    0x1, 0x80, 0x60, 0x30, 0xc, 0x7, 0xbf, 0xff,
    0xc0, 0xc2, 0x78, 0x18, 0x43, 0x4, 0x8, 0x60,
    0x66, 0xc, 0xc, 0xc1, 0x81, 0x98, 0x30, 0xf,
    0x6, 0x0, 0x3, 0xc7, 0xc3, 0x80,

    /* U+635F "损" */
    0x30, 0x7f, 0x86, 0x8, 0x10, 0xc1, 0x2, 0x18,
    0x20, 0x4f, 0xc7, 0xf8, 0x60, 0x0, 0xc, 0x0,
    0x1, 0x8f, 0xff, 0x3d, 0x80, 0x67, 0xb0, 0xc,
    0xf6, 0x1, 0xf8, 0xc6, 0x3f, 0x18, 0xc6, 0x63,
    0x18, 0xcc, 0xc, 0xc1, 0x81, 0x98, 0x30, 0x40,
    0x86, 0x0, 0x3, 0xc6, 0x1, 0x80,

    /* U+6362 "换" */
    0x30, 0x18, 0x6, 0x3, 0x0, 0xc0, 0x7c, 0x7e,
    0x31, 0x8f, 0xc6, 0x31, 0xf8, 0xc6, 0xc, 0x3f,
    0xe1, 0x84, 0x64, 0x30, 0x8c, 0x87, 0x91, 0x90,
    0xf2, 0x32, 0x78, 0x46, 0x43, 0x3f, 0xfe, 0x67,
    0xff, 0xcc, 0x6, 0xc1, 0x80, 0xd8, 0x30, 0x60,
    0x86, 0x0, 0x3, 0xce, 0x1, 0x80,

    /* U+636E "据" */
    0x31, 0xff, 0xe6, 0x30, 0xc, 0xc6, 0x1, 0xfe,
    0xc0, 0x3f, 0xd8, 0x7, 0xfb, 0x0, 0xcc, 0x7f,
    0xf9, 0x8c, 0x18, 0x31, 0x83, 0x7, 0xbf, 0xff,
    0xc6, 0xc, 0x78, 0xc1, 0x83, 0x1b, 0xfe, 0x63,
    0x60, 0xcc, 0x6c, 0x19, 0x8d, 0x83, 0x30, 0x30,
    0x66, 0x6, 0xf, 0xd8, 0xff, 0x80,

    /* U+638C "掌" */
    0x18, 0xc6, 0x3, 0x18, 0xc3, 0xff, 0xff, 0xe0,
    0x0, 0x3c, 0x0, 0x6, 0x0, 0x0, 0x7, 0xff,
    0x80, 0xc0, 0x30, 0x18, 0x6, 0x7, 0xff, 0xf0,
    0x3, 0x0, 0x0, 0x60, 0x3, 0xff, 0xf8, 0x1,
    0x80, 0x0, 0x30, 0x0, 0x6, 0x0, 0xff, 0xff,
    0xe0, 0x18, 0x0, 0x3, 0x0, 0x0,

    /* U+63A5 "接" */
    0x30, 0xc, 0x6, 0x1, 0x80, 0xc7, 0xff, 0x98,
    0xff, 0xff, 0xc4, 0x8, 0x60, 0x66, 0xc, 0xc,
    0xc1, 0x8f, 0xff, 0x3c, 0xc, 0x7, 0x81, 0x80,
    0xf0, 0x30, 0x78, 0xff, 0xf3, 0x3, 0x8, 0x60,
    0x61, 0xc, 0x10, 0xc1, 0x82, 0x18, 0x30, 0x3f,
    0x6, 0x0, 0x3, 0xc7, 0x3, 0x80,

    /* U+63A7 "控" */
    0x30, 0xc, 0x6, 0x1, 0x80, 0xc7, 0xff, 0x98,
    0xff, 0xff, 0xd8, 0x6, 0x60, 0x66, 0xc, 0xc,
    0xc1, 0x82, 0x4, 0x3d, 0x80, 0x67, 0xb0, 0xc,
    0xf6, 0x1, 0xf8, 0x3f, 0xc3, 0x0, 0xc0, 0x60,
    0x18, 0xc, 0x3, 0x1, 0x80, 0x60, 0x30, 0xc,
    0x6, 0x1, 0x83, 0xc7, 0xff, 0x80,

    /* U+63D0 "提" */
    0x30, 0xff, 0x86, 0x10, 0x10, 0xc2, 0x2, 0x18,
    0x40, 0x4f, 0xcf, 0xf8, 0x61, 0x1, 0xc, 0x20,
    0x21, 0x87, 0xfc, 0x3c, 0x0, 0x7, 0x80, 0x0,
    0xf0, 0x0, 0x79, 0xff, 0xf3, 0x6, 0xc0, 0x60,
    0xd8, 0xc, 0x1b, 0xf9, 0x83, 0x7f, 0x30, 0x9c,
    0x6, 0x0, 0x3, 0xcc, 0xf, 0x80,

    /* U+63E1 "握" */
    0x31, 0xff, 0xe6, 0x30, 0xc, 0xc6, 0x1, 0x98,
    0xc0, 0x3f, 0xdf, 0xfe, 0x63, 0x0, 0xc, 0x60,
    0x1, 0x8f, 0xff, 0x3d, 0x90, 0x87, 0xb2, 0x10,
    0xf6, 0x42, 0x78, 0xff, 0xb3, 0x18, 0x30, 0x63,
    0x6, 0xc, 0x67, 0xf9, 0x8c, 0x18, 0x30, 0x3,
    0x6, 0x0, 0x63, 0xd9, 0xff, 0x80,

    /* U+64AD "播" */
    0x30, 0x3, 0xe6, 0x1f, 0x80, 0xc3, 0xf0, 0x18,
    0x7e, 0xf, 0xc6, 0xc9, 0xf8, 0xd9, 0xc, 0xff,
    0xf9, 0x83, 0x64, 0x30, 0x6c, 0x87, 0x91, 0x8c,
    0xf2, 0x31, 0xf9, 0xff, 0xf3, 0x8, 0xc6, 0x61,
    0x18, 0xcc, 0x3f, 0xf9, 0x84, 0x63, 0x30, 0x8c,
    0x66, 0x11, 0x8f, 0xc3, 0xff, 0x80,

    /* U+64CD "操" */
    0x30, 0x7f, 0x86, 0x8, 0x30, 0xc1, 0x6, 0x18,
    0x20, 0xcf, 0xc7, 0xf8, 0x60, 0xef, 0xc, 0x6d,
    0x99, 0x8d, 0xb3, 0x31, 0xb6, 0x67, 0xbe, 0xfc,
    0xc0, 0x0, 0x78, 0x4, 0x3, 0x1f, 0xfe, 0x60,
    0x7c, 0xc, 0xf, 0x81, 0x80, 0x40, 0x30, 0x49,
    0x86, 0x1, 0x3, 0xc6, 0x21, 0x80,

    /* U+652F "支" */
    0x0, 0xc0, 0x0, 0x30, 0x0, 0xc, 0x0, 0x3,
    0x0, 0xff, 0xff, 0xc0, 0x30, 0x0, 0xc, 0x0,
    0x3, 0x0, 0x0, 0xc0, 0xf, 0xff, 0xc1, 0x80,
    0x60, 0x60, 0x18, 0x6, 0x18, 0x0, 0x78, 0x0,
    0x1e, 0x0, 0x7, 0x80, 0x1e, 0x1e, 0x0, 0x0,
    0xe, 0x0, 0x1c,

    /* U+6536 "收" */
    0x6, 0x30, 0x0, 0xc6, 0x3, 0x18, 0xc0, 0x63,
    0x18, 0xc, 0x63, 0xff, 0x8d, 0x83, 0x31, 0xb0,
    0x66, 0x3d, 0x8c, 0xc7, 0xb1, 0x98, 0xc6, 0x33,
    0x18, 0xc8, 0x6f, 0x19, 0xd, 0xe3, 0x21, 0xec,
    0x18, 0x3d, 0x83, 0x7, 0xb0, 0x60, 0x6, 0x32,
    0x0, 0xc0, 0x0, 0x1b, 0x7, 0x80,

    /* U+6539 "改" */
    0x0, 0x30, 0x0, 0x6, 0x3, 0xf8, 0xc0, 0x7f,
    0x18, 0x0, 0x63, 0xfe, 0xd, 0x83, 0x1, 0xb0,
    0x60, 0x39, 0x8c, 0xff, 0x31, 0x9f, 0xc6, 0x33,
    0x0, 0xc8, 0x60, 0x19, 0xc, 0x3, 0x21, 0x8c,
    0x18, 0x31, 0x83, 0x6, 0x30, 0x60, 0xd8, 0x32,
    0x18, 0x0, 0x3, 0xc7, 0x7, 0x80,

    /* U+653E "放" */
    0x20, 0x30, 0x0, 0xc, 0x1, 0x83, 0x0, 0x60,
    0xc0, 0xff, 0x3f, 0xc8, 0x30, 0x62, 0xc, 0x18,
    0x80, 0xc6, 0x3f, 0x31, 0x8f, 0xcc, 0x62, 0x33,
    0x60, 0x8c, 0xd8, 0x23, 0x36, 0x8, 0xc2, 0x2,
    0x30, 0x80, 0x8c, 0x20, 0x23, 0x36, 0x0, 0xc0,
    0xc, 0x7c, 0x1c,

    /* U+6545 "故" */
    0x18, 0x30, 0x6, 0xc, 0x1, 0x83, 0x0, 0x60,
    0xc0, 0xff, 0xbf, 0xc6, 0x10, 0x61, 0x84, 0x18,
    0x60, 0xc6, 0x18, 0x31, 0x86, 0xc, 0x6f, 0xfb,
    0x63, 0xfe, 0xd8, 0xc1, 0xb6, 0x30, 0x62, 0xc,
    0x18, 0x83, 0x6, 0x20, 0xc1, 0xb6, 0x30, 0x60,
    0xf, 0xfc, 0x1c,

    /* U+6548 "效" */
    0x6, 0x18, 0x0, 0xc3, 0x3, 0xff, 0x60, 0x7f,
    0xec, 0x0, 0x1, 0xfe, 0x42, 0x43, 0x8, 0x48,
    0x66, 0x6, 0xcc, 0xe1, 0xd9, 0x84, 0x23, 0x30,
    0x84, 0x66, 0x1c, 0x8c, 0xc1, 0x91, 0x98, 0xc,
    0xc, 0x1, 0x81, 0x80, 0x30, 0x30, 0x19, 0x19,
    0x80, 0x0, 0x3, 0x83, 0x81, 0x80,

    /* U+6562 "敢" */
    0x7f, 0x8, 0x0, 0xc2, 0x0, 0x30, 0x80, 0xc,
    0x20, 0xff, 0xcf, 0xd8, 0xcc, 0x46, 0x33, 0x11,
    0xfc, 0x24, 0x7f, 0x9, 0x18, 0xc2, 0x47, 0xf0,
    0x91, 0xfc, 0x24, 0x63, 0x9, 0x1f, 0xf1, 0x87,
    0xfc, 0x61, 0xff, 0x18, 0xe3, 0x9, 0x0, 0xc0,
    0x0, 0x33, 0xc,

    /* U+6563 "散" */
    0x24, 0x8, 0x9, 0x2, 0xf, 0xf0, 0x83, 0xfc,
    0x20, 0x24, 0xf, 0xff, 0xcc, 0x4f, 0xf3, 0x10,
    0x3, 0x24, 0xff, 0xc9, 0x3f, 0xc2, 0x4c, 0x30,
    0x93, 0xfc, 0x24, 0xff, 0x9, 0x30, 0xc1, 0x8c,
    0x30, 0x63, 0xc, 0x18, 0xff, 0x9, 0x30, 0xc0,
    0xc, 0x33, 0xc,

    /* U+6570 "数" */
    0xc6, 0xd8, 0x4, 0xe3, 0x0, 0x9c, 0x60, 0x7f,
    0xef, 0xff, 0xfd, 0xfe, 0x3c, 0x43, 0x7, 0x88,
    0x61, 0x38, 0xcc, 0xe7, 0xd9, 0x98, 0xdb, 0x30,
    0x0, 0x66, 0xc, 0xc, 0xcf, 0xfd, 0x98, 0x31,
    0x8c, 0x6, 0x31, 0x80, 0xc6, 0x30, 0x1f, 0x19,
    0x80, 0x0, 0x3, 0x83, 0x81, 0x80,

    /* U+6574 "整" */
    0x6, 0x18, 0x1, 0x86, 0xf, 0xff, 0xfc, 0x9b,
    0x64, 0x26, 0xd9, 0x9, 0xb6, 0x41, 0xf0, 0x60,
    0x7c, 0x18, 0x1f, 0x6, 0x9, 0xb6, 0x42, 0x6d,
    0x93, 0xff, 0xff, 0x0, 0xc0, 0x0, 0x30, 0x1,
    0x8f, 0xf0, 0x63, 0x0, 0x18, 0xc0, 0x6, 0x30,
    0xf, 0xff, 0xfc,

    /* U+6587 "文" */
    0x1, 0x0, 0x0, 0x0, 0x0, 0xc, 0x0, 0x3,
    0x0, 0xff, 0xff, 0xc6, 0x1, 0x81, 0x80, 0x60,
    0x60, 0x18, 0x6, 0x18, 0x1, 0x86, 0x0, 0x61,
    0x80, 0x18, 0x60, 0x1, 0x20, 0x0, 0x30, 0x0,
    0xc, 0x0, 0x3, 0x0, 0x7, 0x38, 0x0, 0x0,
    0xf, 0x80, 0x7c,

    /* U+6599 "料" */
    0x18, 0x1, 0x83, 0x0, 0x33, 0x78, 0xc6, 0x6f,
    0x18, 0xc3, 0x80, 0xd8, 0x30, 0x3, 0x6, 0x0,
    0x67, 0xf3, 0xc, 0xfe, 0x61, 0x83, 0x6, 0x30,
    0xe0, 0x7, 0x9c, 0x0, 0xf3, 0xe0, 0xf8, 0x7c,
    0x1f, 0x36, 0x1c, 0x60, 0xc0, 0xc, 0x18, 0x1,
    0x83, 0x0, 0x30, 0x60, 0x6, 0x0,

    /* U+65AD "断" */
    0xc4, 0x1, 0xfe, 0x9f, 0xc3, 0xd3, 0xf8, 0x7a,
    0x7f, 0xd, 0xf3, 0x1, 0x88, 0x60, 0x31, 0xc,
    0x7, 0xff, 0xff, 0xc4, 0x31, 0x98, 0x86, 0x33,
    0x7c, 0xc6, 0x6f, 0x98, 0xcf, 0x4f, 0x19, 0x88,
    0x63, 0x31, 0xc, 0x66, 0x1, 0x8c, 0xc0, 0x31,
    0x98, 0x0, 0x33, 0xff, 0x6, 0x0,

    /* U+65B0 "新" */
    0x6, 0x1, 0xe0, 0xc0, 0x3, 0xff, 0x78, 0x10,
    0x6c, 0x2, 0xd, 0x80, 0x32, 0x30, 0x6, 0x46,
    0x7, 0xfe, 0xff, 0x6, 0x19, 0x80, 0xc3, 0x30,
    0x18, 0x66, 0x7f, 0xec, 0xc0, 0x61, 0x98, 0xc,
    0x33, 0x9, 0xb6, 0x60, 0x30, 0xc, 0xc6, 0x21,
    0x9b, 0xc4, 0x30, 0x78, 0x86, 0x0,

    /* U+65B9 "方" */
    0x1, 0x0, 0x0, 0x0, 0x0, 0xc, 0x0, 0x3,
    0x0, 0xff, 0xff, 0xc0, 0x40, 0x0, 0x10, 0x0,
    0x4, 0x0, 0x1, 0x0, 0x0, 0x7f, 0xc0, 0x10,
    0x10, 0x4, 0x4, 0x6, 0x1, 0x1, 0x80, 0x40,
    0x60, 0x10, 0x18, 0x4, 0x18, 0x1, 0x0, 0x0,
    0xe, 0x1, 0xe0,

    /* U+65E0 "无" */
    0x3f, 0xff, 0x0, 0x30, 0x0, 0xc, 0x0, 0x3,
    0x0, 0x0, 0xc0, 0x0, 0x30, 0x0, 0xc, 0x3,
    0xff, 0xff, 0x1, 0x20, 0x0, 0x48, 0x0, 0x12,
    0x0, 0x18, 0x80, 0x6, 0x20, 0x1, 0x88, 0x0,
    0x62, 0x0, 0x18, 0x83, 0x18, 0x20, 0xc0, 0x8,
    0x3e, 0x3, 0xfc,

    /* U+65E5 "日" */
    0xff, 0xff, 0x80, 0xf, 0x0, 0x1e, 0x0, 0x3c,
    0x0, 0x78, 0x0, 0xf0, 0x1, 0xe0, 0x3, 0xc0,
    0x7, 0xff, 0xff, 0x0, 0x1e, 0x0, 0x3c, 0x0,
    0x78, 0x0, 0xf0, 0x1, 0xe0, 0x3, 0xc0, 0x7,
    0x80, 0xf, 0xff, 0xf8,

    /* U+65E9 "早" */
    0x3f, 0xff, 0x8, 0x0, 0x42, 0x0, 0x10, 0x80,
    0x4, 0x3f, 0xff, 0x8, 0x0, 0x42, 0x0, 0x10,
    0xff, 0xfc, 0x0, 0xc0, 0x0, 0x30, 0x0, 0xc,
    0x0, 0x3, 0x0, 0xff, 0xff, 0xc0, 0x30, 0x0,
    0xc, 0x0, 0x3, 0x0, 0x0, 0xc0, 0x0, 0x30,
    0x0, 0xc, 0x0,

    /* U+65F6 "时" */
    0x0, 0x1, 0x0, 0x0, 0x4f, 0xe0, 0x13, 0xf8,
    0x4, 0xc6, 0xff, 0xf1, 0x80, 0x4c, 0x60, 0x13,
    0x18, 0x4, 0xc6, 0x1, 0x3f, 0xb0, 0x4f, 0xec,
    0x13, 0x18, 0xc4, 0xc6, 0x31, 0x31, 0x8c, 0x4c,
    0x60, 0x13, 0x18, 0x4, 0xfe, 0x1, 0x0, 0x0,
    0x40, 0x0, 0xf0,

    /* U+660E "明" */
    0xfe, 0xff, 0xf8, 0xd8, 0xf, 0x1b, 0x1, 0xe3,
    0x60, 0x3c, 0x6c, 0x7, 0x8d, 0xff, 0xf1, 0xbf,
    0xff, 0xf6, 0x3, 0xc6, 0xc0, 0x78, 0xd8, 0xf,
    0x1b, 0x1, 0xe3, 0x7f, 0xfc, 0x6c, 0x7, 0x8d,
    0x80, 0xff, 0xb0, 0x1f, 0xf6, 0x3, 0x1, 0x0,
    0x60, 0x0, 0xc, 0x18, 0xf, 0x80,

    /* U+6613 "易" */
    0x3f, 0xff, 0x84, 0x0, 0x30, 0x80, 0x6, 0x10,
    0x0, 0xc3, 0xff, 0xf8, 0x40, 0x3, 0x8, 0x0,
    0x61, 0xff, 0xfc, 0x18, 0x0, 0x3, 0x0, 0x0,
    0x7f, 0xff, 0x8f, 0xff, 0xf2, 0x18, 0xc7, 0x83,
    0x18, 0xf0, 0x63, 0x1e, 0xc, 0x63, 0x6, 0x30,
    0x60, 0x0, 0x0, 0x61, 0xe, 0x0,

    /* U+6625 "春" */
    0x0, 0xc0, 0x0, 0x30, 0x3, 0xff, 0xf0, 0x4,
    0x0, 0x1, 0x0, 0x0, 0x40, 0x3, 0xff, 0xf0,
    0x18, 0x0, 0x6, 0x0, 0x3f, 0xff, 0xf1, 0x80,
    0x60, 0x60, 0x18, 0x38, 0x7, 0xe, 0x1, 0xcd,
    0xff, 0xec, 0x60, 0x18, 0x18, 0x6, 0x6, 0x1,
    0x81, 0xff, 0xe0,

    /* U+662F "是" */
    0x3f, 0xff, 0x8, 0x0, 0x42, 0x0, 0x10, 0x80,
    0x4, 0x3f, 0xff, 0x8, 0x0, 0x42, 0x0, 0x10,
    0xff, 0xfc, 0x0, 0x0, 0x0, 0x0, 0x0, 0x0,
    0x3, 0xff, 0xff, 0x18, 0xc0, 0x6, 0x30, 0x1,
    0x8f, 0xf0, 0x63, 0xfc, 0x27, 0xc0, 0x0, 0x0,
    0xc, 0x3, 0xfc,

    /* U+663E "显" */
    0x3f, 0xff, 0x88, 0x0, 0x62, 0x0, 0x18, 0x80,
    0x6, 0x3f, 0xff, 0x88, 0x0, 0x62, 0x0, 0x18,
    0xff, 0xfe, 0x6, 0x8, 0x1, 0x82, 0x0, 0x60,
    0x83, 0x18, 0x23, 0x26, 0x9, 0x89, 0x82, 0x61,
    0xe0, 0xe0, 0x18, 0x20, 0x6, 0x8, 0x1, 0x82,
    0xf, 0xff, 0xfc,

    /* U+665A "晚" */
    0x0, 0xc0, 0x0, 0x18, 0x3, 0xe3, 0xfc, 0x6c,
    0x1, 0x8d, 0xb0, 0x31, 0xb6, 0x6, 0x37, 0xff,
    0xfe, 0xd8, 0x63, 0xdb, 0xc, 0x7f, 0x61, 0x8f,
    0xec, 0x31, 0xed, 0xff, 0xfd, 0x83, 0x31, 0xb0,
    0x66, 0x36, 0xc, 0xc6, 0xc0, 0x1b, 0xf8, 0xc3,
    0x60, 0x0, 0x6c, 0x1c, 0xf, 0x80,

    /* U+6668 "晨" */
    0x1f, 0xff, 0x86, 0x0, 0x61, 0x80, 0x18, 0x60,
    0x6, 0x1f, 0xff, 0x86, 0x0, 0x61, 0x80, 0x18,
    0xff, 0xff, 0x3f, 0xff, 0xc8, 0x0, 0x3, 0xff,
    0xfc, 0xff, 0xff, 0x26, 0x30, 0x9, 0x8c, 0x2,
    0x60, 0xd8, 0x9b, 0x8, 0x26, 0xc2, 0x1, 0x80,
    0xc, 0x70, 0x1c,

    /* U+666F "景" */
    0x3f, 0xff, 0x8, 0x0, 0x42, 0x0, 0x10, 0x80,
    0x4, 0x3f, 0xff, 0x8, 0x0, 0x42, 0x0, 0x10,
    0xff, 0xfc, 0x0, 0xc0, 0x0, 0x30, 0x0, 0xc,
    0x3, 0xff, 0xff, 0x20, 0x1, 0x8, 0x0, 0x43,
    0xff, 0xf0, 0x63, 0x18, 0x18, 0xc6, 0x0, 0x30,
    0xe, 0x1c, 0x1c,

    /* U+6674 "晴" */
    0x0, 0xc, 0x0, 0x1, 0x83, 0xe7, 0xfe, 0x6c,
    0x6, 0xd, 0x80, 0xc1, 0xb0, 0x18, 0x36, 0x7f,
    0xe6, 0xc0, 0x60, 0xd8, 0xc, 0x1f, 0xff, 0xff,
    0x66, 0x6, 0x6c, 0xc0, 0xcd, 0x9f, 0xf9, 0xb3,
    0x3, 0x36, 0x60, 0x66, 0xcc, 0xc, 0xf9, 0xff,
    0x80, 0x30, 0x30, 0x6, 0x6, 0x0,

    /* U+667A "智" */
    0x60, 0x0, 0xc, 0x0, 0x1, 0xff, 0x7f, 0xbf,
    0xef, 0xfc, 0x61, 0x86, 0xff, 0xb0, 0xdf, 0xf6,
    0x18, 0xc8, 0xff, 0xe0, 0xc0, 0x1c, 0x18, 0x3,
    0x83, 0x0, 0x3f, 0xff, 0xc6, 0x0, 0x18, 0xc0,
    0x3, 0x1f, 0xff, 0xe3, 0x0, 0xc, 0x60, 0x1,
    0x8c, 0x0, 0x31, 0xff, 0xfe, 0x0,

    /* U+6682 "暂" */
    0x18, 0x1, 0xc6, 0x0, 0xf, 0xf3, 0xe0, 0x80,
    0xc0, 0x20, 0x30, 0x36, 0xf, 0xfd, 0x83, 0xff,
    0xfc, 0xc6, 0x18, 0x1, 0x86, 0x30, 0x61, 0x8c,
    0x18, 0xff, 0xfe, 0x20, 0x1, 0x88, 0x0, 0x63,
    0xff, 0xf8, 0x80, 0x6, 0x20, 0x1, 0x88, 0x0,
    0x63, 0xff, 0xf8,

    /* U+6696 "暖" */
    0x0, 0x3, 0xe0, 0x0, 0xf, 0xe7, 0xf1, 0xec,
    0x26, 0xd, 0x84, 0xc9, 0xb0, 0x99, 0x36, 0x7f,
    0xfe, 0xc1, 0x80, 0xd8, 0x30, 0x1f, 0x3f, 0xff,
    0x61, 0x0, 0x6c, 0x20, 0xd, 0x87, 0xf9, 0xb3,
    0x61, 0x36, 0x6c, 0x26, 0xcd, 0x84, 0xfe, 0xf,
    0x0, 0x0, 0x0, 0x7, 0xc3, 0x80,

    /* U+66F4 "更" */
    0xff, 0xff, 0xc0, 0x30, 0x0, 0xc, 0x0, 0x3,
    0x0, 0x3f, 0xff, 0x8, 0x30, 0x42, 0xc, 0x10,
    0xff, 0xfc, 0x20, 0xc1, 0x8, 0x30, 0x42, 0xc,
    0x10, 0xff, 0xfc, 0x20, 0xc0, 0x6, 0x30, 0x1,
    0x8c, 0x0, 0x63, 0x0, 0x7, 0x0, 0x0, 0x0,
    0xf, 0x8f, 0xfc,

    /* U+6708 "月" */
    0x1f, 0xff, 0x8c, 0x0, 0xc6, 0x0, 0x63, 0x0,
    0x31, 0x80, 0x18, 0xc0, 0xc, 0x7f, 0xfe, 0x30,
    0x3, 0x18, 0x1, 0x8c, 0x0, 0xc6, 0x0, 0x63,
    0xff, 0xf1, 0x80, 0x18, 0x0, 0xc, 0x80, 0x6,
    0x40, 0x3, 0x20, 0x1, 0x80, 0x0, 0xf0, 0x3,
    0xe0,

    /* U+6709 "有" */
    0x1, 0x0, 0x0, 0x40, 0xf, 0xff, 0xfc, 0x18,
    0x0, 0x6, 0x0, 0x0, 0x0, 0x1, 0x80, 0x0,
    0x7f, 0xfc, 0x38, 0x1, 0xe, 0x0, 0x43, 0x80,
    0x13, 0x7f, 0xfc, 0x18, 0x1, 0x6, 0x0, 0x41,
    0xff, 0xf0, 0x60, 0x4, 0x18, 0x1, 0x6, 0x0,
    0x41, 0x80, 0xf0,

    /* U+670B "朋" */
    0x3f, 0x8f, 0xe6, 0x31, 0x8c, 0xc6, 0x31, 0x98,
    0xc6, 0x33, 0x18, 0xc6, 0x63, 0x18, 0xcf, 0xe3,
    0xf9, 0x8c, 0x63, 0x31, 0x8c, 0x66, 0x31, 0x8c,
    0xc6, 0x31, 0x9f, 0xc7, 0xf3, 0x18, 0xc6, 0x63,
    0x18, 0xcc, 0x63, 0x19, 0x8c, 0x63, 0x1, 0x80,
    0x60, 0x30, 0xf, 0x1e, 0xc7, 0x80,

    /* U+6717 "朗" */
    0x18, 0x3f, 0xe3, 0x6, 0xf, 0xfe, 0xc1, 0xe0,
    0xd8, 0x3c, 0x1b, 0x7, 0x83, 0x60, 0xff, 0xef,
    0xfe, 0xd, 0x83, 0xc1, 0xb0, 0x7f, 0xf6, 0xf,
    0xfe, 0xc1, 0xe0, 0x1f, 0xfc, 0x63, 0x7, 0x8c,
    0x60, 0xf1, 0x8c, 0x1e, 0x31, 0x83, 0xd9, 0xb0,
    0x78, 0x0, 0xf, 0xc1, 0x7, 0x80,

    /* U+671F "期" */
    0x21, 0x1f, 0xc8, 0x46, 0x3f, 0xfd, 0x8c, 0x84,
    0x63, 0x21, 0x18, 0xc8, 0x46, 0x33, 0xf1, 0xfc,
    0x84, 0x63, 0x21, 0x18, 0xcf, 0xc6, 0x32, 0x11,
    0xfc, 0x84, 0x7f, 0xff, 0xd8, 0xc0, 0x6, 0x30,
    0x0, 0xc, 0x0, 0x3, 0x21, 0x20, 0xc0, 0x0,
    0x3c, 0xc, 0x3c,

    /* U+672A "未" */
    0x0, 0xc0, 0x0, 0x30, 0x0, 0xc, 0x0, 0x3,
    0x0, 0x3f, 0xff, 0x0, 0x30, 0x0, 0xc, 0x0,
    0x3, 0x0, 0x0, 0xc0, 0x3f, 0xff, 0xf0, 0x6d,
    0x80, 0x1b, 0x60, 0x6, 0xd8, 0x6, 0x31, 0x81,
    0x8c, 0x60, 0x63, 0x18, 0xe0, 0xc1, 0xc0, 0x30,
    0x0, 0xc, 0x0,

    /* U+672C "本" */
    0x0, 0xc0, 0x0, 0x30, 0x0, 0xc, 0x0, 0x3,
    0x0, 0xff, 0xff, 0xc1, 0xb6, 0x0, 0x6d, 0x80,
    0x1b, 0x60, 0x6, 0xd8, 0x1, 0xb6, 0x0, 0xc,
    0x0, 0x63, 0x18, 0x18, 0xc6, 0x6, 0x31, 0x82,
    0x7f, 0x90, 0x9f, 0xe4, 0xc0, 0xc0, 0xc0, 0x30,
    0x0, 0xc, 0x0,

    /* U+673A "机" */
    0x18, 0xfe, 0x3, 0x18, 0xc0, 0x63, 0x18, 0xc,
    0x63, 0xf, 0xec, 0x60, 0x31, 0x8c, 0x6, 0x31,
    0x80, 0xc6, 0x30, 0x38, 0xc6, 0x7, 0x18, 0xc0,
    0xfb, 0x18, 0x1f, 0x63, 0xd, 0x8c, 0x60, 0x31,
    0x8c, 0x6, 0x31, 0x80, 0xc6, 0x33, 0x18, 0x6,
    0x63, 0x0, 0xcc, 0x64, 0x1f, 0x80,

    /* U+6742 "杂" */
    0x6, 0x0, 0x1, 0x80, 0xf, 0xff, 0x80, 0x18,
    0x60, 0x6, 0x18, 0x6, 0x6, 0x31, 0x81, 0x8f,
    0x80, 0x7f, 0x0, 0x0, 0x0, 0x0, 0x0, 0xc,
    0x3, 0xff, 0xff, 0x0, 0xc0, 0x0, 0x30, 0x1,
    0x8c, 0x60, 0x63, 0x18, 0xe0, 0xc1, 0xc0, 0x30,
    0x0, 0x3c, 0x0,

    /* U+6743 "权" */
    0x1b, 0xff, 0xe3, 0x60, 0xc, 0x6c, 0x1, 0x8d,
    0x80, 0x3f, 0xf0, 0x6, 0x36, 0x0, 0xc6, 0x30,
    0x60, 0xc6, 0xc, 0x78, 0xc1, 0x8f, 0x18, 0x31,
    0xfb, 0x6, 0x3f, 0x60, 0xcd, 0x83, 0x20, 0x30,
    0x18, 0x6, 0x3, 0x0, 0xc0, 0x60, 0x18, 0x32,
    0x3, 0x0, 0x0, 0x6f, 0x7, 0x80,

    /* U+675F "束" */
    0x0, 0xc0, 0x0, 0x30, 0xf, 0xff, 0xfc, 0x3,
    0x0, 0x0, 0xc0, 0x0, 0x30, 0x3, 0xff, 0xf0,
    0x83, 0x4, 0x20, 0xc1, 0x8, 0x30, 0x42, 0xc,
    0x10, 0xff, 0xfc, 0x6, 0xd8, 0x1, 0xb6, 0x1,
    0x8c, 0x60, 0x63, 0x18, 0xe0, 0xc1, 0xc0, 0x30,
    0x0, 0xc, 0x0,

    /* U+6765 "来" */
    0x0, 0xc0, 0x0, 0x30, 0x3, 0xff, 0xf0, 0x3,
    0x0, 0x0, 0xc0, 0x0, 0x30, 0x1, 0x8c, 0x60,
    0x1b, 0x20, 0x6, 0xc8, 0x3f, 0xff, 0xf0, 0x1f,
    0x0, 0x7, 0xc0, 0x6, 0xc8, 0x6, 0x31, 0x81,
    0x8c, 0x60, 0x63, 0x18, 0xe0, 0xc1, 0xc0, 0x30,
    0x0, 0xc, 0x0,

    /* U+6781 "极" */
    0x19, 0xff, 0x83, 0x18, 0x30, 0x63, 0x6, 0xc,
    0x60, 0xcf, 0xec, 0x18, 0x31, 0x84, 0x6, 0x30,
    0x80, 0xc6, 0x1f, 0x38, 0xc0, 0x67, 0x18, 0xc,
    0xfb, 0xc1, 0x9f, 0x78, 0x3d, 0x8c, 0xd8, 0x31,
    0x84, 0x6, 0x30, 0x80, 0xc6, 0x10, 0x18, 0xcd,
    0x83, 0x0, 0x0, 0x64, 0xc1, 0x80,

    /* U+679C "果" */
    0x3f, 0xff, 0x8, 0x30, 0x42, 0xc, 0x10, 0x83,
    0x4, 0x3f, 0xff, 0x8, 0x30, 0x42, 0xc, 0x10,
    0xff, 0xfc, 0x0, 0xc0, 0x0, 0x30, 0x0, 0xc,
    0x3, 0xff, 0xff, 0x6, 0xd8, 0x1, 0xb6, 0x1,
    0x8c, 0x60, 0x63, 0x18, 0xe0, 0xc1, 0xc0, 0x30,
    0x0, 0xc, 0x0,

    /* U+67D4 "柔" */
    0x1f, 0xfe, 0x0, 0x2, 0x0, 0x0, 0x80, 0x0,
    0x20, 0xff, 0xff, 0xc1, 0xb0, 0x40, 0x6c, 0x10,
    0x63, 0x18, 0x18, 0xc6, 0x38, 0x70, 0x0, 0xc,
    0x0, 0x3, 0x0, 0xff, 0xff, 0xc1, 0xb2, 0x0,
    0x6c, 0x80, 0x3, 0x0, 0x18, 0xc6, 0x0, 0x30,
    0xe, 0xc, 0x1c,

    /* U+67E5 "查" */
    0x0, 0xc0, 0x0, 0x30, 0xf, 0xff, 0xfc, 0x1b,
    0x20, 0x6, 0xc8, 0x0, 0x30, 0x1, 0x8c, 0x63,
    0xff, 0xff, 0x18, 0x6, 0x6, 0x1, 0x81, 0x80,
    0x60, 0x7f, 0xf8, 0x18, 0x6, 0x6, 0x1, 0x81,
    0xff, 0xe0, 0x0, 0x0, 0x0, 0x0, 0x0, 0x0,
    0xf, 0xff, 0xfc,

    /* U+6807 "标" */
    0x18, 0x7f, 0x83, 0x0, 0x0, 0x60, 0x0, 0x7f,
    0x0, 0xf, 0xe0, 0x1, 0xfc, 0x0, 0x6, 0x7f,
    0xf8, 0xc0, 0x60, 0x18, 0xc, 0x7, 0x1, 0x80,
    0xf9, 0x36, 0x1f, 0x26, 0xcd, 0x84, 0xc7, 0xb0,
    0x98, 0xc6, 0x13, 0x18, 0xcc, 0x63, 0x19, 0x8c,
    0x63, 0x1, 0x80, 0x60, 0xf0, 0x0,

    /* U+6821 "校" */
    0x18, 0x8, 0x6, 0x2, 0x1, 0x9f, 0xfc, 0x67,
    0xff, 0xfe, 0x0, 0x6, 0x30, 0x61, 0x8c, 0x18,
    0x66, 0x1, 0x38, 0xc1, 0x8e, 0x30, 0x63, 0xec,
    0x18, 0xfb, 0x6, 0xd8, 0x36, 0x6, 0x2, 0x1,
    0x80, 0x80, 0x60, 0x20, 0x18, 0x36, 0x6, 0x0,
    0x1, 0x9c, 0x1c,

    /* U+6837 "样" */
    0x18, 0xc1, 0x6, 0x0, 0x1, 0x83, 0x60, 0x60,
    0xd8, 0xff, 0xff, 0xc6, 0x2, 0x1, 0x80, 0x80,
    0x60, 0x20, 0x18, 0x8, 0xe, 0x3f, 0xc3, 0xef,
    0xf0, 0xf8, 0x20, 0xd8, 0x8, 0x36, 0x2, 0x1,
    0x9f, 0xfc, 0x60, 0x20, 0x18, 0x8, 0x6, 0x2,
    0x1, 0x80, 0x80,

    /* U+6838 "核" */
    0x18, 0x18, 0x3, 0x3, 0x0, 0x67, 0xff, 0x8c,
    0xff, 0xff, 0xe3, 0x0, 0x31, 0x83, 0x6, 0x30,
    0x60, 0xcf, 0xf0, 0x38, 0x18, 0x7, 0x3, 0x0,
    0xf8, 0xc1, 0x9f, 0x18, 0x3d, 0x9c, 0x18, 0x30,
    0xc, 0x6, 0x1, 0x80, 0xc0, 0x30, 0x18, 0x39,
    0x83, 0x0, 0x0, 0x67, 0x1, 0x80,

    /* U+683C "格" */
    0x18, 0x30, 0x6, 0xc, 0x1, 0x83, 0xf8, 0x60,
    0xfe, 0xfe, 0xc1, 0x86, 0x6d, 0x81, 0x9b, 0x60,
    0x60, 0x20, 0x38, 0x36, 0xe, 0xd, 0x83, 0x9c,
    0x1c, 0xe7, 0x7, 0xde, 0xff, 0x86, 0x30, 0x61,
    0x8c, 0x18, 0x63, 0x6, 0x18, 0xc1, 0x86, 0x30,
    0x61, 0x8f, 0xf8,

    /* U+6848 "案" */
    0x0, 0xc0, 0x0, 0x30, 0xf, 0xff, 0xff, 0xc,
    0x3, 0xc3, 0x0, 0xc0, 0xc0, 0x3, 0xff, 0xf8,
    0x10, 0x60, 0x4, 0x18, 0x1, 0xfc, 0x0, 0x7f,
    0x3, 0xe0, 0x7f, 0x0, 0x0, 0x0, 0x30, 0xf,
    0xff, 0xfc, 0x63, 0x18, 0x18, 0xc6, 0x0, 0x30,
    0xe, 0xc, 0x1c,

    /* U+684C "桌" */
    0x0, 0xc0, 0x0, 0x30, 0x0, 0xf, 0xfc, 0x3,
    0x0, 0x0, 0xc0, 0x0, 0x30, 0x3, 0xff, 0xf0,
    0x80, 0x4, 0x20, 0x1, 0xf, 0xff, 0xc2, 0x0,
    0x10, 0x80, 0x4, 0xff, 0xff, 0xc1, 0xb6, 0x0,
    0x6d, 0x80, 0x3, 0x0, 0x18, 0xc6, 0x0, 0x30,
    0xe, 0xc, 0x1c,

    /* U+6865 "桥" */
    0x18, 0x7, 0x83, 0x0, 0x0, 0x63, 0xf0, 0x7f,
    0x6, 0xf, 0xe0, 0xc1, 0xfc, 0x18, 0x6, 0x7f,
    0xf8, 0xc1, 0xb0, 0x18, 0x36, 0x7, 0xd8, 0x30,
    0xff, 0xc7, 0x9c, 0x98, 0xfd, 0x83, 0x19, 0xb0,
    0x63, 0x6, 0xc, 0x60, 0xc1, 0x8c, 0x18, 0xc1,
    0x83, 0x0, 0x30, 0x64, 0x6, 0x0,

    /* U+68A6 "梦" */
    0x18, 0x6, 0x6, 0x1, 0x8f, 0xf3, 0xfc, 0x60,
    0x18, 0x18, 0x6, 0xf, 0x3, 0xc3, 0xc0, 0xf3,
    0x6c, 0xdb, 0x18, 0xc6, 0x6, 0x31, 0x80, 0xc,
    0x60, 0x1f, 0xfc, 0x3f, 0xff, 0xe, 0xc0, 0x40,
    0xc, 0x60, 0x3, 0x18, 0x0, 0x38, 0x0, 0x0,
    0xf, 0xfc, 0x0,

    /* U+68C0 "检" */
    0x18, 0xc, 0x3, 0x6, 0x40, 0x60, 0xc8, 0xc,
    0x19, 0xf, 0xec, 0x18, 0x32, 0x0, 0xc6, 0x40,
    0x18, 0xc7, 0xfc, 0x38, 0x0, 0x7, 0x0, 0x0,
    0xe4, 0xc1, 0x9c, 0x98, 0x3d, 0xec, 0xd9, 0xbd,
    0x9b, 0x6, 0x33, 0x60, 0xc0, 0x0, 0x18, 0x2,
    0x3, 0x0, 0x40, 0x67, 0xff, 0x80,

    /* U+6905 "椅" */
    0x18, 0xc, 0x3, 0x1, 0x80, 0x67, 0xff, 0xff,
    0x6, 0xf, 0xe0, 0xc0, 0x30, 0x0, 0x6, 0xc,
    0x80, 0xc6, 0xc, 0x18, 0xc1, 0x87, 0x3f, 0xfc,
    0xf8, 0x6, 0x1f, 0x0, 0xcd, 0x8f, 0xd8, 0x31,
    0x9b, 0x6, 0x33, 0x60, 0xc6, 0x6c, 0x18, 0xfd,
    0x83, 0x0, 0x30, 0x60, 0xe, 0x0,

    /* U+695A "楚" */
    0x18, 0x6, 0x6, 0x1, 0x8f, 0xf3, 0xfc, 0xf0,
    0x3c, 0x3c, 0xf, 0x6, 0x1, 0x8d, 0xb3, 0x6c,
    0x60, 0x18, 0x18, 0x6, 0x3f, 0xff, 0xf0, 0xc,
    0xc, 0x3, 0x3, 0x18, 0xc0, 0x6, 0x30, 0x1,
    0x8f, 0xf0, 0x63, 0xfc, 0x27, 0xc0, 0x0, 0x0,
    0xc, 0x3, 0xfc,

    /* U+6B21 "次" */
    0xc0, 0xc0, 0x0, 0x18, 0x0, 0xc3, 0x0, 0x18,
    0x60, 0x3, 0xf, 0xfe, 0x61, 0xff, 0xc0, 0xc0,
    0x18, 0x30, 0x4c, 0x6, 0x9, 0x80, 0x1, 0x0,
    0xc0, 0x20, 0x18, 0x4, 0x3, 0x3, 0x60, 0x60,
    0x6c, 0xc, 0xd, 0x80, 0x0, 0x0, 0xc0, 0xc1,
    0x98, 0xf8, 0x3f, 0x1c, 0x1, 0x80,

    /* U+6B22 "欢" */
    0x0, 0x40, 0x0, 0x8, 0x3, 0xf9, 0x0, 0x7f,
    0x20, 0x0, 0x67, 0xff, 0x8c, 0x80, 0xc1, 0x80,
    0x1, 0x3c, 0x4c, 0x27, 0x89, 0x84, 0xc1, 0x0,
    0x60, 0x20, 0xc, 0x4, 0x1, 0x83, 0x60, 0x30,
    0x6c, 0x9, 0x8d, 0x81, 0x33, 0xbc, 0x26, 0x41,
    0x80, 0x0, 0x3, 0x6, 0x1, 0x80,

    /* U+6B62 "止" */
    0x0, 0xc0, 0x0, 0x30, 0x0, 0xc, 0x0, 0x3,
    0x0, 0x0, 0xc0, 0x0, 0x30, 0x1, 0x8c, 0x0,
    0x63, 0xfe, 0x18, 0xc0, 0x6, 0x30, 0x1, 0x8c,
    0x0, 0x63, 0x0, 0x18, 0xc0, 0x6, 0x30, 0x1,
    0x8c, 0x0, 0x63, 0x0, 0x18, 0xc0, 0x6, 0x30,
    0xf, 0xff, 0xfc,

    /* U+6B63 "正" */
    0xff, 0xff, 0xc0, 0x30, 0x0, 0xc, 0x0, 0x3,
    0x0, 0x0, 0xc0, 0x0, 0x30, 0x0, 0xc, 0x0,
    0x3, 0x0, 0x18, 0xc0, 0x6, 0x3f, 0xe1, 0x8c,
    0x0, 0x63, 0x0, 0x18, 0xc0, 0x6, 0x30, 0x1,
    0x8c, 0x0, 0x63, 0x0, 0x18, 0xc0, 0x6, 0x30,
    0xf, 0xff, 0xfc,

    /* U+6B65 "步" */
    0x0, 0xc0, 0x0, 0x30, 0x1, 0x8f, 0xf0, 0x63,
    0x0, 0x18, 0xc0, 0x6, 0x30, 0x1, 0x8c, 0x3,
    0xff, 0xff, 0x0, 0xc0, 0x0, 0x30, 0x1, 0x8c,
    0x10, 0x63, 0x4, 0xe0, 0xc6, 0x0, 0x2, 0x0,
    0x0, 0x80, 0x0, 0x20, 0x0, 0xf0, 0x0, 0x0,
    0x3, 0xf0, 0x0,

    /* U+6BCD "母" */
    0x1f, 0xff, 0x6, 0x0, 0x41, 0x80, 0x10, 0x60,
    0x4, 0x18, 0xc1, 0x6, 0x8, 0x41, 0x82, 0x13,
    0xff, 0xff, 0x20, 0x1, 0x8, 0x0, 0x42, 0x0,
    0x10, 0x83, 0x4, 0x20, 0x21, 0x8, 0x8, 0x43,
    0xff, 0xfc, 0x0, 0x4, 0x0, 0x0, 0x0, 0x0,
    0x0, 0x1, 0xe0,

    /* U+6BCF "每" */
    0x18, 0x0, 0x3, 0x0, 0x0, 0x7f, 0xff, 0x90,
    0x0, 0x2, 0x0, 0x0, 0x40, 0x0, 0x37, 0xff,
    0xe0, 0xc6, 0xc, 0x18, 0xc1, 0x83, 0x6, 0x30,
    0x60, 0xc6, 0x7f, 0xff, 0xf2, 0xc, 0x18, 0x41,
    0x83, 0x8, 0xc, 0x61, 0x1, 0x8c, 0x3f, 0xff,
    0xe0, 0x0, 0x30, 0x0, 0x6, 0x0,

    /* U+6C34 "水" */
    0x0, 0xc0, 0x0, 0x18, 0x0, 0x3, 0x0, 0x0,
    0x60, 0x0, 0xc, 0x7, 0xfd, 0xe3, 0x3f, 0xbc,
    0x60, 0x37, 0x90, 0x6, 0xcc, 0x0, 0xd9, 0x80,
    0x3, 0x30, 0xc, 0x66, 0x1, 0x8c, 0xe0, 0x31,
    0x84, 0x8, 0x30, 0x61, 0x6, 0xc, 0xc0, 0xc0,
    0x60, 0x18, 0x0, 0x1f, 0x0, 0x0,

    /* U+6C42 "求" */
    0x0, 0xc6, 0x0, 0x30, 0x0, 0xc, 0x10, 0x3,
    0x4, 0xff, 0xff, 0xc0, 0x30, 0x0, 0xc, 0x0,
    0x83, 0x4, 0x20, 0xc1, 0x6, 0x3d, 0x80, 0xc,
    0x80, 0x3, 0x20, 0x1, 0xc6, 0x7, 0xb0, 0x41,
    0xec, 0x10, 0x7b, 0x4, 0xe0, 0xc0, 0xc0, 0x30,
    0x0, 0x7c, 0x0,

    /* U+6CA1 "没" */
    0x20, 0xfe, 0x0, 0x31, 0x81, 0x8c, 0x60, 0x3,
    0x18, 0x0, 0xc6, 0x30, 0x31, 0x8c, 0xc, 0x60,
    0x9c, 0x1f, 0x0, 0x0, 0x0, 0x0, 0x0, 0x3f,
    0xf8, 0xf, 0xfe, 0x23, 0x1, 0x88, 0xc0, 0x62,
    0xc, 0x60, 0x0, 0x0, 0xc0, 0x38, 0x30, 0xe,
    0xc, 0x7c, 0x7c,

    /* U+6CB3 "河" */
    0xc7, 0xff, 0xc0, 0x0, 0x43, 0x0, 0x10, 0x0,
    0x4, 0x0, 0x1, 0x30, 0x7e, 0x4c, 0x1f, 0x90,
    0xc4, 0x64, 0x1, 0x19, 0x0, 0x46, 0x40, 0x11,
    0x90, 0x4, 0x64, 0x31, 0xf9, 0xc, 0x7e, 0x43,
    0x0, 0x10, 0x0, 0x4, 0xc0, 0x1, 0x30, 0x7,
    0xcc, 0x1, 0xf0,

    /* U+6CD5 "法" */
    0x20, 0xc, 0x0, 0x1, 0x80, 0x60, 0x30, 0x0,
    0xff, 0xc0, 0x1f, 0xf8, 0x3, 0xff, 0x30, 0x3,
    0x1, 0x0, 0x60, 0x20, 0xc, 0x0, 0xff, 0xfc,
    0x0, 0xc0, 0x0, 0x18, 0x2, 0x4, 0x18, 0x40,
    0x83, 0x8, 0x10, 0x60, 0x0, 0x0, 0xc1, 0x8e,
    0x78, 0xff, 0xcf, 0x1f, 0xc1, 0x80,

    /* U+6CE2 "波" */
    0x20, 0xc, 0x0, 0x1, 0x80, 0x67, 0xff, 0x80,
    0xc6, 0x30, 0x18, 0xc7, 0x83, 0x18, 0x30, 0x63,
    0x1, 0xf, 0xff, 0x1, 0xe0, 0x60, 0x3c, 0xc,
    0x6, 0x41, 0x80, 0xc8, 0x32, 0x18, 0xd8, 0x43,
    0x1f, 0x8, 0x60, 0x80, 0xc, 0x0, 0xc6, 0x70,
    0x78, 0xce, 0xf, 0x19, 0xc1, 0x80,

    /* U+6CE8 "注" */
    0xc0, 0x30, 0xc, 0x6, 0x3, 0x1, 0x80, 0xc0,
    0x60, 0x7, 0xff, 0xf0, 0x6, 0xc, 0x1, 0x80,
    0xc0, 0x60, 0x0, 0x18, 0x0, 0x6, 0x0, 0x1f,
    0xf0, 0x7, 0xfc, 0x30, 0x18, 0xc, 0x6, 0x3,
    0x1, 0x80, 0x0, 0x60, 0xc0, 0x18, 0x30, 0x6,
    0xc, 0x7f, 0xfc,

    /* U+6D17 "洗" */
    0x21, 0x8c, 0x0, 0x31, 0x80, 0x66, 0x30, 0x0,
    0xff, 0xc0, 0x1f, 0xf8, 0x3, 0xff, 0x31, 0x83,
    0x1, 0x0, 0x60, 0x20, 0xc, 0x0, 0xff, 0xfc,
    0x1, 0x8c, 0x0, 0x31, 0x82, 0x6, 0x30, 0x40,
    0x6, 0x8, 0x60, 0xd9, 0xc, 0x1b, 0xc1, 0x83,
    0x78, 0xc0, 0x7f, 0x18, 0xf, 0x80,

    /* U+6D3B "活" */
    0x20, 0x3, 0x80, 0x0, 0x0, 0x67, 0xf0, 0x0,
    0x6, 0x0, 0x0, 0xc1, 0x80, 0x18, 0x30, 0x3,
    0x1, 0x3f, 0xff, 0x0, 0xc, 0x0, 0x1, 0x80,
    0x0, 0x30, 0x0, 0x6, 0x2, 0x1f, 0xf8, 0x43,
    0xff, 0x8, 0x60, 0x20, 0xc, 0x4, 0xc1, 0x80,
    0x98, 0x30, 0x13, 0x7, 0xfe, 0x0,

    /* U+6D41 "流" */
    0xc0, 0x30, 0x0, 0xc, 0x3, 0x7f, 0xfc, 0x3,
    0x0, 0x0, 0xc0, 0x30, 0x40, 0x4c, 0x10, 0x10,
    0xdf, 0xfb, 0x0, 0x0, 0x0, 0x0, 0x0, 0x0,
    0x0, 0x4, 0xd8, 0x1, 0x36, 0xc, 0x4d, 0x83,
    0x13, 0x60, 0xc4, 0xd8, 0xc1, 0x36, 0xf1, 0x8d,
    0xfc, 0x63, 0x7c,

    /* U+6D4F "浏" */
    0xc1, 0x80, 0x60, 0x0, 0xc, 0x81, 0x19, 0x8f,
    0xff, 0x31, 0xff, 0xe6, 0x3f, 0xfc, 0xf0, 0xd,
    0x99, 0x31, 0xb3, 0x26, 0x36, 0x60, 0x36, 0xcc,
    0x1, 0x19, 0x80, 0x23, 0x32, 0x4, 0x66, 0x43,
    0xec, 0xc8, 0x6c, 0x18, 0x0, 0x3, 0xc6, 0x8,
    0x7b, 0xc1, 0x3f, 0x60, 0x7, 0x80,

    /* U+6D88 "消" */
    0x21, 0x8c, 0x60, 0x1, 0x80, 0x61, 0xb6, 0x0,
    0x6, 0x0, 0x0, 0xc0, 0x0, 0x18, 0x30, 0x7f,
    0xf9, 0xc, 0x3, 0x21, 0x80, 0x60, 0x3f, 0xfc,
    0x6, 0x1, 0x80, 0xc0, 0x32, 0x1f, 0xfe, 0x43,
    0x0, 0xc8, 0x60, 0x18, 0xc, 0x3, 0xc1, 0x80,
    0x78, 0x30, 0x3f, 0x6, 0x7, 0x80,

    /* U+6DFB "添" */
    0x21, 0xff, 0x80, 0x6, 0x0, 0x60, 0xc0, 0x0,
    0x18, 0x0, 0x3, 0x1, 0x8f, 0xff, 0xf1, 0xff,
    0xf9, 0x2, 0x30, 0x1, 0x81, 0x80, 0x30, 0x30,
    0x6, 0x6, 0x3, 0x18, 0x32, 0x1b, 0x98, 0x43,
    0x73, 0x8, 0x6d, 0x99, 0xd, 0xb3, 0xc6, 0x36,
    0x78, 0xe, 0x3, 0x1, 0xc0, 0x0,

    /* U+6E05 "清" */
    0x20, 0xc, 0x0, 0x1, 0x80, 0x67, 0xfe, 0x0,
    0x6, 0x0, 0x0, 0xc0, 0x0, 0x18, 0x30, 0x7f,
    0xe1, 0x0, 0x60, 0x20, 0xc, 0x0, 0xff, 0xfc,
    0x6, 0x6, 0x0, 0xc0, 0xc2, 0x1f, 0xf8, 0x43,
    0x3, 0x8, 0x60, 0x60, 0xc, 0xc, 0xc1, 0xff,
    0x98, 0x30, 0x33, 0x6, 0x6, 0x0,

    /* U+6E29 "温" */
    0x20, 0x7f, 0x83, 0x8, 0x30, 0x61, 0x6, 0xc,
    0x20, 0xc0, 0x7, 0xf9, 0x80, 0x83, 0x30, 0x10,
    0x61, 0x3, 0xfc, 0x0, 0x0, 0x0, 0x0, 0x0,
    0x7, 0xff, 0x80, 0xff, 0xf2, 0x1b, 0x66, 0x43,
    0x6c, 0xc8, 0x6d, 0x98, 0xd, 0xb3, 0xc1, 0xb6,
    0x78, 0xff, 0xff, 0x1f, 0xff, 0x80,

    /* U+70B9 "点" */
    0x0, 0xc0, 0x0, 0x18, 0x0, 0x3, 0xff, 0x80,
    0x60, 0x0, 0xc, 0x0, 0x1, 0x80, 0x0, 0x30,
    0x1, 0xff, 0xfc, 0x30, 0x1, 0x86, 0x0, 0x30,
    0xc0, 0x6, 0x18, 0x0, 0xc3, 0xff, 0xf8, 0x0,
    0x0, 0x0, 0x0, 0x0, 0x0, 0x0, 0x36, 0x31,
    0x80, 0x0, 0x3, 0x4, 0x31, 0x80,

    /* U+70ED "热" */
    0x18, 0xc, 0x3, 0x1, 0x83, 0xfb, 0xfe, 0xc,
    0x6, 0xc1, 0x80, 0xd8, 0x30, 0x1b, 0x6, 0x0,
    0x60, 0xf7, 0x8c, 0xf8, 0x31, 0x9f, 0x6, 0x33,
    0xe0, 0xc6, 0xc, 0x66, 0x33, 0x8c, 0xe6, 0x71,
    0x84, 0xc0, 0x0, 0x0, 0x0, 0x0, 0x36, 0x31,
    0x80, 0x0, 0x3, 0x4, 0x31, 0x80,

    /* U+70F9 "烹" */
    0x0, 0xc0, 0x0, 0x30, 0xf, 0xff, 0xfc, 0x60,
    0x18, 0x18, 0x6, 0x6, 0x1, 0x81, 0xff, 0xe0,
    0x0, 0x0, 0x0, 0x0, 0xf, 0xff, 0x80, 0x2,
    0x0, 0x0, 0x80, 0x0, 0xc0, 0x0, 0x30, 0x0,
    0x1c, 0x0, 0x7, 0x0, 0x26, 0x21, 0x0, 0x0,
    0xc, 0x11, 0x8c,

    /* U+718A "熊" */
    0x30, 0x31, 0xcc, 0xc, 0x7c, 0x63, 0xe3, 0x18,
    0xf8, 0xff, 0xb0, 0xf0, 0x63, 0xfc, 0x18, 0xff,
    0xfe, 0xc6, 0xff, 0xb1, 0xb0, 0x6f, 0x8f, 0xfb,
    0xf, 0xfe, 0xc3, 0xc1, 0x8f, 0xf0, 0x63, 0xf0,
    0x0, 0x0, 0x0, 0x0, 0x36, 0x31, 0x80, 0x0,
    0xc, 0x18, 0xcc,

    /* U+7236 "父" */
    0xc, 0xc, 0x6, 0x1, 0x81, 0x80, 0x60, 0x60,
    0x18, 0x60, 0x1, 0xb6, 0x1, 0xbd, 0x80, 0x6c,
    0x60, 0x18, 0x18, 0x6, 0x3, 0x3, 0x0, 0x33,
    0x0, 0xc, 0xc0, 0x0, 0xc0, 0x0, 0xcc, 0x0,
    0x33, 0x0, 0xc, 0xc0, 0x1c, 0xe, 0x0, 0x0,
    0xe, 0x0, 0x1c,

    /* U+7247 "片" */
    0x18, 0xc, 0x6, 0x3, 0x1, 0x80, 0xc0, 0x60,
    0x30, 0x18, 0xc, 0x6, 0x3, 0x1, 0xff, 0xfc,
    0x60, 0x0, 0x18, 0x0, 0x6, 0x0, 0x1, 0x80,
    0x0, 0x7f, 0xf8, 0x18, 0x2, 0x0, 0x0, 0x82,
    0x0, 0x20, 0x80, 0x8, 0x20, 0x2, 0x0, 0x0,
    0x8c, 0x0, 0x20,

    /* U+7269 "物" */
    0x18, 0x40, 0x3, 0x8, 0x3, 0x61, 0x0, 0x7f,
    0x3f, 0xff, 0xe7, 0xff, 0xb3, 0x6c, 0xf6, 0x6d,
    0x98, 0xc1, 0xb3, 0x18, 0x36, 0x63, 0xc6, 0xcc,
    0x78, 0xd9, 0xfc, 0x23, 0x3f, 0x84, 0xe6, 0x30,
    0x90, 0xc6, 0x62, 0x18, 0xcc, 0x43, 0x18, 0x30,
    0x63, 0x0, 0x0, 0x61, 0x1e, 0x0,

    /* U+72B6 "状" */
    0x18, 0xc, 0x83, 0x1, 0x80, 0x60, 0x31, 0xec,
    0x6, 0xd, 0x80, 0xc1, 0xb0, 0x18, 0x1e, 0x7f,
    0xf8, 0xc0, 0x60, 0x18, 0x33, 0x3, 0x6, 0x60,
    0x60, 0xcc, 0xc, 0x19, 0x87, 0x83, 0x30, 0xf0,
    0x66, 0x36, 0x10, 0x26, 0xc2, 0x4, 0x18, 0x40,
    0x83, 0x0, 0x0, 0x66, 0x1, 0x80,

    /* U+72D7 "狗" */
    0xd8, 0xc0, 0x8, 0x3f, 0xf2, 0xf, 0xfc, 0x83,
    0xff, 0x23, 0x0, 0xf7, 0x80, 0x3d, 0xe0, 0xc,
    0x63, 0xfb, 0x18, 0xc6, 0xc6, 0x31, 0xb1, 0x8c,
    0x6c, 0xe3, 0x1b, 0xd8, 0xc6, 0xf6, 0x31, 0xb1,
    0x8f, 0xec, 0x60, 0x3, 0x18, 0x0, 0xc0, 0x0,
    0xe, 0x0, 0x78,

    /* U+72EC "独" */
    0xd8, 0x18, 0x4, 0x3, 0x0, 0x80, 0x60, 0x11,
    0xff, 0xf2, 0x3f, 0xfe, 0x47, 0xff, 0xf6, 0xc6,
    0x1e, 0xd8, 0xc3, 0x1b, 0x18, 0x63, 0x63, 0xc,
    0x6c, 0x61, 0x9d, 0xff, 0xf3, 0xbf, 0xff, 0xb0,
    0x30, 0x36, 0x6, 0x0, 0xc0, 0xcc, 0x18, 0x1e,
    0x60, 0x0, 0xf, 0x8f, 0x81, 0x80,

    /* U+732B "猫" */
    0xd8, 0x81, 0x36, 0x20, 0x42, 0x3f, 0xfc, 0x82,
    0x4, 0x20, 0x81, 0x0, 0x0, 0xd, 0x80, 0x3,
    0x60, 0x0, 0x1b, 0xff, 0xc6, 0xc6, 0x31, 0xb1,
    0x8c, 0xec, 0x63, 0xdb, 0xff, 0xf6, 0xff, 0xf1,
    0xb1, 0x8c, 0x6c, 0x63, 0x1b, 0x18, 0xc0, 0xc6,
    0x3e, 0x3f, 0xfc,

    /* U+7406 "理" */
    0x0, 0xff, 0xe0, 0x11, 0x8f, 0xf2, 0x31, 0x98,
    0x46, 0x33, 0x8, 0xc6, 0x61, 0x18, 0xcc, 0x3f,
    0xf9, 0x84, 0x63, 0x30, 0x8c, 0x7f, 0x91, 0x8f,
    0xf2, 0x31, 0x98, 0x7f, 0xf3, 0x0, 0xc0, 0x60,
    0x18, 0xf, 0x3f, 0xf9, 0xe7, 0xff, 0xf0, 0xc,
    0x0, 0x1, 0x80, 0xf, 0xff, 0x80,

    /* U+751F "生" */
    0x20, 0xc0, 0x8, 0x30, 0x2, 0xc, 0x0, 0x83,
    0x0, 0x3f, 0xff, 0x8, 0x30, 0x0, 0xc, 0x3,
    0x3, 0x0, 0x0, 0xc0, 0x0, 0x30, 0x0, 0xc,
    0x0, 0xff, 0xfc, 0x0, 0xc0, 0x0, 0x30, 0x0,
    0xc, 0x0, 0x3, 0x0, 0x0, 0xc0, 0x0, 0x30,
    0xf, 0xff, 0xfc,

    /* U+7528 "用" */
    0x3f, 0xff, 0x98, 0x60, 0xcc, 0x30, 0x66, 0x18,
    0x33, 0xc, 0x19, 0x86, 0xc, 0xff, 0xfe, 0x61,
    0x83, 0x30, 0xc1, 0x98, 0x60, 0xcc, 0x30, 0x67,
    0xff, 0xf3, 0xc, 0x19, 0x86, 0xc, 0xc3, 0x6,
    0x61, 0x83, 0x0, 0xc1, 0x80, 0x60, 0xf0, 0x31,
    0xe0,

    /* U+7535 "电" */
    0x1, 0x80, 0x0, 0x30, 0x3, 0xff, 0xf8, 0x60,
    0xc3, 0xc, 0x18, 0x61, 0x83, 0xc, 0x30, 0x61,
    0x87, 0xff, 0xf0, 0xc1, 0x86, 0x18, 0x30, 0xc3,
    0x6, 0x18, 0x60, 0xc3, 0xf, 0xff, 0xe0, 0x3,
    0x0, 0x0, 0x60, 0x0, 0xc, 0x3, 0x0, 0x0,
    0x60, 0x0, 0xc, 0x1, 0xff, 0x80,

    /* U+754C "界" */
    0x7f, 0xff, 0x98, 0x30, 0x66, 0xc, 0x19, 0x83,
    0x6, 0x7f, 0xff, 0x98, 0x30, 0x66, 0xc, 0x19,
    0xff, 0xfe, 0x6, 0x18, 0x1, 0x86, 0x0, 0x0,
    0x0, 0x60, 0x18, 0x0, 0x0, 0x39, 0x86, 0x7e,
    0x61, 0x9c, 0x18, 0x60, 0x18, 0x18, 0x0, 0x6,
    0xe, 0x1, 0x80,

    /* U+756A "番" */
    0x0, 0x7, 0x0, 0x0, 0x3, 0xff, 0x80, 0x63,
    0x0, 0x18, 0xc6, 0x6, 0x31, 0x8f, 0xff, 0xfc,
    0x1b, 0x60, 0x6, 0xd8, 0x6, 0x31, 0x81, 0x8c,
    0x63, 0xff, 0xff, 0x20, 0xc1, 0x8, 0x30, 0x43,
    0xff, 0xf0, 0x83, 0x4, 0x20, 0xc1, 0x8, 0x30,
    0x43, 0xff, 0xf0,

    /* U+75B2 "疲" */
    0x0, 0x30, 0x0, 0xc, 0x3, 0xff, 0xfc, 0x80,
    0x30, 0x20, 0xc, 0x8, 0x3, 0xe, 0x7f, 0xfc,
    0x98, 0x33, 0x26, 0xc, 0xc9, 0x83, 0x2, 0x60,
    0xc3, 0x9f, 0xff, 0x26, 0x40, 0xc9, 0x90, 0x32,
    0x63, 0x18, 0x98, 0xc6, 0x26, 0xe, 0x0, 0x0,
    0xd, 0x9f, 0x1c,

    /* U+7684 "的" */
    0x18, 0x30, 0x0, 0x6, 0x0, 0x80, 0xc0, 0x10,
    0x18, 0xf, 0xfb, 0xff, 0xff, 0x7f, 0xf0, 0x78,
    0x1e, 0xc, 0x3, 0xc1, 0x80, 0x78, 0x31, 0x8f,
    0x6, 0x31, 0xff, 0xc1, 0xbc, 0x18, 0x37, 0x83,
    0x6, 0xf0, 0x60, 0x1e, 0xc, 0x3, 0xc1, 0x80,
    0x78, 0x30, 0x3, 0xfe, 0xe, 0x0,

    /* U+76EE "目" */
    0xff, 0xff, 0x80, 0xf, 0x0, 0x1e, 0x0, 0x3c,
    0x0, 0x78, 0x0, 0xff, 0xff, 0xe0, 0x3, 0xc0,
    0x7, 0x80, 0xf, 0x0, 0x1e, 0x0, 0x3f, 0xff,
    0xf8, 0x0, 0xf0, 0x1, 0xe0, 0x3, 0xc0, 0x7,
    0x80, 0xf, 0xff, 0xf8,

    /* U+76F4 "直" */
    0x0, 0xc0, 0x0, 0x30, 0x3, 0xff, 0xf0, 0x3,
    0x0, 0x0, 0xc0, 0x0, 0x30, 0x1, 0xff, 0xe0,
    0x60, 0x18, 0x18, 0x6, 0x7, 0xff, 0x81, 0x80,
    0x60, 0x60, 0x18, 0x1f, 0xfe, 0x6, 0x1, 0x81,
    0x80, 0x60, 0x60, 0x18, 0x18, 0x6, 0x6, 0x1,
    0x8f, 0xff, 0xfc,

    /* U+76F8 "相" */
    0x18, 0xff, 0xe3, 0x18, 0xc, 0x63, 0x1, 0xff,
    0xe0, 0x3f, 0xfc, 0x7, 0xff, 0x80, 0xc6, 0x3f,
    0xf8, 0xc6, 0x3, 0x18, 0xc0, 0x6f, 0xd8, 0xd,
    0xef, 0x1, 0xbd, 0xe0, 0x3d, 0x8f, 0xfe, 0x31,
    0x80, 0xc6, 0x30, 0x18, 0xc6, 0x3, 0x18, 0xc0,
    0x63, 0x18, 0xc, 0x63, 0xff, 0x80,

    /* U+770B "看" */
    0x3f, 0xff, 0x0, 0x30, 0x0, 0xc, 0x0, 0x3,
    0x0, 0x3f, 0xff, 0x0, 0x40, 0x0, 0x10, 0x3,
    0xff, 0xff, 0x18, 0x1, 0x6, 0x0, 0x41, 0x80,
    0x10, 0xff, 0xfc, 0xd8, 0x1, 0x36, 0x0, 0x41,
    0xff, 0xf0, 0x60, 0x4, 0x18, 0x1, 0x6, 0x0,
    0x41, 0xff, 0xf0,

    /* U+771F "真" */
    0x0, 0xc0, 0x0, 0x30, 0x3, 0xff, 0xf0, 0x3,
    0x0, 0x0, 0xc0, 0x0, 0x30, 0x1, 0xff, 0xe0,
    0x60, 0x18, 0x18, 0x6, 0x7, 0xff, 0x81, 0x80,
    0x60, 0x60, 0x18, 0x18, 0x6, 0x6, 0x1, 0x8f,
    0xff, 0xfc, 0x60, 0x18, 0x18, 0x6, 0x0, 0x0,
    0xe, 0x0, 0x1c,

    /* U+773C "眼" */
    0xf9, 0xff, 0x9b, 0x30, 0x33, 0x66, 0x6, 0x6c,
    0xff, 0xcd, 0x9f, 0xf9, 0xb3, 0xff, 0x3e, 0x60,
    0x66, 0xcc, 0xc, 0xd9, 0x81, 0x9b, 0x3f, 0xf3,
    0xe6, 0x21, 0xfc, 0xc4, 0x3d, 0x98, 0x99, 0xb3,
    0xc, 0x36, 0x61, 0x86, 0xcc, 0x30, 0xf9, 0xb1,
    0x80, 0x30, 0x0, 0x7, 0x81, 0x80,

    /* U+77E5 "知" */
    0x20, 0x0, 0x8, 0x0, 0x3, 0xfd, 0xfc, 0x98,
    0x63, 0x26, 0x18, 0xc1, 0x86, 0x3c, 0x61, 0x8c,
    0x18, 0x63, 0x6, 0x18, 0xff, 0xf6, 0x30, 0x61,
    0x8c, 0x18, 0x63, 0x19, 0x18, 0xc6, 0x46, 0x31,
    0x8d, 0x8c, 0xe3, 0x7f, 0x20, 0xdf, 0xc0, 0x0,
    0xc, 0x0, 0x0,

    /* U+77ED "短" */
    0x31, 0xff, 0xcf, 0x80, 0x3, 0xe0, 0x0, 0x60,
    0x0, 0xd8, 0xff, 0x86, 0x30, 0x61, 0x8c, 0x18,
    0x63, 0x6, 0x18, 0xc1, 0xbf, 0xbf, 0xe1, 0x80,
    0x0, 0x60, 0x0, 0x18, 0xc1, 0x86, 0x30, 0x63,
    0x63, 0x18, 0xd8, 0xc6, 0x36, 0x36, 0x0, 0xd,
    0x8c, 0x1f, 0xfc,

    /* U+7801 "码" */
    0xfe, 0xff, 0x83, 0x0, 0x30, 0x60, 0x6, 0xc,
    0x0, 0xc0, 0x3, 0x18, 0x60, 0x63, 0xc, 0xc,
    0x61, 0xf1, 0x8c, 0x3e, 0x31, 0x9e, 0xc7, 0xff,
    0xd8, 0xff, 0x9b, 0x0, 0x33, 0x60, 0x6, 0x6c,
    0x0, 0xcd, 0xbf, 0x99, 0xf0, 0x3, 0x3e, 0x0,
    0x60, 0x0, 0x0, 0x0, 0x3e, 0x0,

    /* U+7814 "研" */
    0xfe, 0xff, 0xc6, 0x8, 0x41, 0x82, 0x10, 0x60,
    0x84, 0x30, 0x21, 0xc, 0x8, 0x43, 0x2, 0x10,
    0xf8, 0x84, 0x3e, 0x21, 0x3d, 0xff, 0xf3, 0x62,
    0x10, 0xd8, 0x84, 0x36, 0x21, 0xd, 0x80, 0x43,
    0x6c, 0x10, 0xfb, 0x4, 0x3e, 0xc1, 0x0, 0x0,
    0x40, 0x10, 0x10,

    /* U+786C "硬" */
    0xf9, 0xff, 0xe4, 0x1, 0x80, 0x80, 0x30, 0x10,
    0x6, 0x2, 0x1f, 0xfe, 0x3, 0x18, 0xf0, 0x63,
    0x1f, 0xcf, 0xff, 0xd9, 0x8c, 0x7b, 0x31, 0x8f,
    0x66, 0x31, 0xec, 0xff, 0xfd, 0x84, 0xc1, 0xb0,
    0x98, 0x36, 0xc, 0x6, 0xc1, 0x80, 0xf8, 0x4c,
    0x0, 0x0, 0x0, 0x1e, 0xf, 0x80,

    /* U+786E "确" */
    0xfe, 0x30, 0x3, 0x7, 0xf0, 0x60, 0xfe, 0xc,
    0x1f, 0xc3, 0x1f, 0xfe, 0x63, 0xff, 0xcf, 0xb3,
    0x19, 0xf6, 0x63, 0xf6, 0xff, 0xfe, 0xdf, 0xfc,
    0xdb, 0x31, 0x9b, 0x66, 0x33, 0x6f, 0xfe, 0x6d,
    0x98, 0xcd, 0xb3, 0x19, 0xf6, 0x63, 0x3e, 0xcc,
    0x60, 0x1, 0x8c, 0x4, 0x37, 0x80,

    /* U+793A "示" */
    0x3f, 0xff, 0x0, 0x0, 0x0, 0x0, 0x0, 0x0,
    0x0, 0x0, 0x0, 0x0, 0x0, 0xf, 0xff, 0xfc,
    0x3, 0x0, 0x0, 0xc0, 0x0, 0x30, 0x1, 0x8c,
    0x60, 0x63, 0x18, 0x18, 0xc1, 0x6, 0x30, 0x42,
    0xc, 0xf, 0x83, 0x3, 0xc0, 0xc0, 0xc0, 0x30,
    0x0, 0x7c, 0x0,

    /* U+79BB "离" */
    0x0, 0xc0, 0x0, 0x30, 0xf, 0xff, 0xfc, 0x18,
    0x60, 0x6, 0x18, 0x0, 0x0, 0x2, 0x1e, 0x10,
    0x98, 0x64, 0x26, 0x19, 0xf, 0xff, 0xc0, 0xc,
    0x0, 0x3, 0x0, 0xff, 0xff, 0xf1, 0x86, 0x3c,
    0x61, 0x8f, 0x18, 0x3, 0xdf, 0xe6, 0xf0, 0x0,
    0x3c, 0x0, 0x1c,

    /* U+79CB "秋" */
    0x6, 0x8, 0x0, 0x1, 0x3, 0xe0, 0x20, 0xc,
    0x24, 0x31, 0x84, 0x86, 0x30, 0x90, 0xc6, 0x12,
    0x1f, 0xcc, 0x4c, 0x18, 0x8, 0x3, 0x1, 0x0,
    0x60, 0x20, 0x3f, 0x1b, 0x7, 0xe3, 0x60, 0xfc,
    0x6c, 0x36, 0xd, 0x86, 0xc1, 0xb0, 0x18, 0x41,
    0x83, 0x0, 0x0, 0x66, 0x1, 0x80,

    /* U+79D2 "秒" */
    0x6, 0xc, 0x1f, 0x1, 0x83, 0xe0, 0x30, 0x7c,
    0x6, 0x1, 0x8c, 0xd8, 0x31, 0x9b, 0x6, 0x33,
    0x1f, 0xf6, 0x63, 0xfe, 0xcc, 0x63, 0x21, 0x80,
    0x64, 0x30, 0x1f, 0x0, 0xc3, 0xe0, 0x18, 0x7c,
    0x3, 0x36, 0x0, 0x86, 0xc0, 0x10, 0x18, 0x3c,
    0x3, 0x0, 0x0, 0x67, 0x0, 0x0,

    /* U+79EF "积" */
    0x6, 0xff, 0x80, 0x18, 0x33, 0xe3, 0x6, 0xc,
    0x60, 0xc1, 0x8c, 0x18, 0x31, 0x83, 0x6, 0x30,
    0x67, 0xf6, 0xc, 0x18, 0xff, 0x83, 0x1f, 0xf0,
    0x63, 0xfe, 0x1c, 0x0, 0x3, 0xe0, 0x0, 0x7c,
    0x0, 0x36, 0xd, 0x86, 0xc1, 0xb0, 0x18, 0xc1,
    0x83, 0x0, 0x0, 0x64, 0x1, 0x80,

    /* U+79F0 "称" */
    0x6, 0xc0, 0x0, 0xd8, 0x3, 0xe3, 0xff, 0x8c,
    0x60, 0x31, 0x8c, 0x6, 0x32, 0x18, 0xc6, 0x43,
    0x1f, 0xf0, 0x60, 0x18, 0xcd, 0x83, 0x19, 0xb0,
    0xfb, 0x36, 0x1f, 0x66, 0xc3, 0x90, 0xc7, 0xf2,
    0x18, 0xf6, 0x43, 0x18, 0xc0, 0x60, 0x18, 0xc,
    0x3, 0x1, 0x80, 0x60, 0xf0, 0x0,

    /* U+79FB "移" */
    0x6, 0xc, 0x0, 0x1, 0x83, 0xe0, 0xff, 0x8c,
    0xe0, 0x31, 0x9c, 0x6, 0x33, 0x80, 0xc6, 0xc,
    0x67, 0xf0, 0x70, 0xfe, 0xe, 0x3, 0x3e, 0x0,
    0xe0, 0xff, 0x9c, 0x1f, 0xf3, 0x9c, 0x7, 0xbc,
    0x63, 0x37, 0x8c, 0x66, 0xf1, 0x8c, 0x18, 0xe,
    0x3, 0x0, 0x0, 0x67, 0xc0, 0x0,

    /* U+7A0B "程" */
    0x6, 0xff, 0x80, 0x18, 0x33, 0xe3, 0x6, 0xc,
    0x60, 0xc1, 0x8c, 0x18, 0x31, 0x83, 0x6, 0x3f,
    0xe7, 0xf0, 0x0, 0xfe, 0x0, 0x3, 0x3f, 0xfc,
    0xe0, 0x30, 0x1c, 0x6, 0x3, 0xef, 0xf8, 0x7d,
    0xff, 0x36, 0x3, 0x0, 0xc0, 0x60, 0x18, 0xc,
    0x3, 0x1, 0x80, 0x67, 0xff, 0x80,

    /* U+7A0D "稍" */
    0x7, 0x18, 0x60, 0x3, 0x3, 0xe3, 0x66, 0xc,
    0xc, 0x1, 0x81, 0x80, 0x30, 0x30, 0x6, 0xff,
    0xff, 0xf8, 0x3, 0xff, 0x0, 0x63, 0x7f, 0xfc,
    0xec, 0x1, 0x9d, 0x80, 0x33, 0xff, 0xfe, 0x7f,
    0xff, 0xf6, 0xc0, 0x18, 0xd8, 0x3, 0x1b, 0x0,
    0x63, 0x60, 0xc, 0x6c, 0x7, 0x80,

    /* U+7A76 "究" */
    0x0, 0xc0, 0x0, 0x30, 0xf, 0xff, 0xff, 0x18,
    0x63, 0xc6, 0x18, 0xc6, 0x1, 0x81, 0x80, 0x63,
    0x84, 0x7, 0xe1, 0x1, 0xc0, 0x40, 0x3, 0xff,
    0xe0, 0xff, 0xf8, 0x1, 0x6, 0x1, 0x81, 0xb0,
    0x60, 0x6c, 0x18, 0x1b, 0x18, 0x6, 0xc0, 0x1,
    0xbe, 0x0, 0x7c,

    /* U+7A7A "空" */
    0x0, 0xc0, 0x0, 0x30, 0xf, 0xff, 0xff, 0x0,
    0x3, 0xc0, 0x0, 0xc1, 0x86, 0x0, 0x61, 0x80,
    0x60, 0x18, 0xe0, 0x1, 0xf8, 0x0, 0x7e, 0x0,
    0x1c, 0xff, 0xfc, 0x0, 0xc0, 0x0, 0x30, 0x0,
    0xc, 0x0, 0x3, 0x0, 0x0, 0xc0, 0x0, 0x30,
    0xf, 0xff, 0xfc,

    /* U+7A97 "窗" */
    0x0, 0x40, 0x0, 0x8, 0x3, 0xff, 0xff, 0xe0,
    0xd8, 0x3c, 0x1b, 0x6, 0x0, 0x60, 0xf, 0x8f,
    0xe0, 0x2, 0x0, 0x0, 0x40, 0x7, 0xff, 0xf0,
    0xc6, 0x36, 0x18, 0xc6, 0xc3, 0xe3, 0x18, 0x7c,
    0x63, 0xc, 0x7c, 0x61, 0x80, 0xc, 0x36, 0xd,
    0x86, 0xc1, 0xb0, 0xff, 0xfe, 0x0,

    /* U+7ACB "立" */
    0x1, 0x0, 0x0, 0x0, 0x0, 0xc, 0x0, 0x3,
    0x0, 0xff, 0xff, 0xc0, 0x0, 0x0, 0x0, 0x0,
    0x60, 0x18, 0x18, 0x6, 0x6, 0x1, 0x80, 0x60,
    0x60, 0x18, 0x18, 0x6, 0x18, 0x1, 0x86, 0x0,
    0x61, 0x80, 0x0, 0x0, 0x0, 0x20, 0x0, 0x8,
    0xf, 0xff, 0xfc,

    /* U+7AEF "端" */
    0xc1, 0x88, 0x60, 0x31, 0xc, 0x86, 0x21, 0x90,
    0xc4, 0x3f, 0x9f, 0xfe, 0x0, 0x0, 0x0, 0x0,
    0x6, 0xcf, 0xff, 0xd8, 0x8, 0x1b, 0x1, 0x3,
    0x60, 0x20, 0x6c, 0xff, 0xf2, 0x1b, 0x66, 0x43,
    0x6c, 0xce, 0x6d, 0x99, 0xcd, 0xb3, 0xc1, 0xb6,
    0x60, 0x30, 0xc, 0x6, 0x7, 0x80,

    /* U+7B2C "第" */
    0x60, 0x30, 0x18, 0xc, 0x7, 0xf3, 0xfc, 0x18,
    0x18, 0xc6, 0xc6, 0x31, 0xb1, 0x87, 0xff, 0xf0,
    0x3, 0xc, 0x0, 0xc3, 0x1f, 0xff, 0xc6, 0xc,
    0x1, 0x83, 0x0, 0x7f, 0xff, 0xc1, 0xb0, 0x30,
    0x6c, 0xc, 0x3, 0x3, 0x18, 0xc0, 0xc0, 0x30,
    0xe, 0xc, 0x70,

    /* U+7B49 "等" */
    0x20, 0x20, 0x8, 0x8, 0x3, 0xf3, 0xff, 0x1b,
    0x18, 0xc6, 0xc6, 0x31, 0xb1, 0x83, 0xff, 0xf0,
    0x3, 0x0, 0x0, 0xc0, 0x3f, 0xff, 0xf0, 0x0,
    0x60, 0x0, 0x18, 0xff, 0xff, 0xc1, 0x81, 0x80,
    0x60, 0x60, 0x0, 0x18, 0x1, 0x6, 0x0, 0x1,
    0x80, 0x3, 0xe0,

    /* U+7B54 "答" */
    0x60, 0x20, 0x18, 0x8, 0x7, 0xf3, 0xff, 0x1b,
    0x18, 0xc6, 0xc6, 0x31, 0xb1, 0x80, 0x1e, 0x0,
    0x78, 0x78, 0x1e, 0x1e, 0x39, 0xfe, 0x70, 0x0,
    0x0, 0x0, 0x0, 0x7f, 0xff, 0x98, 0x0, 0x66,
    0x0, 0x19, 0x80, 0x6, 0x60, 0x1, 0x98, 0x0,
    0x67, 0xff, 0xf8,

    /* U+7B80 "简" */
    0x30, 0x30, 0xc, 0xc, 0x3, 0xf3, 0xff, 0x1b,
    0x8, 0xc6, 0xc2, 0x31, 0xb0, 0x83, 0x7f, 0xf8,
    0x0, 0x6, 0x0, 0x1, 0x8d, 0xff, 0x63, 0x60,
    0xd8, 0xd8, 0x36, 0x37, 0xfd, 0x8d, 0x83, 0x63,
    0x60, 0xd8, 0xd8, 0x36, 0x37, 0xfd, 0x8c, 0x0,
    0x63, 0x0, 0x38,

    /* U+7BA1 "管" */
    0x20, 0x30, 0x4, 0x6, 0x0, 0xfc, 0xff, 0xe3,
    0x63, 0xc, 0x6c, 0x61, 0xff, 0xff, 0xff, 0xff,
    0xfe, 0xc0, 0x33, 0xd8, 0x6, 0x63, 0xff, 0xc0,
    0x60, 0x0, 0xc, 0x0, 0x1, 0xff, 0xf8, 0x30,
    0x3, 0x6, 0x0, 0x60, 0xc0, 0xc, 0x18, 0x1,
    0x83, 0x0, 0x30, 0x7f, 0xfe, 0x0,

    /* U+7CFB "系" */
    0x0, 0xf, 0x8f, 0xfc, 0x3, 0xff, 0x0, 0xff,
    0xc0, 0x1, 0x6, 0x7, 0x8e, 0x1, 0xe3, 0x80,
    0x7, 0x0, 0x1e, 0x1, 0x87, 0x80, 0x61, 0xe0,
    0x1b, 0xff, 0xf9, 0x0, 0xc0, 0x0, 0x30, 0x1,
    0x8c, 0x60, 0x63, 0x18, 0xe0, 0xc1, 0xc0, 0x30,
    0x0, 0x7c, 0x0,

    /* U+7D27 "紧" */
    0x6, 0x7f, 0xf1, 0x80, 0x1c, 0x60, 0x7, 0x18,
    0xc6, 0xc6, 0x31, 0xb1, 0x8c, 0x6c, 0x60, 0xe3,
    0x19, 0xc7, 0x0, 0x0, 0x0, 0x63, 0x0, 0x63,
    0x18, 0x18, 0xc6, 0xff, 0xff, 0xc0, 0x10, 0x0,
    0x4, 0x0, 0x1, 0x0, 0x18, 0x46, 0x0, 0x10,
    0xf, 0x4, 0x1c,

    /* U+7EA2 "红" */
    0x19, 0xff, 0xe3, 0x1, 0x80, 0x60, 0x30, 0x0,
    0x6, 0x3, 0x0, 0xc1, 0x8c, 0x18, 0x31, 0x83,
    0x7, 0xc0, 0x60, 0x18, 0xc, 0x3, 0x1, 0x80,
    0xc0, 0x30, 0x18, 0x6, 0xf, 0xe0, 0xc0, 0x0,
    0x18, 0x0, 0x3, 0x0, 0x0, 0x60, 0x1e, 0xc,
    0x0, 0x1, 0x83, 0xc7, 0xff, 0x80,

    /* U+7EA7 "级" */
    0x61, 0xff, 0x8c, 0x18, 0x31, 0x83, 0x6, 0x0,
    0x60, 0xcd, 0x8c, 0x61, 0xb1, 0x8c, 0x36, 0x31,
    0x87, 0x6, 0x3f, 0xe0, 0xc7, 0xec, 0x18, 0xd,
    0x83, 0x1, 0xe0, 0x78, 0x3f, 0x8d, 0x99, 0xf1,
    0xb3, 0x0, 0x41, 0x80, 0xc8, 0xfc, 0x19, 0x19,
    0x80, 0x0, 0x3, 0x9b, 0xc1, 0x80,

    /* U+7EAF "纯" */
    0x60, 0x18, 0x18, 0x6, 0x6, 0x3f, 0xff, 0x0,
    0x60, 0xc0, 0x18, 0x36, 0xc6, 0x3d, 0xb1, 0x8f,
    0x8c, 0x63, 0xe3, 0x18, 0xd8, 0xc6, 0x3c, 0x3f,
    0xff, 0xf, 0xff, 0xf8, 0x18, 0x0, 0x6, 0x0,
    0x1, 0x80, 0x0, 0x60, 0x18, 0x0, 0xc0, 0x0,
    0x3e, 0x0, 0x7c,

    /* U+7EBF "线" */
    0x18, 0xd, 0x83, 0x1, 0xb0, 0x60, 0x31, 0x98,
    0x7, 0xf3, 0x0, 0xfe, 0x60, 0x1f, 0xf1, 0x9f,
    0x7, 0xc0, 0x60, 0xf8, 0xc, 0x3, 0x1, 0xfc,
    0xc1, 0xf0, 0x18, 0x3e, 0xf, 0xe0, 0xc6, 0x0,
    0xf, 0x0, 0x1, 0xe0, 0x0, 0x3c, 0x1e, 0xe,
    0x60, 0x0, 0xf, 0xc7, 0xc7, 0x80,

    /* U+7EC3 "练" */
    0x60, 0x30, 0x18, 0xc, 0x6, 0x7f, 0xff, 0x3,
    0x0, 0xc0, 0xc0, 0x31, 0xfe, 0xc, 0x7f, 0x83,
    0xe4, 0x60, 0xf9, 0x18, 0x18, 0x7f, 0xfc, 0x1,
    0x83, 0x0, 0x60, 0xf8, 0xd9, 0x3e, 0x36, 0x40,
    0xd, 0x8c, 0x67, 0x63, 0x19, 0x18, 0xc0, 0x6,
    0xe, 0x3, 0x80,

    /* U+7EC4 "组" */
    0x61, 0xff, 0x18, 0x40, 0x46, 0x10, 0x10, 0x4,
    0x4, 0xc1, 0x1, 0x36, 0x7f, 0xcd, 0x9f, 0xf3,
    0x84, 0x4, 0xe1, 0x1, 0x18, 0x40, 0x4c, 0x1f,
    0xf3, 0x7, 0xfc, 0xf9, 0x1, 0x0, 0x40, 0x40,
    0x10, 0x10, 0x4, 0x4, 0x19, 0x1, 0x0, 0x40,
    0x4e, 0x7f, 0xfc,

    /* U+7EC6 "细" */
    0x63, 0xff, 0xd8, 0xff, 0xf6, 0x31, 0x8f, 0xc,
    0x63, 0xc3, 0x18, 0xf6, 0xc6, 0x3d, 0xb1, 0x8f,
    0x8c, 0x63, 0xe3, 0xff, 0xd8, 0xff, 0xfc, 0x31,
    0x8f, 0xc, 0x63, 0xfb, 0x18, 0xc0, 0xc6, 0x30,
    0x31, 0x8c, 0xc, 0x63, 0x1b, 0x18, 0xc0, 0xc6,
    0x3e, 0x3f, 0xfc,

    /* U+7ECF "经" */
    0x63, 0xff, 0x98, 0x0, 0x66, 0x0, 0x1b, 0x0,
    0x18, 0xc0, 0x6, 0x36, 0x6, 0xd, 0x81, 0x83,
    0x83, 0x98, 0xe7, 0xe7, 0xd9, 0xc0, 0x7c, 0xf,
    0xfb, 0x3, 0xfe, 0xf8, 0x18, 0x0, 0x6, 0x0,
    0x1, 0x80, 0x0, 0x60, 0x18, 0x18, 0x0, 0x6,
    0xe, 0x3f, 0xfc,

    /* U+7ED3 "结" */
    0x18, 0xc, 0x3, 0x1, 0x80, 0x60, 0x30, 0x18,
    0xff, 0xf3, 0x1f, 0xfe, 0x63, 0xff, 0xf1, 0x83,
    0x7, 0xc0, 0x60, 0xf8, 0xc, 0x3, 0xf, 0xf0,
    0xc0, 0x0, 0x18, 0x0, 0xf, 0xe7, 0xf8, 0x0,
    0xc3, 0x0, 0x18, 0x60, 0x3, 0xc, 0x1e, 0x61,
    0x80, 0xc, 0x33, 0xc1, 0xfe, 0x0,

    /* U+7ED9 "给" */
    0x60, 0x8, 0x18, 0xf, 0x86, 0x3, 0x60, 0x0,
    0x0, 0xc0, 0xc1, 0x36, 0xc0, 0x3d, 0xb0, 0xf,
    0x83, 0xfc, 0x60, 0x0, 0x18, 0x0, 0xc, 0x3f,
    0xff, 0xf, 0xff, 0xfb, 0x0, 0xc0, 0xc0, 0x30,
    0x30, 0xc, 0xc, 0x3, 0x1b, 0x0, 0xc0, 0xc0,
    0x3e, 0x3f, 0xfc,

    /* U+7EDC "络" */
    0x60, 0xc0, 0x18, 0x30, 0x6, 0xf, 0xfb, 0xc,
    0x6, 0xc3, 0x1, 0xb7, 0xb1, 0x8d, 0xec, 0x63,
    0x80, 0xe0, 0xe0, 0xfe, 0x18, 0x31, 0x8c, 0x70,
    0x1f, 0x1c, 0x7, 0xfb, 0xff, 0x80, 0xc0, 0x60,
    0x30, 0x18, 0xc, 0x6, 0x1b, 0x1, 0x80, 0xc0,
    0x6e, 0x3f, 0xf8,

    /* U+7EDD "绝" */
    0x60, 0xc0, 0x18, 0x3f, 0x86, 0xf, 0xe0, 0x0,
    0x18, 0xc3, 0x6, 0x30, 0xc1, 0x8c, 0xff, 0xff,
    0x3f, 0xff, 0xf3, 0x18, 0xd8, 0xc6, 0x36, 0x31,
    0x8f, 0xf, 0xff, 0xc3, 0xff, 0xfc, 0xc0, 0xf,
    0x30, 0x0, 0xc, 0x3, 0x13, 0x0, 0xc0, 0x0,
    0x3e, 0xf, 0xfc,

    /* U+7EDF "统" */
    0x60, 0x30, 0x18, 0xc, 0x6, 0x7f, 0xff, 0x3,
    0x0, 0xc0, 0xc0, 0x36, 0x30, 0x4c, 0x0, 0x13,
    0x84, 0x4, 0xe7, 0xff, 0xd9, 0xff, 0xbc, 0xc,
    0x63, 0x3, 0x18, 0xf8, 0xc6, 0x0, 0x31, 0x80,
    0xc, 0x60, 0x3, 0x18, 0x19, 0x6, 0xc0, 0x1,
    0xbe, 0x60, 0x7c,

    /* U+7EE7 "继" */
    0x63, 0x6, 0x18, 0xcd, 0xb6, 0x33, 0x6f, 0xc,
    0x3c, 0xc3, 0xf, 0x36, 0xc1, 0x8d, 0xb0, 0x63,
    0x8c, 0xff, 0xe3, 0x3f, 0xd8, 0xc1, 0x8c, 0x30,
    0xf3, 0xc, 0x3c, 0xfb, 0x36, 0xc0, 0xc1, 0x80,
    0x30, 0x60, 0xc, 0x0, 0x1b, 0x0, 0x0, 0xc0,
    0xe, 0x3f, 0xfc,

    /* U+7EED "续" */
    0x60, 0x18, 0x18, 0x3f, 0xc6, 0xf, 0xf3, 0x0,
    0x60, 0xc0, 0x18, 0x36, 0xff, 0xfd, 0xbf, 0xff,
    0x82, 0x3, 0xe0, 0x80, 0xd8, 0xd9, 0x8c, 0x8,
    0x63, 0x2, 0x18, 0xfb, 0xff, 0xc0, 0x6, 0x0,
    0x1, 0x80, 0x0, 0x0, 0x18, 0x61, 0x0, 0x0,
    0xe, 0x38, 0xc,

    /* U+7F13 "缓" */
    0x60, 0x7, 0xd8, 0xff, 0xf6, 0x3f, 0x8f, 0x2,
    0x64, 0xc0, 0x99, 0x30, 0x26, 0x4d, 0xbf, 0xff,
    0x81, 0x80, 0xe0, 0x60, 0x18, 0xff, 0xfc, 0x8,
    0x3, 0x2, 0x0, 0xf8, 0xff, 0x0, 0xd8, 0x40,
    0x36, 0x10, 0xd, 0x84, 0x1c, 0x1e, 0x0, 0x0,
    0xe, 0x3e, 0x1c,

    /* U+7F16 "编" */
    0x60, 0x8, 0x18, 0x7f, 0xf6, 0x1f, 0xfc, 0x6,
    0x3, 0xc1, 0x80, 0xf6, 0x7f, 0xfd, 0x9f, 0xff,
    0x86, 0x0, 0xe1, 0x80, 0x18, 0x7f, 0xfc, 0x1b,
    0x6f, 0x6, 0xdb, 0xf9, 0xb6, 0xc0, 0x7f, 0xf0,
    0x1f, 0xfc, 0x7, 0xff, 0x19, 0xb6, 0xc0, 0xd,
    0xbe, 0x63, 0x6c,

    /* U+7F29 "缩" */
    0x60, 0x30, 0xc, 0x6, 0x1, 0x9f, 0xff, 0xe3,
    0x0, 0x3c, 0x60, 0x7, 0xb1, 0x9f, 0x36, 0x33,
    0xe7, 0x6, 0x10, 0xe0, 0xc2, 0xc, 0x21, 0x83,
    0x1c, 0xff, 0xe3, 0x9f, 0xff, 0x93, 0x6, 0x2,
    0x7f, 0xc0, 0x4f, 0xf8, 0x9, 0xff, 0x19, 0x30,
    0x60, 0x26, 0xf, 0x84, 0xff, 0x80,

    /* U+7F51 "网" */
    0xff, 0xff, 0xf8, 0x0, 0xf, 0x0, 0x1, 0xe0,
    0xc3, 0x3c, 0x18, 0x67, 0xb3, 0x6c, 0xf6, 0x6d,
    0x9e, 0x30, 0x43, 0xc6, 0x8, 0x78, 0xc1, 0xf,
    0x66, 0xd9, 0xec, 0xdb, 0x3d, 0x9b, 0x67, 0xb3,
    0x6c, 0xfc, 0x10, 0x1e, 0x0, 0x3, 0xc0, 0x0,
    0x78, 0x0, 0xf, 0x0, 0x1f, 0x80,

    /* U+7F6E "置" */
    0xff, 0xff, 0xf1, 0x86, 0x3c, 0x61, 0x8f, 0x18,
    0x63, 0xff, 0xff, 0xc0, 0x30, 0x0, 0xc, 0x3,
    0xff, 0xff, 0x0, 0xc0, 0x0, 0x30, 0x0, 0xc,
    0x0, 0x7f, 0xf8, 0x18, 0x6, 0x6, 0x1, 0x81,
    0xff, 0xe0, 0x60, 0x18, 0x18, 0x6, 0x6, 0x1,
    0x8f, 0xff, 0xfc,

    /* U+8001 "老" */
    0x1, 0x1, 0xf, 0xf9, 0x83, 0xfe, 0x60, 0xff,
    0x98, 0x1, 0x18, 0x0, 0x48, 0x0, 0x12, 0x3,
    0xff, 0xff, 0x1, 0x0, 0x0, 0x40, 0x0, 0x0,
    0x0, 0x78, 0x4, 0xe6, 0x1e, 0x39, 0x87, 0x80,
    0x7e, 0x0, 0x18, 0x0, 0x6, 0x0, 0xc0, 0x0,
    0x30, 0x1f, 0xfc,

    /* U+8003 "考" */
    0x1, 0x1, 0x0, 0x40, 0x3, 0xfe, 0x60, 0x4,
    0x0, 0x1, 0x18, 0x0, 0x46, 0xf, 0xff, 0xfc,
    0x3, 0x0, 0x0, 0xc0, 0x1, 0xff, 0xc1, 0xe0,
    0x0, 0x78, 0x0, 0xe7, 0xff, 0x0, 0x0, 0x40,
    0x0, 0x10, 0x0, 0x4, 0x0, 0x0, 0x0, 0x0,
    0x0, 0x3, 0xe0,

    /* U+8005 "者" */
    0x1, 0x0, 0xcf, 0xfe, 0x43, 0xff, 0x90, 0xff,
    0xe4, 0x1, 0x6, 0x0, 0x46, 0x0, 0x11, 0x83,
    0xff, 0xff, 0x6, 0x0, 0x1, 0x80, 0x0, 0x60,
    0x0, 0x7f, 0xfc, 0x38, 0x1, 0xe, 0x0, 0x4d,
    0xff, 0xf0, 0x60, 0x4, 0x18, 0x1, 0x6, 0x0,
    0x41, 0xff, 0xf0,

    /* U+800C "而" */
    0xff, 0xff, 0xc0, 0x30, 0x0, 0xc, 0x0, 0x0,
    0x0, 0x1, 0x0, 0x0, 0x40, 0xf, 0xff, 0xff,
    0x18, 0x23, 0xc6, 0x8, 0xf1, 0x82, 0x3c, 0x60,
    0x8f, 0x18, 0x23, 0xc6, 0x8, 0xf1, 0x82, 0x3c,
    0x60, 0x8f, 0x18, 0x23, 0xc6, 0x8, 0xf0, 0x0,
    0x3c, 0x0, 0x1c,

    /* U+8046 "聆" */
    0xff, 0x8f, 0x98, 0xc0, 0x3, 0x18, 0xc1, 0xff,
    0x60, 0xf, 0xec, 0x1, 0xfd, 0x80, 0x31, 0xbf,
    0xfe, 0x30, 0x0, 0xc6, 0x0, 0x1f, 0xc0, 0x3,
    0xf8, 0x0, 0x63, 0x7f, 0xfc, 0x60, 0xc7, 0x8c,
    0x18, 0xff, 0x83, 0x1f, 0xf0, 0x63, 0xc6, 0xd,
    0xe0, 0xc1, 0x80, 0x18, 0x30, 0x0,

    /* U+8054 "联" */
    0xfe, 0xc3, 0x19, 0x80, 0x6, 0x62, 0x41, 0x98,
    0x90, 0x7e, 0xff, 0x1f, 0xbf, 0xc6, 0x61, 0x81,
    0x98, 0x60, 0x66, 0x18, 0x1f, 0x86, 0x7, 0xe1,
    0x81, 0x9f, 0xff, 0x66, 0x18, 0x19, 0x86, 0x7,
    0xfa, 0x41, 0xfe, 0x90, 0xe6, 0xc3, 0x1, 0x80,
    0x0, 0x78, 0xc,

    /* U+80CC "背" */
    0x6, 0x30, 0x1, 0x8c, 0xf, 0xe3, 0x1c, 0x18,
    0xf8, 0x6, 0x3e, 0x1, 0x8f, 0x81, 0xe0, 0x7,
    0x98, 0x3f, 0xe6, 0xf, 0xc7, 0xff, 0x81, 0x80,
    0x60, 0x60, 0x18, 0x1f, 0xfe, 0x6, 0x1, 0x81,
    0x80, 0x60, 0x60, 0x18, 0x1f, 0xfe, 0x6, 0x1,
    0x81, 0x80, 0x60,

    /* U+80FD "能" */
    0x30, 0x31, 0xf1, 0x8f, 0x8c, 0x63, 0xe3, 0x18,
    0xf8, 0xf9, 0xb0, 0x0, 0xc, 0x30, 0x0, 0xf,
    0xfe, 0x3f, 0xc1, 0x80, 0x30, 0x60, 0xc, 0x18,
    0x3, 0xfe, 0xc7, 0xff, 0xb1, 0xf0, 0x6f, 0x8c,
    0x1b, 0xe3, 0xfe, 0xc0, 0xc1, 0xb0, 0xf0, 0x60,
    0x3c, 0x78, 0xfc,

    /* U+8111 "脑" */
    0xf8, 0x8, 0x1b, 0x1, 0x3, 0x67, 0xff, 0xec,
    0x0, 0xd, 0x80, 0x1, 0xf3, 0x0, 0xfe, 0x60,
    0x1e, 0xce, 0xf, 0xd9, 0xb6, 0x7b, 0x36, 0xcf,
    0x66, 0xd9, 0xfc, 0xc4, 0x3d, 0x9b, 0x67, 0xb3,
    0x6c, 0xf6, 0x70, 0x7e, 0xcc, 0x3, 0xd9, 0x80,
    0x7b, 0x30, 0xf, 0x67, 0xff, 0x80,

    /* U+811A "脚" */
    0xf8, 0x47, 0xfb, 0x8, 0xcf, 0x61, 0x19, 0xef,
    0xff, 0x3d, 0xff, 0xe7, 0xbf, 0xfc, 0xfe, 0x11,
    0x9e, 0xc2, 0x33, 0xd8, 0x46, 0x7b, 0xff, 0xcf,
    0x7f, 0xf9, 0xfc, 0xc3, 0x3d, 0x98, 0x67, 0xb3,
    0xc, 0xf6, 0x6d, 0xfe, 0xcd, 0xbf, 0xde, 0x36,
    0x1b, 0xc0, 0xc3, 0x7f, 0x38, 0x0,

    /* U+8272 "色" */
    0xc, 0x0, 0x1, 0x80, 0x0, 0x3f, 0xf0, 0x7,
    0xfe, 0x3, 0x0, 0xc0, 0x60, 0x18, 0x3f, 0xff,
    0xe7, 0xff, 0xfc, 0x30, 0x61, 0x86, 0xc, 0x30,
    0xc1, 0x86, 0x1f, 0xff, 0xc3, 0xff, 0xf8, 0x60,
    0x0, 0xc, 0x0, 0x1, 0x80, 0x3, 0x30, 0x0,
    0x60, 0x0, 0xc, 0x3f, 0xff, 0x80,

    /* U+8282 "节" */
    0x6, 0x18, 0x1, 0x86, 0xf, 0xff, 0xfc, 0x18,
    0x60, 0x6, 0x18, 0x0, 0x0, 0x0, 0x0, 0x0,
    0xff, 0xfc, 0x1, 0x1, 0x0, 0x40, 0x40, 0x10,
    0x10, 0x4, 0x4, 0x1, 0x1, 0x0, 0x40, 0x0,
    0x11, 0xe0, 0x4, 0x0, 0x1, 0x0, 0x0, 0x40,
    0x0, 0x10, 0x0,

    /* U+82B1 "花" */
    0x6, 0x18, 0x1, 0x86, 0xf, 0xff, 0xfc, 0x18,
    0x60, 0x6, 0x18, 0x0, 0x0, 0x0, 0x0, 0x0,
    0x18, 0x80, 0x6, 0x20, 0x6, 0x8, 0x31, 0x82,
    0xc, 0xe0, 0x9c, 0x38, 0x27, 0x36, 0x7e, 0xd,
    0x9f, 0x80, 0x60, 0x80, 0x18, 0x20, 0xc6, 0x0,
    0x31, 0x81, 0xfc,

    /* U+8304 "茄" */
    0x6, 0x18, 0x1, 0x86, 0xf, 0xff, 0xfc, 0x18,
    0x60, 0x6, 0x18, 0x6, 0x0, 0x1, 0x80, 0x3,
    0xff, 0x7f, 0x18, 0xd8, 0xc6, 0x36, 0x31, 0x8d,
    0x8c, 0x63, 0x63, 0x18, 0xd8, 0xc6, 0x36, 0x32,
    0xd, 0x8c, 0x83, 0x63, 0x20, 0xd8, 0xc0, 0x6,
    0x3c, 0x71, 0xfc,

    /* U+83DC "菜" */
    0x6, 0x8, 0x1, 0x82, 0xf, 0xff, 0xfc, 0x18,
    0x20, 0x6, 0x8, 0x0, 0x2, 0x0, 0x0, 0xf8,
    0xff, 0xc0, 0x3f, 0xf0, 0x8, 0x40, 0x60, 0x0,
    0x0, 0x63, 0x18, 0xff, 0xff, 0xc1, 0xb2, 0x0,
    0x6c, 0x80, 0x3, 0x0, 0x18, 0xc6, 0x0, 0x30,
    0xe, 0xc, 0x1c,

    /* U+884C "行" */
    0x18, 0xff, 0x80, 0x0, 0x0, 0x80, 0x0, 0x60,
    0x0, 0xc, 0x0, 0x1, 0x80, 0x0, 0x6, 0x7f,
    0xf8, 0x0, 0x10, 0x20, 0x2, 0x1c, 0x0, 0x40,
    0x80, 0x8, 0x10, 0x1, 0x2, 0x0, 0x20, 0x40,
    0x4, 0x8, 0x0, 0x81, 0x0, 0x10, 0x20, 0x2,
    0x4, 0x0, 0x40, 0x80, 0xf8, 0x0,

    /* U+8868 "表" */
    0x0, 0xc0, 0x0, 0x30, 0x3, 0xff, 0xf0, 0x3,
    0x0, 0x0, 0xc0, 0x0, 0x30, 0x3, 0xff, 0xf0,
    0x3, 0x0, 0x0, 0xc0, 0x3f, 0xff, 0xf0, 0x12,
    0x0, 0x4, 0x80, 0x6, 0x20, 0xfe, 0x6, 0x4f,
    0x81, 0x93, 0xe0, 0x64, 0x19, 0xc6, 0x6, 0x0,
    0x1, 0xe0, 0x1c,

    /* U+8877 "衷" */
    0x0, 0xc0, 0x0, 0x30, 0xf, 0xff, 0xfc, 0x3,
    0x0, 0x0, 0xc0, 0x0, 0x30, 0x3, 0xff, 0xf0,
    0x83, 0x4, 0x20, 0xc1, 0xf, 0xff, 0xc0, 0xc,
    0x0, 0x0, 0x0, 0x7, 0x30, 0xfe, 0x2, 0x4f,
    0x80, 0x93, 0xe0, 0x24, 0x19, 0xc6, 0x6, 0x0,
    0x1, 0xe0, 0x1c,

    /* U+888B "袋" */
    0x6, 0x21, 0x0, 0x8, 0x41, 0x83, 0xff, 0xe7,
    0xff, 0xf9, 0xe0, 0x6, 0x6, 0x31, 0x81, 0xfc,
    0x60, 0x1f, 0x0, 0x0, 0x0, 0x30, 0x0, 0xc,
    0x3, 0xff, 0xff, 0x6, 0x20, 0x1, 0x88, 0xf,
    0x81, 0x93, 0xe0, 0x64, 0x19, 0xc6, 0x6, 0x0,
    0x1, 0xe0, 0x1c,

    /* U+8981 "要" */
    0xff, 0xff, 0xc0, 0x48, 0x0, 0x12, 0x0, 0x4,
    0x80, 0x3f, 0xff, 0x8, 0x48, 0x42, 0x12, 0x10,
    0xff, 0xfc, 0x1, 0x0, 0x0, 0x40, 0x0, 0x10,
    0x3, 0xff, 0xff, 0x6, 0x6, 0x1, 0x81, 0x81,
    0xe1, 0x80, 0x78, 0x60, 0x1, 0xe0, 0x0, 0x0,
    0xf, 0xe1, 0xfc,

    /* U+89C1 "见" */
    0x3f, 0xff, 0x86, 0x0, 0x30, 0xc0, 0x6, 0x18,
    0x0, 0xc3, 0x0, 0x18, 0x60, 0x3, 0xc, 0x18,
    0x61, 0x83, 0xc, 0x30, 0x61, 0x86, 0xc, 0x30,
    0xc1, 0x86, 0x18, 0x30, 0xc0, 0x19, 0x0, 0x3,
    0x20, 0x0, 0x64, 0x0, 0xc, 0x83, 0x6, 0x10,
    0x60, 0x2, 0xf, 0xf0, 0x7f, 0x80,

    /* U+89C2 "观" */
    0x0, 0x7f, 0x80, 0x8, 0x33, 0xf9, 0x6, 0x3,
    0x24, 0xc0, 0x64, 0x99, 0x8c, 0x93, 0x31, 0x92,
    0x61, 0x32, 0x4c, 0x26, 0x49, 0x84, 0xc9, 0x30,
    0x61, 0x26, 0xc, 0x4, 0x1, 0x80, 0x80, 0x30,
    0x10, 0x9, 0x8d, 0x99, 0x33, 0xb3, 0x26, 0x46,
    0x60, 0x0, 0xcf, 0x6, 0x1f, 0x80,

    /* U+89C8 "览" */
    0x6, 0x30, 0x0, 0xc6, 0x3, 0x18, 0xff, 0xe3,
    0x1b, 0xc, 0x63, 0x61, 0x8c, 0x0, 0x31, 0xb0,
    0x66, 0x36, 0xc, 0x3f, 0xff, 0x86, 0x0, 0x30,
    0xc0, 0x6, 0x18, 0x60, 0xc3, 0xc, 0x18, 0x61,
    0x83, 0x0, 0x4c, 0x0, 0x9, 0x80, 0x6, 0x30,
    0x60, 0x6, 0xf, 0xe0, 0xff, 0x80,

    /* U+8A00 "言" */
    0x1, 0x0, 0x0, 0x0, 0x0, 0xc, 0x0, 0x3,
    0x0, 0xff, 0xff, 0xc0, 0x0, 0x0, 0x0, 0x0,
    0xff, 0xfc, 0x0, 0x0, 0x0, 0x0, 0x0, 0x0,
    0x0, 0xff, 0xfc, 0x0, 0x0, 0x0, 0x0, 0x3,
    0xff, 0xf0, 0x80, 0x4, 0x20, 0x1, 0x8, 0x0,
    0x43, 0xff, 0xf0,

    /* U+8BA1 "计" */
    0x30, 0xc, 0x0, 0x1, 0x80, 0x20, 0x30, 0x0,
    0x6, 0x0, 0x0, 0xc0, 0x0, 0x18, 0x0, 0x3,
    0x7, 0x8f, 0xff, 0x30, 0xc, 0x6, 0x1, 0x80,
    0xc0, 0x30, 0x18, 0x6, 0x3, 0x0, 0xc0, 0x60,
    0x18, 0xd, 0x83, 0x1, 0xb0, 0x60, 0x38, 0xc,
    0x6, 0x1, 0x80, 0xc0, 0x30, 0x0,

    /* U+8BA4 "认" */
    0x60, 0x18, 0x0, 0x6, 0x1, 0x81, 0x80, 0x0,
    0x60, 0x0, 0x18, 0x0, 0x6, 0x0, 0x1, 0x83,
    0xe0, 0x60, 0x18, 0x18, 0x6, 0x6, 0x1, 0x86,
    0x60, 0x61, 0x98, 0x18, 0x66, 0x6, 0x19, 0x81,
    0x88, 0x10, 0x7a, 0x4, 0x1e, 0x81, 0x6, 0x0,
    0x1, 0xb0, 0xc,

    /* U+8BA9 "让" */
    0x60, 0x18, 0x0, 0x6, 0x1, 0x81, 0x80, 0x0,
    0x60, 0x0, 0x18, 0x0, 0x6, 0x0, 0x1, 0x83,
    0xe0, 0x7f, 0x18, 0x18, 0x6, 0x6, 0x1, 0x81,
    0x80, 0x60, 0x60, 0x18, 0x18, 0x6, 0x6, 0x1,
    0xb1, 0x80, 0x6c, 0x60, 0x1e, 0x18, 0x6, 0x6,
    0x1, 0xbf, 0xfc,

    /* U+8BB0 "记" */
    0xc1, 0xff, 0x80, 0x0, 0x30, 0xc0, 0x6, 0x0,
    0x0, 0xc0, 0x0, 0x18, 0x0, 0x3, 0x0, 0x0,
    0x67, 0x80, 0xc, 0xf0, 0x1, 0x86, 0x3f, 0xf0,
    0xc6, 0x0, 0x18, 0xc0, 0x3, 0x18, 0x0, 0x63,
    0x0, 0xd, 0xe0, 0x19, 0xbc, 0x3, 0x39, 0x80,
    0x66, 0x0, 0xc, 0xc3, 0xff, 0x80,

    /* U+8BB2 "讲" */
    0xc0, 0xc1, 0xc, 0x30, 0x43, 0xc, 0x10, 0xc3,
    0x4, 0x7, 0xff, 0xc0, 0x30, 0x40, 0xc, 0x13,
    0xc3, 0x4, 0x30, 0xc1, 0xc, 0x30, 0x43, 0xc,
    0x10, 0xdf, 0xff, 0x30, 0xc1, 0xc, 0x30, 0x43,
    0xc, 0x10, 0xc0, 0x4, 0x39, 0x1, 0xc, 0x0,
    0x43, 0x60, 0x10,

    /* U+8BB8 "许" */
    0xc1, 0x0, 0xc, 0x7f, 0xe3, 0x1f, 0xf8, 0xc7,
    0xfe, 0x6, 0x8, 0x0, 0x2, 0x0, 0x0, 0x83,
    0xc0, 0x20, 0xf0, 0x8, 0xd, 0xff, 0xf3, 0x0,
    0x80, 0xc0, 0x20, 0x30, 0x8, 0xc, 0x2, 0x3,
    0x0, 0x80, 0xc0, 0x20, 0x38, 0x8, 0xc, 0x2,
    0x3, 0x0, 0x80,

    /* U+8BBE "设" */
    0xc0, 0xfe, 0x0, 0x31, 0x83, 0xc, 0x60, 0x3,
    0x18, 0x0, 0xc6, 0x0, 0x31, 0x80, 0x0, 0x63,
    0xdc, 0x1f, 0x30, 0x0, 0xc, 0x0, 0x3, 0x0,
    0x0, 0xcf, 0xfe, 0x33, 0x1, 0x8c, 0xc0, 0x63,
    0xc, 0x60, 0xc3, 0x18, 0x38, 0x38, 0xc, 0x0,
    0x3, 0x7c, 0x7c,

    /* U+8BC1 "证" */
    0xc7, 0xff, 0xc0, 0x6, 0x3, 0x1, 0x80, 0x0,
    0x60, 0x0, 0x18, 0x0, 0x6, 0x0, 0x1, 0x83,
    0xc4, 0x60, 0xf1, 0x18, 0xc, 0x47, 0xf3, 0x11,
    0x80, 0xc4, 0x60, 0x31, 0x18, 0xc, 0x46, 0x3,
    0x11, 0x80, 0xc4, 0x60, 0x39, 0x18, 0xc, 0x46,
    0x3, 0x7f, 0xfc,

    /* U+8BC6 "识" */
    0xc1, 0xff, 0x80, 0x20, 0x30, 0xc4, 0x6, 0x0,
    0x80, 0xc0, 0x10, 0x18, 0x2, 0x3, 0x0, 0x40,
    0x67, 0x88, 0xc, 0xf1, 0x1, 0x86, 0x3f, 0xf0,
    0xc0, 0x0, 0x18, 0x0, 0x3, 0x0, 0x0, 0x60,
    0x0, 0xc, 0x31, 0x81, 0x86, 0x30, 0x39, 0x1,
    0x86, 0x0, 0x0, 0xd8, 0x1, 0x80,

    /* U+8BCD "词" */
    0xc1, 0xff, 0xe6, 0x0, 0xc, 0xc0, 0x1, 0x98,
    0x0, 0x30, 0x1f, 0xe6, 0x0, 0x0, 0xc0, 0x0,
    0x1f, 0x8f, 0xf3, 0x31, 0x86, 0x66, 0x30, 0xcc,
    0xc6, 0x19, 0x98, 0xc3, 0x33, 0x18, 0x66, 0x63,
    0xc, 0xcc, 0x7f, 0x99, 0x8f, 0xf3, 0x38, 0x0,
    0x66, 0x0, 0xc, 0xc0, 0x1f, 0x80,

    /* U+8BD5 "试" */
    0xc0, 0xd, 0x86, 0x1, 0x8c, 0xc0, 0x31, 0x98,
    0x6, 0x30, 0x7f, 0xfe, 0x0, 0x18, 0x0, 0x3,
    0x7, 0x80, 0x60, 0x37, 0xfc, 0x6, 0xff, 0x80,
    0xc3, 0x8, 0x18, 0x61, 0x3, 0xc, 0x20, 0x61,
    0x84, 0xc, 0x30, 0x99, 0xc7, 0xef, 0x38, 0xfd,
    0xe6, 0xe0, 0xc, 0xdc, 0x1, 0x80,

    /* U+8BDA "诚" */
    0x30, 0x3, 0x61, 0x0, 0x6c, 0x20, 0xd, 0x84,
    0x1, 0xb0, 0x1f, 0xfe, 0x3, 0x6, 0x3c, 0x7c,
    0xdf, 0x8f, 0x9b, 0x31, 0xb3, 0x66, 0x36, 0x6c,
    0xc6, 0xcd, 0x98, 0xd8, 0x3, 0x1b, 0x8, 0x63,
    0xe1, 0xc, 0x7c, 0x21, 0x8c, 0x0, 0x39, 0x83,
    0x66, 0xc7, 0x8c, 0xd8, 0xf1, 0x80,

    /* U+8BDD "话" */
    0xc0, 0x3, 0x80, 0x0, 0x0, 0xc7, 0xf0, 0x0,
    0x6, 0x0, 0x0, 0xc0, 0x0, 0x18, 0x0, 0x3,
    0x7, 0x8f, 0xff, 0x30, 0xc, 0x6, 0x1, 0x80,
    0xc0, 0x30, 0x18, 0x6, 0x3, 0xf, 0xf8, 0x6d,
    0x81, 0xd, 0xb0, 0x21, 0xb6, 0x4, 0x38, 0xc0,
    0x86, 0x18, 0x10, 0xc3, 0xfe, 0x0,

    /* U+8BE2 "询" */
    0xc0, 0xc0, 0x0, 0x18, 0x0, 0xc3, 0xff, 0x80,
    0x80, 0x30, 0x10, 0x6, 0x2, 0x0, 0xc1, 0xbf,
    0xdf, 0x86, 0x1b, 0xf0, 0xc3, 0x66, 0x1f, 0xec,
    0xc3, 0xd, 0x98, 0x61, 0xb3, 0xc, 0x36, 0x61,
    0x86, 0xcd, 0xbf, 0xd9, 0xb7, 0xfb, 0x38, 0x0,
    0x66, 0x0, 0x0, 0xc0, 0xe, 0x0,

    /* U+8BE5 "该" */
    0x30, 0xc, 0x0, 0x1, 0x80, 0x37, 0xff, 0x80,
    0x18, 0x0, 0x3, 0x0, 0x0, 0x81, 0x0, 0x10,
    0x27, 0x8f, 0xf8, 0x30, 0xc, 0x6, 0x1, 0x80,
    0xc0, 0xc1, 0x98, 0x18, 0x33, 0x1c, 0x8, 0x60,
    0x6, 0xc, 0x0, 0xc1, 0x80, 0x18, 0x3c, 0x3c,
    0x86, 0x0, 0x0, 0xc7, 0x1, 0x80,

    /* U+8BED "语" */
    0xc1, 0xff, 0xcc, 0xc, 0x3, 0x3, 0x0, 0xc0,
    0xc0, 0x1, 0xff, 0x0, 0x30, 0x40, 0xc, 0x13,
    0xc3, 0x4, 0xf0, 0xc1, 0xd, 0xff, 0xf3, 0x0,
    0x0, 0xc0, 0x0, 0x31, 0xff, 0xcc, 0x40, 0x33,
    0x10, 0xc, 0xc4, 0x3, 0x39, 0x0, 0xcc, 0x40,
    0x33, 0x1f, 0xfc,

    /* U+8BEF "误" */
    0xc1, 0xff, 0x0, 0x40, 0x43, 0x10, 0x10, 0x4,
    0x4, 0x1, 0x1, 0x0, 0x40, 0x40, 0x1f, 0xf3,
    0xc0, 0x0, 0xf0, 0x0, 0xc, 0x7f, 0xc3, 0x1,
    0x80, 0xc0, 0x60, 0x37, 0xff, 0xcc, 0x6, 0x3,
    0x1, 0x80, 0xc0, 0x0, 0x38, 0x36, 0xc, 0x0,
    0x3, 0x7c, 0x1c,

    /* U+8BF4 "说" */
    0xc1, 0x1, 0x86, 0x18, 0xc0, 0xc3, 0x18, 0x18,
    0x63, 0x0, 0x1f, 0xf8, 0x3, 0xff, 0x0, 0x40,
    0x67, 0x88, 0xc, 0xf1, 0x1, 0x86, 0x20, 0x30,
    0xc7, 0xfe, 0x18, 0xff, 0xc3, 0xc, 0x60, 0x61,
    0x8c, 0xd, 0xb1, 0x99, 0xb6, 0x33, 0x39, 0x6,
    0x66, 0x0, 0xcc, 0xd8, 0x1f, 0x80,

    /* U+8BF7 "请" */
    0xc0, 0xc, 0x0, 0x1, 0x80, 0xcf, 0xfe, 0x0,
    0x6, 0x0, 0x0, 0xc0, 0x0, 0x18, 0x0, 0xff,
    0xe7, 0x80, 0x60, 0xf0, 0xc, 0x6, 0xff, 0xfc,
    0xcc, 0x6, 0x19, 0x80, 0xc3, 0x3f, 0xf8, 0x6e,
    0x3, 0xd, 0xc0, 0x61, 0xb8, 0xc, 0x3b, 0xff,
    0x86, 0x60, 0x30, 0xcc, 0x6, 0x0,

    /* U+8BFB "读" */
    0xc0, 0x18, 0x0, 0x6, 0x3, 0x1f, 0xf0, 0x0,
    0x60, 0x0, 0x18, 0x0, 0x6, 0x0, 0x7f, 0xff,
    0xc3, 0x3, 0xf0, 0xc0, 0xcd, 0x8d, 0x83, 0x10,
    0x60, 0xc4, 0x18, 0x37, 0xff, 0xcc, 0x6, 0x3,
    0x1, 0x80, 0xc0, 0x0, 0x38, 0xf1, 0xc, 0x0,
    0x3, 0x70, 0xc,

    /* U+8C03 "调" */
    0xc1, 0xff, 0xe6, 0x31, 0xc, 0xc6, 0x21, 0x98,
    0xc4, 0x30, 0x1b, 0xe6, 0x3, 0x10, 0xc0, 0x62,
    0x1f, 0x8d, 0xf3, 0x31, 0x80, 0x66, 0x30, 0xc,
    0xc6, 0x1, 0x98, 0xdf, 0x33, 0x1b, 0x66, 0x63,
    0x6c, 0xcd, 0xef, 0x99, 0xbd, 0xf3, 0x39, 0x80,
    0x66, 0x0, 0xc, 0xd8, 0x7, 0x80,

    /* U+8C61 "象" */
    0x1f, 0xf8, 0x0, 0x3, 0x0, 0x80, 0x60, 0x10,
    0xc, 0xf, 0xff, 0xf8, 0x41, 0x83, 0x8, 0x30,
    0x61, 0xff, 0xfc, 0x3f, 0xff, 0x80, 0xf8, 0xf,
    0xe3, 0x86, 0x7c, 0x70, 0xc0, 0x71, 0xe1, 0xf1,
    0xf3, 0x3e, 0x3e, 0x67, 0xc7, 0xcc, 0x7, 0x18,
    0x60, 0x0, 0x3, 0xe3, 0x80, 0x0,

    /* U+8D25 "败" */
    0xff, 0xb0, 0x30, 0x6c, 0xc, 0x1b, 0x3, 0x6,
    0xc0, 0xd9, 0xbf, 0xf6, 0x78, 0x6d, 0x9e, 0x1b,
    0x66, 0xc6, 0xd9, 0xb1, 0xb6, 0x6c, 0x6d, 0x9b,
    0x63, 0x66, 0xd8, 0xd9, 0xb6, 0x6, 0x2, 0x1,
    0x80, 0x80, 0x60, 0x20, 0x26, 0x36, 0x0, 0x0,
    0xc, 0x1e, 0x1c,

    /* U+8D77 "起" */
    0x4, 0x3f, 0x80, 0x80, 0x30, 0xfc, 0x6, 0x2,
    0x0, 0xc0, 0x40, 0x18, 0x8, 0x3, 0x1, 0x0,
    0x67, 0xf9, 0xfc, 0x4, 0x30, 0x0, 0x86, 0x0,
    0x10, 0xc0, 0x12, 0x18, 0x32, 0x73, 0x6, 0x48,
    0x0, 0xc9, 0x3, 0xf8, 0x20, 0x0, 0xdc, 0x0,
    0x1b, 0x80, 0x3, 0xf, 0xff, 0x80,

    /* U+8D85 "超" */
    0x6, 0x3f, 0xc1, 0x86, 0x33, 0xfd, 0x8c, 0x18,
    0x63, 0x6, 0x0, 0xc1, 0x80, 0x30, 0x62, 0x3f,
    0xff, 0x0, 0xff, 0xc0, 0x1, 0x8f, 0xf0, 0x62,
    0xc, 0x98, 0x83, 0x27, 0xe0, 0xc9, 0xf8, 0x32,
    0x63, 0xfc, 0x18, 0x0, 0xde, 0x0, 0x37, 0x80,
    0xc, 0x1f, 0xfc,

    /* U+8DB3 "足" */
    0x3f, 0xff, 0x84, 0x0, 0x30, 0x80, 0x6, 0x10,
    0x0, 0xc2, 0x0, 0x18, 0x40, 0x3, 0x8, 0x0,
    0x61, 0xff, 0xfc, 0x0, 0xc0, 0x0, 0x18, 0x0,
    0x63, 0x0, 0xc, 0x60, 0x1, 0x8f, 0xf8, 0x31,
    0x80, 0x6, 0x30, 0x0, 0x6, 0x0, 0x27, 0xc0,
    0x0, 0x0, 0x3, 0x0, 0xff, 0x80,

    /* U+8DC3 "跃" */
    0xfe, 0x3, 0x98, 0xc0, 0x3, 0x19, 0xf0, 0x63,
    0x6, 0xc, 0x60, 0xc1, 0x8c, 0x18, 0x3f, 0x83,
    0x0, 0xc0, 0x60, 0x18, 0xc, 0x3, 0x3f, 0xfc,
    0x67, 0xff, 0xef, 0x6, 0xd, 0x83, 0x31, 0xb0,
    0x66, 0x36, 0xc, 0xc6, 0xc1, 0x98, 0xde, 0x40,
    0x98, 0x0, 0x3, 0xc6, 0x1, 0x80,

    /* U+8DD1 "跑" */
    0xfe, 0xc0, 0x18, 0xd8, 0x3, 0x1b, 0xff, 0xe3,
    0x80, 0x3c, 0x70, 0x7, 0x8e, 0x0, 0xff, 0xbf,
    0x98, 0xc6, 0x33, 0x18, 0xc6, 0x63, 0x18, 0xcf,
    0x7b, 0xf9, 0xef, 0x7f, 0x3d, 0x8c, 0x1f, 0xb1,
    0x80, 0x36, 0x30, 0x6, 0xc6, 0x0, 0xde, 0xc0,
    0x78, 0x0, 0xf, 0xc0, 0xff, 0x80,

    /* U+8EAB "身" */
    0x3, 0x0, 0x0, 0xc0, 0x1, 0xff, 0xe0, 0x60,
    0x18, 0x18, 0x6, 0x6, 0x1, 0x81, 0xff, 0xe0,
    0x60, 0x18, 0x18, 0x6, 0x7, 0xff, 0xb1, 0x80,
    0x70, 0x60, 0x1c, 0xff, 0xfe, 0x0, 0x31, 0x80,
    0xc, 0x60, 0x0, 0x18, 0x7, 0x6, 0x0, 0x1,
    0x8f, 0x83, 0xe0,

    /* U+8F6E "轮" */
    0x18, 0xc, 0x1f, 0xc6, 0x43, 0xf8, 0xc8, 0x7f,
    0x19, 0x3, 0xc, 0x18, 0x0, 0x0, 0x36, 0x40,
    0x1e, 0xc6, 0x0, 0xd8, 0xc0, 0x1f, 0xd8, 0x30,
    0x63, 0x8, 0xc, 0x61, 0x1, 0xef, 0xc0, 0x3d,
    0xf8, 0x3e, 0x30, 0x18, 0xc6, 0x3, 0x18, 0xc0,
    0x63, 0x0, 0xc, 0x60, 0xff, 0x80,

    /* U+8F7B "轻" */
    0x18, 0x7f, 0xbf, 0x80, 0x6f, 0xe0, 0x1b, 0xf8,
    0x6, 0x30, 0x6, 0x0, 0x0, 0xd, 0x80, 0x83,
    0x61, 0xd8, 0xff, 0x1, 0xff, 0xc0, 0x7f, 0xf0,
    0x1c, 0x61, 0xfe, 0x1e, 0x8, 0x7, 0x82, 0xf,
    0x80, 0x80, 0x60, 0x20, 0x18, 0x8, 0x6, 0x2,
    0x1, 0x9f, 0xfc,

    /* U+8F7D "载" */
    0x6, 0x19, 0x80, 0xc3, 0x0, 0xff, 0x61, 0x83,
    0xc, 0x0, 0x61, 0x80, 0xc, 0x30, 0x3f, 0xff,
    0xf8, 0xc0, 0xc0, 0x18, 0x18, 0x1f, 0xfb, 0xf,
    0xff, 0x61, 0x9f, 0xe3, 0xc3, 0xfc, 0x60, 0x7f,
    0x8c, 0x1, 0x81, 0x98, 0x30, 0x33, 0xff, 0xd9,
    0xe0, 0xc0, 0xc, 0x18, 0x81, 0x80,

    /* U+8F83 "较" */
    0x18, 0x18, 0x6, 0x6, 0xf, 0xef, 0xfc, 0xc0,
    0x0, 0x30, 0x0, 0x0, 0x0, 0xd, 0x8c, 0x13,
    0x64, 0x3, 0xfe, 0xc1, 0x3f, 0xb0, 0x41, 0x8c,
    0x10, 0x63, 0x4, 0x1e, 0x26, 0x3e, 0x6, 0xf,
    0x81, 0x83, 0xe0, 0x60, 0x18, 0x26, 0x6, 0x0,
    0x1, 0x9c, 0x1c,

    /* U+8FBE "达" */
    0xc0, 0x8, 0x0, 0x1, 0x0, 0x80, 0x20, 0x0,
    0x4, 0x0, 0x0, 0x80, 0x0, 0x10, 0x1, 0xff,
    0xff, 0x0, 0x40, 0x20, 0x0, 0x4, 0x6, 0xc0,
    0x80, 0xd8, 0x10, 0x1b, 0x2, 0x4, 0x18, 0x40,
    0x83, 0x8, 0x60, 0x18, 0x0, 0x0, 0xd8, 0x0,
    0x1b, 0x0, 0x3, 0x1f, 0xff, 0x80,

    /* U+8FC7 "过" */
    0xc0, 0x6, 0x8, 0x1, 0x82, 0x0, 0x60, 0x80,
    0x18, 0x7, 0xff, 0xc0, 0x1, 0x80, 0x0, 0x63,
    0x86, 0x18, 0xe1, 0x86, 0x8, 0x11, 0x82, 0x4,
    0x60, 0x81, 0x18, 0x20, 0x6, 0x8, 0x1, 0x82,
    0x3, 0xe0, 0x0, 0x0, 0xd8, 0x0, 0x36, 0x0,
    0xc, 0x7f, 0xfc,

    /* U+8FD0 "运" */
    0xc1, 0xff, 0x80, 0x0, 0x0, 0x80, 0x0, 0x0,
    0x0, 0x0, 0x0, 0x0, 0xf, 0xff, 0xc1, 0xff,
    0xff, 0x2, 0x0, 0x20, 0x41, 0x84, 0x8, 0x30,
    0x86, 0x6, 0x10, 0xc0, 0xc2, 0x18, 0xe6, 0x4f,
    0xfc, 0xc9, 0xfc, 0x18, 0x0, 0x0, 0xd8, 0x0,
    0x1b, 0x0, 0x3, 0x1f, 0xff, 0x80,

    /* U+8FD4 "返" */
    0xc0, 0x3, 0xc0, 0x0, 0x2, 0x1f, 0xc0, 0x6,
    0x0, 0x1, 0x80, 0x0, 0x60, 0x0, 0x18, 0x3,
    0x87, 0xff, 0x21, 0xe0, 0x48, 0x78, 0x12, 0x18,
    0x0, 0x86, 0x46, 0x21, 0x8e, 0x8, 0x63, 0x82,
    0x67, 0x1c, 0x0, 0x0, 0xd8, 0x0, 0x36, 0x0,
    0xc, 0x7f, 0xfc,

    /* U+8FD9 "这" */
    0xc0, 0x30, 0x8, 0x3, 0x2, 0x0, 0xc0, 0x80,
    0x30, 0x7, 0xff, 0xc0, 0x0, 0x60, 0x0, 0x1b,
    0x83, 0x6, 0x20, 0x32, 0x8, 0xc, 0x82, 0x3,
    0x20, 0x80, 0x30, 0x20, 0x32, 0x8, 0xc, 0x82,
    0x1c, 0x1c, 0x0, 0x0, 0xd8, 0x0, 0x36, 0x0,
    0xc, 0x7f, 0xfc,

    /* U+8FDB "进" */
    0xc0, 0x46, 0x8, 0x11, 0x82, 0x4, 0x60, 0x81,
    0x18, 0x7, 0xff, 0xc0, 0x11, 0x80, 0x4, 0x63,
    0x81, 0x18, 0xe0, 0x46, 0x9, 0xff, 0xf2, 0x4,
    0x60, 0x81, 0x18, 0x20, 0x46, 0x8, 0x1, 0x82,
    0x18, 0x60, 0x0, 0x0, 0xd8, 0x0, 0x36, 0x0,
    0xc, 0x7f, 0xfc,

    /* U+8FDD "违" */
    0xc0, 0x30, 0x0, 0x6, 0x0, 0x9f, 0xff, 0x80,
    0x18, 0x0, 0x3, 0x0, 0x0, 0x60, 0x0, 0x7f,
    0xe7, 0x1, 0x80, 0xe0, 0x30, 0x4, 0xff, 0xfc,
    0x80, 0xc1, 0x90, 0x18, 0x32, 0x3, 0x6, 0x40,
    0x67, 0x8, 0xc, 0xe1, 0x1, 0x9c, 0xd8, 0x30,
    0x18, 0x6, 0x3, 0x1f, 0xff, 0x80,

    /* U+8FDE "连" */
    0xc0, 0x30, 0x0, 0x6, 0x0, 0x9f, 0xff, 0x80,
    0x20, 0x0, 0x4, 0x0, 0x0, 0x0, 0x0, 0x63,
    0x7, 0xc, 0x60, 0xe1, 0x8c, 0x4, 0x3f, 0xfc,
    0x80, 0x30, 0x10, 0x6, 0x2, 0x7f, 0xfe, 0x40,
    0x18, 0x8, 0x3, 0x0, 0x0, 0x60, 0xd8, 0xc,
    0x18, 0x1, 0x83, 0x1f, 0xff, 0x80,

    /* U+8FDF "迟" */
    0xc1, 0xff, 0x80, 0x30, 0x30, 0x86, 0x6, 0x0,
    0xc0, 0xc0, 0x18, 0x18, 0x3, 0x3, 0x0, 0x7f,
    0xe7, 0xc, 0x0, 0xe1, 0x80, 0x4, 0x31, 0x80,
    0x86, 0x8, 0x10, 0xc1, 0x2, 0x60, 0x18, 0x4c,
    0x3, 0xc9, 0x80, 0x18, 0x0, 0x0, 0xd8, 0x0,
    0x1b, 0x0, 0x3, 0x1f, 0xff, 0x80,

    /* U+9000 "退" */
    0xc1, 0xff, 0x88, 0x60, 0x62, 0x18, 0x18, 0x86,
    0x6, 0x1, 0xff, 0x80, 0x60, 0x60, 0x18, 0x1b,
    0x87, 0xfe, 0x21, 0xb0, 0x48, 0x6c, 0x12, 0x1b,
    0x4, 0x86, 0x26, 0x21, 0xb6, 0x8, 0x6d, 0x82,
    0x1e, 0x1c, 0x0, 0x0, 0xd8, 0x0, 0x36, 0x0,
    0xc, 0x7f, 0xfc,

    /* U+9001 "送" */
    0xc0, 0x40, 0x84, 0x6, 0x60, 0x80, 0xcc, 0x10,
    0x19, 0x80, 0x1f, 0xfe, 0x3, 0xff, 0xc0, 0x3,
    0x7, 0x0, 0x60, 0xe0, 0xc, 0x4, 0x3f, 0xfc,
    0x80, 0x30, 0x10, 0x6, 0x2, 0x3, 0x30, 0x40,
    0x66, 0x8, 0x70, 0x38, 0x0, 0x0, 0xd8, 0x0,
    0x1b, 0x0, 0x3, 0x1f, 0xff, 0x80,

    /* U+9009 "选" */
    0xc1, 0x8c, 0x4, 0x3f, 0xf0, 0x87, 0xfe, 0x10,
    0xff, 0xc0, 0x60, 0xc0, 0x0, 0x18, 0x0, 0x3,
    0x7, 0x3f, 0xff, 0x20, 0x63, 0x4, 0xc, 0x60,
    0x81, 0x8c, 0x10, 0xc1, 0xb2, 0x18, 0x36, 0x43,
    0x6, 0xc9, 0x80, 0xf8, 0x0, 0x0, 0xd8, 0x0,
    0x1b, 0x0, 0x3, 0x1f, 0xff, 0x80,

    /* U+9020 "造" */
    0xc1, 0x8c, 0x4, 0x3f, 0xf0, 0x87, 0xfe, 0x10,
    0xff, 0xc0, 0x60, 0xc0, 0x0, 0x18, 0x0, 0x3,
    0x7, 0x3f, 0xff, 0x20, 0x0, 0x4, 0x0, 0x0,
    0x80, 0x0, 0x10, 0xff, 0xc2, 0x18, 0x18, 0x43,
    0x3, 0x8, 0x7f, 0xe0, 0x0, 0x0, 0xd8, 0x0,
    0x1b, 0x0, 0x3, 0x1f, 0xff, 0x80,

    /* U+9053 "道" */
    0xc0, 0x46, 0x0, 0x11, 0x82, 0x7f, 0xfc, 0x0,
    0xc0, 0x0, 0x30, 0x0, 0xc, 0x0, 0x1f, 0xfb,
    0x86, 0x6, 0xe1, 0x81, 0x88, 0x7f, 0xe2, 0x18,
    0x18, 0x86, 0x6, 0x21, 0x81, 0x88, 0x60, 0x62,
    0x1f, 0xf8, 0x0, 0x0, 0xd8, 0x0, 0x36, 0x0,
    0xc, 0x7f, 0xfc,

    /* U+90A3 "那" */
    0xff, 0xcf, 0xe3, 0x19, 0x8c, 0x63, 0x31, 0x8c,
    0x66, 0x3f, 0xfc, 0xd9, 0xff, 0x9b, 0x3f, 0xf3,
    0x60, 0xc6, 0x6c, 0x18, 0xcd, 0x83, 0x19, 0x8c,
    0x63, 0x31, 0xff, 0xe6, 0x31, 0x8c, 0xc6, 0x31,
    0x98, 0xc6, 0x33, 0xe0, 0xc6, 0x7c, 0x20, 0xcc,
    0x0, 0x1, 0x83, 0x1c, 0x30, 0x0,

    /* U+90E8 "部" */
    0x6, 0xf, 0xe0, 0xc1, 0x8c, 0xff, 0x31, 0x80,
    0x6, 0x30, 0x0, 0xc0, 0x0, 0x18, 0xc, 0x33,
    0x61, 0xce, 0x6c, 0x9, 0xd, 0x9f, 0xff, 0x8c,
    0x0, 0x31, 0x80, 0x6, 0x33, 0xfc, 0xc6, 0x7f,
    0x98, 0xcc, 0x33, 0xe1, 0x86, 0x60, 0x30, 0xcc,
    0x6, 0x19, 0x80, 0xff, 0x30, 0x0,

    /* U+90FD "都" */
    0x18, 0x1f, 0xe3, 0x3, 0xf, 0xf3, 0x61, 0x8d,
    0x8c, 0x31, 0xb1, 0x86, 0x36, 0x30, 0xc7, 0x6,
    0x67, 0xfe, 0xcc, 0xff, 0xd9, 0x83, 0x3, 0xc,
    0x60, 0x61, 0x9f, 0xec, 0x33, 0xfd, 0x87, 0xc1,
    0xb0, 0xcf, 0xf7, 0xe1, 0x6, 0xc0, 0x20, 0xd8,
    0x4, 0x1b, 0x0, 0xff, 0x60, 0x0,

    /* U+914D "配" */
    0xff, 0xbf, 0xe4, 0xc0, 0xc, 0x98, 0x1, 0x93,
    0x0, 0x32, 0x60, 0x7, 0xff, 0x0, 0xf6, 0x60,
    0x1e, 0xcc, 0x3, 0xd9, 0xbf, 0xfb, 0x37, 0xff,
    0x66, 0xff, 0xf3, 0xd8, 0xc, 0x1b, 0x1, 0x83,
    0x60, 0x3f, 0xec, 0x1e, 0xd, 0x83, 0xc1, 0xb0,
    0x78, 0x30, 0xf, 0xfe, 0x3f, 0x80,

    /* U+9192 "醒" */
    0xff, 0xbf, 0xe4, 0xc6, 0xc, 0x98, 0xc1, 0x93,
    0x18, 0x32, 0x63, 0xff, 0xff, 0x60, 0xf6, 0x6f,
    0xfe, 0xcd, 0xff, 0xd9, 0xbf, 0xfb, 0x36, 0xc3,
    0x66, 0xd8, 0x73, 0xdf, 0xfc, 0x1c, 0x61, 0x83,
    0x8c, 0x3f, 0xef, 0xfe, 0xc, 0x30, 0xc1, 0x86,
    0x18, 0x30, 0xc3, 0xfe, 0xff, 0x80,

    /* U+91C7 "采" */
    0x0, 0x1f, 0xf, 0xf8, 0x3, 0xfe, 0x0, 0xff,
    0x80, 0x1, 0x1, 0x8, 0x31, 0x82, 0xc, 0x60,
    0x60, 0x60, 0x0, 0x0, 0x0, 0x30, 0x0, 0xc,
    0x3, 0xff, 0xff, 0x6, 0xd8, 0x1, 0xb6, 0x1,
    0x8c, 0x60, 0x63, 0x18, 0xe0, 0xc1, 0xc0, 0x30,
    0x0, 0xc, 0x0,

    /* U+91CC "里" */
    0x3f, 0xff, 0x8, 0x30, 0x42, 0xc, 0x10, 0x83,
    0x4, 0x20, 0xc1, 0x8, 0x30, 0x43, 0xff, 0xf0,
    0x83, 0x4, 0x20, 0xc1, 0x8, 0x30, 0x42, 0xc,
    0x10, 0xff, 0xfc, 0x0, 0xc0, 0x0, 0x30, 0x3,
    0xff, 0xf0, 0x3, 0x0, 0x0, 0xc0, 0x0, 0x30,
    0xf, 0xff, 0xfc,

    /* U+91CD "重" */
    0x3f, 0xff, 0x0, 0x30, 0x0, 0xc, 0x0, 0x3,
    0x0, 0xff, 0xff, 0xc8, 0x30, 0x42, 0xc, 0x10,
    0xff, 0xfc, 0x20, 0xc1, 0x8, 0x30, 0x42, 0xc,
    0x10, 0xff, 0xfc, 0x0, 0xc0, 0x0, 0x30, 0x3,
    0xff, 0xf0, 0x3, 0x0, 0x0, 0xc0, 0x0, 0x30,
    0xf, 0xff, 0xfc,

    /* U+91CF "量" */
    0x3f, 0xff, 0x8, 0x0, 0x42, 0x0, 0x10, 0x80,
    0x4, 0x3f, 0xff, 0x8, 0x0, 0x42, 0x0, 0x13,
    0xff, 0xff, 0x20, 0xc1, 0x8, 0x30, 0x42, 0xc,
    0x10, 0xff, 0xfc, 0x20, 0xc1, 0x8, 0x30, 0x43,
    0xff, 0xf0, 0x3, 0x0, 0x0, 0xc0, 0x0, 0x30,
    0xf, 0xff, 0xfc,

    /* U+949F "钟" */
    0x20, 0x18, 0x8, 0x6, 0x3, 0x81, 0x80, 0xe0,
    0x60, 0xc3, 0xff, 0xfe, 0xff, 0xff, 0xb1, 0x8c,
    0x8c, 0x63, 0x23, 0x18, 0xc8, 0xc6, 0x32, 0x31,
    0x8f, 0xef, 0xff, 0x20, 0x18, 0x8, 0x6, 0x2,
    0x1, 0x80, 0x80, 0x60, 0x38, 0x18, 0x8, 0x6,
    0x2, 0x1, 0x80,

    /* U+94FA "铺" */
    0x20, 0x19, 0x84, 0x3, 0x30, 0xef, 0xff, 0x9d,
    0xff, 0xfc, 0x1, 0x81, 0xf7, 0xff, 0xfe, 0xff,
    0xf9, 0x18, 0xc3, 0x23, 0x18, 0x64, 0x7f, 0xff,
    0xec, 0x61, 0xfd, 0x8c, 0x32, 0x3f, 0xfe, 0x46,
    0x30, 0xc8, 0xc6, 0x19, 0x18, 0xc3, 0x3b, 0x18,
    0x64, 0x63, 0xc, 0x8c, 0x67, 0x80,

    /* U+9501 "锁" */
    0x23, 0x8, 0xce, 0x32, 0x43, 0x8c, 0x90, 0xe3,
    0x24, 0xc0, 0x8, 0x3e, 0xff, 0xff, 0xbf, 0xfc,
    0x8c, 0x3, 0x23, 0x0, 0xc8, 0xc2, 0x32, 0x30,
    0x8f, 0xec, 0x23, 0x23, 0x8, 0xc8, 0xc2, 0x32,
    0x3, 0x60, 0x80, 0xd8, 0x38, 0xc1, 0x8, 0x0,
    0x2, 0x30, 0xc,

    /* U+9519 "错" */
    0x20, 0x42, 0x4, 0x8, 0x40, 0xe7, 0xfe, 0x60,
    0x21, 0xc, 0x4, 0x21, 0xf0, 0x84, 0x3e, 0x10,
    0x81, 0x3f, 0xff, 0x20, 0x0, 0x4, 0x0, 0x0,
    0x80, 0x0, 0x7c, 0xff, 0xc2, 0x18, 0x18, 0x43,
    0x3, 0x8, 0x7f, 0xe1, 0xf, 0xfc, 0x39, 0x81,
    0x84, 0x30, 0x30, 0x87, 0xfe, 0x0,

    /* U+952E "键" */
    0x20, 0x6, 0x8, 0x1, 0x83, 0xfb, 0xfc, 0x6,
    0x1b, 0xc1, 0x86, 0xfe, 0x7f, 0xff, 0x9f, 0xfc,
    0x98, 0x1b, 0x26, 0x6, 0xc9, 0xef, 0xff, 0x98,
    0x63, 0xe6, 0x18, 0x21, 0xbf, 0xc9, 0xe1, 0x82,
    0x78, 0x60, 0x9e, 0x18, 0x39, 0xc6, 0x8, 0x1,
    0x82, 0x63, 0xfc,

    /* U+957F "长" */
    0x18, 0x6, 0x6, 0x0, 0x1, 0x80, 0x80, 0x60,
    0xc0, 0x18, 0x30, 0x6, 0xc, 0x1, 0x9c, 0x0,
    0x60, 0x0, 0x18, 0x0, 0x3f, 0xff, 0xf1, 0x8c,
    0x0, 0x63, 0x0, 0x18, 0x30, 0x6, 0x2, 0x1,
    0x80, 0x80, 0x60, 0x20, 0x19, 0x6, 0x6, 0x0,
    0x1, 0xe0, 0x1c,

    /* U+95E8 "门" */
    0xc7, 0xff, 0xe0, 0x0, 0xc, 0xc0, 0x1, 0x80,
    0x0, 0x30, 0x0, 0x6, 0x0, 0x0, 0xf0, 0x0,
    0x1e, 0x0, 0x3, 0xc0, 0x0, 0x78, 0x0, 0xf,
    0x0, 0x1, 0xe0, 0x0, 0x3c, 0x0, 0x7, 0x80,
    0x0, 0xf0, 0x0, 0x1e, 0x0, 0x3, 0xc0, 0x0,
    0x78, 0x0, 0xf, 0x0, 0xf, 0x80,

    /* U+95ED "闭" */
    0xc7, 0xff, 0xe0, 0x0, 0xc, 0x80, 0x1, 0x80,
    0x0, 0x30, 0x3, 0x6, 0x0, 0x60, 0xf0, 0xc,
    0x1e, 0xff, 0xf3, 0xc0, 0x30, 0x78, 0x6, 0xf,
    0x3, 0xc1, 0xe0, 0x78, 0x3c, 0x13, 0x7, 0xbc,
    0x60, 0xf7, 0x8c, 0x1e, 0xf1, 0x83, 0xc0, 0xf0,
    0x78, 0x0, 0xf, 0x0, 0xf, 0x80,

    /* U+95EE "问" */
    0xc7, 0xff, 0xe0, 0x0, 0xc, 0xc0, 0x1, 0x80,
    0x0, 0x30, 0x0, 0x6, 0x0, 0x0, 0xf1, 0xff,
    0x1e, 0x30, 0x63, 0xc6, 0xc, 0x78, 0xc1, 0x8f,
    0x18, 0x31, 0xe3, 0x6, 0x3c, 0x7f, 0xc7, 0x80,
    0x0, 0xf0, 0x0, 0x1e, 0x0, 0x3, 0xc0, 0x0,
    0x78, 0x0, 0xf, 0x0, 0xf, 0x80,

    /* U+95F2 "闲" */
    0xc7, 0xff, 0xe4, 0x0, 0xc, 0x80, 0x1, 0x90,
    0x0, 0x30, 0xc, 0x6, 0x1, 0x80, 0xf0, 0x30,
    0x1e, 0x6, 0x3, 0xdf, 0xfe, 0x78, 0x18, 0xf,
    0x3, 0x1, 0xe0, 0xf8, 0x3c, 0x6c, 0x87, 0x8d,
    0x90, 0xf6, 0x31, 0x9e, 0x6, 0x3, 0xc0, 0xc0,
    0x78, 0x0, 0xf, 0x0, 0x1f, 0x80,

    /* U+95F4 "间" */
    0xc7, 0xff, 0xe0, 0x0, 0xc, 0xc0, 0x1, 0x80,
    0x0, 0x30, 0x0, 0x6, 0x0, 0x0, 0xf1, 0xff,
    0x1e, 0x30, 0x63, 0xc6, 0xc, 0x78, 0xc1, 0x8f,
    0x18, 0x31, 0xe3, 0xfe, 0x3c, 0x60, 0xc7, 0x8c,
    0x18, 0xf1, 0x83, 0x1e, 0x30, 0x63, 0xc7, 0xfc,
    0x78, 0x0, 0xf, 0x0, 0x7, 0x80,

    /* U+9605 "阅" */
    0xc7, 0xff, 0xe4, 0x0, 0xc, 0x80, 0x1, 0x90,
    0x0, 0x30, 0x60, 0x86, 0x0, 0x0, 0xf0, 0x6c,
    0x1e, 0x3f, 0xc3, 0xc7, 0xf8, 0x78, 0xc1, 0xf,
    0x18, 0x21, 0xe3, 0xfc, 0x3c, 0x7f, 0x87, 0x83,
    0x60, 0xf0, 0x6c, 0x1e, 0x1, 0x83, 0xc6, 0x36,
    0x78, 0x6, 0xcf, 0x60, 0xf9, 0x80,

    /* U+9633 "阳" */
    0xfe, 0xff, 0xf8, 0xd8, 0xf, 0x1b, 0x1, 0xe3,
    0x60, 0x3d, 0x8c, 0x7, 0xb1, 0x80, 0xf6, 0x30,
    0x1e, 0xc6, 0x3, 0xd8, 0xc0, 0x78, 0xdf, 0xff,
    0x1b, 0x1, 0xe3, 0x60, 0x3c, 0x6c, 0x7, 0x81,
    0x80, 0xfe, 0x30, 0x1e, 0x6, 0x3, 0xc0, 0xc0,
    0x78, 0x18, 0xf, 0x3, 0xff, 0x80,

    /* U+963B "阻" */
    0xf9, 0xff, 0x9b, 0x30, 0x33, 0x66, 0x6, 0x6c,
    0xc0, 0xcd, 0x98, 0x19, 0xb3, 0xff, 0x36, 0x7f,
    0xe7, 0x8c, 0xc, 0xc1, 0x81, 0x9b, 0x30, 0x33,
    0x66, 0x6, 0x6c, 0xff, 0xcd, 0x98, 0x19, 0xb3,
    0x3, 0x3e, 0x60, 0x66, 0xc, 0xc, 0xc1, 0x81,
    0x98, 0x30, 0x33, 0x1f, 0xff, 0x80,

    /* U+964D "降" */
    0xf8, 0x30, 0x36, 0xf, 0xed, 0x83, 0xfb, 0x60,
    0xfe, 0xd9, 0xc1, 0xb6, 0xf, 0x8d, 0x83, 0xe3,
    0xdf, 0x7, 0xc0, 0x0, 0x36, 0x2, 0xd, 0x80,
    0x83, 0x7f, 0xff, 0xd9, 0x88, 0x36, 0x62, 0xf,
    0x98, 0x83, 0xe6, 0x20, 0xc1, 0xff, 0xf0, 0x2,
    0xc, 0x0, 0x80,

    /* U+9650 "限" */
    0xf9, 0xff, 0x9b, 0x30, 0x33, 0x66, 0x6, 0x6c,
    0xc0, 0xcd, 0x9f, 0xf9, 0xb3, 0x3, 0x3c, 0x60,
    0x67, 0x8c, 0xc, 0xf1, 0x81, 0x9b, 0x3f, 0xf3,
    0x66, 0x21, 0xec, 0xc4, 0x3d, 0x98, 0x99, 0xf3,
    0xc, 0x3e, 0x61, 0x87, 0xcc, 0x30, 0xc1, 0xb1,
    0x98, 0x30, 0x3, 0x7, 0x81, 0x80,

    /* U+96BE "难" */
    0x0, 0x36, 0x0, 0xd, 0x8f, 0xe3, 0x63, 0xf8,
    0xd8, 0x6, 0xff, 0xf1, 0xf1, 0x8c, 0x7c, 0x60,
    0x9b, 0xff, 0x26, 0xff, 0xc9, 0xb1, 0x81, 0x8c,
    0x60, 0x63, 0x18, 0x18, 0xff, 0xc6, 0x3f, 0xf2,
    0x6c, 0x60, 0x9b, 0x18, 0x26, 0xc6, 0x0, 0x31,
    0x8c, 0xf, 0xfc,

    /* U+96C6 "集" */
    0x18, 0xc0, 0x6, 0x30, 0x3, 0xff, 0xf3, 0x83,
    0x0, 0xe0, 0xc0, 0x38, 0x30, 0x3, 0xff, 0xf0,
    0x83, 0x0, 0x20, 0xc0, 0xf, 0xff, 0xc0, 0xc,
    0x0, 0x3, 0x0, 0xff, 0xff, 0xc1, 0xb6, 0x0,
    0x6d, 0x80, 0x3, 0x0, 0x18, 0xc6, 0x0, 0x30,
    0xe, 0xc, 0x1c,

    /* U+96E8 "雨" */
    0xff, 0xff, 0xe0, 0x18, 0x0, 0x3, 0x0, 0x0,
    0x60, 0x0, 0xc, 0x0, 0x1, 0x80, 0x3f, 0xff,
    0xfe, 0x6, 0x3, 0xc0, 0xc0, 0x7b, 0x19, 0x8f,
    0x63, 0x31, 0xe3, 0x61, 0xbc, 0xc, 0x7, 0x81,
    0x80, 0xf6, 0x33, 0x1e, 0xc6, 0x63, 0xc6, 0xc3,
    0x78, 0x18, 0xf, 0x3, 0x1, 0x80,

    /* U+9700 "需" */
    0x3f, 0xff, 0x80, 0x18, 0x0, 0x3, 0x0, 0x0,
    0x60, 0xf, 0xff, 0xff, 0x81, 0x80, 0xf0, 0x30,
    0x1e, 0x76, 0x73, 0x0, 0x0, 0x0, 0x0, 0x0,
    0x0, 0x0, 0x7f, 0xff, 0xf0, 0x10, 0x0, 0x2,
    0x0, 0x3f, 0xff, 0xfe, 0x30, 0x63, 0xc6, 0xc,
    0x78, 0xc1, 0x8f, 0x18, 0x37, 0x80,

    /* U+9759 "静" */
    0x18, 0x8, 0x6, 0x2, 0xf, 0xf0, 0xf0, 0x60,
    0x4, 0x18, 0x31, 0x6, 0xc, 0x4f, 0xf3, 0xfc,
    0x60, 0x1b, 0x18, 0x6, 0xff, 0xff, 0xf2, 0x30,
    0x6c, 0x8c, 0x1b, 0x3f, 0x3f, 0xc8, 0xc1, 0x82,
    0x30, 0x60, 0x8c, 0x18, 0x3f, 0x6, 0x8, 0xc1,
    0x82, 0x30, 0xe0,

    /* U+975E "非" */
    0x6, 0xc, 0x0, 0xc1, 0x80, 0x18, 0x30, 0x3,
    0x6, 0xf, 0xe0, 0xfe, 0xc, 0x18, 0x1, 0x83,
    0x0, 0x30, 0x60, 0x6, 0xc, 0x1f, 0xc1, 0xfc,
    0x18, 0x30, 0x3, 0x6, 0x0, 0x60, 0xc0, 0xc,
    0x18, 0x3f, 0x83, 0xf8, 0x30, 0x60, 0x6, 0xc,
    0x0, 0xc1, 0x80, 0x18, 0x30, 0x0,

    /* U+9760 "靠" */
    0x30, 0xc0, 0x6, 0x18, 0x0, 0xff, 0xfe, 0x0,
    0x60, 0xc, 0xc, 0x1, 0x81, 0x80, 0x3f, 0xff,
    0xf9, 0x80, 0xc, 0x30, 0x1, 0x87, 0xff, 0xf0,
    0x18, 0x30, 0x3, 0x6, 0xf, 0xe0, 0xfe, 0xc,
    0x18, 0x1, 0x83, 0x0, 0x30, 0x60, 0xfe, 0xf,
    0xe0, 0xc1, 0x80, 0x18, 0x30, 0x0,

    /* U+9762 "面" */
    0xff, 0xff, 0xc0, 0x30, 0x0, 0xc, 0x0, 0x0,
    0x0, 0x1, 0x0, 0x0, 0x40, 0xf, 0xff, 0xff,
    0x18, 0x63, 0xc6, 0x18, 0xf1, 0xfe, 0x3c, 0x61,
    0x8f, 0x18, 0x63, 0xc6, 0x18, 0xf1, 0x86, 0x3c,
    0x7f, 0x8f, 0x18, 0x63, 0xc6, 0x18, 0xf1, 0x86,
    0x3f, 0xff, 0xfc,

    /* U+97F3 "音" */
    0x0, 0xc0, 0x0, 0x30, 0x3, 0xff, 0xf0, 0x60,
    0x18, 0x18, 0x6, 0x1, 0x86, 0x0, 0x61, 0x83,
    0xff, 0xff, 0x0, 0x0, 0x0, 0x0, 0x0, 0x0,
    0x0, 0x7f, 0xf8, 0x18, 0x6, 0x6, 0x1, 0x81,
    0xff, 0xe0, 0x60, 0x18, 0x18, 0x6, 0x6, 0x1,
    0x81, 0xff, 0xe0,

    /* U+9875 "页" */
    0xff, 0xff, 0xc0, 0x30, 0x0, 0xc, 0x0, 0x3,
    0x0, 0x3f, 0xff, 0x8, 0x0, 0x42, 0x0, 0x10,
    0x83, 0x4, 0x20, 0xc1, 0x8, 0x30, 0x42, 0xc,
    0x10, 0x83, 0x4, 0x20, 0xc1, 0x0, 0x48, 0x0,
    0x12, 0x0, 0x4, 0x80, 0x1e, 0x1e, 0x0, 0x0,
    0xe, 0x0, 0x1c,

    /* U+9879 "项" */
    0x1, 0xff, 0xff, 0x81, 0x83, 0xf0, 0x30, 0x7e,
    0x6, 0x3, 0x1f, 0xfe, 0x63, 0x0, 0xcc, 0x60,
    0x19, 0x8c, 0x63, 0x31, 0x8c, 0x66, 0x31, 0x8c,
    0xc6, 0x31, 0x98, 0xc6, 0x33, 0xd8, 0xc7, 0xe0,
    0x66, 0x3c, 0xc, 0xc7, 0x81, 0x98, 0x0, 0x40,
    0x80, 0x0, 0x0, 0x6, 0x1, 0x80,

    /* U+987B "须" */
    0x19, 0xff, 0xe4, 0x1, 0x0, 0x80, 0x20, 0x10,
    0x4, 0xc, 0x1f, 0xfe, 0x3, 0x0, 0xc0, 0x60,
    0x18, 0xcc, 0x43, 0x39, 0x88, 0x64, 0x31, 0xf,
    0x6, 0x21, 0xe0, 0xc4, 0x30, 0x18, 0x86, 0x30,
    0x6c, 0x6, 0xd, 0x80, 0xc1, 0xb0, 0x20, 0x41,
    0x80, 0x0, 0x3, 0x6, 0x1, 0x80,

    /* U+9891 "频" */
    0x18, 0x3f, 0xfb, 0xf0, 0xc3, 0x7e, 0x18, 0x6f,
    0xc3, 0xd, 0x83, 0xff, 0xb0, 0x60, 0xf6, 0xc,
    0x1f, 0xfd, 0xb3, 0x18, 0x36, 0x63, 0x6, 0xcc,
    0x60, 0xd9, 0xbc, 0xdb, 0x3f, 0x9b, 0x66, 0xf,
    0xc, 0x1, 0x81, 0x80, 0x30, 0x30, 0x18, 0x9,
    0x80, 0x0, 0x3, 0xc0, 0xc1, 0x80,

    /* U+9898 "题" */
    0xff, 0xbf, 0xf8, 0x30, 0xc3, 0x6, 0x18, 0x60,
    0xc3, 0xf, 0xfb, 0xff, 0x83, 0x60, 0xf0, 0x6c,
    0x1f, 0xfd, 0xb3, 0x0, 0x36, 0x60, 0x6, 0xcf,
    0xfe, 0x18, 0x7f, 0xc3, 0x1, 0x80, 0x98, 0x30,
    0x0, 0x6, 0x0, 0x6, 0xfd, 0x83, 0xf8, 0x0,
    0x1f, 0x0, 0x3, 0x1f, 0xff, 0x80,

    /* U+98CE "风" */
    0x3f, 0xff, 0x86, 0x0, 0x30, 0xc0, 0x6, 0x18,
    0x0, 0xc3, 0x0, 0xd8, 0x6c, 0x1b, 0xd, 0x83,
    0x61, 0x89, 0x8c, 0x31, 0x31, 0x86, 0x18, 0x30,
    0xc3, 0x6, 0x18, 0x60, 0xc3, 0x13, 0x18, 0x62,
    0x63, 0xd, 0x83, 0x61, 0x80, 0xc, 0xc0, 0x0,
    0x78, 0x0, 0xf, 0x0, 0x1, 0x80,

    /* U+98DF "食" */
    0x1, 0xf0, 0x0, 0x0, 0x1, 0xe0, 0xe3, 0x81,
    0x7, 0xe0, 0x41, 0xf8, 0x10, 0x71, 0xff, 0xe0,
    0x60, 0x18, 0x18, 0x6, 0x7, 0xff, 0x81, 0x80,
    0x60, 0x60, 0x18, 0x1f, 0xfe, 0xc6, 0xc, 0x61,
    0x83, 0x18, 0x60, 0xc6, 0x19, 0x8e, 0x6, 0x0,
    0x1, 0xe0, 0x1c,

    /* U+996A "饪" */
    0x20, 0x3, 0x84, 0x0, 0x70, 0xe7, 0xf0, 0x1c,
    0xfe, 0xd, 0x80, 0xc0, 0x0, 0x18, 0x0, 0x3,
    0x0, 0x0, 0x60, 0x20, 0xc, 0x4, 0xff, 0xfc,
    0x80, 0x30, 0x10, 0x6, 0x2, 0x0, 0xc0, 0x40,
    0x18, 0x8, 0x3, 0x1, 0x0, 0x60, 0x38, 0xc,
    0x4, 0x1, 0x80, 0x87, 0xfe, 0x0,

    /* U+996E "饮" */
    0x20, 0x40, 0x4, 0x8, 0x0, 0xf9, 0x0, 0x1f,
    0x20, 0xc, 0x67, 0xfe, 0x30, 0x80, 0xc0, 0x0,
    0x0, 0x0, 0x4c, 0x21, 0x89, 0x84, 0x1, 0x0,
    0x80, 0x20, 0x10, 0x4, 0x2, 0x3, 0x60, 0x40,
    0x6c, 0x9, 0x8d, 0x81, 0x31, 0xb0, 0x38, 0x41,
    0x84, 0x0, 0x0, 0x86, 0x1, 0x80,

    /* U+9996 "首" */
    0x18, 0x6, 0x0, 0x0, 0x0, 0x61, 0x80, 0x18,
    0x60, 0xff, 0xff, 0xc0, 0x30, 0x0, 0xc, 0x0,
    0xff, 0xfc, 0x20, 0x1, 0x8, 0x0, 0x42, 0x0,
    0x10, 0xff, 0xfc, 0x20, 0x1, 0x8, 0x0, 0x43,
    0xff, 0xf0, 0x80, 0x4, 0x20, 0x1, 0x8, 0x0,
    0x43, 0xff, 0xf0,

    /* U+9A76 "驶" */
    0xf8, 0xc, 0x3, 0x1, 0x80, 0x67, 0xff, 0x8c,
    0xc6, 0x3d, 0x98, 0xc7, 0xb3, 0x18, 0xf6, 0x63,
    0x1e, 0xcc, 0x63, 0xd9, 0x8c, 0x7f, 0xff, 0xfc,
    0x18, 0x30, 0x3, 0x6, 0x1, 0xe4, 0xc1, 0xec,
    0x60, 0x3d, 0x8c, 0x0, 0x32, 0x60, 0x6, 0x4c,
    0x0, 0x0, 0x1, 0xe6, 0xf, 0x80,

    /* U+9A7E "驾" */
    0x18, 0x0, 0x3, 0x0, 0x3, 0xfe, 0xff, 0x8c,
    0xd8, 0x31, 0x9b, 0x6, 0x43, 0x60, 0xc8, 0x6c,
    0x1e, 0xff, 0xff, 0x0, 0x3, 0x0, 0x0, 0x60,
    0x60, 0xc, 0xc, 0x1, 0x81, 0xff, 0xfe, 0x0,
    0x0, 0xc0, 0x0, 0x18, 0x0, 0x3, 0xff, 0xfc,
    0x60, 0x0, 0x0, 0x0, 0xe, 0x0,

    /* U+9AD8 "高" */
    0x0, 0xc0, 0x0, 0x30, 0xf, 0xff, 0xfc, 0x60,
    0x18, 0x18, 0x6, 0x6, 0x1, 0x81, 0xff, 0xe0,
    0x0, 0x0, 0x0, 0x0, 0x3f, 0xff, 0xfc, 0x0,
    0xf, 0x0, 0x3, 0xc7, 0xf8, 0xf1, 0x82, 0x3c,
    0x60, 0x8f, 0x18, 0x23, 0xc7, 0xf8, 0xf0, 0x0,
    0x3c, 0x0, 0x1c,

    /* U+9E1F "鸟" */
    0x3, 0x0, 0x0, 0xc0, 0x1, 0xff, 0xe0, 0x60,
    0x18, 0x18, 0x6, 0x6, 0xc1, 0x81, 0xb0, 0x60,
    0x63, 0x78, 0x18, 0x0, 0x6, 0x0, 0x1, 0x80,
    0x0, 0x7f, 0xff, 0x0, 0x0, 0xc0, 0x0, 0x3f,
    0xff, 0x8c, 0x0, 0x3, 0x0, 0x0, 0xc0, 0x0,
    0x0, 0x1, 0xf0,

    /* U+9EA6 "麦" */
    0x0, 0xc0, 0x0, 0x30, 0x3, 0xff, 0xf0, 0x3,
    0x0, 0x0, 0xc0, 0x0, 0x30, 0x3, 0xff, 0xf0,
    0x3, 0x0, 0x0, 0xc0, 0x3f, 0xff, 0xf0, 0x10,
    0x0, 0x4, 0x0, 0x7, 0xff, 0xf, 0x81, 0x83,
    0xe0, 0x60, 0xf8, 0x18, 0x1, 0xf8, 0x0, 0x0,
    0xf, 0xe0, 0x7c,

    /* U+9ED8 "默" */
    0xff, 0xc6, 0x7f, 0xf8, 0xcf, 0x1b, 0x19, 0xe3,
    0x63, 0xe, 0x7c, 0x61, 0x8d, 0xff, 0xf1, 0xbf,
    0xff, 0xfe, 0x30, 0x6, 0x6, 0x0, 0xc0, 0xc0,
    0x18, 0x18, 0x7f, 0xe0, 0x0, 0x61, 0x98, 0xc,
    0x33, 0x3f, 0xf6, 0x60, 0x0, 0xcc, 0x0, 0x19,
    0x80, 0x0, 0x3, 0x64, 0x81, 0x80,

    /* U+FF01 "！" */
    0x21, 0x3f, 0xff, 0xfc, 0x84, 0x21, 0x8, 0x0,
    0x0, 0x80,

    /* U+FF05 "％" */
    0x20, 0x4f, 0x84, 0xd8, 0x42, 0x18, 0x21, 0x80,
    0x18, 0x1, 0x80, 0x60, 0x18, 0x1, 0x80, 0x18,
    0x41, 0x84, 0x21, 0xb2, 0x1f, 0x20, 0x40,

    /* U+FF08 "（" */
    0x6, 0x0, 0xe1, 0xc3, 0x98, 0x30, 0x60, 0xc1,
    0x83, 0x6, 0xc, 0x18, 0xe, 0x1c, 0x38, 0x0,
    0x18,

    /* U+FF09 "）" */
    0xc0, 0x0, 0xe1, 0xc3, 0x80, 0xc1, 0x83, 0x6,
    0xc, 0x18, 0x30, 0x60, 0xce, 0x1c, 0x38, 0x3,
    0x0,

    /* U+FF0C "，" */
    0xff, 0xf3, 0x30, 0xc0,

    /* U+FF1A "：" */
    0xff, 0x80, 0x0, 0x3, 0xfe,

    /* U+FF1B "；" */
    0xff, 0x80, 0x0, 0xff, 0xb6, 0x30,

    /* U+FF1F "？" */
    0x3e, 0x1f, 0x30, 0x78, 0x3c, 0x18, 0xc, 0x6,
    0xc, 0x6, 0x4, 0x2, 0x1, 0x0, 0x0, 0x0,
    0x20,

    /* U+FFE5 "￥" */
    0xc0, 0x3c, 0x3, 0x20, 0x42, 0x4, 0x20, 0x41,
    0x98, 0x19, 0x8f, 0xff, 0xff, 0xf0, 0x60, 0xff,
    0xff, 0xff, 0x6, 0x0, 0x60, 0x6, 0x0
};


/*---------------------
 *  GLYPH DESCRIPTION
 *--------------------*/

static const lv_font_fmt_txt_glyph_dsc_t glyph_dsc[] = {
    {.bitmap_index = 0, .adv_w = 0, .box_w = 0, .box_h = 0, .ofs_x = 0, .ofs_y = 0} /* id = 0 reserved */,
    {.bitmap_index = 0, .adv_w = 160, .box_w = 1, .box_h = 1, .ofs_x = 0, .ofs_y = 0},
    {.bitmap_index = 1, .adv_w = 107, .box_w = 2, .box_h = 15, .ofs_x = 2, .ofs_y = 0},
    {.bitmap_index = 5, .adv_w = 160, .box_w = 5, .box_h = 5, .ofs_x = 2, .ofs_y = 10},
    {.bitmap_index = 9, .adv_w = 187, .box_w = 10, .box_h = 15, .ofs_x = 0, .ofs_y = 0},
    {.bitmap_index = 28, .adv_w = 160, .box_w = 8, .box_h = 19, .ofs_x = 0, .ofs_y = -2},
    {.bitmap_index = 47, .adv_w = 213, .box_w = 12, .box_h = 15, .ofs_x = 0, .ofs_y = 0},
    {.bitmap_index = 70, .adv_w = 187, .box_w = 10, .box_h = 15, .ofs_x = 0, .ofs_y = 0},
    {.bitmap_index = 89, .adv_w = 107, .box_w = 2, .box_h = 5, .ofs_x = 2, .ofs_y = 10},
    {.bitmap_index = 91, .adv_w = 160, .box_w = 6, .box_h = 17, .ofs_x = 2, .ofs_y = -1},
    {.bitmap_index = 104, .adv_w = 160, .box_w = 6, .box_h = 17, .ofs_x = 2, .ofs_y = -1},
    {.bitmap_index = 117, .adv_w = 160, .box_w = 8, .box_h = 8, .ofs_x = 0, .ofs_y = 2},
    {.bitmap_index = 125, .adv_w = 160, .box_w = 8, .box_h = 8, .ofs_x = 0, .ofs_y = 2},
    {.bitmap_index = 133, .adv_w = 107, .box_w = 3, .box_h = 5, .ofs_x = 0, .ofs_y = -3},
    {.bitmap_index = 135, .adv_w = 160, .box_w = 8, .box_h = 1, .ofs_x = 0, .ofs_y = 5},
    {.bitmap_index = 136, .adv_w = 107, .box_w = 2, .box_h = 1, .ofs_x = 2, .ofs_y = 0},
    {.bitmap_index = 137, .adv_w = 160, .box_w = 8, .box_h = 18, .ofs_x = 0, .ofs_y = -1},
    {.bitmap_index = 155, .adv_w = 160, .box_w = 8, .box_h = 15, .ofs_x = 0, .ofs_y = 0},
    {.bitmap_index = 170, .adv_w = 160, .box_w = 5, .box_h = 15, .ofs_x = 2, .ofs_y = 0},
    {.bitmap_index = 180, .adv_w = 160, .box_w = 8, .box_h = 15, .ofs_x = 0, .ofs_y = 0},
    {.bitmap_index = 195, .adv_w = 160, .box_w = 8, .box_h = 15, .ofs_x = 0, .ofs_y = 0},
    {.bitmap_index = 210, .adv_w = 160, .box_w = 9, .box_h = 15, .ofs_x = 0, .ofs_y = 0},
    {.bitmap_index = 227, .adv_w = 160, .box_w = 8, .box_h = 15, .ofs_x = 0, .ofs_y = 0},
    {.bitmap_index = 242, .adv_w = 160, .box_w = 8, .box_h = 15, .ofs_x = 0, .ofs_y = 0},
    {.bitmap_index = 257, .adv_w = 160, .box_w = 9, .box_h = 15, .ofs_x = 0, .ofs_y = 0},
    {.bitmap_index = 274, .adv_w = 160, .box_w = 8, .box_h = 15, .ofs_x = 0, .ofs_y = 0},
    {.bitmap_index = 289, .adv_w = 160, .box_w = 8, .box_h = 15, .ofs_x = 0, .ofs_y = 0},
    {.bitmap_index = 304, .adv_w = 107, .box_w = 2, .box_h = 10, .ofs_x = 2, .ofs_y = 0},
    {.bitmap_index = 307, .adv_w = 107, .box_w = 3, .box_h = 13, .ofs_x = 0, .ofs_y = -3},
    {.bitmap_index = 312, .adv_w = 133, .box_w = 7, .box_h = 11, .ofs_x = 0, .ofs_y = 0},
    {.bitmap_index = 322, .adv_w = 160, .box_w = 8, .box_h = 5, .ofs_x = 0, .ofs_y = 4},
    {.bitmap_index = 327, .adv_w = 133, .box_w = 7, .box_h = 11, .ofs_x = 0, .ofs_y = 0},
    {.bitmap_index = 337, .adv_w = 160, .box_w = 8, .box_h = 15, .ofs_x = 0, .ofs_y = 0},
    {.bitmap_index = 352, .adv_w = 213, .box_w = 12, .box_h = 16, .ofs_x = 0, .ofs_y = -1},
    {.bitmap_index = 376, .adv_w = 213, .box_w = 12, .box_h = 15, .ofs_x = 0, .ofs_y = 0},
    {.bitmap_index = 399, .adv_w = 187, .box_w = 10, .box_h = 15, .ofs_x = 0, .ofs_y = 0},
    {.bitmap_index = 418, .adv_w = 187, .box_w = 10, .box_h = 15, .ofs_x = 0, .ofs_y = 0},
    {.bitmap_index = 437, .adv_w = 187, .box_w = 10, .box_h = 15, .ofs_x = 0, .ofs_y = 0},
    {.bitmap_index = 456, .adv_w = 187, .box_w = 10, .box_h = 15, .ofs_x = 0, .ofs_y = 0},
    {.bitmap_index = 475, .adv_w = 187, .box_w = 10, .box_h = 15, .ofs_x = 0, .ofs_y = 0},
    {.bitmap_index = 494, .adv_w = 187, .box_w = 10, .box_h = 15, .ofs_x = 0, .ofs_y = 0},
    {.bitmap_index = 513, .adv_w = 187, .box_w = 10, .box_h = 15, .ofs_x = 0, .ofs_y = 0},
    {.bitmap_index = 532, .adv_w = 107, .box_w = 5, .box_h = 15, .ofs_x = 0, .ofs_y = 0},
    {.bitmap_index = 542, .adv_w = 160, .box_w = 8, .box_h = 15, .ofs_x = 0, .ofs_y = 0},
    {.bitmap_index = 557, .adv_w = 187, .box_w = 10, .box_h = 15, .ofs_x = 0, .ofs_y = 0},
    {.bitmap_index = 576, .adv_w = 160, .box_w = 9, .box_h = 15, .ofs_x = 0, .ofs_y = 0},
    {.bitmap_index = 593, .adv_w = 213, .box_w = 12, .box_h = 15, .ofs_x = 0, .ofs_y = 0},
    {.bitmap_index = 616, .adv_w = 187, .box_w = 10, .box_h = 15, .ofs_x = 0, .ofs_y = 0},
    {.bitmap_index = 635, .adv_w = 213, .box_w = 12, .box_h = 15, .ofs_x = 0, .ofs_y = 0},
    {.bitmap_index = 658, .adv_w = 187, .box_w = 10, .box_h = 15, .ofs_x = 0, .ofs_y = 0},
    {.bitmap_index = 677, .adv_w = 213, .box_w = 12, .box_h = 15, .ofs_x = 0, .ofs_y = 0},
    {.bitmap_index = 700, .adv_w = 187, .box_w = 10, .box_h = 15, .ofs_x = 0, .ofs_y = 0},
    {.bitmap_index = 719, .adv_w = 187, .box_w = 10, .box_h = 15, .ofs_x = 0, .ofs_y = 0},
    {.bitmap_index = 738, .adv_w = 213, .box_w = 12, .box_h = 15, .ofs_x = 0, .ofs_y = 0},
    {.bitmap_index = 761, .adv_w = 187, .box_w = 10, .box_h = 15, .ofs_x = 0, .ofs_y = 0},
    {.bitmap_index = 780, .adv_w = 213, .box_w = 12, .box_h = 15, .ofs_x = 0, .ofs_y = 0},
    {.bitmap_index = 803, .adv_w = 267, .box_w = 15, .box_h = 15, .ofs_x = 0, .ofs_y = 0},
    {.bitmap_index = 832, .adv_w = 213, .box_w = 12, .box_h = 15, .ofs_x = 0, .ofs_y = 0},
    {.bitmap_index = 855, .adv_w = 213, .box_w = 12, .box_h = 15, .ofs_x = 0, .ofs_y = 0},
    {.bitmap_index = 878, .adv_w = 187, .box_w = 10, .box_h = 15, .ofs_x = 0, .ofs_y = 0},
    {.bitmap_index = 897, .adv_w = 160, .box_w = 5, .box_h = 18, .ofs_x = 2, .ofs_y = -1},
    {.bitmap_index = 909, .adv_w = 160, .box_w = 8, .box_h = 18, .ofs_x = 0, .ofs_y = -1},
    {.bitmap_index = 927, .adv_w = 160, .box_w = 6, .box_h = 18, .ofs_x = 1, .ofs_y = -1},
    {.bitmap_index = 941, .adv_w = 160, .box_w = 8, .box_h = 5, .ofs_x = 0, .ofs_y = 10},
    {.bitmap_index = 946, .adv_w = 160, .box_w = 8, .box_h = 1, .ofs_x = 0, .ofs_y = -3},
    {.bitmap_index = 947, .adv_w = 133, .box_w = 3, .box_h = 3, .ofs_x = 2, .ofs_y = 12},
    {.bitmap_index = 949, .adv_w = 160, .box_w = 8, .box_h = 10, .ofs_x = 0, .ofs_y = 0},
    {.bitmap_index = 959, .adv_w = 160, .box_w = 8, .box_h = 15, .ofs_x = 0, .ofs_y = 0},
    {.bitmap_index = 974, .adv_w = 160, .box_w = 8, .box_h = 10, .ofs_x = 0, .ofs_y = 0},
    {.bitmap_index = 984, .adv_w = 160, .box_w = 8, .box_h = 15, .ofs_x = 0, .ofs_y = 0},
    {.bitmap_index = 999, .adv_w = 160, .box_w = 8, .box_h = 10, .ofs_x = 0, .ofs_y = 0},
    {.bitmap_index = 1009, .adv_w = 133, .box_w = 7, .box_h = 15, .ofs_x = 0, .ofs_y = 0},
    {.bitmap_index = 1023, .adv_w = 160, .box_w = 8, .box_h = 13, .ofs_x = 0, .ofs_y = -3},
    {.bitmap_index = 1036, .adv_w = 160, .box_w = 8, .box_h = 15, .ofs_x = 0, .ofs_y = 0},
    {.bitmap_index = 1051, .adv_w = 107, .box_w = 5, .box_h = 15, .ofs_x = 0, .ofs_y = 0},
    {.bitmap_index = 1061, .adv_w = 107, .box_w = 5, .box_h = 18, .ofs_x = 0, .ofs_y = -3},
    {.bitmap_index = 1073, .adv_w = 160, .box_w = 8, .box_h = 15, .ofs_x = 0, .ofs_y = 0},
    {.bitmap_index = 1088, .adv_w = 107, .box_w = 6, .box_h = 15, .ofs_x = 0, .ofs_y = 0},
    {.bitmap_index = 1100, .adv_w = 213, .box_w = 12, .box_h = 10, .ofs_x = 0, .ofs_y = 0},
    {.bitmap_index = 1115, .adv_w = 160, .box_w = 8, .box_h = 10, .ofs_x = 0, .ofs_y = 0},
    {.bitmap_index = 1125, .adv_w = 160, .box_w = 8, .box_h = 10, .ofs_x = 0, .ofs_y = 0},
    {.bitmap_index = 1135, .adv_w = 160, .box_w = 8, .box_h = 13, .ofs_x = 0, .ofs_y = -3},
    {.bitmap_index = 1148, .adv_w = 160, .box_w = 8, .box_h = 13, .ofs_x = 0, .ofs_y = -3},
    {.bitmap_index = 1161, .adv_w = 133, .box_w = 7, .box_h = 10, .ofs_x = 0, .ofs_y = 0},
    {.bitmap_index = 1170, .adv_w = 160, .box_w = 8, .box_h = 10, .ofs_x = 0, .ofs_y = 0},
    {.bitmap_index = 1180, .adv_w = 133, .box_w = 7, .box_h = 15, .ofs_x = 0, .ofs_y = 0},
    {.bitmap_index = 1194, .adv_w = 160, .box_w = 8, .box_h = 10, .ofs_x = 0, .ofs_y = 0},
    {.bitmap_index = 1204, .adv_w = 160, .box_w = 8, .box_h = 10, .ofs_x = 0, .ofs_y = 0},
    {.bitmap_index = 1214, .adv_w = 213, .box_w = 12, .box_h = 10, .ofs_x = 0, .ofs_y = 0},
    {.bitmap_index = 1229, .adv_w = 160, .box_w = 8, .box_h = 10, .ofs_x = 0, .ofs_y = 0},
    {.bitmap_index = 1239, .adv_w = 160, .box_w = 8, .box_h = 13, .ofs_x = 0, .ofs_y = -3},
    {.bitmap_index = 1252, .adv_w = 160, .box_w = 8, .box_h = 10, .ofs_x = 0, .ofs_y = 0},
    {.bitmap_index = 1262, .adv_w = 187, .box_w = 7, .box_h = 17, .ofs_x = 2, .ofs_y = -1},
    {.bitmap_index = 1277, .adv_w = 107, .box_w = 2, .box_h = 19, .ofs_x = 2, .ofs_y = -2},
    {.bitmap_index = 1282, .adv_w = 187, .box_w = 7, .box_h = 17, .ofs_x = 2, .ofs_y = -1},
    {.bitmap_index = 1297, .adv_w = 160, .box_w = 8, .box_h = 5, .ofs_x = 0, .ofs_y = 5},
    {.bitmap_index = 1302, .adv_w = 320, .box_w = 3, .box_h = 3, .ofs_x = 8, .ofs_y = 5},
    {.bitmap_index = 1304, .adv_w = 320, .box_w = 19, .box_h = 1, .ofs_x = 0, .ofs_y = 7},
    {.bitmap_index = 1307, .adv_w = 320, .box_w = 3, .box_h = 6, .ofs_x = 13, .ofs_y = 10},
    {.bitmap_index = 1310, .adv_w = 320, .box_w = 3, .box_h = 7, .ofs_x = 2, .ofs_y = 10},
    {.bitmap_index = 1313, .adv_w = 320, .box_w = 8, .box_h = 6, .ofs_x = 8, .ofs_y = 10},
    {.bitmap_index = 1319, .adv_w = 320, .box_w = 8, .box_h = 7, .ofs_x = 2, .ofs_y = 10},
    {.bitmap_index = 1326, .adv_w = 320, .box_w = 17, .box_h = 3, .ofs_x = 2, .ofs_y = 5},
    {.bitmap_index = 1333, .adv_w = 320, .box_w = 15, .box_h = 15, .ofs_x = 2, .ofs_y = 0},
    {.bitmap_index = 1362, .adv_w = 320, .box_w = 5, .box_h = 5, .ofs_x = 1, .ofs_y = -2},
    {.bitmap_index = 1366, .adv_w = 320, .box_w = 7, .box_h = 7, .ofs_x = 1, .ofs_y = -2},
    {.bitmap_index = 1373, .adv_w = 320, .box_w = 7, .box_h = 19, .ofs_x = 11, .ofs_y = -2},
    {.bitmap_index = 1390, .adv_w = 320, .box_w = 7, .box_h = 19, .ofs_x = 1, .ofs_y = -2},
    {.bitmap_index = 1407, .adv_w = 320, .box_w = 11, .box_h = 19, .ofs_x = 6, .ofs_y = -2},
    {.bitmap_index = 1434, .adv_w = 320, .box_w = 11, .box_h = 19, .ofs_x = 1, .ofs_y = -2},
    {.bitmap_index = 1461, .adv_w = 320, .box_w = 7, .box_h = 13, .ofs_x = 10, .ofs_y = 4},
    {.bitmap_index = 1473, .adv_w = 320, .box_w = 7, .box_h = 13, .ofs_x = 1, .ofs_y = -2},
    {.bitmap_index = 1485, .adv_w = 320, .box_w = 8, .box_h = 13, .ofs_x = 8, .ofs_y = 4},
    {.bitmap_index = 1498, .adv_w = 320, .box_w = 8, .box_h = 13, .ofs_x = 1, .ofs_y = -2},
    {.bitmap_index = 1511, .adv_w = 320, .box_w = 8, .box_h = 19, .ofs_x = 8, .ofs_y = -2},
    {.bitmap_index = 1530, .adv_w = 320, .box_w = 8, .box_h = 19, .ofs_x = 2, .ofs_y = -2},
    {.bitmap_index = 1549, .adv_w = 320, .box_w = 18, .box_h = 1, .ofs_x = 0, .ofs_y = 7},
    {.bitmap_index = 1552, .adv_w = 320, .box_w = 18, .box_h = 19, .ofs_x = 0, .ofs_y = -2},
    {.bitmap_index = 1595, .adv_w = 320, .box_w = 18, .box_h = 19, .ofs_x = 0, .ofs_y = -2},
    {.bitmap_index = 1638, .adv_w = 320, .box_w = 18, .box_h = 19, .ofs_x = 0, .ofs_y = -2},
    {.bitmap_index = 1681, .adv_w = 320, .box_w = 18, .box_h = 19, .ofs_x = 0, .ofs_y = -2},
    {.bitmap_index = 1724, .adv_w = 320, .box_w = 18, .box_h = 19, .ofs_x = 0, .ofs_y = -2},
    {.bitmap_index = 1767, .adv_w = 320, .box_w = 18, .box_h = 19, .ofs_x = 0, .ofs_y = -2},
    {.bitmap_index = 1810, .adv_w = 320, .box_w = 18, .box_h = 19, .ofs_x = 0, .ofs_y = -2},
    {.bitmap_index = 1853, .adv_w = 320, .box_w = 19, .box_h = 19, .ofs_x = 0, .ofs_y = -2},
    {.bitmap_index = 1899, .adv_w = 320, .box_w = 19, .box_h = 19, .ofs_x = 0, .ofs_y = -2},
    {.bitmap_index = 1945, .adv_w = 320, .box_w = 18, .box_h = 19, .ofs_x = 0, .ofs_y = -2},
    {.bitmap_index = 1988, .adv_w = 320, .box_w = 18, .box_h = 19, .ofs_x = 0, .ofs_y = -2},
    {.bitmap_index = 2031, .adv_w = 320, .box_w = 18, .box_h = 19, .ofs_x = 0, .ofs_y = -2},
    {.bitmap_index = 2074, .adv_w = 320, .box_w = 19, .box_h = 19, .ofs_x = 0, .ofs_y = -2},
    {.bitmap_index = 2120, .adv_w = 320, .box_w = 17, .box_h = 19, .ofs_x = 2, .ofs_y = -2},
    {.bitmap_index = 2161, .adv_w = 320, .box_w = 15, .box_h = 19, .ofs_x = 2, .ofs_y = -2},
    {.bitmap_index = 2197, .adv_w = 320, .box_w = 18, .box_h = 19, .ofs_x = 0, .ofs_y = -2},
    {.bitmap_index = 2240, .adv_w = 320, .box_w = 18, .box_h = 19, .ofs_x = 0, .ofs_y = -2},
    {.bitmap_index = 2283, .adv_w = 320, .box_w = 18, .box_h = 19, .ofs_x = 0, .ofs_y = -2},
    {.bitmap_index = 2326, .adv_w = 320, .box_w = 18, .box_h = 19, .ofs_x = 0, .ofs_y = -2},
    {.bitmap_index = 2369, .adv_w = 320, .box_w = 18, .box_h = 19, .ofs_x = 0, .ofs_y = -2},
    {.bitmap_index = 2412, .adv_w = 320, .box_w = 18, .box_h = 19, .ofs_x = 0, .ofs_y = -2},
    {.bitmap_index = 2455, .adv_w = 320, .box_w = 19, .box_h = 19, .ofs_x = 0, .ofs_y = -2},
    {.bitmap_index = 2501, .adv_w = 320, .box_w = 19, .box_h = 19, .ofs_x = -1, .ofs_y = -2},
    {.bitmap_index = 2547, .adv_w = 320, .box_w = 18, .box_h = 19, .ofs_x = 0, .ofs_y = -2},
    {.bitmap_index = 2590, .adv_w = 320, .box_w = 19, .box_h = 19, .ofs_x = 0, .ofs_y = -2},
    {.bitmap_index = 2636, .adv_w = 320, .box_w = 19, .box_h = 19, .ofs_x = -1, .ofs_y = -2},
    {.bitmap_index = 2682, .adv_w = 320, .box_w = 18, .box_h = 19, .ofs_x = 0, .ofs_y = -2},
    {.bitmap_index = 2725, .adv_w = 320, .box_w = 17, .box_h = 19, .ofs_x = 1, .ofs_y = -2},
    {.bitmap_index = 2766, .adv_w = 320, .box_w = 19, .box_h = 19, .ofs_x = -1, .ofs_y = -2},
    {.bitmap_index = 2812, .adv_w = 320, .box_w = 19, .box_h = 19, .ofs_x = -1, .ofs_y = -2},
    {.bitmap_index = 2858, .adv_w = 320, .box_w = 19, .box_h = 19, .ofs_x = -1, .ofs_y = -2},
    {.bitmap_index = 2904, .adv_w = 320, .box_w = 18, .box_h = 19, .ofs_x = 0, .ofs_y = -2},
    {.bitmap_index = 2947, .adv_w = 320, .box_w = 19, .box_h = 19, .ofs_x = -1, .ofs_y = -2},
    {.bitmap_index = 2993, .adv_w = 320, .box_w = 19, .box_h = 19, .ofs_x = -1, .ofs_y = -2},
    {.bitmap_index = 3039, .adv_w = 320, .box_w = 19, .box_h = 19, .ofs_x = -1, .ofs_y = -2},
    {.bitmap_index = 3085, .adv_w = 320, .box_w = 19, .box_h = 19, .ofs_x = -1, .ofs_y = -2},
    {.bitmap_index = 3131, .adv_w = 320, .box_w = 19, .box_h = 19, .ofs_x = -1, .ofs_y = -2},
    {.bitmap_index = 3177, .adv_w = 320, .box_w = 18, .box_h = 19, .ofs_x = 0, .ofs_y = -2},
    {.bitmap_index = 3220, .adv_w = 320, .box_w = 19, .box_h = 19, .ofs_x = -1, .ofs_y = -2},
    {.bitmap_index = 3266, .adv_w = 320, .box_w = 19, .box_h = 19, .ofs_x = -1, .ofs_y = -2},
    {.bitmap_index = 3312, .adv_w = 320, .box_w = 19, .box_h = 19, .ofs_x = -1, .ofs_y = -2},
    {.bitmap_index = 3358, .adv_w = 320, .box_w = 19, .box_h = 19, .ofs_x = -1, .ofs_y = -2},
    {.bitmap_index = 3404, .adv_w = 320, .box_w = 19, .box_h = 19, .ofs_x = -1, .ofs_y = -2},
    {.bitmap_index = 3450, .adv_w = 320, .box_w = 19, .box_h = 19, .ofs_x = -1, .ofs_y = -2},
    {.bitmap_index = 3496, .adv_w = 320, .box_w = 19, .box_h = 19, .ofs_x = -1, .ofs_y = -2},
    {.bitmap_index = 3542, .adv_w = 320, .box_w = 19, .box_h = 19, .ofs_x = -1, .ofs_y = -2},
    {.bitmap_index = 3588, .adv_w = 320, .box_w = 19, .box_h = 19, .ofs_x = -1, .ofs_y = -2},
    {.bitmap_index = 3634, .adv_w = 320, .box_w = 19, .box_h = 19, .ofs_x = -1, .ofs_y = -2},
    {.bitmap_index = 3680, .adv_w = 320, .box_w = 19, .box_h = 19, .ofs_x = -1, .ofs_y = -2},
    {.bitmap_index = 3726, .adv_w = 320, .box_w = 19, .box_h = 19, .ofs_x = -1, .ofs_y = -2},
    {.bitmap_index = 3772, .adv_w = 320, .box_w = 19, .box_h = 19, .ofs_x = -1, .ofs_y = -2},
    {.bitmap_index = 3818, .adv_w = 320, .box_w = 19, .box_h = 19, .ofs_x = -1, .ofs_y = -2},
    {.bitmap_index = 3864, .adv_w = 320, .box_w = 19, .box_h = 19, .ofs_x = -1, .ofs_y = -2},
    {.bitmap_index = 3910, .adv_w = 320, .box_w = 19, .box_h = 19, .ofs_x = 0, .ofs_y = -2},
    {.bitmap_index = 3956, .adv_w = 320, .box_w = 19, .box_h = 19, .ofs_x = -1, .ofs_y = -2},
    {.bitmap_index = 4002, .adv_w = 320, .box_w = 18, .box_h = 19, .ofs_x = 0, .ofs_y = -2},
    {.bitmap_index = 4045, .adv_w = 320, .box_w = 18, .box_h = 19, .ofs_x = 0, .ofs_y = -2},
    {.bitmap_index = 4088, .adv_w = 320, .box_w = 18, .box_h = 19, .ofs_x = 0, .ofs_y = -2},
    {.bitmap_index = 4131, .adv_w = 320, .box_w = 19, .box_h = 19, .ofs_x = 0, .ofs_y = -2},
    {.bitmap_index = 4177, .adv_w = 320, .box_w = 19, .box_h = 19, .ofs_x = 0, .ofs_y = -2},
    {.bitmap_index = 4223, .adv_w = 320, .box_w = 18, .box_h = 19, .ofs_x = 0, .ofs_y = -2},
    {.bitmap_index = 4266, .adv_w = 320, .box_w = 19, .box_h = 19, .ofs_x = 0, .ofs_y = -2},
    {.bitmap_index = 4312, .adv_w = 320, .box_w = 18, .box_h = 19, .ofs_x = 0, .ofs_y = -2},
    {.bitmap_index = 4355, .adv_w = 320, .box_w = 18, .box_h = 19, .ofs_x = 0, .ofs_y = -2},
    {.bitmap_index = 4398, .adv_w = 320, .box_w = 18, .box_h = 19, .ofs_x = 0, .ofs_y = -2},
    {.bitmap_index = 4441, .adv_w = 320, .box_w = 19, .box_h = 19, .ofs_x = 0, .ofs_y = -2},
    {.bitmap_index = 4487, .adv_w = 320, .box_w = 18, .box_h = 19, .ofs_x = 0, .ofs_y = -2},
    {.bitmap_index = 4530, .adv_w = 320, .box_w = 19, .box_h = 19, .ofs_x = 0, .ofs_y = -2},
    {.bitmap_index = 4576, .adv_w = 320, .box_w = 18, .box_h = 19, .ofs_x = 0, .ofs_y = -2},
    {.bitmap_index = 4619, .adv_w = 320, .box_w = 19, .box_h = 19, .ofs_x = 0, .ofs_y = -2},
    {.bitmap_index = 4665, .adv_w = 320, .box_w = 19, .box_h = 19, .ofs_x = 0, .ofs_y = -2},
    {.bitmap_index = 4711, .adv_w = 320, .box_w = 19, .box_h = 19, .ofs_x = 0, .ofs_y = -2},
    {.bitmap_index = 4757, .adv_w = 320, .box_w = 19, .box_h = 19, .ofs_x = 0, .ofs_y = -2},
    {.bitmap_index = 4803, .adv_w = 320, .box_w = 19, .box_h = 19, .ofs_x = 0, .ofs_y = -2},
    {.bitmap_index = 4849, .adv_w = 320, .box_w = 19, .box_h = 19, .ofs_x = 0, .ofs_y = -2},
    {.bitmap_index = 4895, .adv_w = 320, .box_w = 19, .box_h = 19, .ofs_x = -1, .ofs_y = -2},
    {.bitmap_index = 4941, .adv_w = 320, .box_w = 18, .box_h = 19, .ofs_x = 0, .ofs_y = -2},
    {.bitmap_index = 4984, .adv_w = 320, .box_w = 19, .box_h = 19, .ofs_x = 0, .ofs_y = -2},
    {.bitmap_index = 5030, .adv_w = 320, .box_w = 19, .box_h = 19, .ofs_x = 0, .ofs_y = -2},
    {.bitmap_index = 5076, .adv_w = 320, .box_w = 19, .box_h = 19, .ofs_x = 0, .ofs_y = -2},
    {.bitmap_index = 5122, .adv_w = 320, .box_w = 19, .box_h = 19, .ofs_x = 0, .ofs_y = -2},
    {.bitmap_index = 5168, .adv_w = 320, .box_w = 19, .box_h = 19, .ofs_x = 0, .ofs_y = -2},
    {.bitmap_index = 5214, .adv_w = 320, .box_w = 19, .box_h = 19, .ofs_x = 0, .ofs_y = -2},
    {.bitmap_index = 5260, .adv_w = 320, .box_w = 19, .box_h = 19, .ofs_x = 0, .ofs_y = -2},
    {.bitmap_index = 5306, .adv_w = 320, .box_w = 19, .box_h = 19, .ofs_x = 0, .ofs_y = -2},
    {.bitmap_index = 5352, .adv_w = 320, .box_w = 18, .box_h = 19, .ofs_x = 0, .ofs_y = -2},
    {.bitmap_index = 5395, .adv_w = 320, .box_w = 19, .box_h = 19, .ofs_x = 0, .ofs_y = -2},
    {.bitmap_index = 5441, .adv_w = 320, .box_w = 19, .box_h = 19, .ofs_x = 0, .ofs_y = -2},
    {.bitmap_index = 5487, .adv_w = 320, .box_w = 19, .box_h = 19, .ofs_x = 0, .ofs_y = -2},
    {.bitmap_index = 5533, .adv_w = 320, .box_w = 19, .box_h = 19, .ofs_x = 0, .ofs_y = -2},
    {.bitmap_index = 5579, .adv_w = 320, .box_w = 18, .box_h = 19, .ofs_x = 0, .ofs_y = -2},
    {.bitmap_index = 5622, .adv_w = 320, .box_w = 18, .box_h = 19, .ofs_x = 0, .ofs_y = -2},
    {.bitmap_index = 5665, .adv_w = 320, .box_w = 19, .box_h = 19, .ofs_x = 0, .ofs_y = -2},
    {.bitmap_index = 5711, .adv_w = 320, .box_w = 18, .box_h = 19, .ofs_x = 0, .ofs_y = -2},
    {.bitmap_index = 5754, .adv_w = 320, .box_w = 19, .box_h = 19, .ofs_x = 0, .ofs_y = -2},
    {.bitmap_index = 5800, .adv_w = 320, .box_w = 19, .box_h = 19, .ofs_x = 0, .ofs_y = -2},
    {.bitmap_index = 5846, .adv_w = 320, .box_w = 19, .box_h = 19, .ofs_x = -1, .ofs_y = -2},
    {.bitmap_index = 5892, .adv_w = 320, .box_w = 18, .box_h = 19, .ofs_x = 0, .ofs_y = -2},
    {.bitmap_index = 5935, .adv_w = 320, .box_w = 18, .box_h = 19, .ofs_x = 0, .ofs_y = -2},
    {.bitmap_index = 5978, .adv_w = 320, .box_w = 17, .box_h = 19, .ofs_x = 1, .ofs_y = -2},
    {.bitmap_index = 6019, .adv_w = 320, .box_w = 19, .box_h = 19, .ofs_x = 0, .ofs_y = -2},
    {.bitmap_index = 6065, .adv_w = 320, .box_w = 18, .box_h = 19, .ofs_x = 0, .ofs_y = -2},
    {.bitmap_index = 6108, .adv_w = 320, .box_w = 18, .box_h = 19, .ofs_x = 0, .ofs_y = -2},
    {.bitmap_index = 6151, .adv_w = 320, .box_w = 18, .box_h = 19, .ofs_x = 0, .ofs_y = -2},
    {.bitmap_index = 6194, .adv_w = 320, .box_w = 18, .box_h = 19, .ofs_x = 0, .ofs_y = -2},
    {.bitmap_index = 6237, .adv_w = 320, .box_w = 19, .box_h = 19, .ofs_x = 0, .ofs_y = -2},
    {.bitmap_index = 6283, .adv_w = 320, .box_w = 18, .box_h = 19, .ofs_x = 0, .ofs_y = -2},
    {.bitmap_index = 6326, .adv_w = 320, .box_w = 19, .box_h = 19, .ofs_x = 0, .ofs_y = -2},
    {.bitmap_index = 6372, .adv_w = 320, .box_w = 19, .box_h = 19, .ofs_x = 0, .ofs_y = -2},
    {.bitmap_index = 6418, .adv_w = 320, .box_w = 18, .box_h = 19, .ofs_x = 0, .ofs_y = -2},
    {.bitmap_index = 6461, .adv_w = 320, .box_w = 15, .box_h = 15, .ofs_x = 1, .ofs_y = 0},
    {.bitmap_index = 6490, .adv_w = 320, .box_w = 19, .box_h = 19, .ofs_x = 0, .ofs_y = -2},
    {.bitmap_index = 6536, .adv_w = 320, .box_w = 18, .box_h = 19, .ofs_x = 0, .ofs_y = -2},
    {.bitmap_index = 6579, .adv_w = 320, .box_w = 18, .box_h = 19, .ofs_x = 0, .ofs_y = -2},
    {.bitmap_index = 6622, .adv_w = 320, .box_w = 18, .box_h = 19, .ofs_x = 0, .ofs_y = -2},
    {.bitmap_index = 6665, .adv_w = 320, .box_w = 19, .box_h = 19, .ofs_x = 0, .ofs_y = -2},
    {.bitmap_index = 6711, .adv_w = 320, .box_w = 19, .box_h = 19, .ofs_x = 0, .ofs_y = -2},
    {.bitmap_index = 6757, .adv_w = 320, .box_w = 19, .box_h = 19, .ofs_x = 0, .ofs_y = -2},
    {.bitmap_index = 6803, .adv_w = 320, .box_w = 19, .box_h = 19, .ofs_x = 0, .ofs_y = -2},
    {.bitmap_index = 6849, .adv_w = 320, .box_w = 18, .box_h = 19, .ofs_x = 0, .ofs_y = -2},
    {.bitmap_index = 6892, .adv_w = 320, .box_w = 19, .box_h = 19, .ofs_x = 0, .ofs_y = -2},
    {.bitmap_index = 6938, .adv_w = 320, .box_w = 18, .box_h = 19, .ofs_x = 0, .ofs_y = -2},
    {.bitmap_index = 6981, .adv_w = 320, .box_w = 19, .box_h = 19, .ofs_x = 0, .ofs_y = -2},
    {.bitmap_index = 7027, .adv_w = 320, .box_w = 19, .box_h = 19, .ofs_x = 0, .ofs_y = -2},
    {.bitmap_index = 7073, .adv_w = 320, .box_w = 19, .box_h = 19, .ofs_x = 0, .ofs_y = -2},
    {.bitmap_index = 7119, .adv_w = 320, .box_w = 18, .box_h = 19, .ofs_x = 0, .ofs_y = -2},
    {.bitmap_index = 7162, .adv_w = 320, .box_w = 19, .box_h = 19, .ofs_x = 0, .ofs_y = -2},
    {.bitmap_index = 7208, .adv_w = 320, .box_w = 19, .box_h = 19, .ofs_x = -1, .ofs_y = -2},
    {.bitmap_index = 7254, .adv_w = 320, .box_w = 18, .box_h = 19, .ofs_x = 0, .ofs_y = -2},
    {.bitmap_index = 7297, .adv_w = 320, .box_w = 19, .box_h = 19, .ofs_x = 0, .ofs_y = -2},
    {.bitmap_index = 7343, .adv_w = 320, .box_w = 19, .box_h = 19, .ofs_x = 0, .ofs_y = -2},
    {.bitmap_index = 7389, .adv_w = 320, .box_w = 19, .box_h = 19, .ofs_x = 0, .ofs_y = -2},
    {.bitmap_index = 7435, .adv_w = 320, .box_w = 18, .box_h = 19, .ofs_x = 0, .ofs_y = -2},
    {.bitmap_index = 7478, .adv_w = 320, .box_w = 18, .box_h = 19, .ofs_x = 0, .ofs_y = -2},
    {.bitmap_index = 7521, .adv_w = 320, .box_w = 19, .box_h = 19, .ofs_x = 0, .ofs_y = -2},
    {.bitmap_index = 7567, .adv_w = 320, .box_w = 18, .box_h = 19, .ofs_x = 0, .ofs_y = -2},
    {.bitmap_index = 7610, .adv_w = 320, .box_w = 19, .box_h = 19, .ofs_x = 0, .ofs_y = -2},
    {.bitmap_index = 7656, .adv_w = 320, .box_w = 19, .box_h = 19, .ofs_x = 0, .ofs_y = -2},
    {.bitmap_index = 7702, .adv_w = 320, .box_w = 19, .box_h = 19, .ofs_x = 0, .ofs_y = -2},
    {.bitmap_index = 7748, .adv_w = 320, .box_w = 19, .box_h = 19, .ofs_x = 0, .ofs_y = -2},
    {.bitmap_index = 7794, .adv_w = 320, .box_w = 18, .box_h = 19, .ofs_x = 0, .ofs_y = -2},
    {.bitmap_index = 7837, .adv_w = 320, .box_w = 19, .box_h = 19, .ofs_x = -1, .ofs_y = -2},
    {.bitmap_index = 7883, .adv_w = 320, .box_w = 19, .box_h = 19, .ofs_x = 0, .ofs_y = -2},
    {.bitmap_index = 7929, .adv_w = 320, .box_w = 19, .box_h = 19, .ofs_x = -1, .ofs_y = -2},
    {.bitmap_index = 7975, .adv_w = 320, .box_w = 18, .box_h = 19, .ofs_x = 0, .ofs_y = -2},
    {.bitmap_index = 8018, .adv_w = 320, .box_w = 19, .box_h = 19, .ofs_x = 0, .ofs_y = -2},
    {.bitmap_index = 8064, .adv_w = 320, .box_w = 19, .box_h = 19, .ofs_x = 0, .ofs_y = -2},
    {.bitmap_index = 8110, .adv_w = 320, .box_w = 18, .box_h = 19, .ofs_x = 0, .ofs_y = -2},
    {.bitmap_index = 8153, .adv_w = 320, .box_w = 19, .box_h = 19, .ofs_x = 0, .ofs_y = -2},
    {.bitmap_index = 8199, .adv_w = 320, .box_w = 18, .box_h = 19, .ofs_x = 0, .ofs_y = -2},
    {.bitmap_index = 8242, .adv_w = 320, .box_w = 19, .box_h = 19, .ofs_x = 0, .ofs_y = -2},
    {.bitmap_index = 8288, .adv_w = 320, .box_w = 18, .box_h = 19, .ofs_x = 0, .ofs_y = -2},
    {.bitmap_index = 8331, .adv_w = 320, .box_w = 18, .box_h = 19, .ofs_x = 0, .ofs_y = -2},
    {.bitmap_index = 8374, .adv_w = 320, .box_w = 18, .box_h = 19, .ofs_x = 0, .ofs_y = -2},
    {.bitmap_index = 8417, .adv_w = 320, .box_w = 18, .box_h = 19, .ofs_x = 0, .ofs_y = -2},
    {.bitmap_index = 8460, .adv_w = 320, .box_w = 18, .box_h = 19, .ofs_x = 0, .ofs_y = -2},
    {.bitmap_index = 8503, .adv_w = 320, .box_w = 18, .box_h = 19, .ofs_x = 0, .ofs_y = -2},
    {.bitmap_index = 8546, .adv_w = 320, .box_w = 18, .box_h = 19, .ofs_x = 0, .ofs_y = -2},
    {.bitmap_index = 8589, .adv_w = 320, .box_w = 18, .box_h = 19, .ofs_x = 0, .ofs_y = -2},
    {.bitmap_index = 8632, .adv_w = 320, .box_w = 19, .box_h = 19, .ofs_x = 0, .ofs_y = -2},
    {.bitmap_index = 8678, .adv_w = 320, .box_w = 19, .box_h = 19, .ofs_x = 0, .ofs_y = -2},
    {.bitmap_index = 8724, .adv_w = 320, .box_w = 19, .box_h = 19, .ofs_x = 0, .ofs_y = -2},
    {.bitmap_index = 8770, .adv_w = 320, .box_w = 18, .box_h = 19, .ofs_x = 0, .ofs_y = -2},
    {.bitmap_index = 8813, .adv_w = 320, .box_w = 19, .box_h = 19, .ofs_x = 0, .ofs_y = -2},
    {.bitmap_index = 8859, .adv_w = 320, .box_w = 18, .box_h = 19, .ofs_x = 0, .ofs_y = -2},
    {.bitmap_index = 8902, .adv_w = 320, .box_w = 19, .box_h = 19, .ofs_x = 0, .ofs_y = -2},
    {.bitmap_index = 8948, .adv_w = 320, .box_w = 19, .box_h = 19, .ofs_x = -1, .ofs_y = -2},
    {.bitmap_index = 8994, .adv_w = 320, .box_w = 19, .box_h = 19, .ofs_x = 0, .ofs_y = -2},
    {.bitmap_index = 9040, .adv_w = 320, .box_w = 19, .box_h = 19, .ofs_x = 0, .ofs_y = -2},
    {.bitmap_index = 9086, .adv_w = 320, .box_w = 18, .box_h = 19, .ofs_x = 0, .ofs_y = -2},
    {.bitmap_index = 9129, .adv_w = 320, .box_w = 19, .box_h = 19, .ofs_x = 0, .ofs_y = -2},
    {.bitmap_index = 9175, .adv_w = 320, .box_w = 18, .box_h = 19, .ofs_x = 0, .ofs_y = -2},
    {.bitmap_index = 9218, .adv_w = 320, .box_w = 18, .box_h = 19, .ofs_x = 0, .ofs_y = -2},
    {.bitmap_index = 9261, .adv_w = 320, .box_w = 19, .box_h = 19, .ofs_x = 0, .ofs_y = -2},
    {.bitmap_index = 9307, .adv_w = 320, .box_w = 18, .box_h = 19, .ofs_x = 0, .ofs_y = -2},
    {.bitmap_index = 9350, .adv_w = 320, .box_w = 18, .box_h = 19, .ofs_x = 0, .ofs_y = -2},
    {.bitmap_index = 9393, .adv_w = 320, .box_w = 18, .box_h = 19, .ofs_x = 0, .ofs_y = -2},
    {.bitmap_index = 9436, .adv_w = 320, .box_w = 18, .box_h = 19, .ofs_x = 0, .ofs_y = -2},
    {.bitmap_index = 9479, .adv_w = 320, .box_w = 19, .box_h = 19, .ofs_x = 0, .ofs_y = -2},
    {.bitmap_index = 9525, .adv_w = 320, .box_w = 19, .box_h = 19, .ofs_x = 0, .ofs_y = -2},
    {.bitmap_index = 9571, .adv_w = 320, .box_w = 18, .box_h = 19, .ofs_x = 0, .ofs_y = -2},
    {.bitmap_index = 9614, .adv_w = 320, .box_w = 19, .box_h = 19, .ofs_x = 0, .ofs_y = -2},
    {.bitmap_index = 9660, .adv_w = 320, .box_w = 19, .box_h = 19, .ofs_x = 0, .ofs_y = -2},
    {.bitmap_index = 9706, .adv_w = 320, .box_w = 18, .box_h = 19, .ofs_x = 0, .ofs_y = -2},
    {.bitmap_index = 9749, .adv_w = 320, .box_w = 18, .box_h = 19, .ofs_x = 0, .ofs_y = -2},
    {.bitmap_index = 9792, .adv_w = 320, .box_w = 18, .box_h = 19, .ofs_x = 0, .ofs_y = -2},
    {.bitmap_index = 9835, .adv_w = 320, .box_w = 17, .box_h = 19, .ofs_x = 1, .ofs_y = -2},
    {.bitmap_index = 9876, .adv_w = 320, .box_w = 19, .box_h = 19, .ofs_x = 0, .ofs_y = -2},
    {.bitmap_index = 9922, .adv_w = 320, .box_w = 19, .box_h = 19, .ofs_x = 0, .ofs_y = -2},
    {.bitmap_index = 9968, .adv_w = 320, .box_w = 18, .box_h = 19, .ofs_x = 0, .ofs_y = -2},
    {.bitmap_index = 10011, .adv_w = 320, .box_w = 18, .box_h = 19, .ofs_x = 0, .ofs_y = -2},
    {.bitmap_index = 10054, .adv_w = 320, .box_w = 18, .box_h = 19, .ofs_x = 0, .ofs_y = -2},
    {.bitmap_index = 10097, .adv_w = 320, .box_w = 18, .box_h = 19, .ofs_x = 0, .ofs_y = -2},
    {.bitmap_index = 10140, .adv_w = 320, .box_w = 18, .box_h = 19, .ofs_x = 0, .ofs_y = -2},
    {.bitmap_index = 10183, .adv_w = 320, .box_w = 19, .box_h = 19, .ofs_x = 0, .ofs_y = -2},
    {.bitmap_index = 10229, .adv_w = 320, .box_w = 18, .box_h = 19, .ofs_x = 0, .ofs_y = -2},
    {.bitmap_index = 10272, .adv_w = 320, .box_w = 19, .box_h = 19, .ofs_x = 0, .ofs_y = -2},
    {.bitmap_index = 10318, .adv_w = 320, .box_w = 18, .box_h = 19, .ofs_x = 0, .ofs_y = -2},
    {.bitmap_index = 10361, .adv_w = 320, .box_w = 18, .box_h = 19, .ofs_x = 0, .ofs_y = -2},
    {.bitmap_index = 10404, .adv_w = 320, .box_w = 19, .box_h = 19, .ofs_x = 0, .ofs_y = -2},
    {.bitmap_index = 10450, .adv_w = 320, .box_w = 18, .box_h = 19, .ofs_x = 0, .ofs_y = -2},
    {.bitmap_index = 10493, .adv_w = 320, .box_w = 19, .box_h = 19, .ofs_x = 0, .ofs_y = -2},
    {.bitmap_index = 10539, .adv_w = 320, .box_w = 17, .box_h = 19, .ofs_x = 0, .ofs_y = -2},
    {.bitmap_index = 10580, .adv_w = 320, .box_w = 18, .box_h = 19, .ofs_x = 0, .ofs_y = -2},
    {.bitmap_index = 10623, .adv_w = 320, .box_w = 18, .box_h = 19, .ofs_x = 0, .ofs_y = -2},
    {.bitmap_index = 10666, .adv_w = 320, .box_w = 18, .box_h = 19, .ofs_x = 0, .ofs_y = -2},
    {.bitmap_index = 10709, .adv_w = 320, .box_w = 16, .box_h = 19, .ofs_x = 1, .ofs_y = -2},
    {.bitmap_index = 10747, .adv_w = 320, .box_w = 18, .box_h = 19, .ofs_x = 0, .ofs_y = -2},
    {.bitmap_index = 10790, .adv_w = 320, .box_w = 19, .box_h = 19, .ofs_x = 0, .ofs_y = -2},
    {.bitmap_index = 10836, .adv_w = 320, .box_w = 18, .box_h = 19, .ofs_x = 0, .ofs_y = -2},
    {.bitmap_index = 10879, .adv_w = 320, .box_w = 19, .box_h = 19, .ofs_x = 0, .ofs_y = -2},
    {.bitmap_index = 10925, .adv_w = 320, .box_w = 19, .box_h = 19, .ofs_x = 0, .ofs_y = -2},
    {.bitmap_index = 10971, .adv_w = 320, .box_w = 18, .box_h = 19, .ofs_x = 0, .ofs_y = -2},
    {.bitmap_index = 11014, .adv_w = 320, .box_w = 18, .box_h = 19, .ofs_x = 0, .ofs_y = -2},
    {.bitmap_index = 11057, .adv_w = 320, .box_w = 18, .box_h = 19, .ofs_x = 0, .ofs_y = -2},
    {.bitmap_index = 11100, .adv_w = 320, .box_w = 19, .box_h = 19, .ofs_x = 0, .ofs_y = -2},
    {.bitmap_index = 11146, .adv_w = 320, .box_w = 19, .box_h = 19, .ofs_x = 0, .ofs_y = -2},
    {.bitmap_index = 11192, .adv_w = 320, .box_w = 19, .box_h = 19, .ofs_x = 0, .ofs_y = -2},
    {.bitmap_index = 11238, .adv_w = 320, .box_w = 19, .box_h = 19, .ofs_x = 0, .ofs_y = -2},
    {.bitmap_index = 11284, .adv_w = 320, .box_w = 18, .box_h = 19, .ofs_x = 0, .ofs_y = -2},
    {.bitmap_index = 11327, .adv_w = 320, .box_w = 18, .box_h = 19, .ofs_x = 0, .ofs_y = -2},
    {.bitmap_index = 11370, .adv_w = 320, .box_w = 19, .box_h = 19, .ofs_x = 0, .ofs_y = -2},
    {.bitmap_index = 11416, .adv_w = 320, .box_w = 19, .box_h = 19, .ofs_x = 0, .ofs_y = -2},
    {.bitmap_index = 11462, .adv_w = 320, .box_w = 18, .box_h = 19, .ofs_x = 0, .ofs_y = -2},
    {.bitmap_index = 11505, .adv_w = 320, .box_w = 19, .box_h = 19, .ofs_x = 0, .ofs_y = -2},
    {.bitmap_index = 11551, .adv_w = 320, .box_w = 19, .box_h = 19, .ofs_x = 0, .ofs_y = -2},
    {.bitmap_index = 11597, .adv_w = 320, .box_w = 18, .box_h = 19, .ofs_x = 0, .ofs_y = -2},
    {.bitmap_index = 11640, .adv_w = 320, .box_w = 18, .box_h = 19, .ofs_x = 0, .ofs_y = -2},
    {.bitmap_index = 11683, .adv_w = 320, .box_w = 18, .box_h = 19, .ofs_x = 0, .ofs_y = -2},
    {.bitmap_index = 11726, .adv_w = 320, .box_w = 19, .box_h = 19, .ofs_x = 0, .ofs_y = -2},
    {.bitmap_index = 11772, .adv_w = 320, .box_w = 19, .box_h = 19, .ofs_x = -1, .ofs_y = -2},
    {.bitmap_index = 11818, .adv_w = 320, .box_w = 19, .box_h = 19, .ofs_x = -1, .ofs_y = -2},
    {.bitmap_index = 11864, .adv_w = 320, .box_w = 19, .box_h = 19, .ofs_x = 0, .ofs_y = -2},
    {.bitmap_index = 11910, .adv_w = 320, .box_w = 19, .box_h = 19, .ofs_x = -1, .ofs_y = -2},
    {.bitmap_index = 11956, .adv_w = 320, .box_w = 19, .box_h = 19, .ofs_x = -1, .ofs_y = -2},
    {.bitmap_index = 12002, .adv_w = 320, .box_w = 19, .box_h = 19, .ofs_x = -1, .ofs_y = -2},
    {.bitmap_index = 12048, .adv_w = 320, .box_w = 19, .box_h = 19, .ofs_x = -1, .ofs_y = -2},
    {.bitmap_index = 12094, .adv_w = 320, .box_w = 19, .box_h = 19, .ofs_x = -1, .ofs_y = -2},
    {.bitmap_index = 12140, .adv_w = 320, .box_w = 19, .box_h = 19, .ofs_x = -1, .ofs_y = -2},
    {.bitmap_index = 12186, .adv_w = 320, .box_w = 19, .box_h = 19, .ofs_x = -1, .ofs_y = -2},
    {.bitmap_index = 12232, .adv_w = 320, .box_w = 19, .box_h = 19, .ofs_x = -1, .ofs_y = -2},
    {.bitmap_index = 12278, .adv_w = 320, .box_w = 19, .box_h = 19, .ofs_x = -1, .ofs_y = -2},
    {.bitmap_index = 12324, .adv_w = 320, .box_w = 19, .box_h = 19, .ofs_x = -1, .ofs_y = -2},
    {.bitmap_index = 12370, .adv_w = 320, .box_w = 19, .box_h = 19, .ofs_x = 0, .ofs_y = -2},
    {.bitmap_index = 12416, .adv_w = 320, .box_w = 19, .box_h = 19, .ofs_x = -1, .ofs_y = -2},
    {.bitmap_index = 12462, .adv_w = 320, .box_w = 19, .box_h = 19, .ofs_x = -1, .ofs_y = -2},
    {.bitmap_index = 12508, .adv_w = 320, .box_w = 19, .box_h = 19, .ofs_x = -1, .ofs_y = -2},
    {.bitmap_index = 12554, .adv_w = 320, .box_w = 19, .box_h = 19, .ofs_x = -1, .ofs_y = -2},
    {.bitmap_index = 12600, .adv_w = 320, .box_w = 19, .box_h = 19, .ofs_x = -1, .ofs_y = -2},
    {.bitmap_index = 12646, .adv_w = 320, .box_w = 19, .box_h = 19, .ofs_x = -1, .ofs_y = -2},
    {.bitmap_index = 12692, .adv_w = 320, .box_w = 18, .box_h = 19, .ofs_x = 0, .ofs_y = -2},
    {.bitmap_index = 12735, .adv_w = 320, .box_w = 19, .box_h = 19, .ofs_x = 0, .ofs_y = -2},
    {.bitmap_index = 12781, .adv_w = 320, .box_w = 19, .box_h = 19, .ofs_x = 0, .ofs_y = -2},
    {.bitmap_index = 12827, .adv_w = 320, .box_w = 18, .box_h = 19, .ofs_x = 0, .ofs_y = -2},
    {.bitmap_index = 12870, .adv_w = 320, .box_w = 18, .box_h = 19, .ofs_x = 0, .ofs_y = -2},
    {.bitmap_index = 12913, .adv_w = 320, .box_w = 19, .box_h = 19, .ofs_x = 0, .ofs_y = -2},
    {.bitmap_index = 12959, .adv_w = 320, .box_w = 18, .box_h = 19, .ofs_x = 0, .ofs_y = -2},
    {.bitmap_index = 13002, .adv_w = 320, .box_w = 18, .box_h = 19, .ofs_x = 0, .ofs_y = -2},
    {.bitmap_index = 13045, .adv_w = 320, .box_w = 19, .box_h = 19, .ofs_x = 0, .ofs_y = -2},
    {.bitmap_index = 13091, .adv_w = 320, .box_w = 18, .box_h = 19, .ofs_x = 0, .ofs_y = -2},
    {.bitmap_index = 13134, .adv_w = 320, .box_w = 18, .box_h = 19, .ofs_x = 0, .ofs_y = -2},
    {.bitmap_index = 13177, .adv_w = 320, .box_w = 19, .box_h = 19, .ofs_x = 0, .ofs_y = -2},
    {.bitmap_index = 13223, .adv_w = 320, .box_w = 19, .box_h = 19, .ofs_x = 0, .ofs_y = -2},
    {.bitmap_index = 13269, .adv_w = 320, .box_w = 19, .box_h = 19, .ofs_x = 0, .ofs_y = -2},
    {.bitmap_index = 13315, .adv_w = 320, .box_w = 18, .box_h = 19, .ofs_x = 0, .ofs_y = -2},
    {.bitmap_index = 13358, .adv_w = 320, .box_w = 18, .box_h = 19, .ofs_x = 0, .ofs_y = -2},
    {.bitmap_index = 13401, .adv_w = 320, .box_w = 15, .box_h = 19, .ofs_x = 1, .ofs_y = -2},
    {.bitmap_index = 13437, .adv_w = 320, .box_w = 18, .box_h = 19, .ofs_x = 0, .ofs_y = -2},
    {.bitmap_index = 13480, .adv_w = 320, .box_w = 18, .box_h = 19, .ofs_x = 0, .ofs_y = -2},
    {.bitmap_index = 13523, .adv_w = 320, .box_w = 19, .box_h = 19, .ofs_x = 0, .ofs_y = -2},
    {.bitmap_index = 13569, .adv_w = 320, .box_w = 19, .box_h = 19, .ofs_x = 0, .ofs_y = -2},
    {.bitmap_index = 13615, .adv_w = 320, .box_w = 18, .box_h = 19, .ofs_x = 0, .ofs_y = -2},
    {.bitmap_index = 13658, .adv_w = 320, .box_w = 18, .box_h = 19, .ofs_x = 0, .ofs_y = -2},
    {.bitmap_index = 13701, .adv_w = 320, .box_w = 18, .box_h = 19, .ofs_x = 0, .ofs_y = -2},
    {.bitmap_index = 13744, .adv_w = 320, .box_w = 19, .box_h = 19, .ofs_x = 0, .ofs_y = -2},
    {.bitmap_index = 13790, .adv_w = 320, .box_w = 18, .box_h = 19, .ofs_x = 0, .ofs_y = -2},
    {.bitmap_index = 13833, .adv_w = 320, .box_w = 18, .box_h = 19, .ofs_x = 0, .ofs_y = -2},
    {.bitmap_index = 13876, .adv_w = 320, .box_w = 19, .box_h = 19, .ofs_x = 0, .ofs_y = -2},
    {.bitmap_index = 13922, .adv_w = 320, .box_w = 19, .box_h = 19, .ofs_x = 0, .ofs_y = -2},
    {.bitmap_index = 13968, .adv_w = 320, .box_w = 18, .box_h = 19, .ofs_x = 0, .ofs_y = -2},
    {.bitmap_index = 14011, .adv_w = 320, .box_w = 19, .box_h = 19, .ofs_x = 0, .ofs_y = -2},
    {.bitmap_index = 14057, .adv_w = 320, .box_w = 18, .box_h = 19, .ofs_x = 0, .ofs_y = -2},
    {.bitmap_index = 14100, .adv_w = 320, .box_w = 17, .box_h = 19, .ofs_x = 0, .ofs_y = -2},
    {.bitmap_index = 14141, .adv_w = 320, .box_w = 18, .box_h = 19, .ofs_x = 0, .ofs_y = -2},
    {.bitmap_index = 14184, .adv_w = 320, .box_w = 19, .box_h = 19, .ofs_x = 0, .ofs_y = -2},
    {.bitmap_index = 14230, .adv_w = 320, .box_w = 19, .box_h = 19, .ofs_x = 0, .ofs_y = -2},
    {.bitmap_index = 14276, .adv_w = 320, .box_w = 18, .box_h = 19, .ofs_x = 0, .ofs_y = -2},
    {.bitmap_index = 14319, .adv_w = 320, .box_w = 18, .box_h = 19, .ofs_x = 0, .ofs_y = -2},
    {.bitmap_index = 14362, .adv_w = 320, .box_w = 18, .box_h = 19, .ofs_x = 0, .ofs_y = -2},
    {.bitmap_index = 14405, .adv_w = 320, .box_w = 19, .box_h = 19, .ofs_x = 0, .ofs_y = -2},
    {.bitmap_index = 14451, .adv_w = 320, .box_w = 18, .box_h = 19, .ofs_x = 0, .ofs_y = -2},
    {.bitmap_index = 14494, .adv_w = 320, .box_w = 19, .box_h = 19, .ofs_x = 0, .ofs_y = -2},
    {.bitmap_index = 14540, .adv_w = 320, .box_w = 18, .box_h = 19, .ofs_x = 0, .ofs_y = -2},
    {.bitmap_index = 14583, .adv_w = 320, .box_w = 18, .box_h = 19, .ofs_x = 0, .ofs_y = -2},
    {.bitmap_index = 14626, .adv_w = 320, .box_w = 19, .box_h = 19, .ofs_x = 0, .ofs_y = -2},
    {.bitmap_index = 14672, .adv_w = 320, .box_w = 18, .box_h = 19, .ofs_x = 0, .ofs_y = -2},
    {.bitmap_index = 14715, .adv_w = 320, .box_w = 18, .box_h = 19, .ofs_x = 0, .ofs_y = -2},
    {.bitmap_index = 14758, .adv_w = 320, .box_w = 18, .box_h = 19, .ofs_x = 0, .ofs_y = -2},
    {.bitmap_index = 14801, .adv_w = 320, .box_w = 19, .box_h = 19, .ofs_x = 0, .ofs_y = -2},
    {.bitmap_index = 14847, .adv_w = 320, .box_w = 18, .box_h = 19, .ofs_x = 0, .ofs_y = -2},
    {.bitmap_index = 14890, .adv_w = 320, .box_w = 18, .box_h = 19, .ofs_x = 0, .ofs_y = -2},
    {.bitmap_index = 14933, .adv_w = 320, .box_w = 19, .box_h = 19, .ofs_x = 0, .ofs_y = -2},
    {.bitmap_index = 14979, .adv_w = 320, .box_w = 18, .box_h = 19, .ofs_x = 0, .ofs_y = -2},
    {.bitmap_index = 15022, .adv_w = 320, .box_w = 18, .box_h = 19, .ofs_x = 0, .ofs_y = -2},
    {.bitmap_index = 15065, .adv_w = 320, .box_w = 18, .box_h = 19, .ofs_x = 0, .ofs_y = -2},
    {.bitmap_index = 15108, .adv_w = 320, .box_w = 19, .box_h = 19, .ofs_x = 0, .ofs_y = -2},
    {.bitmap_index = 15154, .adv_w = 320, .box_w = 18, .box_h = 19, .ofs_x = 0, .ofs_y = -2},
    {.bitmap_index = 15197, .adv_w = 320, .box_w = 19, .box_h = 19, .ofs_x = 0, .ofs_y = -2},
    {.bitmap_index = 15243, .adv_w = 320, .box_w = 19, .box_h = 19, .ofs_x = 0, .ofs_y = -2},
    {.bitmap_index = 15289, .adv_w = 320, .box_w = 18, .box_h = 19, .ofs_x = 0, .ofs_y = -2},
    {.bitmap_index = 15332, .adv_w = 320, .box_w = 19, .box_h = 19, .ofs_x = 0, .ofs_y = -2},
    {.bitmap_index = 15378, .adv_w = 320, .box_w = 19, .box_h = 19, .ofs_x = 0, .ofs_y = -2},
    {.bitmap_index = 15424, .adv_w = 320, .box_w = 18, .box_h = 19, .ofs_x = 0, .ofs_y = -2},
    {.bitmap_index = 15467, .adv_w = 320, .box_w = 18, .box_h = 19, .ofs_x = 0, .ofs_y = -2},
    {.bitmap_index = 15510, .adv_w = 320, .box_w = 18, .box_h = 19, .ofs_x = 0, .ofs_y = -2},
    {.bitmap_index = 15553, .adv_w = 320, .box_w = 18, .box_h = 19, .ofs_x = 0, .ofs_y = -2},
    {.bitmap_index = 15596, .adv_w = 320, .box_w = 19, .box_h = 19, .ofs_x = 0, .ofs_y = -2},
    {.bitmap_index = 15642, .adv_w = 320, .box_w = 19, .box_h = 19, .ofs_x = 0, .ofs_y = -2},
    {.bitmap_index = 15688, .adv_w = 320, .box_w = 18, .box_h = 19, .ofs_x = 0, .ofs_y = -2},
    {.bitmap_index = 15731, .adv_w = 320, .box_w = 18, .box_h = 19, .ofs_x = 0, .ofs_y = -2},
    {.bitmap_index = 15774, .adv_w = 320, .box_w = 18, .box_h = 19, .ofs_x = 0, .ofs_y = -2},
    {.bitmap_index = 15817, .adv_w = 320, .box_w = 19, .box_h = 19, .ofs_x = 0, .ofs_y = -2},
    {.bitmap_index = 15863, .adv_w = 320, .box_w = 19, .box_h = 19, .ofs_x = 0, .ofs_y = -2},
    {.bitmap_index = 15909, .adv_w = 320, .box_w = 18, .box_h = 19, .ofs_x = 0, .ofs_y = -2},
    {.bitmap_index = 15952, .adv_w = 320, .box_w = 19, .box_h = 19, .ofs_x = 0, .ofs_y = -2},
    {.bitmap_index = 15998, .adv_w = 320, .box_w = 19, .box_h = 19, .ofs_x = 0, .ofs_y = -2},
    {.bitmap_index = 16044, .adv_w = 320, .box_w = 18, .box_h = 19, .ofs_x = 0, .ofs_y = -2},
    {.bitmap_index = 16087, .adv_w = 320, .box_w = 19, .box_h = 19, .ofs_x = 0, .ofs_y = -2},
    {.bitmap_index = 16133, .adv_w = 320, .box_w = 19, .box_h = 19, .ofs_x = 0, .ofs_y = -2},
    {.bitmap_index = 16179, .adv_w = 320, .box_w = 19, .box_h = 19, .ofs_x = 0, .ofs_y = -2},
    {.bitmap_index = 16225, .adv_w = 320, .box_w = 19, .box_h = 19, .ofs_x = 0, .ofs_y = -2},
    {.bitmap_index = 16271, .adv_w = 320, .box_w = 19, .box_h = 19, .ofs_x = 0, .ofs_y = -2},
    {.bitmap_index = 16317, .adv_w = 320, .box_w = 19, .box_h = 19, .ofs_x = 0, .ofs_y = -2},
    {.bitmap_index = 16363, .adv_w = 320, .box_w = 19, .box_h = 19, .ofs_x = 0, .ofs_y = -2},
    {.bitmap_index = 16409, .adv_w = 320, .box_w = 18, .box_h = 19, .ofs_x = 0, .ofs_y = -2},
    {.bitmap_index = 16452, .adv_w = 320, .box_w = 18, .box_h = 19, .ofs_x = 0, .ofs_y = -2},
    {.bitmap_index = 16495, .adv_w = 320, .box_w = 18, .box_h = 19, .ofs_x = 0, .ofs_y = -2},
    {.bitmap_index = 16538, .adv_w = 320, .box_w = 18, .box_h = 19, .ofs_x = 0, .ofs_y = -2},
    {.bitmap_index = 16581, .adv_w = 320, .box_w = 19, .box_h = 19, .ofs_x = 0, .ofs_y = -2},
    {.bitmap_index = 16627, .adv_w = 320, .box_w = 19, .box_h = 19, .ofs_x = 0, .ofs_y = -2},
    {.bitmap_index = 16673, .adv_w = 320, .box_w = 18, .box_h = 19, .ofs_x = 0, .ofs_y = -2},
    {.bitmap_index = 16716, .adv_w = 320, .box_w = 19, .box_h = 19, .ofs_x = 0, .ofs_y = -2},
    {.bitmap_index = 16762, .adv_w = 320, .box_w = 18, .box_h = 19, .ofs_x = 0, .ofs_y = -2},
    {.bitmap_index = 16805, .adv_w = 320, .box_w = 19, .box_h = 19, .ofs_x = -1, .ofs_y = -2},
    {.bitmap_index = 16851, .adv_w = 320, .box_w = 18, .box_h = 19, .ofs_x = 0, .ofs_y = -2},
    {.bitmap_index = 16894, .adv_w = 320, .box_w = 17, .box_h = 19, .ofs_x = 0, .ofs_y = -2},
    {.bitmap_index = 16935, .adv_w = 320, .box_w = 19, .box_h = 19, .ofs_x = 0, .ofs_y = -2},
    {.bitmap_index = 16981, .adv_w = 320, .box_w = 18, .box_h = 19, .ofs_x = 0, .ofs_y = -2},
    {.bitmap_index = 17024, .adv_w = 320, .box_w = 18, .box_h = 19, .ofs_x = 0, .ofs_y = -2},
    {.bitmap_index = 17067, .adv_w = 320, .box_w = 18, .box_h = 19, .ofs_x = 0, .ofs_y = -2},
    {.bitmap_index = 17110, .adv_w = 320, .box_w = 19, .box_h = 19, .ofs_x = 0, .ofs_y = -2},
    {.bitmap_index = 17156, .adv_w = 320, .box_w = 15, .box_h = 19, .ofs_x = 1, .ofs_y = -2},
    {.bitmap_index = 17192, .adv_w = 320, .box_w = 18, .box_h = 19, .ofs_x = 0, .ofs_y = -2},
    {.bitmap_index = 17235, .adv_w = 320, .box_w = 19, .box_h = 19, .ofs_x = 0, .ofs_y = -2},
    {.bitmap_index = 17281, .adv_w = 320, .box_w = 18, .box_h = 19, .ofs_x = 0, .ofs_y = -2},
    {.bitmap_index = 17324, .adv_w = 320, .box_w = 18, .box_h = 19, .ofs_x = 0, .ofs_y = -2},
    {.bitmap_index = 17367, .adv_w = 320, .box_w = 19, .box_h = 19, .ofs_x = 0, .ofs_y = -2},
    {.bitmap_index = 17413, .adv_w = 320, .box_w = 18, .box_h = 19, .ofs_x = 0, .ofs_y = -2},
    {.bitmap_index = 17456, .adv_w = 320, .box_w = 18, .box_h = 19, .ofs_x = 0, .ofs_y = -2},
    {.bitmap_index = 17499, .adv_w = 320, .box_w = 19, .box_h = 19, .ofs_x = 0, .ofs_y = -2},
    {.bitmap_index = 17545, .adv_w = 320, .box_w = 18, .box_h = 19, .ofs_x = 0, .ofs_y = -2},
    {.bitmap_index = 17588, .adv_w = 320, .box_w = 19, .box_h = 19, .ofs_x = 0, .ofs_y = -2},
    {.bitmap_index = 17634, .adv_w = 320, .box_w = 19, .box_h = 19, .ofs_x = 0, .ofs_y = -2},
    {.bitmap_index = 17680, .adv_w = 320, .box_w = 18, .box_h = 19, .ofs_x = 0, .ofs_y = -2},
    {.bitmap_index = 17723, .adv_w = 320, .box_w = 18, .box_h = 19, .ofs_x = 0, .ofs_y = -2},
    {.bitmap_index = 17766, .adv_w = 320, .box_w = 19, .box_h = 19, .ofs_x = 0, .ofs_y = -2},
    {.bitmap_index = 17812, .adv_w = 320, .box_w = 19, .box_h = 19, .ofs_x = 0, .ofs_y = -2},
    {.bitmap_index = 17858, .adv_w = 320, .box_w = 19, .box_h = 19, .ofs_x = 0, .ofs_y = -2},
    {.bitmap_index = 17904, .adv_w = 320, .box_w = 19, .box_h = 19, .ofs_x = 0, .ofs_y = -2},
    {.bitmap_index = 17950, .adv_w = 320, .box_w = 19, .box_h = 19, .ofs_x = 0, .ofs_y = -2},
    {.bitmap_index = 17996, .adv_w = 320, .box_w = 19, .box_h = 19, .ofs_x = 0, .ofs_y = -2},
    {.bitmap_index = 18042, .adv_w = 320, .box_w = 19, .box_h = 19, .ofs_x = 0, .ofs_y = -2},
    {.bitmap_index = 18088, .adv_w = 320, .box_w = 18, .box_h = 19, .ofs_x = 0, .ofs_y = -2},
    {.bitmap_index = 18131, .adv_w = 320, .box_w = 18, .box_h = 19, .ofs_x = 0, .ofs_y = -2},
    {.bitmap_index = 18174, .adv_w = 320, .box_w = 19, .box_h = 19, .ofs_x = 0, .ofs_y = -2},
    {.bitmap_index = 18220, .adv_w = 320, .box_w = 18, .box_h = 19, .ofs_x = 0, .ofs_y = -2},
    {.bitmap_index = 18263, .adv_w = 320, .box_w = 19, .box_h = 19, .ofs_x = 0, .ofs_y = -2},
    {.bitmap_index = 18309, .adv_w = 320, .box_w = 18, .box_h = 19, .ofs_x = 0, .ofs_y = -2},
    {.bitmap_index = 18352, .adv_w = 320, .box_w = 18, .box_h = 19, .ofs_x = 0, .ofs_y = -2},
    {.bitmap_index = 18395, .adv_w = 320, .box_w = 18, .box_h = 19, .ofs_x = 0, .ofs_y = -2},
    {.bitmap_index = 18438, .adv_w = 320, .box_w = 18, .box_h = 19, .ofs_x = 0, .ofs_y = -2},
    {.bitmap_index = 18481, .adv_w = 320, .box_w = 19, .box_h = 19, .ofs_x = 0, .ofs_y = -2},
    {.bitmap_index = 18527, .adv_w = 320, .box_w = 18, .box_h = 19, .ofs_x = 0, .ofs_y = -2},
    {.bitmap_index = 18570, .adv_w = 320, .box_w = 18, .box_h = 19, .ofs_x = 0, .ofs_y = -2},
    {.bitmap_index = 18613, .adv_w = 320, .box_w = 19, .box_h = 19, .ofs_x = 0, .ofs_y = -2},
    {.bitmap_index = 18659, .adv_w = 320, .box_w = 19, .box_h = 19, .ofs_x = 0, .ofs_y = -2},
    {.bitmap_index = 18705, .adv_w = 320, .box_w = 18, .box_h = 19, .ofs_x = 0, .ofs_y = -2},
    {.bitmap_index = 18748, .adv_w = 320, .box_w = 19, .box_h = 19, .ofs_x = 0, .ofs_y = -2},
    {.bitmap_index = 18794, .adv_w = 320, .box_w = 18, .box_h = 19, .ofs_x = 0, .ofs_y = -2},
    {.bitmap_index = 18837, .adv_w = 320, .box_w = 18, .box_h = 19, .ofs_x = 0, .ofs_y = -2},
    {.bitmap_index = 18880, .adv_w = 320, .box_w = 18, .box_h = 19, .ofs_x = 0, .ofs_y = -2},
    {.bitmap_index = 18923, .adv_w = 320, .box_w = 18, .box_h = 19, .ofs_x = 0, .ofs_y = -2},
    {.bitmap_index = 18966, .adv_w = 320, .box_w = 19, .box_h = 19, .ofs_x = 0, .ofs_y = -2},
    {.bitmap_index = 19012, .adv_w = 320, .box_w = 18, .box_h = 19, .ofs_x = 0, .ofs_y = -2},
    {.bitmap_index = 19055, .adv_w = 320, .box_w = 18, .box_h = 19, .ofs_x = 0, .ofs_y = -2},
    {.bitmap_index = 19098, .adv_w = 320, .box_w = 18, .box_h = 19, .ofs_x = 0, .ofs_y = -2},
    {.bitmap_index = 19141, .adv_w = 320, .box_w = 18, .box_h = 19, .ofs_x = 0, .ofs_y = -2},
    {.bitmap_index = 19184, .adv_w = 320, .box_w = 18, .box_h = 19, .ofs_x = 0, .ofs_y = -2},
    {.bitmap_index = 19227, .adv_w = 320, .box_w = 18, .box_h = 19, .ofs_x = 0, .ofs_y = -2},
    {.bitmap_index = 19270, .adv_w = 320, .box_w = 18, .box_h = 19, .ofs_x = 0, .ofs_y = -2},
    {.bitmap_index = 19313, .adv_w = 320, .box_w = 18, .box_h = 19, .ofs_x = 0, .ofs_y = -2},
    {.bitmap_index = 19356, .adv_w = 320, .box_w = 19, .box_h = 19, .ofs_x = 0, .ofs_y = -2},
    {.bitmap_index = 19402, .adv_w = 320, .box_w = 19, .box_h = 19, .ofs_x = 0, .ofs_y = -2},
    {.bitmap_index = 19448, .adv_w = 320, .box_w = 18, .box_h = 19, .ofs_x = 0, .ofs_y = -2},
    {.bitmap_index = 19491, .adv_w = 320, .box_w = 18, .box_h = 19, .ofs_x = 0, .ofs_y = -2},
    {.bitmap_index = 19534, .adv_w = 320, .box_w = 18, .box_h = 19, .ofs_x = 0, .ofs_y = -2},
    {.bitmap_index = 19577, .adv_w = 320, .box_w = 18, .box_h = 19, .ofs_x = 0, .ofs_y = -2},
    {.bitmap_index = 19620, .adv_w = 320, .box_w = 18, .box_h = 19, .ofs_x = 0, .ofs_y = -2},
    {.bitmap_index = 19663, .adv_w = 320, .box_w = 19, .box_h = 19, .ofs_x = 0, .ofs_y = -2},
    {.bitmap_index = 19709, .adv_w = 320, .box_w = 18, .box_h = 19, .ofs_x = 0, .ofs_y = -2},
    {.bitmap_index = 19752, .adv_w = 320, .box_w = 18, .box_h = 19, .ofs_x = 0, .ofs_y = -2},
    {.bitmap_index = 19795, .adv_w = 320, .box_w = 18, .box_h = 19, .ofs_x = 0, .ofs_y = -2},
    {.bitmap_index = 19838, .adv_w = 320, .box_w = 19, .box_h = 19, .ofs_x = 0, .ofs_y = -2},
    {.bitmap_index = 19884, .adv_w = 320, .box_w = 19, .box_h = 19, .ofs_x = 0, .ofs_y = -2},
    {.bitmap_index = 19930, .adv_w = 320, .box_w = 19, .box_h = 19, .ofs_x = -1, .ofs_y = -2},
    {.bitmap_index = 19976, .adv_w = 320, .box_w = 18, .box_h = 19, .ofs_x = 0, .ofs_y = -2},
    {.bitmap_index = 20019, .adv_w = 320, .box_w = 18, .box_h = 19, .ofs_x = 0, .ofs_y = -2},
    {.bitmap_index = 20062, .adv_w = 320, .box_w = 18, .box_h = 19, .ofs_x = 0, .ofs_y = -2},
    {.bitmap_index = 20105, .adv_w = 320, .box_w = 18, .box_h = 19, .ofs_x = 0, .ofs_y = -2},
    {.bitmap_index = 20148, .adv_w = 320, .box_w = 19, .box_h = 19, .ofs_x = 0, .ofs_y = -2},
    {.bitmap_index = 20194, .adv_w = 320, .box_w = 18, .box_h = 19, .ofs_x = 0, .ofs_y = -2},
    {.bitmap_index = 20237, .adv_w = 320, .box_w = 18, .box_h = 19, .ofs_x = 0, .ofs_y = -2},
    {.bitmap_index = 20280, .adv_w = 320, .box_w = 18, .box_h = 19, .ofs_x = 0, .ofs_y = -2},
    {.bitmap_index = 20323, .adv_w = 320, .box_w = 18, .box_h = 19, .ofs_x = 0, .ofs_y = -2},
    {.bitmap_index = 20366, .adv_w = 320, .box_w = 19, .box_h = 19, .ofs_x = -1, .ofs_y = -2},
    {.bitmap_index = 20412, .adv_w = 320, .box_w = 19, .box_h = 19, .ofs_x = 0, .ofs_y = -2},
    {.bitmap_index = 20458, .adv_w = 320, .box_w = 19, .box_h = 19, .ofs_x = 0, .ofs_y = -2},
    {.bitmap_index = 20504, .adv_w = 320, .box_w = 18, .box_h = 19, .ofs_x = 0, .ofs_y = -2},
    {.bitmap_index = 20547, .adv_w = 320, .box_w = 19, .box_h = 19, .ofs_x = -1, .ofs_y = -2},
    {.bitmap_index = 20593, .adv_w = 320, .box_w = 18, .box_h = 19, .ofs_x = 0, .ofs_y = -2},
    {.bitmap_index = 20636, .adv_w = 320, .box_w = 18, .box_h = 19, .ofs_x = 0, .ofs_y = -2},
    {.bitmap_index = 20679, .adv_w = 320, .box_w = 19, .box_h = 19, .ofs_x = 0, .ofs_y = -2},
    {.bitmap_index = 20725, .adv_w = 320, .box_w = 18, .box_h = 19, .ofs_x = 0, .ofs_y = -2},
    {.bitmap_index = 20768, .adv_w = 320, .box_w = 18, .box_h = 19, .ofs_x = 0, .ofs_y = -2},
    {.bitmap_index = 20811, .adv_w = 320, .box_w = 18, .box_h = 19, .ofs_x = 0, .ofs_y = -2},
    {.bitmap_index = 20854, .adv_w = 320, .box_w = 18, .box_h = 19, .ofs_x = 0, .ofs_y = -2},
    {.bitmap_index = 20897, .adv_w = 320, .box_w = 19, .box_h = 19, .ofs_x = 0, .ofs_y = -2},
    {.bitmap_index = 20943, .adv_w = 320, .box_w = 19, .box_h = 19, .ofs_x = 0, .ofs_y = -2},
    {.bitmap_index = 20989, .adv_w = 320, .box_w = 19, .box_h = 19, .ofs_x = 0, .ofs_y = -2},
    {.bitmap_index = 21035, .adv_w = 320, .box_w = 19, .box_h = 19, .ofs_x = -1, .ofs_y = -2},
    {.bitmap_index = 21081, .adv_w = 320, .box_w = 19, .box_h = 19, .ofs_x = 0, .ofs_y = -2},
    {.bitmap_index = 21127, .adv_w = 320, .box_w = 19, .box_h = 19, .ofs_x = 0, .ofs_y = -2},
    {.bitmap_index = 21173, .adv_w = 320, .box_w = 19, .box_h = 19, .ofs_x = -1, .ofs_y = -2},
    {.bitmap_index = 21219, .adv_w = 320, .box_w = 18, .box_h = 19, .ofs_x = 0, .ofs_y = -2},
    {.bitmap_index = 21262, .adv_w = 320, .box_w = 18, .box_h = 19, .ofs_x = 0, .ofs_y = -2},
    {.bitmap_index = 21305, .adv_w = 320, .box_w = 19, .box_h = 19, .ofs_x = 0, .ofs_y = -2},
    {.bitmap_index = 21351, .adv_w = 320, .box_w = 19, .box_h = 19, .ofs_x = 0, .ofs_y = -2},
    {.bitmap_index = 21397, .adv_w = 320, .box_w = 18, .box_h = 19, .ofs_x = 0, .ofs_y = -2},
    {.bitmap_index = 21440, .adv_w = 320, .box_w = 19, .box_h = 19, .ofs_x = 0, .ofs_y = -2},
    {.bitmap_index = 21486, .adv_w = 320, .box_w = 19, .box_h = 19, .ofs_x = 0, .ofs_y = -2},
    {.bitmap_index = 21532, .adv_w = 320, .box_w = 18, .box_h = 19, .ofs_x = 0, .ofs_y = -2},
    {.bitmap_index = 21575, .adv_w = 320, .box_w = 19, .box_h = 19, .ofs_x = 0, .ofs_y = -2},
    {.bitmap_index = 21621, .adv_w = 320, .box_w = 18, .box_h = 19, .ofs_x = 0, .ofs_y = -2},
    {.bitmap_index = 21664, .adv_w = 320, .box_w = 19, .box_h = 19, .ofs_x = 0, .ofs_y = -2},
    {.bitmap_index = 21710, .adv_w = 320, .box_w = 19, .box_h = 19, .ofs_x = 0, .ofs_y = -2},
    {.bitmap_index = 21756, .adv_w = 320, .box_w = 19, .box_h = 19, .ofs_x = 0, .ofs_y = -2},
    {.bitmap_index = 21802, .adv_w = 320, .box_w = 18, .box_h = 19, .ofs_x = 0, .ofs_y = -2},
    {.bitmap_index = 21845, .adv_w = 320, .box_w = 19, .box_h = 19, .ofs_x = 0, .ofs_y = -2},
    {.bitmap_index = 21891, .adv_w = 320, .box_w = 18, .box_h = 19, .ofs_x = 0, .ofs_y = -2},
    {.bitmap_index = 21934, .adv_w = 320, .box_w = 19, .box_h = 19, .ofs_x = 0, .ofs_y = -2},
    {.bitmap_index = 21980, .adv_w = 320, .box_w = 18, .box_h = 19, .ofs_x = 0, .ofs_y = -2},
    {.bitmap_index = 22023, .adv_w = 320, .box_w = 19, .box_h = 19, .ofs_x = 0, .ofs_y = -2},
    {.bitmap_index = 22069, .adv_w = 320, .box_w = 18, .box_h = 19, .ofs_x = 0, .ofs_y = -2},
    {.bitmap_index = 22112, .adv_w = 320, .box_w = 19, .box_h = 19, .ofs_x = 0, .ofs_y = -2},
    {.bitmap_index = 22158, .adv_w = 320, .box_w = 18, .box_h = 19, .ofs_x = 0, .ofs_y = -2},
    {.bitmap_index = 22201, .adv_w = 320, .box_w = 18, .box_h = 19, .ofs_x = 0, .ofs_y = -2},
    {.bitmap_index = 22244, .adv_w = 320, .box_w = 18, .box_h = 19, .ofs_x = 0, .ofs_y = -2},
    {.bitmap_index = 22287, .adv_w = 320, .box_w = 19, .box_h = 19, .ofs_x = 0, .ofs_y = -2},
    {.bitmap_index = 22333, .adv_w = 320, .box_w = 19, .box_h = 19, .ofs_x = 0, .ofs_y = -2},
    {.bitmap_index = 22379, .adv_w = 320, .box_w = 19, .box_h = 19, .ofs_x = 0, .ofs_y = -2},
    {.bitmap_index = 22425, .adv_w = 320, .box_w = 18, .box_h = 19, .ofs_x = 0, .ofs_y = -2},
    {.bitmap_index = 22468, .adv_w = 320, .box_w = 19, .box_h = 19, .ofs_x = 0, .ofs_y = -2},
    {.bitmap_index = 22514, .adv_w = 320, .box_w = 19, .box_h = 19, .ofs_x = 0, .ofs_y = -2},
    {.bitmap_index = 22560, .adv_w = 320, .box_w = 19, .box_h = 19, .ofs_x = 0, .ofs_y = -2},
    {.bitmap_index = 22606, .adv_w = 320, .box_w = 18, .box_h = 19, .ofs_x = 0, .ofs_y = -2},
    {.bitmap_index = 22649, .adv_w = 320, .box_w = 19, .box_h = 19, .ofs_x = 0, .ofs_y = -2},
    {.bitmap_index = 22695, .adv_w = 320, .box_w = 19, .box_h = 19, .ofs_x = 0, .ofs_y = -2},
    {.bitmap_index = 22741, .adv_w = 320, .box_w = 19, .box_h = 19, .ofs_x = 0, .ofs_y = -2},
    {.bitmap_index = 22787, .adv_w = 320, .box_w = 19, .box_h = 19, .ofs_x = 0, .ofs_y = -2},
    {.bitmap_index = 22833, .adv_w = 320, .box_w = 19, .box_h = 19, .ofs_x = 0, .ofs_y = -2},
    {.bitmap_index = 22879, .adv_w = 320, .box_w = 18, .box_h = 19, .ofs_x = 0, .ofs_y = -2},
    {.bitmap_index = 22922, .adv_w = 320, .box_w = 18, .box_h = 19, .ofs_x = 0, .ofs_y = -2},
    {.bitmap_index = 22965, .adv_w = 320, .box_w = 18, .box_h = 19, .ofs_x = 0, .ofs_y = -2},
    {.bitmap_index = 23008, .adv_w = 320, .box_w = 18, .box_h = 19, .ofs_x = 0, .ofs_y = -2},
    {.bitmap_index = 23051, .adv_w = 320, .box_w = 18, .box_h = 19, .ofs_x = 0, .ofs_y = -2},
    {.bitmap_index = 23094, .adv_w = 320, .box_w = 19, .box_h = 19, .ofs_x = 0, .ofs_y = -2},
    {.bitmap_index = 23140, .adv_w = 320, .box_w = 18, .box_h = 19, .ofs_x = 0, .ofs_y = -2},
    {.bitmap_index = 23183, .adv_w = 320, .box_w = 19, .box_h = 19, .ofs_x = 0, .ofs_y = -2},
    {.bitmap_index = 23229, .adv_w = 320, .box_w = 18, .box_h = 19, .ofs_x = 0, .ofs_y = -2},
    {.bitmap_index = 23272, .adv_w = 320, .box_w = 18, .box_h = 19, .ofs_x = 0, .ofs_y = -2},
    {.bitmap_index = 23315, .adv_w = 320, .box_w = 19, .box_h = 19, .ofs_x = 0, .ofs_y = -2},
    {.bitmap_index = 23361, .adv_w = 320, .box_w = 19, .box_h = 19, .ofs_x = 0, .ofs_y = -2},
    {.bitmap_index = 23407, .adv_w = 320, .box_w = 19, .box_h = 19, .ofs_x = 0, .ofs_y = -2},
    {.bitmap_index = 23453, .adv_w = 320, .box_w = 19, .box_h = 19, .ofs_x = 0, .ofs_y = -2},
    {.bitmap_index = 23499, .adv_w = 320, .box_w = 19, .box_h = 19, .ofs_x = 0, .ofs_y = -2},
    {.bitmap_index = 23545, .adv_w = 320, .box_w = 19, .box_h = 19, .ofs_x = 0, .ofs_y = -2},
    {.bitmap_index = 23591, .adv_w = 320, .box_w = 19, .box_h = 19, .ofs_x = 0, .ofs_y = -2},
    {.bitmap_index = 23637, .adv_w = 320, .box_w = 19, .box_h = 19, .ofs_x = 0, .ofs_y = -2},
    {.bitmap_index = 23683, .adv_w = 320, .box_w = 18, .box_h = 19, .ofs_x = 0, .ofs_y = -2},
    {.bitmap_index = 23726, .adv_w = 320, .box_w = 19, .box_h = 19, .ofs_x = 0, .ofs_y = -2},
    {.bitmap_index = 23772, .adv_w = 320, .box_w = 18, .box_h = 19, .ofs_x = 0, .ofs_y = -2},
    {.bitmap_index = 23815, .adv_w = 320, .box_w = 18, .box_h = 19, .ofs_x = 0, .ofs_y = -2},
    {.bitmap_index = 23858, .adv_w = 320, .box_w = 19, .box_h = 19, .ofs_x = 0, .ofs_y = -2},
    {.bitmap_index = 23904, .adv_w = 320, .box_w = 19, .box_h = 19, .ofs_x = 0, .ofs_y = -2},
    {.bitmap_index = 23950, .adv_w = 320, .box_w = 18, .box_h = 19, .ofs_x = 0, .ofs_y = -2},
    {.bitmap_index = 23993, .adv_w = 320, .box_w = 19, .box_h = 19, .ofs_x = 0, .ofs_y = -2},
    {.bitmap_index = 24039, .adv_w = 320, .box_w = 19, .box_h = 19, .ofs_x = 0, .ofs_y = -2},
    {.bitmap_index = 24085, .adv_w = 320, .box_w = 18, .box_h = 19, .ofs_x = 0, .ofs_y = -2},
    {.bitmap_index = 24128, .adv_w = 320, .box_w = 18, .box_h = 19, .ofs_x = 0, .ofs_y = -2},
    {.bitmap_index = 24171, .adv_w = 320, .box_w = 18, .box_h = 19, .ofs_x = 0, .ofs_y = -2},
    {.bitmap_index = 24214, .adv_w = 320, .box_w = 19, .box_h = 19, .ofs_x = -1, .ofs_y = -2},
    {.bitmap_index = 24260, .adv_w = 320, .box_w = 19, .box_h = 19, .ofs_x = 0, .ofs_y = -2},
    {.bitmap_index = 24306, .adv_w = 320, .box_w = 19, .box_h = 19, .ofs_x = 0, .ofs_y = -2},
    {.bitmap_index = 24352, .adv_w = 320, .box_w = 19, .box_h = 19, .ofs_x = 0, .ofs_y = -2},
    {.bitmap_index = 24398, .adv_w = 320, .box_w = 19, .box_h = 19, .ofs_x = 0, .ofs_y = -2},
    {.bitmap_index = 24444, .adv_w = 320, .box_w = 18, .box_h = 19, .ofs_x = 0, .ofs_y = -2},
    {.bitmap_index = 24487, .adv_w = 320, .box_w = 19, .box_h = 19, .ofs_x = 0, .ofs_y = -2},
    {.bitmap_index = 24533, .adv_w = 320, .box_w = 19, .box_h = 19, .ofs_x = 0, .ofs_y = -2},
    {.bitmap_index = 24579, .adv_w = 320, .box_w = 18, .box_h = 19, .ofs_x = 0, .ofs_y = -2},
    {.bitmap_index = 24622, .adv_w = 320, .box_w = 19, .box_h = 19, .ofs_x = 0, .ofs_y = -2},
    {.bitmap_index = 24668, .adv_w = 320, .box_w = 19, .box_h = 19, .ofs_x = 0, .ofs_y = -2},
    {.bitmap_index = 24714, .adv_w = 320, .box_w = 18, .box_h = 19, .ofs_x = 0, .ofs_y = -2},
    {.bitmap_index = 24757, .adv_w = 320, .box_w = 18, .box_h = 19, .ofs_x = 0, .ofs_y = -2},
    {.bitmap_index = 24800, .adv_w = 320, .box_w = 18, .box_h = 19, .ofs_x = 0, .ofs_y = -2},
    {.bitmap_index = 24843, .adv_w = 320, .box_w = 19, .box_h = 19, .ofs_x = 0, .ofs_y = -2},
    {.bitmap_index = 24889, .adv_w = 320, .box_w = 5, .box_h = 15, .ofs_x = 2, .ofs_y = 0},
    {.bitmap_index = 24899, .adv_w = 320, .box_w = 12, .box_h = 15, .ofs_x = 3, .ofs_y = 0},
    {.bitmap_index = 24922, .adv_w = 320, .box_w = 7, .box_h = 19, .ofs_x = 11, .ofs_y = -2},
    {.bitmap_index = 24939, .adv_w = 320, .box_w = 7, .box_h = 19, .ofs_x = 1, .ofs_y = -2},
    {.bitmap_index = 24956, .adv_w = 320, .box_w = 4, .box_h = 7, .ofs_x = 3, .ofs_y = -2},
    {.bitmap_index = 24960, .adv_w = 320, .box_w = 3, .box_h = 13, .ofs_x = 3, .ofs_y = 0},
    {.bitmap_index = 24965, .adv_w = 320, .box_w = 3, .box_h = 15, .ofs_x = 3, .ofs_y = -2},
    {.bitmap_index = 24971, .adv_w = 320, .box_w = 9, .box_h = 15, .ofs_x = 0, .ofs_y = 0},
    {.bitmap_index = 24988, .adv_w = 320, .box_w = 12, .box_h = 15, .ofs_x = 3, .ofs_y = 0}
};

/*---------------------
 *  CHARACTER MAPPING
 *--------------------*/

static const uint16_t unicode_list_1[] = {
    0x0, 0x1f5d, 0x1f61, 0x1f62, 0x1f65, 0x1f66, 0x1f6f, 0x24ff,
    0x2f4a, 0x2f4b, 0x2f51, 0x2f52, 0x2f53, 0x2f54, 0x2f55, 0x2f56,
    0x2f57, 0x2f58, 0x2f59, 0x2f5a, 0x4d49, 0x4d53, 0x4d54, 0x4d56,
    0x4d57, 0x4d5c, 0x4d73, 0x4d76, 0x4d7b, 0x4d7d, 0x4d84, 0x4d8e,
    0x4d92, 0x4d99, 0x4da9, 0x4dcf, 0x4dd4, 0x4dd7, 0x4ddb, 0x4df4,
    0x4df7, 0x4dfb, 0x4e03, 0x4e0e, 0x4e13, 0x4e17, 0x4e1d, 0x4e2d,
    0x4e2e, 0x4e3f, 0x4e44, 0x4e62, 0x4e63, 0x4e7d, 0x4e97, 0x4e98,
    0x4e9c, 0x4e9e, 0x4ea2, 0x4ea5, 0x4ea9, 0x4ed4, 0x4eec, 0x4f08,
    0x4f26, 0x4f37, 0x4f56, 0x4f62, 0x4f6f, 0x4f85, 0x4f87, 0x4fa3,
    0x4fa5, 0x4fd6, 0x508a, 0x508d, 0x5091, 0x5092, 0x5094, 0x5096,
    0x50ae, 0x50b1, 0x50b5, 0x50ba, 0x50bc, 0x50bd, 0x50ce, 0x50d6,
    0x50e2, 0x50f5, 0x50fb, 0x50fc, 0x510f, 0x5143, 0x5146, 0x514f,
    0x5150, 0x515b, 0x5164, 0x5166, 0x516d, 0x5174, 0x5179, 0x517f,
    0x5180, 0x5184, 0x5196, 0x51b2, 0x51e4, 0x51e8, 0x51e9, 0x51ea,
    0x51f1, 0x51f2, 0x51f3, 0x5210, 0x524e, 0x525f, 0x5290, 0x529e,
    0x52a9, 0x52b9, 0x52d4, 0x5304, 0x530b, 0x5314, 0x5316, 0x531a,
    0x531f, 0x5320, 0x5321, 0x532c, 0x5333, 0x5338, 0x5339, 0x5340,
    0x5342, 0x534c, 0x5355, 0x5356, 0x5357, 0x5360, 0x5374, 0x5375,
    0x5378, 0x5389, 0x5393, 0x53b1, 0x53c6, 0x53d5, 0x542f, 0x5433,
    0x54af, 0x54cd, 0x54e5, 0x54e6, 0x55b1, 0x5627, 0x5636, 0x5639,
    0x5643, 0x5671, 0x5679, 0x5698, 0x56a0, 0x57a7, 0x57b4, 0x5837,
    0x5850, 0x5856, 0x5858, 0x5868, 0x5870, 0x5872, 0x5873, 0x587a,
    0x5890, 0x5894, 0x58a0, 0x58c6, 0x5902, 0x5914, 0x5919, 0x5a99,
    0x5aa0, 0x5aa1, 0x5aaf, 0x5ab2, 0x5acc, 0x5ad2, 0x5ad5, 0x5ae3,
    0x5ae7, 0x5ae9, 0x5aea, 0x5aff, 0x5b02, 0x5b0f, 0x5b42, 0x5b58,
    0x5b63, 0x5b7a, 0x5b87, 0x5b8b, 0x5b98, 0x5bba, 0x5d2e, 0x5d3b,
    0x5d51, 0x5d77, 0x5d9e, 0x5dbc, 0x5dbd, 0x5dbf, 0x5dc1, 0x5dc5,
    0x5ddd, 0x5dde, 0x5def, 0x5df6, 0x5e43, 0x5e49, 0x5e58, 0x5e5e,
    0x5e68, 0x5e69, 0x5e83, 0x5e9c, 0x5e9e, 0x5ece, 0x5ee0, 0x5f0c,
    0x5f0e, 0x5f20, 0x5f34, 0x5f4a, 0x5f66, 0x5f84, 0x5fab, 0x6013,
    0x603c, 0x6058, 0x610b, 0x6159, 0x615a, 0x6180, 0x6188, 0x6194,
    0x6196, 0x619c, 0x61b0, 0x61c2, 0x61c7, 0x61ee, 0x620e, 0x6212,
    0x621b, 0x6232, 0x624a, 0x6250, 0x6252, 0x62a8, 0x62ab, 0x62b7,
    0x62d5, 0x62ee, 0x62f0, 0x6319, 0x632a, 0x63f6, 0x6416, 0x6478,
    0x647f, 0x6482, 0x6487, 0x648e, 0x6491, 0x64ab, 0x64ac, 0x64b9,
    0x64bd, 0x64d0, 0x64e2, 0x64f6, 0x64f9, 0x6502, 0x6529, 0x652e,
    0x6532, 0x653f, 0x6557, 0x655c, 0x656e, 0x6578, 0x6587, 0x65a3,
    0x65b1, 0x65b8, 0x65bd, 0x65c3, 0x65cb, 0x65df, 0x663d, 0x6651,
    0x6652, 0x6654, 0x6660, 0x6668, 0x6673, 0x6675, 0x6683, 0x668b,
    0x668c, 0x66a8, 0x66ae, 0x66ca, 0x66e5, 0x671d, 0x672e, 0x6750,
    0x676a, 0x6780, 0x6781, 0x6785, 0x6791, 0x6795, 0x67ae, 0x67ef,
    0x6809, 0x684e, 0x68a3, 0x6a6a, 0x6a6b, 0x6aab, 0x6aac, 0x6aae,
    0x6b16, 0x6b18, 0x6b7d, 0x6b8b, 0x6bea, 0x6bfc, 0x6c1e, 0x6c2b,
    0x6c31, 0x6c60, 0x6c84, 0x6c8a, 0x6c98, 0x6cd1, 0x6d44, 0x6d4e,
    0x6d72, 0x7002, 0x7036, 0x7042, 0x70d3, 0x717f, 0x7190, 0x71b2,
    0x71ff, 0x7220, 0x7235, 0x7274, 0x734f, 0x7468, 0x7471, 0x747e,
    0x7495, 0x74b3, 0x74fb, 0x75cd, 0x7637, 0x763d, 0x7641, 0x7654,
    0x7668, 0x7685, 0x772e, 0x7736, 0x774a, 0x775d, 0x77b5, 0x77b7,
    0x7883, 0x7904, 0x7914, 0x791b, 0x7938, 0x7939, 0x7944, 0x7954,
    0x7956, 0x79bf, 0x79c3, 0x79e0, 0x7a14, 0x7a38, 0x7a75, 0x7a92,
    0x7a9d, 0x7ac9, 0x7aea, 0x7c44, 0x7c70, 0x7deb, 0x7df0, 0x7df8,
    0x7e08, 0x7e0c, 0x7e0d, 0x7e0f, 0x7e18, 0x7e1c, 0x7e22, 0x7e25,
    0x7e26, 0x7e28, 0x7e30, 0x7e36, 0x7e5c, 0x7e5f, 0x7e72, 0x7e9a,
    0x7eb7, 0x7f4a, 0x7f4c, 0x7f4e, 0x7f55, 0x7f8f, 0x7f9d, 0x8015,
    0x8046, 0x805a, 0x8063, 0x81bb, 0x81cb, 0x81fa, 0x824d, 0x8325,
    0x8795, 0x87b1, 0x87c0, 0x87d4, 0x88ca, 0x890a, 0x890b, 0x8911,
    0x8949, 0x8aea, 0x8aed, 0x8af2, 0x8af9, 0x8afb, 0x8b01, 0x8b07,
    0x8b0a, 0x8b0f, 0x8b16, 0x8b1e, 0x8b23, 0x8b26, 0x8b2b, 0x8b2e,
    0x8b36, 0x8b38, 0x8b3d, 0x8b40, 0x8b44, 0x8b4c, 0x8baa, 0x8c6e,
    0x8cc0, 0x8cce, 0x8cfc, 0x8d0c, 0x8d1a, 0x8df4, 0x8eb7, 0x8ec4,
    0x8ec6, 0x8ecc, 0x8f07, 0x8f10, 0x8f19, 0x8f1d, 0x8f22, 0x8f24,
    0x8f26, 0x8f27, 0x8f28, 0x8f49, 0x8f4a, 0x8f52, 0x8f69, 0x8f9c,
    0x8fec, 0x9031, 0x9046, 0x9096, 0x90db, 0x9110, 0x9115, 0x9116,
    0x9118, 0x93e8, 0x9443, 0x944a, 0x9462, 0x9477, 0x94c8, 0x9531,
    0x9536, 0x9537, 0x953b, 0x953d, 0x954e, 0x957c, 0x9584, 0x9596,
    0x9599, 0x9607, 0x960f, 0x9631, 0x9649, 0x96a2, 0x96a7, 0x96a9,
    0x96ab, 0x973c, 0x97be, 0x97c2, 0x97c4, 0x97da, 0x97e1, 0x9817,
    0x9828, 0x98b3, 0x98b7, 0x98df, 0x99bf, 0x99c7, 0x9a21, 0x9d68,
    0x9def, 0x9e21, 0xfe4a, 0xfe4e, 0xfe51, 0xfe52, 0xfe55, 0xfe63,
    0xfe64, 0xfe68, 0xff2e
};

/*Collect the unicode lists and glyph_id offsets*/
static const lv_font_fmt_txt_cmap_t cmaps[] =
{
    {
        .range_start = 32, .range_length = 95, .glyph_id_start = 1,
        .unicode_list = NULL, .glyph_id_ofs_list = NULL, .list_length = 0, .type = LV_FONT_FMT_TXT_CMAP_FORMAT0_TINY
    },
    {
        .range_start = 183, .range_length = 65327, .glyph_id_start = 96,
        .unicode_list = unicode_list_1, .glyph_id_ofs_list = NULL, .list_length = 555, .type = LV_FONT_FMT_TXT_CMAP_SPARSE_TINY
    }
};



/*--------------------
 *  ALL CUSTOM DATA
 *--------------------*/

#if LVGL_VERSION_MAJOR == 8
/*Store all the custom data of the font*/
static  lv_font_fmt_txt_glyph_cache_t cache;
#endif

#if LVGL_VERSION_MAJOR >= 8
static const lv_font_fmt_txt_dsc_t font_dsc = {
#else
static lv_font_fmt_txt_dsc_t font_dsc = {
#endif
    .glyph_bitmap = glyph_bitmap,
    .glyph_dsc = glyph_dsc,
    .cmaps = cmaps,
    .kern_dsc = NULL,
    .kern_scale = 0,
    .cmap_num = 2,
    .bpp = 1,
    .kern_classes = 0,
    .bitmap_format = 0,
#if LVGL_VERSION_MAJOR == 8
    .cache = &cache
#endif
};



/*-----------------
 *  PUBLIC FONT
 *----------------*/

/*Initialize a public general font descriptor*/
#if LVGL_VERSION_MAJOR >= 8
const lv_font_t lv_font_cn_20 = {
#else
lv_font_t lv_font_cn_20 = {
#endif
    .get_glyph_dsc = lv_font_get_glyph_dsc_fmt_txt,    /*Function pointer to get glyph's data*/
    .get_glyph_bitmap = lv_font_get_bitmap_fmt_txt,    /*Function pointer to get glyph's bitmap*/
    .line_height = 20,          /*The maximum line height required by the font*/
    .base_line = 3,             /*Baseline measured from the bottom of the line*/
#if !(LVGL_VERSION_MAJOR == 6 && LVGL_VERSION_MINOR == 0)
    .subpx = LV_FONT_SUBPX_NONE,
#endif
#if LV_VERSION_CHECK(7, 4, 0) || LVGL_VERSION_MAJOR >= 8
    .underline_position = -2,
    .underline_thickness = 2,
#endif
    .dsc = &font_dsc,          /*The custom font data. Will be accessed by `get_glyph_bitmap/dsc` */
#if LV_VERSION_CHECK(8, 2, 0) || LVGL_VERSION_MAJOR >= 9
    .fallback = NULL,
#endif
    .user_data = NULL,
};



#endif /*#if LV_FONT_CN_20*/
