#include "ui_icons.h"

static const uint8_t ui_icon_coding_map[] = {
    0x00, 0x00, 0x00, 0x00, 0x00, 0x00, 0x00, 0x00, 0x00, 0x00, 0x00, 0x00, 0x00, 0x00, 0x00, 0x00,
    0x00, 0x00, 0x00, 0x00, 0x00, 0x00, 0x00, 0x00, 0x00, 0x00, 0x00, 0x00, 0x00, 0x00, 0x00, 0x00,
    0x00, 0x00, 0x00, 0x00, 0x00, 0x00, 0x00, 0x00, 0x00, 0x00, 0x00, 0x00, 0x00, 0x00, 0x00, 0x00,
    0x00, 0x00, 0x00, 0x00, 0x00, 0x00, 0x00, 0x00, 0x00, 0x00, 0x00, 0x00, 0x00, 0x00, 0x00, 0x00,
    0x00, 0x00, 0x00, 0x00, 0x00, 0x00, 0x00, 0x00, 0x00, 0x00, 0x00, 0x00, 0x00, 0x00, 0x00, 0x00,
    0x00, 0x00, 0x00, 0x00, 0x00, 0x00, 0x00, 0x00, 0x00, 0x00, 0x00, 0x00, 0x00, 0x00, 0x00, 0x00,
    0x00, 0x00, 0x00, 0x00, 0x00, 0x00, 0x00, 0x00, 0x00, 0x00, 0x00, 0x00, 0x00, 0x00, 0x00, 0x00,
    0x00, 0x00, 0x00, 0x00, 0x00, 0x00, 0x00, 0x00, 0x00, 0x00, 0x00, 0x00, 0x00, 0x00, 0x00, 0x00,
    0x00, 0x00, 0x00, 0x00, 0x00, 0x00, 0x00, 0x00, 0x00, 0x00, 0x00, 0x00, 0x00, 0x00, 0x00, 0x00,
    0x00, 0x00, 0x00, 0x00, 0x00, 0x00, 0x00, 0x00, 0x00, 0x00, 0x00, 0x00, 0x00, 0x00, 0x00, 0x00,
    0x00, 0x00, 0x00, 0x00, 0x00, 0x00, 0x00, 0x00, 0x00, 0x00, 0x00, 0x00, 0x00, 0x00, 0x00, 0x00,
    0x00, 0x00, 0x00, 0x00, 0x00, 0x00, 0x00, 0x00, 0x00, 0x00, 0x00, 0x00, 0x00, 0x00, 0x00, 0x00,
    0x00, 0x00, 0x00, 0x00, 0x00, 0x00, 0x00, 0x00, 0x00, 0x00, 0x00, 0x00, 0x00, 0x00, 0x00, 0x00,
    0x00, 0x00, 0x00, 0x00, 0x00, 0x00, 0x00, 0x00, 0x00, 0x00, 0x00, 0x00, 0x00, 0x00, 0x00, 0x00,
    0x00, 0x00, 0x00, 0x00, 0x00, 0x00, 0x00, 0x00, 0x00, 0x00, 0x00, 0x00, 0x00, 0x00, 0x00, 0x00,
    0x00, 0x00, 0x00, 0x00, 0x00, 0x00, 0x00, 0x00, 0x00, 0x00, 0x00, 0x00, 0x00, 0x00, 0x00, 0x00,
    0x00, 0x00, 0x00, 0x00, 0x00, 0x00, 0x00, 0x00, 0x00, 0x00, 0x00, 0x00, 0x00, 0x00, 0x00, 0x00,
    0x00, 0x00, 0x00, 0x00, 0x00, 0x00, 0x00, 0x00, 0x00, 0x00, 0x00, 0x00, 0x00, 0x00, 0x00, 0x00,
    0x00, 0x00, 0x00, 0x00, 0x00, 0x00, 0x00, 0x00, 0x00, 0x00, 0x00, 0x00, 0x00, 0x00, 0x00, 0x00,
    0x00, 0x00, 0x00, 0x00, 0x00, 0x00, 0x00, 0x00, 0x00, 0x00, 0x00, 0x00, 0x00, 0x00, 0x00, 0x00,
    0x00, 0x00, 0x00, 0x00, 0x00, 0x00, 0x00, 0x00, 0x00, 0x00, 0x00, 0x00, 0x00, 0x00, 0x00, 0x00,
    0x00, 0x00, 0x00, 0x00, 0x00, 0x00, 0x00, 0x00, 0x00, 0x00, 0x00, 0x00, 0x00, 0x00, 0x00, 0x00,
    0x00, 0x00, 0x00, 0x00, 0x00, 0x00, 0x00, 0x00, 0x00, 0x00, 0x00, 0x00, 0x00, 0x00, 0x00, 0x00,
    0x00, 0x00, 0x00, 0x00, 0x00, 0x00, 0x00, 0x00, 0x00, 0x00, 0x00, 0x00, 0x00, 0x00, 0x00, 0x00,
    0x00, 0x00, 0x00, 0x00, 0x00, 0x00, 0x00, 0x00, 0x00, 0x00, 0x00, 0x00, 0x00, 0x00, 0x00, 0x00,
    0x00, 0x00, 0x00, 0x00, 0x00, 0x00, 0x00, 0x00, 0x00, 0x00, 0x00, 0x00, 0x00, 0x00, 0x00, 0x00,
    0x00, 0x00, 0x00, 0x00, 0x00, 0x00, 0x00, 0x00, 0x00, 0x00, 0x00, 0x00, 0x00, 0x00, 0x00, 0x00,
    0x00, 0x00, 0x00, 0x00, 0x00, 0x00, 0x00, 0x00, 0x00, 0x00, 0x00, 0x00, 0x00, 0x00, 0x00, 0x00,
    0x00, 0x00, 0x00, 0x00, 0x00, 0x00, 0x00, 0x00, 0x00, 0x00, 0x00, 0x00, 0x00, 0x00, 0x00, 0x00,
    0x00, 0x00, 0x00, 0x00, 0x00, 0x00, 0x00, 0x00, 0x00, 0x00, 0x00, 0x00, 0x00, 0x00, 0x00, 0x00,
    0x00, 0x00, 0x00, 0x00, 0x00, 0x00, 0x00, 0x00, 0x00, 0x00, 0x00, 0x00, 0x00, 0x00, 0x00, 0x00,
    0x00, 0x00, 0x00, 0x00, 0x00, 0x00, 0x00, 0x00, 0x00, 0x00, 0x00, 0x00, 0x00, 0x00, 0x00, 0x00,
    0x00, 0x00, 0x00, 0x00, 0x00, 0x00, 0x00, 0x00, 0x00, 0x00, 0x00, 0x00, 0x00, 0x00, 0x00, 0x00,
    0x00, 0x00, 0x00, 0x00, 0x00, 0x00, 0x00, 0x00, 0x00, 0x00, 0x00, 0x00, 0x00, 0x00, 0x00, 0x00,
    0x00, 0x00, 0x00, 0x00, 0x00, 0x00, 0x00, 0x00, 0x00, 0x00, 0x00, 0x00, 0x00, 0x00, 0x00, 0x00,
    0x00, 0x00, 0x00, 0x00, 0x00, 0x00, 0x00, 0x00, 0x00, 0x00, 0x00, 0x00, 0x00, 0x00, 0x00, 0x00,
    0x00, 0x00, 0x00, 0x00, 0x00, 0x00, 0x00, 0x00, 0x00, 0x00, 0x00, 0x00, 0x00, 0x00, 0x00, 0x00,
    0x00, 0x00, 0x00, 0x00, 0x00, 0x00, 0x00, 0x00, 0x00, 0x00, 0x00, 0x00, 0x00, 0x00, 0x00, 0x00,
    0x00, 0x00, 0x00, 0x00, 0x00, 0x00, 0x00, 0x00, 0x00, 0x00, 0x00, 0x00, 0x00, 0x00, 0x00, 0x00,
    0x00, 0x00, 0x00, 0x00, 0x00, 0x00, 0x00, 0x00, 0x00, 0x00, 0x00, 0x00, 0x00, 0x00, 0x00, 0x00,
    0x00, 0x00, 0x00, 0x00, 0x00, 0x00, 0x00, 0x00, 0x00, 0x00, 0x00, 0x00, 0x00, 0x00, 0x00, 0x00,
    0x00, 0x00, 0x00, 0x00, 0x00, 0x00, 0x00, 0x00, 0x00, 0x00, 0x00, 0x00, 0x00, 0x00, 0x00, 0x00,
    0x00, 0x00, 0x00, 0x00, 0x00, 0x00, 0x00, 0x00, 0x00, 0x00, 0x00, 0x00, 0x00, 0x00, 0x00, 0x00,
    0x00, 0x00, 0x00, 0x00, 0x00, 0x00, 0x00, 0x00, 0x00, 0x00, 0x00, 0x00, 0x00, 0x00, 0x00, 0x00,
    0x00, 0x00, 0x00, 0x00, 0x00, 0x00, 0x00, 0x00, 0x00, 0x00, 0x00, 0x00, 0x00, 0x00, 0x00, 0x00,
    0x00, 0x00, 0x00, 0x00, 0x00, 0x00, 0x00, 0x00, 0x00, 0x00, 0x00, 0x00, 0x00, 0x00, 0x00, 0x00,
    0x00, 0x00, 0x00, 0x00, 0x00, 0x00, 0x00, 0x00, 0x00, 0x00, 0x00, 0x00, 0x00, 0x00, 0x00, 0x00,
    0x00, 0x00, 0x00, 0x00, 0x00, 0x00, 0x00, 0x00, 0x00, 0x00, 0x00, 0x00, 0x00, 0x00, 0x00, 0x00,
    0x00, 0x00, 0x00, 0x00, 0x00, 0x00, 0x00, 0x00, 0x00, 0x00, 0x00, 0x00, 0x00, 0x00, 0x00, 0x00,
    0x00, 0x00, 0x00, 0x00, 0x00, 0x00, 0x00, 0x00, 0x00, 0x00, 0x00, 0x00, 0x00, 0x00, 0x00, 0x00,
    0x00, 0x00, 0x00, 0x00, 0x00, 0x00, 0x00, 0x00, 0x00, 0x00, 0x00, 0x00, 0x00, 0x00, 0x00, 0x00,
    0x00, 0x00, 0x00, 0x00, 0x00, 0x00, 0x00, 0x00, 0x00, 0x00, 0x00, 0x00, 0x00, 0x00, 0x00, 0x00,
    0x00, 0x00, 0x00, 0x00, 0x00, 0x00, 0x00, 0x00, 0x00, 0x00, 0x00, 0x00, 0x00, 0x00, 0x00, 0x00,
    0x00, 0x00, 0x00, 0x00, 0x00, 0x00, 0x00, 0x00, 0x00, 0x00, 0x00, 0x00, 0x00, 0x00, 0x00, 0x00,
    0x00, 0x00, 0x00, 0x00, 0x00, 0x00, 0x00, 0x00, 0x00, 0x00, 0x00, 0x00, 0x00, 0x00, 0x00, 0x00,
    0x00, 0x00, 0x00, 0x00, 0x00, 0x00, 0x00, 0x00, 0x00, 0x00, 0x00, 0x00, 0x00, 0x00, 0x00, 0x00,
    0x00, 0x00, 0x00, 0x00, 0x00, 0x00, 0x00, 0x00, 0x00, 0x00, 0x00, 0x00, 0x00, 0x00, 0x00, 0x00,
    0x00, 0x00, 0x00, 0x00, 0x00, 0x00, 0x00, 0x00, 0x00, 0x00, 0x00, 0x00, 0x00, 0x00, 0x00, 0x00,
    0x00, 0x00, 0x00, 0x00, 0x00, 0x00, 0x00, 0x00, 0x00, 0x00, 0x00, 0x00, 0x00, 0x00, 0x00, 0x00,
    0x00, 0x00, 0x00, 0x00, 0x00, 0x00, 0x00, 0x00, 0x00, 0x00, 0x00, 0x00, 0x00, 0x00, 0x00, 0x00,
    0x00, 0x00, 0x00, 0x00, 0x00, 0x00, 0x00, 0x00, 0x00, 0x00, 0x00, 0x00, 0x00, 0x00, 0x00, 0x00,
    0x00, 0x00, 0x00, 0x00, 0x00, 0x00, 0x00, 0x00, 0x00, 0x00, 0x00, 0x00, 0x00, 0x00, 0x00, 0x00,
    0x00, 0x00, 0x00, 0x00, 0x00, 0x00, 0x00, 0x00, 0x00, 0x00, 0x00, 0x00, 0x00, 0x00, 0x00, 0x00,
    0x00, 0x00, 0x00, 0x00, 0x00, 0x00, 0x00, 0x00, 0x00, 0x00, 0x00, 0x00, 0x00, 0x00, 0x00, 0x00,
    0x00, 0x00, 0x00, 0x00, 0x00, 0x00, 0x00, 0x00, 0x00, 0x00, 0x00, 0x00, 0x00, 0x00, 0x00, 0x00,
    0x00, 0x00, 0x00, 0x00, 0x00, 0x00, 0x00, 0x00, 0x00, 0x00, 0x00, 0x00, 0x00, 0x00, 0x00, 0x00,
    0x00, 0x00, 0x00, 0x00, 0x00, 0x00, 0x00, 0x00, 0x00, 0x00, 0x00, 0x00, 0x00, 0x00, 0x00, 0x00,
    0x00, 0x00, 0x00, 0x00, 0x00, 0x00, 0x00, 0x00, 0x00, 0x00, 0x00, 0x00, 0x00, 0x00, 0x00, 0x00,
    0x00, 0x00, 0x00, 0x00, 0x00, 0x00, 0x00, 0x00, 0x00, 0x00, 0x00, 0x00, 0x00, 0x00, 0x00, 0x00,
    0xdb, 0xe5, 0x7f, 0xff, 0xdb, 0xe5, 0x7f, 0xff, 0x2d, 0x29, 0x09, 0xff, 0x2d, 0x29, 0x09, 0xff,
    0x2e, 0x2b, 0x09, 0xff, 0x2e, 0x2b, 0x09, 0xff, 0x30, 0x2b, 0x0a, 0xff, 0x30, 0x2b, 0x0a, 0xff,
    0x2e, 0x2b, 0x0a, 0xff, 0x2e, 0x2b, 0x0a, 0xff, 0x2e, 0x2a, 0x0a, 0xff, 0x2e, 0x2a, 0x0a, 0xff,
    0x2f, 0x2a, 0x0a, 0xff, 0x2f, 0x2a, 0x0a, 0xff, 0x2e, 0x29, 0x09, 0xff, 0x2e, 0x29, 0x09, 0xff,
    0x2e, 0x2a, 0x09, 0xff, 0x2e, 0x2a, 0x09, 0xff, 0x2d, 0x29, 0x0a, 0xff, 0x2d, 0x29, 0x0a, 0xff,
    0xcd, 0xd7, 0x69, 0xff, 0xcd, 0xd7, 0x69, 0xff, 0x00, 0x00, 0x00, 0x00, 0x00, 0x00, 0x00, 0x00,
    0x00, 0x00, 0x00, 0x00, 0x00, 0x00, 0x00, 0x00, 0x00, 0x00, 0x00, 0x00, 0x00, 0x00, 0x00, 0x00,
    0x00, 0x00, 0x00, 0x00, 0x00, 0x00, 0x00, 0x00, 0x00, 0x00, 0x00, 0x00, 0x00, 0x00, 0x00, 0x00,
    0x00, 0x00, 0x00, 0x00, 0x00, 0x00, 0x00, 0x00, 0x00, 0x00, 0x00, 0x00, 0x00, 0x00, 0x00, 0x00,
    0x00, 0x00, 0x00, 0x00, 0x00, 0x00, 0x00, 0x00, 0x00, 0x00, 0x00, 0x00, 0x00, 0x00, 0x00, 0x00,
    0x00, 0x00, 0x00, 0x00, 0x00, 0x00, 0x00, 0x00, 0x00, 0x00, 0x00, 0x00, 0x00, 0x00, 0x00, 0x00,
    0x00, 0x00, 0x00, 0x00, 0x00, 0x00, 0x00, 0x00, 0x00, 0x00, 0x00, 0x00, 0x00, 0x00, 0x00, 0x00,
    0x00, 0x00, 0x00, 0x00, 0x00, 0x00, 0x00, 0x00, 0x00, 0x00, 0x00, 0x00, 0x00, 0x00, 0x00, 0x00,
    0x00, 0x00, 0x00, 0x00, 0x00, 0x00, 0x00, 0x00, 0x00, 0x00, 0x00, 0x00, 0x00, 0x00, 0x00, 0x00,
    0x00, 0x00, 0x00, 0x00, 0x00, 0x00, 0x00, 0x00, 0x00, 0x00, 0x00, 0x00, 0x00, 0x00, 0x00, 0x00,
    0x00, 0x00, 0x00, 0x00, 0x00, 0x00, 0x00, 0x00, 0x00, 0x00, 0x00, 0x00, 0x00, 0x00, 0x00, 0x00,
    0xdb, 0xe5, 0x7f, 0xff, 0xdb, 0xe5, 0x7f, 0xff, 0x2d, 0x29, 0x09, 0xff, 0x2d, 0x29, 0x09, 0xff,
    0x2e, 0x2b, 0x09, 0xff, 0x2e, 0x2b, 0x09, 0xff, 0x30, 0x2b, 0x0a, 0xff, 0x30, 0x2b, 0x0a, 0xff,
    0x2e, 0x2b, 0x0a, 0xff, 0x2e, 0x2b, 0x0a, 0xff, 0x2e, 0x2a, 0x0a, 0xff, 0x2e, 0x2a, 0x0a, 0xff,
    0x2f, 0x2a, 0x0a, 0xff, 0x2f, 0x2a, 0x0a, 0xff, 0x2e, 0x29, 0x09, 0xff, 0x2e, 0x29, 0x09, 0xff,
    0x2e, 0x2a, 0x09, 0xff, 0x2e, 0x2a, 0x09, 0xff, 0x2d, 0x29, 0x0a, 0xff, 0x2d, 0x29, 0x0a, 0xff,
    0xcd, 0xd7, 0x69, 0xff, 0xcd, 0xd7, 0x69, 0xff, 0x00, 0x00, 0x00, 0x00, 0x00, 0x00, 0x00, 0x00,
    0x00, 0x00, 0x00, 0x00, 0x00, 0x00, 0x00, 0x00, 0x00, 0x00, 0x00, 0x00, 0x00, 0x00, 0x00, 0x00,
    0x00, 0x00, 0x00, 0x00, 0x00, 0x00, 0x00, 0x00, 0x00, 0x00, 0x00, 0x00, 0x00, 0x00, 0x00, 0x00,
    0x00, 0x00, 0x00, 0x00, 0x00, 0x00, 0x00, 0x00, 0x00, 0x00, 0x00, 0x00, 0x00, 0x00, 0x00, 0x00,
    0x00, 0x00, 0x00, 0x00, 0x00, 0x00, 0x00, 0x00, 0x00, 0x00, 0x00, 0x00, 0x00, 0x00, 0x00, 0x00,
    0x00, 0x00, 0x00, 0x00, 0x00, 0x00, 0x00, 0x00, 0x00, 0x00, 0x00, 0x00, 0x00, 0x00, 0x00, 0x00,
    0x00, 0x00, 0x00, 0x00, 0x00, 0x00, 0x00, 0x00, 0x00, 0x00, 0x00, 0x00, 0x00, 0x00, 0x00, 0x00,
    0x00, 0x00, 0x00, 0x00, 0x00, 0x00, 0x00, 0x00, 0x00, 0x00, 0x00, 0x00, 0x00, 0x00, 0x00, 0x00,
    0x00, 0x00, 0x00, 0x00, 0x00, 0x00, 0x00, 0x00, 0x00, 0x00, 0x00, 0x00, 0x00, 0x00, 0x00, 0x00,
    0x00, 0x00, 0x00, 0x00, 0x00, 0x00, 0x00, 0x00, 0x00, 0x00, 0x00, 0x00, 0x00, 0x00, 0x00, 0x00,
    0x2d, 0x2a, 0x0a, 0xff, 0x2d, 0x2a, 0x0a, 0xff, 0x2d, 0x2b, 0x0a, 0xff, 0x2d, 0x2b, 0x0a, 0xff,
    0xdf, 0xe9, 0x8b, 0xff, 0xdf, 0xe9, 0x8b, 0xff, 0xcd, 0xd7, 0x6e, 0xff, 0xcd, 0xd7, 0x6e, 0xff,
    0xcd, 0xd8, 0x6e, 0xff, 0xcd, 0xd8, 0x6e, 0xff, 0xcf, 0xd9, 0x6f, 0xff, 0xcf, 0xd9, 0x6f, 0xff,
    0xce, 0xd8, 0x6f, 0xff, 0xce, 0xd8, 0x6f, 0xff, 0xd0, 0xda, 0x71, 0xff, 0xd0, 0xda, 0x71, 0xff,
    0xcd, 0xd8, 0x6e, 0xff, 0xcd, 0xd8, 0x6e, 0xff, 0xcd, 0xd7, 0x6d, 0xff, 0xcd, 0xd7, 0x6d, 0xff,
    0xcd, 0xd7, 0x6e, 0xff, 0xcd, 0xd7, 0x6e, 0xff, 0xce, 0xd8, 0x6d, 0xff, 0xce, 0xd8, 0x6d, 0xff,
    0xd0, 0xda, 0x6d, 0xff, 0xd0, 0xda, 0x6d, 0xff, 0x2e, 0x2c, 0x0a, 0xff, 0x2e, 0x2c, 0x0a, 0xff,
    0x2e, 0x2b, 0x0a, 0xff, 0x2e, 0x2b, 0x0a, 0xff, 0x00, 0x00, 0x00, 0x00, 0x00, 0x00, 0x00, 0x00,
    0x00, 0x00, 0x00, 0x00, 0x00, 0x00, 0x00, 0x00, 0x00, 0x00, 0x00, 0x00, 0x00, 0x00, 0x00, 0x00,
    0x00, 0x00, 0x00, 0x00, 0x00, 0x00, 0x00, 0x00, 0x00, 0x00, 0x00, 0x00, 0x00, 0x00, 0x00, 0x00,
    0x00, 0x00, 0x00, 0x00, 0x00, 0x00, 0x00, 0x00, 0x00, 0x00, 0x00, 0x00, 0x00, 0x00, 0x00, 0x00,
    0x00, 0x00, 0x00, 0x00, 0x00, 0x00, 0x00, 0x00, 0x00, 0x00, 0x00, 0x00, 0x00, 0x00, 0x00, 0x00,
    0x00, 0x00, 0x00, 0x00, 0x00, 0x00, 0x00, 0x00, 0x00, 0x00, 0x00, 0x00, 0x00, 0x00, 0x00, 0x00,
    0x00, 0x00, 0x00, 0x00, 0x00, 0x00, 0x00, 0x00, 0x00, 0x00, 0x00, 0x00, 0x00, 0x00, 0x00, 0x00,
    0x00, 0x00, 0x00, 0x00, 0x00, 0x00, 0x00, 0x00, 0x00, 0x00, 0x00, 0x00, 0x00, 0x00, 0x00, 0x00,
    0x00, 0x00, 0x00, 0x00, 0x00, 0x00, 0x00, 0x00, 0x00, 0x00, 0x00, 0x00, 0x00, 0x00, 0x00, 0x00,
    0x2d, 0x2a, 0x0a, 0xff, 0x2d, 0x2a, 0x0a, 0xff, 0x2d, 0x2b, 0x0a, 0xff, 0x2d, 0x2b, 0x0a, 0xff,
    0xdf, 0xe9, 0x8b, 0xff, 0xdf, 0xe9, 0x8b, 0xff, 0xcd, 0xd7, 0x6e, 0xff, 0xcd, 0xd7, 0x6e, 0xff,
    0xcd, 0xd8, 0x6e, 0xff, 0xcd, 0xd8, 0x6e, 0xff, 0xcf, 0xd9, 0x6f, 0xff, 0xcf, 0xd9, 0x6f, 0xff,
    0xce, 0xd8, 0x6f, 0xff, 0xce, 0xd8, 0x6f, 0xff, 0xd0, 0xda, 0x71, 0xff, 0xd0, 0xda, 0x71, 0xff,
    0xcd, 0xd8, 0x6e, 0xff, 0xcd, 0xd8, 0x6e, 0xff, 0xcd, 0xd7, 0x6d, 0xff, 0xcd, 0xd7, 0x6d, 0xff,
    0xcd, 0xd7, 0x6e, 0xff, 0xcd, 0xd7, 0x6e, 0xff, 0xce, 0xd8, 0x6d, 0xff, 0xce, 0xd8, 0x6d, 0xff,
    0xd0, 0xda, 0x6d, 0xff, 0xd0, 0xda, 0x6d, 0xff, 0x2e, 0x2c, 0x0a, 0xff, 0x2e, 0x2c, 0x0a, 0xff,
    0x2e, 0x2b, 0x0a, 0xff, 0x2e, 0x2b, 0x0a, 0xff, 0x00, 0x00, 0x00, 0x00, 0x00, 0x00, 0x00, 0x00,
    0x00, 0x00, 0x00, 0x00, 0x00, 0x00, 0x00, 0x00, 0x00, 0x00, 0x00, 0x00, 0x00, 0x00, 0x00, 0x00,
    0x00, 0x00, 0x00, 0x00, 0x00, 0x00, 0x00, 0x00, 0x00, 0x00, 0x00, 0x00, 0x00, 0x00, 0x00, 0x00,
    0x00, 0x00, 0x00, 0x00, 0x00, 0x00, 0x00, 0x00, 0x00, 0x00, 0x00, 0x00, 0x00, 0x00, 0x00, 0x00,
    0x00, 0x00, 0x00, 0x00, 0x00, 0x00, 0x00, 0x00, 0x00, 0x00, 0x00, 0x00, 0x00, 0x00, 0x00, 0x00,
    0x00, 0x00, 0x00, 0x00, 0x00, 0x00, 0x00, 0x00, 0x00, 0x00, 0x00, 0x00, 0x00, 0x00, 0x00, 0x00,
    0x00, 0x00, 0x00, 0x00, 0x00, 0x00, 0x00, 0x00, 0x00, 0x00, 0x00, 0x00, 0x00, 0x00, 0x00, 0x00,
    0x00, 0x00, 0x00, 0x00, 0x00, 0x00, 0x00, 0x00, 0x00, 0x00, 0x00, 0x00, 0x00, 0x00, 0x00, 0x00,
    0x00, 0x00, 0x00, 0x00, 0x00, 0x00, 0x00, 0x00, 0xc3, 0xcd, 0x5d, 0xff, 0xc3, 0xcd, 0x5d, 0xff,
    0xce, 0xda, 0x6c, 0xff, 0xce, 0xda, 0x6c, 0xff, 0xbf, 0xcc, 0x5c, 0xff, 0xbf, 0xcc, 0x5c, 0xff,
    0x46, 0x47, 0x0d, 0xff, 0x46, 0x47, 0x0d, 0xff, 0x44, 0x44, 0x0d, 0xff, 0x44, 0x44, 0x0d, 0xff,
    0x43, 0x43, 0x0e, 0xff, 0x43, 0x43, 0x0e, 0xff, 0x44, 0x44, 0x0e, 0xff, 0x44, 0x44, 0x0e, 0xff,
    0x44, 0x44, 0x0d, 0xff, 0x44, 0x44, 0x0d, 0xff, 0x47, 0x47, 0x0e, 0xff, 0x47, 0x47, 0x0e, 0xff,
    0x48, 0x48, 0x0e, 0xff, 0x48, 0x48, 0x0e, 0xff, 0x46, 0x47, 0x0e, 0xff, 0x46, 0x47, 0x0e, 0xff,
    0x45, 0x46, 0x0e, 0xff, 0x45, 0x46, 0x0e, 0xff, 0x45, 0x45, 0x0e, 0xff, 0x45, 0x45, 0x0e, 0xff,
    0x4a, 0x4a, 0x10, 0xff, 0x4a, 0x4a, 0x10, 0xff, 0xad, 0xb6, 0x44, 0xff, 0xad, 0xb6, 0x44, 0xff,
    0xae, 0xb7, 0x45, 0xff, 0xae, 0xb7, 0x45, 0xff, 0x90, 0x96, 0x2a, 0xff, 0x90, 0x96, 0x2a, 0xff,
    0x00, 0x00, 0x00, 0x00, 0x00, 0x00, 0x00, 0x00, 0x00, 0x00, 0x00, 0x00, 0x00, 0x00, 0x00, 0x00,
    0x00, 0x00, 0x00, 0x00, 0x00, 0x00, 0x00, 0x00, 0x00, 0x00, 0x00, 0x00, 0x00, 0x00, 0x00, 0x00,
    0x00, 0x00, 0x00, 0x00, 0x00, 0x00, 0x00, 0x00, 0x00, 0x00, 0x00, 0x00, 0x00, 0x00, 0x00, 0x00,
    0x00, 0x00, 0x00, 0x00, 0x00, 0x00, 0x00, 0x00, 0x00, 0x00, 0x00, 0x00, 0x00, 0x00, 0x00, 0x00,
    0x00, 0x00, 0x00, 0x00, 0x00, 0x00, 0x00, 0x00, 0x00, 0x00, 0x00, 0x00, 0x00, 0x00, 0x00, 0x00,
    0x00, 0x00, 0x00, 0x00, 0x00, 0x00, 0x00, 0x00, 0x00, 0x00, 0x00, 0x00, 0x00, 0x00, 0x00, 0x00,
    0x00, 0x00, 0x00, 0x00, 0x00, 0x00, 0x00, 0x00, 0x00, 0x00, 0x00, 0x00, 0x00, 0x00, 0x00, 0x00,
    0x00, 0x00, 0x00, 0x00, 0x00, 0x00, 0x00, 0x00, 0xc3, 0xcd, 0x5d, 0xff, 0xc3, 0xcd, 0x5d, 0xff,
    0xce, 0xda, 0x6c, 0xff, 0xce, 0xda, 0x6c, 0xff, 0xbf, 0xcc, 0x5c, 0xff, 0xbf, 0xcc, 0x5c, 0xff,
    0x46, 0x47, 0x0d, 0xff, 0x46, 0x47, 0x0d, 0xff, 0x44, 0x44, 0x0d, 0xff, 0x44, 0x44, 0x0d, 0xff,
    0x43, 0x43, 0x0e, 0xff, 0x43, 0x43, 0x0e, 0xff, 0x44, 0x44, 0x0e, 0xff, 0x44, 0x44, 0x0e, 0xff,
    0x44, 0x44, 0x0d, 0xff, 0x44, 0x44, 0x0d, 0xff, 0x47, 0x47, 0x0e, 0xff, 0x47, 0x47, 0x0e, 0xff,
    0x48, 0x48, 0x0e, 0xff, 0x48, 0x48, 0x0e, 0xff, 0x46, 0x47, 0x0e, 0xff, 0x46, 0x47, 0x0e, 0xff,
    0x45, 0x46, 0x0e, 0xff, 0x45, 0x46, 0x0e, 0xff, 0x45, 0x45, 0x0e, 0xff, 0x45, 0x45, 0x0e, 0xff,
    0x4a, 0x4a, 0x10, 0xff, 0x4a, 0x4a, 0x10, 0xff, 0xad, 0xb6, 0x44, 0xff, 0xad, 0xb6, 0x44, 0xff,
    0xae, 0xb7, 0x45, 0xff, 0xae, 0xb7, 0x45, 0xff, 0x90, 0x96, 0x2a, 0xff, 0x90, 0x96, 0x2a, 0xff,
    0x00, 0x00, 0x00, 0x00, 0x00, 0x00, 0x00, 0x00, 0x00, 0x00, 0x00, 0x00, 0x00, 0x00, 0x00, 0x00,
    0x00, 0x00, 0x00, 0x00, 0x00, 0x00, 0x00, 0x00, 0x00, 0x00, 0x00, 0x00, 0x00, 0x00, 0x00, 0x00,
    0x00, 0x00, 0x00, 0x00, 0x00, 0x00, 0x00, 0x00, 0x00, 0x00, 0x00, 0x00, 0x00, 0x00, 0x00, 0x00,
    0x00, 0x00, 0x00, 0x00, 0x00, 0x00, 0x00, 0x00, 0x00, 0x00, 0x00, 0x00, 0x00, 0x00, 0x00, 0x00,
    0x00, 0x00, 0x00, 0x00, 0x00, 0x00, 0x00, 0x00, 0x00, 0x00, 0x00, 0x00, 0x00, 0x00, 0x00, 0x00,
    0x00, 0x00, 0x00, 0x00, 0x00, 0x00, 0x00, 0x00, 0x00, 0x00, 0x00, 0x00, 0x00, 0x00, 0x00, 0x00,
    0x00, 0x00, 0x00, 0x00, 0x00, 0x00, 0x00, 0x00, 0x00, 0x00, 0x00, 0x00, 0x00, 0x00, 0x00, 0x00,
    0x2e, 0x2a, 0x0a, 0xff, 0x2e, 0x2a, 0x0a, 0xff, 0xc4, 0xcf, 0x61, 0xff, 0xc4, 0xcf, 0x61, 0xff,
    0x2d, 0x29, 0x0b, 0xff, 0x2d, 0x29, 0x0b, 0xff, 0x2c, 0x28, 0x0c, 0xff, 0x2c, 0x28, 0x0c, 0xff,
    0x00, 0x00, 0x00, 0x00, 0x00, 0x00, 0x00, 0x00, 0x00, 0x00, 0x00, 0x00, 0x00, 0x00, 0x00, 0x00,
    0x00, 0x00, 0x00, 0x00, 0x00, 0x00, 0x00, 0x00, 0x00, 0x00, 0x00, 0x00, 0x00, 0x00, 0x00, 0x00,
    0x00, 0x00, 0x00, 0x00, 0x00, 0x00, 0x00, 0x00, 0x00, 0x00, 0x00, 0x00, 0x00, 0x00, 0x00, 0x00,
    0x00, 0x00, 0x00, 0x00, 0x00, 0x00, 0x00, 0x00, 0x00, 0x00, 0x00, 0x00, 0x00, 0x00, 0x00, 0x00,
    0x00, 0x00, 0x00, 0x00, 0x00, 0x00, 0x00, 0x00, 0x00, 0x00, 0x00, 0x00, 0x00, 0x00, 0x00, 0x00,
    0x00, 0x00, 0x00, 0x00, 0x00, 0x00, 0x00, 0x00, 0x2c, 0x28, 0x0b, 0xff, 0x2c, 0x28, 0x0b, 0xff,
    0x2d, 0x2a, 0x0b, 0xff, 0x2d, 0x2a, 0x0b, 0xff, 0x8c, 0x93, 0x29, 0xff, 0x8c, 0x93, 0x29, 0xff,
    0x2e, 0x27, 0x0d, 0xff, 0x2e, 0x27, 0x0d, 0xff, 0x00, 0x00, 0x00, 0x00, 0x00, 0x00, 0x00, 0x00,
    0x00, 0x00, 0x00, 0x00, 0x00, 0x00, 0x00, 0x00, 0x00, 0x00, 0x00, 0x00, 0x00, 0x00, 0x00, 0x00,
    0x00, 0x00, 0x00, 0x00, 0x00, 0x00, 0x00, 0x00, 0x00, 0x00, 0x00, 0x00, 0x00, 0x00, 0x00, 0x00,
    0x00, 0x00, 0x00, 0x00, 0x00, 0x00, 0x00, 0x00, 0x00, 0x00, 0x00, 0x00, 0x00, 0x00, 0x00, 0x00,
    0x00, 0x00, 0x00, 0x00, 0x00, 0x00, 0x00, 0x00, 0x00, 0x00, 0x00, 0x00, 0x00, 0x00, 0x00, 0x00,
    0x00, 0x00, 0x00, 0x00, 0x00, 0x00, 0x00, 0x00, 0x00, 0x00, 0x00, 0x00, 0x00, 0x00, 0x00, 0x00,
    0x00, 0x00, 0x00, 0x00, 0x00, 0x00, 0x00, 0x00, 0x00, 0x00, 0x00, 0x00, 0x00, 0x00, 0x00, 0x00,
    0x2e, 0x2a, 0x0a, 0xff, 0x2e, 0x2a, 0x0a, 0xff, 0xc4, 0xcf, 0x61, 0xff, 0xc4, 0xcf, 0x61, 0xff,
    0x2d, 0x29, 0x0b, 0xff, 0x2d, 0x29, 0x0b, 0xff, 0x2c, 0x28, 0x0c, 0xff, 0x2c, 0x28, 0x0c, 0xff,
    0x00, 0x00, 0x00, 0x00, 0x00, 0x00, 0x00, 0x00, 0x00, 0x00, 0x00, 0x00, 0x00, 0x00, 0x00, 0x00,
    0x00, 0x00, 0x00, 0x00, 0x00, 0x00, 0x00, 0x00, 0x00, 0x00, 0x00, 0x00, 0x00, 0x00, 0x00, 0x00,
    0x00, 0x00, 0x00, 0x00, 0x00, 0x00, 0x00, 0x00, 0x00, 0x00, 0x00, 0x00, 0x00, 0x00, 0x00, 0x00,
    0x00, 0x00, 0x00, 0x00, 0x00, 0x00, 0x00, 0x00, 0x00, 0x00, 0x00, 0x00, 0x00, 0x00, 0x00, 0x00,
    0x00, 0x00, 0x00, 0x00, 0x00, 0x00, 0x00, 0x00, 0x00, 0x00, 0x00, 0x00, 0x00, 0x00, 0x00, 0x00,
    0x00, 0x00, 0x00, 0x00, 0x00, 0x00, 0x00, 0x00, 0x2c, 0x28, 0x0b, 0xff, 0x2c, 0x28, 0x0b, 0xff,
    0x2d, 0x2a, 0x0b, 0xff, 0x2d, 0x2a, 0x0b, 0xff, 0x8c, 0x93, 0x29, 0xff, 0x8c, 0x93, 0x29, 0xff,
    0x2e, 0x27, 0x0d, 0xff, 0x2e, 0x27, 0x0d, 0xff, 0x00, 0x00, 0x00, 0x00, 0x00, 0x00, 0x00, 0x00,
    0x00, 0x00, 0x00, 0x00, 0x00, 0x00, 0x00, 0x00, 0x00, 0x00, 0x00, 0x00, 0x00, 0x00, 0x00, 0x00,
    0x00, 0x00, 0x00, 0x00, 0x00, 0x00, 0x00, 0x00, 0x00, 0x00, 0x00, 0x00, 0x00, 0x00, 0x00, 0x00,
    0x00, 0x00, 0x00, 0x00, 0x00, 0x00, 0x00, 0x00, 0x00, 0x00, 0x00, 0x00, 0x00, 0x00, 0x00, 0x00,
    0x00, 0x00, 0x00, 0x00, 0x00, 0x00, 0x00, 0x00, 0x00, 0x00, 0x00, 0x00, 0x00, 0x00, 0x00, 0x00,
    0x00, 0x00, 0x00, 0x00, 0x00, 0x00, 0x00, 0x00, 0x00, 0x00, 0x00, 0x00, 0x00, 0x00, 0x00, 0x00,
    0x00, 0x00, 0x00, 0x00, 0x00, 0x00, 0x00, 0x00, 0x33, 0x26, 0x0a, 0xff, 0x33, 0x26, 0x0a, 0xff,
    0xae, 0xb7, 0x45, 0xff, 0xae, 0xb7, 0x45, 0xff, 0x24, 0x21, 0x0a, 0xff, 0x24, 0x21, 0x0a, 0xff,
    0x00, 0x00, 0x00, 0x00, 0x00, 0x00, 0x00, 0x00, 0x00, 0x00, 0x00, 0x00, 0x00, 0x00, 0x00, 0x00,
    0x00, 0x00, 0x00, 0x00, 0x00, 0x00, 0x00, 0x00, 0x00, 0x00, 0x00, 0x00, 0x00, 0x00, 0x00, 0x00,
    0x00, 0x00, 0x00, 0x00, 0x00, 0x00, 0x00, 0x00, 0x00, 0x00, 0x00, 0x00, 0x00, 0x00, 0x00, 0x00,
    0x00, 0x00, 0x00, 0x00, 0x00, 0x00, 0x00, 0x00, 0x00, 0x00, 0x00, 0x00, 0x00, 0x00, 0x00, 0x00,
    0x00, 0x00, 0x00, 0x00, 0x00, 0x00, 0x00, 0x00, 0x00, 0x00, 0x00, 0x00, 0x00, 0x00, 0x00, 0x00,
    0x00, 0x00, 0x00, 0x00, 0x00, 0x00, 0x00, 0x00, 0x00, 0x00, 0x00, 0x00, 0x00, 0x00, 0x00, 0x00,
    0x00, 0x00, 0x00, 0x00, 0x00, 0x00, 0x00, 0x00, 0x00, 0x00, 0x00, 0x00, 0x00, 0x00, 0x00, 0x00,
    0x00, 0x00, 0x00, 0x00, 0x00, 0x00, 0x00, 0x00, 0x1d, 0x19, 0x0b, 0xff, 0x1d, 0x19, 0x0b, 0xff,
    0x93, 0x99, 0x27, 0xff, 0x93, 0x99, 0x27, 0xff, 0x34, 0x26, 0x0e, 0xff, 0x34, 0x26, 0x0e, 0xff,
    0x00, 0x00, 0x00, 0x00, 0x00, 0x00, 0x00, 0x00, 0x00, 0x00, 0x00, 0x00, 0x00, 0x00, 0x00, 0x00,
    0x00, 0x00, 0x00, 0x00, 0x00, 0x00, 0x00, 0x00, 0x00, 0x00, 0x00, 0x00, 0x00, 0x00, 0x00, 0x00,
    0x00, 0x00, 0x00, 0x00, 0x00, 0x00, 0x00, 0x00, 0x00, 0x00, 0x00, 0x00, 0x00, 0x00, 0x00, 0x00,
    0x00, 0x00, 0x00, 0x00, 0x00, 0x00, 0x00, 0x00, 0x00, 0x00, 0x00, 0x00, 0x00, 0x00, 0x00, 0x00,
    0x00, 0x00, 0x00, 0x00, 0x00, 0x00, 0x00, 0x00, 0x00, 0x00, 0x00, 0x00, 0x00, 0x00, 0x00, 0x00,
    0x00, 0x00, 0x00, 0x00, 0x00, 0x00, 0x00, 0x00, 0x33, 0x26, 0x0a, 0xff, 0x33, 0x26, 0x0a, 0xff,
    0xae, 0xb7, 0x45, 0xff, 0xae, 0xb7, 0x45, 0xff, 0x24, 0x21, 0x0a, 0xff, 0x24, 0x21, 0x0a, 0xff,
    0x00, 0x00, 0x00, 0x00, 0x00, 0x00, 0x00, 0x00, 0x00, 0x00, 0x00, 0x00, 0x00, 0x00, 0x00, 0x00,
    0x00, 0x00, 0x00, 0x00, 0x00, 0x00, 0x00, 0x00, 0x00, 0x00, 0x00, 0x00, 0x00, 0x00, 0x00, 0x00,
    0x00, 0x00, 0x00, 0x00, 0x00, 0x00, 0x00, 0x00, 0x00, 0x00, 0x00, 0x00, 0x00, 0x00, 0x00, 0x00,
    0x00, 0x00, 0x00, 0x00, 0x00, 0x00, 0x00, 0x00, 0x00, 0x00, 0x00, 0x00, 0x00, 0x00, 0x00, 0x00,
    0x00, 0x00, 0x00, 0x00, 0x00, 0x00, 0x00, 0x00, 0x00, 0x00, 0x00, 0x00, 0x00, 0x00, 0x00, 0x00,
    0x00, 0x00, 0x00, 0x00, 0x00, 0x00, 0x00, 0x00, 0x00, 0x00, 0x00, 0x00, 0x00, 0x00, 0x00, 0x00,
    0x00, 0x00, 0x00, 0x00, 0x00, 0x00, 0x00, 0x00, 0x00, 0x00, 0x00, 0x00, 0x00, 0x00, 0x00, 0x00,
    0x00, 0x00, 0x00, 0x00, 0x00, 0x00, 0x00, 0x00, 0x1d, 0x19, 0x0b, 0xff, 0x1d, 0x19, 0x0b, 0xff,
    0x93, 0x99, 0x27, 0xff, 0x93, 0x99, 0x27, 0xff, 0x34, 0x26, 0x0e, 0xff, 0x34, 0x26, 0x0e, 0xff,
    0x00, 0x00, 0x00, 0x00, 0x00, 0x00, 0x00, 0x00, 0x00, 0x00, 0x00, 0x00, 0x00, 0x00, 0x00, 0x00,
    0x00, 0x00, 0x00, 0x00, 0x00, 0x00, 0x00, 0x00, 0x00, 0x00, 0x00, 0x00, 0x00, 0x00, 0x00, 0x00,
    0x00, 0x00, 0x00, 0x00, 0x00, 0x00, 0x00, 0x00, 0x00, 0x00, 0x00, 0x00, 0x00, 0x00, 0x00, 0x00,
    0x00, 0x00, 0x00, 0x00, 0x00, 0x00, 0x00, 0x00, 0x00, 0x00, 0x00, 0x00, 0x00, 0x00, 0x00, 0x00,
    0x00, 0x00, 0x00, 0x00, 0x00, 0x00, 0x00, 0x00, 0x00, 0x00, 0x00, 0x00, 0x00, 0x00, 0x00, 0x00,
    0x2f, 0x2b, 0x0a, 0xff, 0x2f, 0x2b, 0x0a, 0xff, 0xa0, 0xa7, 0x37, 0xff, 0xa0, 0xa7, 0x37, 0xff,
    0x2d, 0x2a, 0x0b, 0xff, 0x2d, 0x2a, 0x0b, 0xff, 0xd4, 0xd6, 0xd6, 0xff, 0xd4, 0xd6, 0xd6, 0xff,
    0xc5, 0xc7, 0xc7, 0xff, 0xc5, 0xc7, 0xc7, 0xff, 0xc6, 0xc8, 0xc8, 0xff, 0xc6, 0xc8, 0xc8, 0xff,
    0xc6, 0xc8, 0xc8, 0xff, 0xc6, 0xc8, 0xc8, 0xff, 0xc6, 0xc8, 0xc8, 0xff, 0xc6, 0xc8, 0xc8, 0xff,
    0xc5, 0xc7, 0xc7, 0xff, 0xc5, 0xc7, 0xc7, 0xff, 0xc5, 0xc7, 0xc7, 0xff, 0xc5, 0xc7, 0xc7, 0xff,
    0xc5, 0xc6, 0xc6, 0xff, 0xc5, 0xc6, 0xc6, 0xff, 0xc6, 0xc7, 0xc8, 0xff, 0xc6, 0xc7, 0xc8, 0xff,
    0xc5, 0xc7, 0xc7, 0xff, 0xc5, 0xc7, 0xc7, 0xff, 0xc6, 0xc7, 0xc8, 0xff, 0xc6, 0xc7, 0xc8, 0xff,
    0xc5, 0xc7, 0xc7, 0xff, 0xc5, 0xc7, 0xc7, 0xff, 0xc4, 0xc6, 0xc6, 0xff, 0xc4, 0xc6, 0xc6, 0xff,
    0xc3, 0xc5, 0xc5, 0xff, 0xc3, 0xc5, 0xc5, 0xff, 0xc4, 0xc5, 0xc5, 0xff, 0xc4, 0xc5, 0xc5, 0xff,
    0xc0, 0xc2, 0xc3, 0xff, 0xc0, 0xc2, 0xc3, 0xff, 0xba, 0xbc, 0xbc, 0xff, 0xba, 0xbc, 0xbc, 0xff,
    0x2e, 0x2b, 0x0b, 0xff, 0x2e, 0x2b, 0x0b, 0xff, 0x90, 0x95, 0x28, 0xff, 0x90, 0x95, 0x28, 0xff,
    0x2d, 0x28, 0x0a, 0xff, 0x2d, 0x28, 0x0a, 0xff, 0x00, 0x00, 0x00, 0x00, 0x00, 0x00, 0x00, 0x00,
    0x00, 0x00, 0x00, 0x00, 0x00, 0x00, 0x00, 0x00, 0x00, 0x00, 0x00, 0x00, 0x00, 0x00, 0x00, 0x00,
    0x00, 0x00, 0x00, 0x00, 0x00, 0x00, 0x00, 0x00, 0x00, 0x00, 0x00, 0x00, 0x00, 0x00, 0x00, 0x00,
    0x00, 0x00, 0x00, 0x00, 0x00, 0x00, 0x00, 0x00, 0x00, 0x00, 0x00, 0x00, 0x00, 0x00, 0x00, 0x00,
    0x00, 0x00, 0x00, 0x00, 0x00, 0x00, 0x00, 0x00, 0x00, 0x00, 0x00, 0x00, 0x00, 0x00, 0x00, 0x00,
    0x2f, 0x2b, 0x0a, 0xff, 0x2f, 0x2b, 0x0a, 0xff, 0xa0, 0xa7, 0x37, 0xff, 0xa0, 0xa7, 0x37, 0xff,
    0x2d, 0x2a, 0x0b, 0xff, 0x2d, 0x2a, 0x0b, 0xff, 0xd4, 0xd6, 0xd6, 0xff, 0xd4, 0xd6, 0xd6, 0xff,
    0xc5, 0xc7, 0xc7, 0xff, 0xc5, 0xc7, 0xc7, 0xff, 0xc6, 0xc8, 0xc8, 0xff, 0xc6, 0xc8, 0xc8, 0xff,
    0xc6, 0xc8, 0xc8, 0xff, 0xc6, 0xc8, 0xc8, 0xff, 0xc6, 0xc8, 0xc8, 0xff, 0xc6, 0xc8, 0xc8, 0xff,
    0xc5, 0xc7, 0xc7, 0xff, 0xc5, 0xc7, 0xc7, 0xff, 0xc5, 0xc7, 0xc7, 0xff, 0xc5, 0xc7, 0xc7, 0xff,
    0xc5, 0xc6, 0xc6, 0xff, 0xc5, 0xc6, 0xc6, 0xff, 0xc6, 0xc7, 0xc8, 0xff, 0xc6, 0xc7, 0xc8, 0xff,
    0xc5, 0xc7, 0xc7, 0xff, 0xc5, 0xc7, 0xc7, 0xff, 0xc6, 0xc7, 0xc8, 0xff, 0xc6, 0xc7, 0xc8, 0xff,
    0xc5, 0xc7, 0xc7, 0xff, 0xc5, 0xc7, 0xc7, 0xff, 0xc4, 0xc6, 0xc6, 0xff, 0xc4, 0xc6, 0xc6, 0xff,
    0xc3, 0xc5, 0xc5, 0xff, 0xc3, 0xc5, 0xc5, 0xff, 0xc4, 0xc5, 0xc5, 0xff, 0xc4, 0xc5, 0xc5, 0xff,
    0xc0, 0xc2, 0xc3, 0xff, 0xc0, 0xc2, 0xc3, 0xff, 0xba, 0xbc, 0xbc, 0xff, 0xba, 0xbc, 0xbc, 0xff,
    0x2e, 0x2b, 0x0b, 0xff, 0x2e, 0x2b, 0x0b, 0xff, 0x90, 0x95, 0x28, 0xff, 0x90, 0x95, 0x28, 0xff,
    0x2d, 0x28, 0x0a, 0xff, 0x2d, 0x28, 0x0a, 0xff, 0x00, 0x00, 0x00, 0x00, 0x00, 0x00, 0x00, 0x00,
    0x00, 0x00, 0x00, 0x00, 0x00, 0x00, 0x00, 0x00, 0x00, 0x00, 0x00, 0x00, 0x00, 0x00, 0x00, 0x00,
    0x00, 0x00, 0x00, 0x00, 0x00, 0x00, 0x00, 0x00, 0x00, 0x00, 0x00, 0x00, 0x00, 0x00, 0x00, 0x00,
    0x00, 0x00, 0x00, 0x00, 0x00, 0x00, 0x00, 0x00, 0x00, 0x00, 0x00, 0x00, 0x00, 0x00, 0x00, 0x00,
    0x00, 0x00, 0x00, 0x00, 0x00, 0x00, 0x00, 0x00, 0x00, 0x00, 0x00, 0x00, 0x00, 0x00, 0x00, 0x00,
    0x2e, 0x2a, 0x0a, 0xff, 0x2e, 0x2a, 0x0a, 0xff, 0x94, 0x99, 0x2b, 0xff, 0x94, 0x99, 0x2b, 0xff,
    0x15, 0x12, 0x09, 0xff, 0x15, 0x12, 0x09, 0xff, 0xb7, 0xb9, 0xb9, 0xff, 0xb7, 0xb9, 0xb9, 0xff,
    0x8b, 0x8a, 0x89, 0xff, 0x8b, 0x8a, 0x89, 0xff, 0x8d, 0x8d, 0x8c, 0xff, 0x8d, 0x8d, 0x8c, 0xff,
    0x8c, 0x8c, 0x8c, 0xff, 0x8c, 0x8c, 0x8c, 0xff, 0x8c, 0x8c, 0x8c, 0xff, 0x8c, 0x8c, 0x8c, 0xff,
    0x8d, 0x8c, 0x8c, 0xff, 0x8d, 0x8c, 0x8c, 0xff, 0x8c, 0x8c, 0x8b, 0xff, 0x8c, 0x8c, 0x8b, 0xff,
    0x8c, 0x8b, 0x8b, 0xff, 0x8c, 0x8b, 0x8b, 0xff, 0x8b, 0x8b, 0x8a, 0xff, 0x8b, 0x8b, 0x8a, 0xff,
    0x8b, 0x8a, 0x8a, 0xff, 0x8b, 0x8a, 0x8a, 0xff, 0x89, 0x88, 0x87, 0xff, 0x89, 0x88, 0x87, 0xff,
    0x8a, 0x8a, 0x89, 0xff, 0x8a, 0x8a, 0x89, 0xff, 0x8a, 0x8a, 0x8a, 0xff, 0x8a, 0x8a, 0x8a, 0xff,
    0x8a, 0x89, 0x88, 0xff, 0x8a, 0x89, 0x88, 0xff, 0x8a, 0x8a, 0x89, 0xff, 0x8a, 0x8a, 0x89, 0xff,
    0x8a, 0x8a, 0x89, 0xff, 0x8a, 0x8a, 0x89, 0xff, 0x8a, 0x8a, 0x89, 0xff, 0x8a, 0x8a, 0x89, 0xff,
    0x13, 0x0f, 0x09, 0xff, 0x13, 0x0f, 0x09, 0xff, 0x78, 0x7a, 0x19, 0xff, 0x78, 0x7a, 0x19, 0xff,
    0x28, 0x25, 0x09, 0xff, 0x28, 0x25, 0x09, 0xff, 0x00, 0x00, 0x00, 0x00, 0x00, 0x00, 0x00, 0x00,
    0x00, 0x00, 0x00, 0x00, 0x00, 0x00, 0x00, 0x00, 0x00, 0x00, 0x00, 0x00, 0x00, 0x00, 0x00, 0x00,
    0x00, 0x00, 0x00, 0x00, 0x00, 0x00, 0x00, 0x00, 0x00, 0x00, 0x00, 0x00, 0x00, 0x00, 0x00, 0x00,
    0x00, 0x00, 0x00, 0x00, 0x00, 0x00, 0x00, 0x00, 0x00, 0x00, 0x00, 0x00, 0x00, 0x00, 0x00, 0x00,
    0x00, 0x00, 0x00, 0x00, 0x00, 0x00, 0x00, 0x00, 0x00, 0x00, 0x00, 0x00, 0x00, 0x00, 0x00, 0x00,
    0x2e, 0x2a, 0x0a, 0xff, 0x2e, 0x2a, 0x0a, 0xff, 0x94, 0x99, 0x2b, 0xff, 0x94, 0x99, 0x2b, 0xff,
    0x15, 0x12, 0x09, 0xff, 0x15, 0x12, 0x09, 0xff, 0xb7, 0xb9, 0xb9, 0xff, 0xb7, 0xb9, 0xb9, 0xff,
    0x8b, 0x8a, 0x89, 0xff, 0x8b, 0x8a, 0x89, 0xff, 0x8d, 0x8d, 0x8c, 0xff, 0x8d, 0x8d, 0x8c, 0xff,
    0x8c, 0x8c, 0x8c, 0xff, 0x8c, 0x8c, 0x8c, 0xff, 0x8c, 0x8c, 0x8c, 0xff, 0x8c, 0x8c, 0x8c, 0xff,
    0x8d, 0x8c, 0x8c, 0xff, 0x8d, 0x8c, 0x8c, 0xff, 0x8c, 0x8c, 0x8b, 0xff, 0x8c, 0x8c, 0x8b, 0xff,
    0x8c, 0x8b, 0x8b, 0xff, 0x8c, 0x8b, 0x8b, 0xff, 0x8b, 0x8b, 0x8a, 0xff, 0x8b, 0x8b, 0x8a, 0xff,
    0x8b, 0x8a, 0x8a, 0xff, 0x8b, 0x8a, 0x8a, 0xff, 0x89, 0x88, 0x87, 0xff, 0x89, 0x88, 0x87, 0xff,
    0x8a, 0x8a, 0x89, 0xff, 0x8a, 0x8a, 0x89, 0xff, 0x8a, 0x8a, 0x8a, 0xff, 0x8a, 0x8a, 0x8a, 0xff,
    0x8a, 0x89, 0x88, 0xff, 0x8a, 0x89, 0x88, 0xff, 0x8a, 0x8a, 0x89, 0xff, 0x8a, 0x8a, 0x89, 0xff,
    0x8a, 0x8a, 0x89, 0xff, 0x8a, 0x8a, 0x89, 0xff, 0x8a, 0x8a, 0x89, 0xff, 0x8a, 0x8a, 0x89, 0xff,
    0x13, 0x0f, 0x09, 0xff, 0x13, 0x0f, 0x09, 0xff, 0x78, 0x7a, 0x19, 0xff, 0x78, 0x7a, 0x19, 0xff,
    0x28, 0x25, 0x09, 0xff, 0x28, 0x25, 0x09, 0xff, 0x00, 0x00, 0x00, 0x00, 0x00, 0x00, 0x00, 0x00,
    0x00, 0x00, 0x00, 0x00, 0x00, 0x00, 0x00, 0x00, 0x00, 0x00, 0x00, 0x00, 0x00, 0x00, 0x00, 0x00,
    0x00, 0x00, 0x00, 0x00, 0x00, 0x00, 0x00, 0x00, 0x00, 0x00, 0x00, 0x00, 0x00, 0x00, 0x00, 0x00,
    0x00, 0x00, 0x00, 0x00, 0x00, 0x00, 0x00, 0x00, 0x00, 0x00, 0x00, 0x00, 0x00, 0x00, 0x00, 0x00,
    0x00, 0x00, 0x00, 0x00, 0x00, 0x00, 0x00, 0x00, 0x00, 0x00, 0x00, 0x00, 0x00, 0x00, 0x00, 0x00,
    0x2e, 0x2b, 0x0a, 0xff, 0x2e, 0x2b, 0x0a, 0xff, 0x93, 0x98, 0x28, 0xff, 0x93, 0x98, 0x28, 0xff,
    0x12, 0x0f, 0x09, 0xff, 0x12, 0x0f, 0x09, 0xff, 0x8d, 0x8c, 0x8b, 0xff, 0x8d, 0x8c, 0x8b, 0xff,
    0x18, 0x14, 0x0b, 0xff, 0x18, 0x14, 0x0b, 0xff, 0x4c, 0x4c, 0x10, 0xff, 0x4c, 0x4c, 0x10, 0xff,
    0x4b, 0x4a, 0x0f, 0xff, 0x4b, 0x4a, 0x0f, 0xff, 0x4a, 0x4a, 0x0f, 0xff, 0x4a, 0x4a, 0x0f, 0xff,
    0x49, 0x49, 0x0f, 0xff, 0x49, 0x49, 0x0f, 0xff, 0x4b, 0x4a, 0x10, 0xff, 0x4b, 0x4a, 0x10, 0xff,
    0x4b, 0x4a, 0x10, 0xff, 0x4b, 0x4a, 0x10, 0xff, 0x4a, 0x49, 0x0f, 0xff, 0x4a, 0x49, 0x0f, 0xff,
    0x4a, 0x49, 0x10, 0xff, 0x4a, 0x49, 0x10, 0xff, 0x48, 0x47, 0x0f, 0xff, 0x48, 0x47, 0x0f, 0xff,
    0x48, 0x47, 0x0f, 0xff, 0x48, 0x47, 0x0f, 0xff, 0x48, 0x47, 0x0f, 0xff, 0x48, 0x47, 0x0f, 0xff,
    0x49, 0x49, 0x0f, 0xff, 0x49, 0x49, 0x0f, 0xff, 0x48, 0x47, 0x10, 0xff, 0x48, 0x47, 0x10, 0xff,
    0x1e, 0x1b, 0x0c, 0xff, 0x1e, 0x1b, 0x0c, 0xff, 0x8a, 0x8a, 0x8a, 0xff, 0x8a, 0x8a, 0x8a, 0xff,
    0x12, 0x0e, 0x08, 0xff, 0x12, 0x0e, 0x08, 0xff, 0x77, 0x7a, 0x19, 0xff, 0x77, 0x7a, 0x19, 0xff,
    0x29, 0x25, 0x09, 0xff, 0x29, 0x25, 0x09, 0xff, 0x00, 0x00, 0x00, 0x00, 0x00, 0x00, 0x00, 0x00,
    0x00, 0x00, 0x00, 0x00, 0x00, 0x00, 0x00, 0x00, 0x00, 0x00, 0x00, 0x00, 0x00, 0x00, 0x00, 0x00,
    0x00, 0x00, 0x00, 0x00, 0x00, 0x00, 0x00, 0x00, 0x00, 0x00, 0x00, 0x00, 0x00, 0x00, 0x00, 0x00,
    0x00, 0x00, 0x00, 0x00, 0x00, 0x00, 0x00, 0x00, 0x00, 0x00, 0x00, 0x00, 0x00, 0x00, 0x00, 0x00,
    0x00, 0x00, 0x00, 0x00, 0x00, 0x00, 0x00, 0x00, 0x00, 0x00, 0x00, 0x00, 0x00, 0x00, 0x00, 0x00,
    0x2e, 0x2b, 0x0a, 0xff, 0x2e, 0x2b, 0x0a, 0xff, 0x93, 0x98, 0x28, 0xff, 0x93, 0x98, 0x28, 0xff,
    0x12, 0x0f, 0x09, 0xff, 0x12, 0x0f, 0x09, 0xff, 0x8d, 0x8c, 0x8b, 0xff, 0x8d, 0x8c, 0x8b, 0xff,
    0x18, 0x14, 0x0b, 0xff, 0x18, 0x14, 0x0b, 0xff, 0x4c, 0x4c, 0x10, 0xff, 0x4c, 0x4c, 0x10, 0xff,
    0x4b, 0x4a, 0x0f, 0xff, 0x4b, 0x4a, 0x0f, 0xff, 0x4a, 0x4a, 0x0f, 0xff, 0x4a, 0x4a, 0x0f, 0xff,
    0x49, 0x49, 0x0f, 0xff, 0x49, 0x49, 0x0f, 0xff, 0x4b, 0x4a, 0x10, 0xff, 0x4b, 0x4a, 0x10, 0xff,
    0x4b, 0x4a, 0x10, 0xff, 0x4b, 0x4a, 0x10, 0xff, 0x4a, 0x49, 0x0f, 0xff, 0x4a, 0x49, 0x0f, 0xff,
    0x4a, 0x49, 0x10, 0xff, 0x4a, 0x49, 0x10, 0xff, 0x48, 0x47, 0x0f, 0xff, 0x48, 0x47, 0x0f, 0xff,
    0x48, 0x47, 0x0f, 0xff, 0x48, 0x47, 0x0f, 0xff, 0x48, 0x47, 0x0f, 0xff, 0x48, 0x47, 0x0f, 0xff,
    0x49, 0x49, 0x0f, 0xff, 0x49, 0x49, 0x0f, 0xff, 0x48, 0x47, 0x10, 0xff, 0x48, 0x47, 0x10, 0xff,
    0x1e, 0x1b, 0x0c, 0xff, 0x1e, 0x1b, 0x0c, 0xff, 0x8a, 0x8a, 0x8a, 0xff, 0x8a, 0x8a, 0x8a, 0xff,
    0x12, 0x0e, 0x08, 0xff, 0x12, 0x0e, 0x08, 0xff, 0x77, 0x7a, 0x19, 0xff, 0x77, 0x7a, 0x19, 0xff,
    0x29, 0x25, 0x09, 0xff, 0x29, 0x25, 0x09, 0xff, 0x00, 0x00, 0x00, 0x00, 0x00, 0x00, 0x00, 0x00,
    0x00, 0x00, 0x00, 0x00, 0x00, 0x00, 0x00, 0x00, 0x00, 0x00, 0x00, 0x00, 0x00, 0x00, 0x00, 0x00,
    0x00, 0x00, 0x00, 0x00, 0x00, 0x00, 0x00, 0x00, 0x00, 0x00, 0x00, 0x00, 0x00, 0x00, 0x00, 0x00,
    0x00, 0x00, 0x00, 0x00, 0x00, 0x00, 0x00, 0x00, 0x00, 0x00, 0x00, 0x00, 0x00, 0x00, 0x00, 0x00,
    0x00, 0x00, 0x00, 0x00, 0x00, 0x00, 0x00, 0x00, 0x00, 0x00, 0x00, 0x00, 0x00, 0x00, 0x00, 0x00,
    0x27, 0x23, 0x09, 0xff, 0x27, 0x23, 0x09, 0xff, 0x55, 0x55, 0x11, 0xff, 0x55, 0x55, 0x11, 0xff,
    0x10, 0x0d, 0x07, 0xff, 0x10, 0x0d, 0x07, 0xff, 0x4d, 0x48, 0x3b, 0xff, 0x4d, 0x48, 0x3b, 0xff,
    0x8f, 0x96, 0x28, 0xff, 0x8f, 0x96, 0x28, 0xff, 0xd7, 0xe1, 0x85, 0xff, 0xd7, 0xe1, 0x85, 0xff,
    0xd3, 0xdd, 0x80, 0xff, 0xd3, 0xdd, 0x80, 0xff, 0xcc, 0xd7, 0x6f, 0xff, 0xcc, 0xd7, 0x6f, 0xff,
    0xcc, 0xd8, 0x6e, 0xff, 0xcc, 0xd8, 0x6e, 0xff, 0xcd, 0xd8, 0x70, 0xff, 0xcd, 0xd8, 0x70, 0xff,
    0xce, 0xd9, 0x70, 0xff, 0xce, 0xd9, 0x70, 0xff, 0xcd, 0xd8, 0x70, 0xff, 0xcd, 0xd8, 0x70, 0xff,
    0xcd, 0xd8, 0x70, 0xff, 0xcd, 0xd8, 0x70, 0xff, 0xcd, 0xd8, 0x6f, 0xff, 0xcd, 0xd8, 0x6f, 0xff,
    0xcd, 0xd8, 0x6f, 0xff, 0xcd, 0xd8, 0x6f, 0xff, 0xce, 0xd8, 0x70, 0xff, 0xce, 0xd8, 0x70, 0xff,
    0xcd, 0xd8, 0x71, 0xff, 0xcd, 0xd8, 0x71, 0xff, 0xcd, 0xd7, 0x6f, 0xff, 0xcd, 0xd7, 0x6f, 0xff,
    0x6c, 0x6f, 0x16, 0xff, 0x6c, 0x6f, 0x16, 0xff, 0x35, 0x30, 0x22, 0xff, 0x35, 0x30, 0x22, 0xff,
    0x12, 0x0e, 0x08, 0xff, 0x12, 0x0e, 0x08, 0xff, 0x50, 0x50, 0x10, 0xff, 0x50, 0x50, 0x10, 0xff,
    0x2c, 0x28, 0x0b, 0xff, 0x2c, 0x28, 0x0b, 0xff, 0x00, 0x00, 0x00, 0x00, 0x00, 0x00, 0x00, 0x00,
    0x00, 0x00, 0x00, 0x00, 0x00, 0x00, 0x00, 0x00, 0x00, 0x00, 0x00, 0x00, 0x00, 0x00, 0x00, 0x00,
    0x00, 0x00, 0x00, 0x00, 0x00, 0x00, 0x00, 0x00, 0x00, 0x00, 0x00, 0x00, 0x00, 0x00, 0x00, 0x00,
    0x00, 0x00, 0x00, 0x00, 0x00, 0x00, 0x00, 0x00, 0x00, 0x00, 0x00, 0x00, 0x00, 0x00, 0x00, 0x00,
    0x00, 0x00, 0x00, 0x00, 0x00, 0x00, 0x00, 0x00, 0x00, 0x00, 0x00, 0x00, 0x00, 0x00, 0x00, 0x00,
    0x27, 0x23, 0x09, 0xff, 0x27, 0x23, 0x09, 0xff, 0x55, 0x55, 0x11, 0xff, 0x55, 0x55, 0x11, 0xff,
    0x10, 0x0d, 0x07, 0xff, 0x10, 0x0d, 0x07, 0xff, 0x4d, 0x48, 0x3b, 0xff, 0x4d, 0x48, 0x3b, 0xff,
    0x8f, 0x96, 0x28, 0xff, 0x8f, 0x96, 0x28, 0xff, 0xd7, 0xe1, 0x85, 0xff, 0xd7, 0xe1, 0x85, 0xff,
    0xd3, 0xdd, 0x80, 0xff, 0xd3, 0xdd, 0x80, 0xff, 0xcc, 0xd7, 0x6f, 0xff, 0xcc, 0xd7, 0x6f, 0xff,
    0xcc, 0xd8, 0x6e, 0xff, 0xcc, 0xd8, 0x6e, 0xff, 0xcd, 0xd8, 0x70, 0xff, 0xcd, 0xd8, 0x70, 0xff,
    0xce, 0xd9, 0x70, 0xff, 0xce, 0xd9, 0x70, 0xff, 0xcd, 0xd8, 0x70, 0xff, 0xcd, 0xd8, 0x70, 0xff,
    0xcd, 0xd8, 0x70, 0xff, 0xcd, 0xd8, 0x70, 0xff, 0xcd, 0xd8, 0x6f, 0xff, 0xcd, 0xd8, 0x6f, 0xff,
    0xcd, 0xd8, 0x6f, 0xff, 0xcd, 0xd8, 0x6f, 0xff, 0xce, 0xd8, 0x70, 0xff, 0xce, 0xd8, 0x70, 0xff,
    0xcd, 0xd8, 0x71, 0xff, 0xcd, 0xd8, 0x71, 0xff, 0xcd, 0xd7, 0x6f, 0xff, 0xcd, 0xd7, 0x6f, 0xff,
    0x6c, 0x6f, 0x16, 0xff, 0x6c, 0x6f, 0x16, 0xff, 0x35, 0x30, 0x22, 0xff, 0x35, 0x30, 0x22, 0xff,
    0x12, 0x0e, 0x08, 0xff, 0x12, 0x0e, 0x08, 0xff, 0x50, 0x50, 0x10, 0xff, 0x50, 0x50, 0x10, 0xff,
    0x2c, 0x28, 0x0b, 0xff, 0x2c, 0x28, 0x0b, 0xff, 0x00, 0x00, 0x00, 0x00, 0x00, 0x00, 0x00, 0x00,
    0x00, 0x00, 0x00, 0x00, 0x00, 0x00, 0x00, 0x00, 0x00, 0x00, 0x00, 0x00, 0x00, 0x00, 0x00, 0x00,
    0x00, 0x00, 0x00, 0x00, 0x00, 0x00, 0x00, 0x00, 0x00, 0x00, 0x00, 0x00, 0x00, 0x00, 0x00, 0x00,
    0x00, 0x00, 0x00, 0x00, 0x00, 0x00, 0x00, 0x00, 0x00, 0x00, 0x00, 0x00, 0x00, 0x00, 0x00, 0x00,
    0x00, 0x00, 0x00, 0x00, 0x00, 0x00, 0x00, 0x00, 0x27, 0x22, 0x0b, 0xff, 0x27, 0x22, 0x0b, 0xff,
    0x26, 0x22, 0x0c, 0xff, 0x26, 0x22, 0x0c, 0xff, 0x23, 0x20, 0x0d, 0xff, 0x23, 0x20, 0x0d, 0xff,
    0x11, 0x0e, 0x08, 0xff, 0x11, 0x0e, 0x08, 0xff, 0x4b, 0x46, 0x3a, 0xff, 0x4b, 0x46, 0x3a, 0xff,
    0xab, 0xb5, 0x42, 0xff, 0xab, 0xb5, 0x42, 0xff, 0xcb, 0xd7, 0x70, 0xff, 0xcb, 0xd7, 0x70, 0xff,
    0xcd, 0xd8, 0x71, 0xff, 0xcd, 0xd8, 0x71, 0xff, 0xce, 0xd8, 0x70, 0xff, 0xce, 0xd8, 0x70, 0xff,
    0xce, 0xd8, 0x71, 0xff, 0xce, 0xd8, 0x71, 0xff, 0xce, 0xd8, 0x72, 0xff, 0xce, 0xd8, 0x72, 0xff,
    0xcf, 0xd8, 0x71, 0xff, 0xcf, 0xd8, 0x71, 0xff, 0xcf, 0xd9, 0x71, 0xff, 0xcf, 0xd9, 0x71, 0xff,
    0xce, 0xd8, 0x71, 0xff, 0xce, 0xd8, 0x71, 0xff, 0xcd, 0xd8, 0x70, 0xff, 0xcd, 0xd8, 0x70, 0xff,
    0xcd, 0xd8, 0x70, 0xff, 0xcd, 0xd8, 0x70, 0xff, 0xcd, 0xd8, 0x70, 0xff, 0xcd, 0xd8, 0x70, 0xff,
    0xcd, 0xd8, 0x71, 0xff, 0xcd, 0xd8, 0x71, 0xff, 0xcc, 0xd7, 0x6f, 0xff, 0xcc, 0xd7, 0x6f, 0xff,
    0x8e, 0x94, 0x25, 0xff, 0x8e, 0x94, 0x25, 0xff, 0x42, 0x3e, 0x30, 0xff, 0x42, 0x3e, 0x30, 0xff,
    0x12, 0x0e, 0x08, 0xff, 0x12, 0x0e, 0x08, 0xff, 0x24, 0x20, 0x0c, 0xff, 0x24, 0x20, 0x0c, 0xff,
    0x26, 0x23, 0x0c, 0xff, 0x26, 0x23, 0x0c, 0xff, 0x26, 0x22, 0x0a, 0xff, 0x26, 0x22, 0x0a, 0xff,
    0x00, 0x00, 0x00, 0x00, 0x00, 0x00, 0x00, 0x00, 0x00, 0x00, 0x00, 0x00, 0x00, 0x00, 0x00, 0x00,
    0x00, 0x00, 0x00, 0x00, 0x00, 0x00, 0x00, 0x00, 0x00, 0x00, 0x00, 0x00, 0x00, 0x00, 0x00, 0x00,
    0x00, 0x00, 0x00, 0x00, 0x00, 0x00, 0x00, 0x00, 0x00, 0x00, 0x00, 0x00, 0x00, 0x00, 0x00, 0x00,
    0x00, 0x00, 0x00, 0x00, 0x00, 0x00, 0x00, 0x00, 0x27, 0x22, 0x0b, 0xff, 0x27, 0x22, 0x0b, 0xff,
    0x26, 0x22, 0x0c, 0xff, 0x26, 0x22, 0x0c, 0xff, 0x23, 0x20, 0x0d, 0xff, 0x23, 0x20, 0x0d, 0xff,
    0x11, 0x0e, 0x08, 0xff, 0x11, 0x0e, 0x08, 0xff, 0x4b, 0x46, 0x3a, 0xff, 0x4b, 0x46, 0x3a, 0xff,
    0xab, 0xb5, 0x42, 0xff, 0xab, 0xb5, 0x42, 0xff, 0xcb, 0xd7, 0x70, 0xff, 0xcb, 0xd7, 0x70, 0xff,
    0xcd, 0xd8, 0x71, 0xff, 0xcd, 0xd8, 0x71, 0xff, 0xce, 0xd8, 0x70, 0xff, 0xce, 0xd8, 0x70, 0xff,
    0xce, 0xd8, 0x71, 0xff, 0xce, 0xd8, 0x71, 0xff, 0xce, 0xd8, 0x72, 0xff, 0xce, 0xd8, 0x72, 0xff,
    0xcf, 0xd8, 0x71, 0xff, 0xcf, 0xd8, 0x71, 0xff, 0xcf, 0xd9, 0x71, 0xff, 0xcf, 0xd9, 0x71, 0xff,
    0xce, 0xd8, 0x71, 0xff, 0xce, 0xd8, 0x71, 0xff, 0xcd, 0xd8, 0x70, 0xff, 0xcd, 0xd8, 0x70, 0xff,
    0xcd, 0xd8, 0x70, 0xff, 0xcd, 0xd8, 0x70, 0xff, 0xcd, 0xd8, 0x70, 0xff, 0xcd, 0xd8, 0x70, 0xff,
    0xcd, 0xd8, 0x71, 0xff, 0xcd, 0xd8, 0x71, 0xff, 0xcc, 0xd7, 0x6f, 0xff, 0xcc, 0xd7, 0x6f, 0xff,
    0x8e, 0x94, 0x25, 0xff, 0x8e, 0x94, 0x25, 0xff, 0x42, 0x3e, 0x30, 0xff, 0x42, 0x3e, 0x30, 0xff,
    0x12, 0x0e, 0x08, 0xff, 0x12, 0x0e, 0x08, 0xff, 0x24, 0x20, 0x0c, 0xff, 0x24, 0x20, 0x0c, 0xff,
    0x26, 0x23, 0x0c, 0xff, 0x26, 0x23, 0x0c, 0xff, 0x26, 0x22, 0x0a, 0xff, 0x26, 0x22, 0x0a, 0xff,
    0x00, 0x00, 0x00, 0x00, 0x00, 0x00, 0x00, 0x00, 0x00, 0x00, 0x00, 0x00, 0x00, 0x00, 0x00, 0x00,
    0x00, 0x00, 0x00, 0x00, 0x00, 0x00, 0x00, 0x00, 0x00, 0x00, 0x00, 0x00, 0x00, 0x00, 0x00, 0x00,
    0x00, 0x00, 0x00, 0x00, 0x00, 0x00, 0x00, 0x00, 0x00, 0x00, 0x00, 0x00, 0x00, 0x00, 0x00, 0x00,
    0x2d, 0x29, 0x09, 0xff, 0x2d, 0x29, 0x09, 0xff, 0xea, 0xf2, 0xa4, 0xff, 0xea, 0xf2, 0xa4, 0xff,
    0xc1, 0xcb, 0x5b, 0xff, 0xc1, 0xcb, 0x5b, 0xff, 0x46, 0x42, 0x2d, 0xff, 0x46, 0x42, 0x2d, 0xff,
    0x11, 0x0e, 0x08, 0xff, 0x11, 0x0e, 0x08, 0xff, 0x49, 0x44, 0x37, 0xff, 0x49, 0x44, 0x37, 0xff,
    0xae, 0xb7, 0x46, 0xff, 0xae, 0xb7, 0x46, 0xff, 0xcc, 0xd7, 0x70, 0xff, 0xcc, 0xd7, 0x70, 0xff,
    0xcc, 0xd6, 0x6e, 0xff, 0xcc, 0xd6, 0x6e, 0xff, 0x25, 0x21, 0x0b, 0xff, 0x25, 0x21, 0x0b, 0xff,
    0xc5, 0xcf, 0x63, 0xff, 0xc5, 0xcf, 0x63, 0xff, 0xce, 0xd8, 0x70, 0xff, 0xce, 0xd8, 0x70, 0xff,
    0xce, 0xd8, 0x71, 0xff, 0xce, 0xd8, 0x71, 0xff, 0xcf, 0xd9, 0x72, 0xff, 0xcf, 0xd9, 0x72, 0xff,
    0xce, 0xd9, 0x71, 0xff, 0xce, 0xd9, 0x71, 0xff, 0xcd, 0xd8, 0x70, 0xff, 0xcd, 0xd8, 0x70, 0xff,
    0xce, 0xd9, 0x6d, 0xff, 0xce, 0xd9, 0x6d, 0xff, 0x26, 0x23, 0x0b, 0xff, 0x26, 0x23, 0x0b, 0xff,
    0xcb, 0xd6, 0x6f, 0xff, 0xcb, 0xd6, 0x6f, 0xff, 0xcc, 0xd6, 0x6e, 0xff, 0xcc, 0xd6, 0x6e, 0xff,
    0x8d, 0x93, 0x26, 0xff, 0x8d, 0x93, 0x26, 0xff, 0x43, 0x3f, 0x32, 0xff, 0x43, 0x3f, 0x32, 0xff,
    0x12, 0x0e, 0x08, 0xff, 0x12, 0x0e, 0x08, 0xff, 0x55, 0x52, 0x3f, 0xff, 0x55, 0x52, 0x3f, 0xff,
    0xcb, 0xd7, 0x6c, 0xff, 0xcb, 0xd7, 0x6c, 0xff, 0xe9, 0xf2, 0xa1, 0xff, 0xe9, 0xf2, 0xa1, 0xff,
    0x24, 0x20, 0x09, 0xff, 0x24, 0x20, 0x09, 0xff, 0x00, 0x00, 0x00, 0x00, 0x00, 0x00, 0x00, 0x00,
    0x00, 0x00, 0x00, 0x00, 0x00, 0x00, 0x00, 0x00, 0x00, 0x00, 0x00, 0x00, 0x00, 0x00, 0x00, 0x00,
    0x00, 0x00, 0x00, 0x00, 0x00, 0x00, 0x00, 0x00, 0x00, 0x00, 0x00, 0x00, 0x00, 0x00, 0x00, 0x00,
    0x2d, 0x29, 0x09, 0xff, 0x2d, 0x29, 0x09, 0xff, 0xea, 0xf2, 0xa4, 0xff, 0xea, 0xf2, 0xa4, 0xff,
    0xc1, 0xcb, 0x5b, 0xff, 0xc1, 0xcb, 0x5b, 0xff, 0x46, 0x42, 0x2d, 0xff, 0x46, 0x42, 0x2d, 0xff,
    0x11, 0x0e, 0x08, 0xff, 0x11, 0x0e, 0x08, 0xff, 0x49, 0x44, 0x37, 0xff, 0x49, 0x44, 0x37, 0xff,
    0xae, 0xb7, 0x46, 0xff, 0xae, 0xb7, 0x46, 0xff, 0xcc, 0xd7, 0x70, 0xff, 0xcc, 0xd7, 0x70, 0xff,
    0xcc, 0xd6, 0x6e, 0xff, 0xcc, 0xd6, 0x6e, 0xff, 0x25, 0x21, 0x0b, 0xff, 0x25, 0x21, 0x0b, 0xff,
    0xc5, 0xcf, 0x63, 0xff, 0xc5, 0xcf, 0x63, 0xff, 0xce, 0xd8, 0x70, 0xff, 0xce, 0xd8, 0x70, 0xff,
    0xce, 0xd8, 0x71, 0xff, 0xce, 0xd8, 0x71, 0xff, 0xcf, 0xd9, 0x72, 0xff, 0xcf, 0xd9, 0x72, 0xff,
    0xce, 0xd9, 0x71, 0xff, 0xce, 0xd9, 0x71, 0xff, 0xcd, 0xd8, 0x70, 0xff, 0xcd, 0xd8, 0x70, 0xff,
    0xce, 0xd9, 0x6d, 0xff, 0xce, 0xd9, 0x6d, 0xff, 0x26, 0x23, 0x0b, 0xff, 0x26, 0x23, 0x0b, 0xff,
    0xcb, 0xd6, 0x6f, 0xff, 0xcb, 0xd6, 0x6f, 0xff, 0xcc, 0xd6, 0x6e, 0xff, 0xcc, 0xd6, 0x6e, 0xff,
    0x8d, 0x93, 0x26, 0xff, 0x8d, 0x93, 0x26, 0xff, 0x43, 0x3f, 0x32, 0xff, 0x43, 0x3f, 0x32, 0xff,
    0x12, 0x0e, 0x08, 0xff, 0x12, 0x0e, 0x08, 0xff, 0x55, 0x52, 0x3f, 0xff, 0x55, 0x52, 0x3f, 0xff,
    0xcb, 0xd7, 0x6c, 0xff, 0xcb, 0xd7, 0x6c, 0xff, 0xe9, 0xf2, 0xa1, 0xff, 0xe9, 0xf2, 0xa1, 0xff,
    0x24, 0x20, 0x09, 0xff, 0x24, 0x20, 0x09, 0xff, 0x00, 0x00, 0x00, 0x00, 0x00, 0x00, 0x00, 0x00,
    0x00, 0x00, 0x00, 0x00, 0x00, 0x00, 0x00, 0x00, 0x00, 0x00, 0x00, 0x00, 0x00, 0x00, 0x00, 0x00,
    0x00, 0x00, 0x00, 0x00, 0x00, 0x00, 0x00, 0x00, 0x00, 0x00, 0x00, 0x00, 0x00, 0x00, 0x00, 0x00,
    0x2c, 0x29, 0x09, 0xff, 0x2c, 0x29, 0x09, 0xff, 0xd8, 0xe2, 0x80, 0xff, 0xd8, 0xe2, 0x80, 0xff,
    0xc7, 0xd1, 0x63, 0xff, 0xc7, 0xd1, 0x63, 0xff, 0x67, 0x63, 0x59, 0xff, 0x67, 0x63, 0x59, 0xff,
    0x11, 0x0d, 0x08, 0xff, 0x11, 0x0d, 0x08, 0xff, 0x46, 0x42, 0x34, 0xff, 0x46, 0x42, 0x34, 0xff,
    0xac, 0xb5, 0x44, 0xff, 0xac, 0xb5, 0x44, 0xff, 0xcd, 0xd7, 0x6f, 0xff, 0xcd, 0xd7, 0x6f, 0xff,
    0x27, 0x23, 0x0a, 0xff, 0x27, 0x23, 0x0a, 0xff, 0xfd, 0xfd, 0xfd, 0xff, 0xfd, 0xfd, 0xfd, 0xff,
    0x26, 0x22, 0x0b, 0xff, 0x26, 0x22, 0x0b, 0xff, 0xcd, 0xd8, 0x6f, 0xff, 0xcd, 0xd8, 0x6f, 0xff,
    0xce, 0xd8, 0x70, 0xff, 0xce, 0xd8, 0x70, 0xff, 0xce, 0xd8, 0x71, 0xff, 0xce, 0xd8, 0x71, 0xff,
    0xce, 0xd8, 0x71, 0xff, 0xce, 0xd8, 0x71, 0xff, 0xcd, 0xd8, 0x6f, 0xff, 0xcd, 0xd8, 0x6f, 0xff,
    0x26, 0x23, 0x0b, 0xff, 0x26, 0x23, 0x0b, 0xff, 0xfd, 0xfd, 0xfe, 0xff, 0xfd, 0xfd, 0xfe, 0xff,
    0x26, 0x23, 0x0a, 0xff, 0x26, 0x23, 0x0a, 0xff, 0xcc, 0xd7, 0x6e, 0xff, 0xcc, 0xd7, 0x6e, 0xff,
    0x8c, 0x92, 0x25, 0xff, 0x8c, 0x92, 0x25, 0xff, 0x44, 0x40, 0x33, 0xff, 0x44, 0x40, 0x33, 0xff,
    0x11, 0x0e, 0x08, 0xff, 0x11, 0x0e, 0x08, 0xff, 0x67, 0x64, 0x59, 0xff, 0x67, 0x64, 0x59, 0xff,
    0xca, 0xd5, 0x68, 0xff, 0xca, 0xd5, 0x68, 0xff, 0xcd, 0xd7, 0x6c, 0xff, 0xcd, 0xd7, 0x6c, 0xff,
    0x21, 0x1d, 0x08, 0xff, 0x21, 0x1d, 0x08, 0xff, 0x00, 0x00, 0x00, 0x00, 0x00, 0x00, 0x00, 0x00,
    0x00, 0x00, 0x00, 0x00, 0x00, 0x00, 0x00, 0x00, 0x00, 0x00, 0x00, 0x00, 0x00, 0x00, 0x00, 0x00,
    0x00, 0x00, 0x00, 0x00, 0x00, 0x00, 0x00, 0x00, 0x00, 0x00, 0x00, 0x00, 0x00, 0x00, 0x00, 0x00,
    0x2c, 0x29, 0x09, 0xff, 0x2c, 0x29, 0x09, 0xff, 0xd8, 0xe2, 0x80, 0xff, 0xd8, 0xe2, 0x80, 0xff,
    0xc7, 0xd1, 0x63, 0xff, 0xc7, 0xd1, 0x63, 0xff, 0x67, 0x63, 0x59, 0xff, 0x67, 0x63, 0x59, 0xff,
    0x11, 0x0d, 0x08, 0xff, 0x11, 0x0d, 0x08, 0xff, 0x46, 0x42, 0x34, 0xff, 0x46, 0x42, 0x34, 0xff,
    0xac, 0xb5, 0x44, 0xff, 0xac, 0xb5, 0x44, 0xff, 0xcd, 0xd7, 0x6f, 0xff, 0xcd, 0xd7, 0x6f, 0xff,
    0x27, 0x23, 0x0a, 0xff, 0x27, 0x23, 0x0a, 0xff, 0xfd, 0xfd, 0xfd, 0xff, 0xfd, 0xfd, 0xfd, 0xff,
    0x26, 0x22, 0x0b, 0xff, 0x26, 0x22, 0x0b, 0xff, 0xcd, 0xd8, 0x6f, 0xff, 0xcd, 0xd8, 0x6f, 0xff,
    0xce, 0xd8, 0x70, 0xff, 0xce, 0xd8, 0x70, 0xff, 0xce, 0xd8, 0x71, 0xff, 0xce, 0xd8, 0x71, 0xff,
    0xce, 0xd8, 0x71, 0xff, 0xce, 0xd8, 0x71, 0xff, 0xcd, 0xd8, 0x6f, 0xff, 0xcd, 0xd8, 0x6f, 0xff,
    0x26, 0x23, 0x0b, 0xff, 0x26, 0x23, 0x0b, 0xff, 0xfd, 0xfd, 0xfe, 0xff, 0xfd, 0xfd, 0xfe, 0xff,
    0x26, 0x23, 0x0a, 0xff, 0x26, 0x23, 0x0a, 0xff, 0xcc, 0xd7, 0x6e, 0xff, 0xcc, 0xd7, 0x6e, 0xff,
    0x8c, 0x92, 0x25, 0xff, 0x8c, 0x92, 0x25, 0xff, 0x44, 0x40, 0x33, 0xff, 0x44, 0x40, 0x33, 0xff,
    0x11, 0x0e, 0x08, 0xff, 0x11, 0x0e, 0x08, 0xff, 0x67, 0x64, 0x59, 0xff, 0x67, 0x64, 0x59, 0xff,
    0xca, 0xd5, 0x68, 0xff, 0xca, 0xd5, 0x68, 0xff, 0xcd, 0xd7, 0x6c, 0xff, 0xcd, 0xd7, 0x6c, 0xff,
    0x21, 0x1d, 0x08, 0xff, 0x21, 0x1d, 0x08, 0xff, 0x00, 0x00, 0x00, 0x00, 0x00, 0x00, 0x00, 0x00,
    0x00, 0x00, 0x00, 0x00, 0x00, 0x00, 0x00, 0x00, 0x00, 0x00, 0x00, 0x00, 0x00, 0x00, 0x00, 0x00,
    0x00, 0x00, 0x00, 0x00, 0x00, 0x00, 0x00, 0x00, 0x00, 0x00, 0x00, 0x00, 0x00, 0x00, 0x00, 0x00,
    0x2d, 0x29, 0x0a, 0xff, 0x2d, 0x29, 0x0a, 0xff, 0xcd, 0xd7, 0x6f, 0xff, 0xcd, 0xd7, 0x6f, 0xff,
    0xb1, 0xb9, 0x48, 0xff, 0xb1, 0xb9, 0x48, 0xff, 0x54, 0x4f, 0x42, 0xff, 0x54, 0x4f, 0x42, 0xff,
    0x10, 0x0d, 0x07, 0xff, 0x10, 0x0d, 0x07, 0xff, 0x47, 0x42, 0x34, 0xff, 0x47, 0x42, 0x34, 0xff,
    0xad, 0xb6, 0x46, 0xff, 0xad, 0xb6, 0x46, 0xff, 0xce, 0xd7, 0x70, 0xff, 0xce, 0xd7, 0x70, 0xff,
    0x26, 0x23, 0x0a, 0xff, 0x26, 0x23, 0x0a, 0xff, 0x15, 0x11, 0x08, 0xff, 0x15, 0x11, 0x08, 0xff,
    0x23, 0x20, 0x09, 0xff, 0x23, 0x20, 0x09, 0xff, 0xce, 0xd8, 0x70, 0xff, 0xce, 0xd8, 0x70, 0xff,
    0xce, 0xd8, 0x71, 0xff, 0xce, 0xd8, 0x71, 0xff, 0xce, 0xd8, 0x71, 0xff, 0xce, 0xd8, 0x71, 0xff,
    0xce, 0xd8, 0x71, 0xff, 0xce, 0xd8, 0x71, 0xff, 0xcd, 0xd7, 0x6f, 0xff, 0xcd, 0xd7, 0x6f, 0xff,
    0x25, 0x22, 0x0b, 0xff, 0x25, 0x22, 0x0b, 0xff, 0x14, 0x11, 0x08, 0xff, 0x14, 0x11, 0x08, 0xff,
    0x26, 0x23, 0x0a, 0xff, 0x26, 0x23, 0x0a, 0xff, 0xcc, 0xd6, 0x6e, 0xff, 0xcc, 0xd6, 0x6e, 0xff,
    0x8c, 0x91, 0x25, 0xff, 0x8c, 0x91, 0x25, 0xff, 0x43, 0x3f, 0x33, 0xff, 0x43, 0x3f, 0x33, 0xff,
    0x12, 0x0e, 0x09, 0xff, 0x12, 0x0e, 0x09, 0xff, 0x4e, 0x4a, 0x3c, 0xff, 0x4e, 0x4a, 0x3c, 0xff,
    0xa9, 0xb2, 0x3f, 0xff, 0xa9, 0xb2, 0x3f, 0xff, 0xcd, 0xd7, 0x6e, 0xff, 0xcd, 0xd7, 0x6e, 0xff,
    0x20, 0x1c, 0x08, 0xff, 0x20, 0x1c, 0x08, 0xff, 0x00, 0x00, 0x00, 0x00, 0x00, 0x00, 0x00, 0x00,
    0x00, 0x00, 0x00, 0x00, 0x00, 0x00, 0x00, 0x00, 0x00, 0x00, 0x00, 0x00, 0x00, 0x00, 0x00, 0x00,
    0x00, 0x00, 0x00, 0x00, 0x00, 0x00, 0x00, 0x00, 0x00, 0x00, 0x00, 0x00, 0x00, 0x00, 0x00, 0x00,
    0x2d, 0x29, 0x0a, 0xff, 0x2d, 0x29, 0x0a, 0xff, 0xcd, 0xd7, 0x6f, 0xff, 0xcd, 0xd7, 0x6f, 0xff,
    0xb1, 0xb9, 0x48, 0xff, 0xb1, 0xb9, 0x48, 0xff, 0x54, 0x4f, 0x42, 0xff, 0x54, 0x4f, 0x42, 0xff,
    0x10, 0x0d, 0x07, 0xff, 0x10, 0x0d, 0x07, 0xff, 0x47, 0x42, 0x34, 0xff, 0x47, 0x42, 0x34, 0xff,
    0xad, 0xb6, 0x46, 0xff, 0xad, 0xb6, 0x46, 0xff, 0xce, 0xd7, 0x70, 0xff, 0xce, 0xd7, 0x70, 0xff,
    0x26, 0x23, 0x0a, 0xff, 0x26, 0x23, 0x0a, 0xff, 0x15, 0x11, 0x08, 0xff, 0x15, 0x11, 0x08, 0xff,
    0x23, 0x20, 0x09, 0xff, 0x23, 0x20, 0x09, 0xff, 0xce, 0xd8, 0x70, 0xff, 0xce, 0xd8, 0x70, 0xff,
    0xce, 0xd8, 0x71, 0xff, 0xce, 0xd8, 0x71, 0xff, 0xce, 0xd8, 0x71, 0xff, 0xce, 0xd8, 0x71, 0xff,
    0xce, 0xd8, 0x71, 0xff, 0xce, 0xd8, 0x71, 0xff, 0xcd, 0xd7, 0x6f, 0xff, 0xcd, 0xd7, 0x6f, 0xff,
    0x25, 0x22, 0x0b, 0xff, 0x25, 0x22, 0x0b, 0xff, 0x14, 0x11, 0x08, 0xff, 0x14, 0x11, 0x08, 0xff,
    0x26, 0x23, 0x0a, 0xff, 0x26, 0x23, 0x0a, 0xff, 0xcc, 0xd6, 0x6e, 0xff, 0xcc, 0xd6, 0x6e, 0xff,
    0x8c, 0x91, 0x25, 0xff, 0x8c, 0x91, 0x25, 0xff, 0x43, 0x3f, 0x33, 0xff, 0x43, 0x3f, 0x33, 0xff,
    0x12, 0x0e, 0x09, 0xff, 0x12, 0x0e, 0x09, 0xff, 0x4e, 0x4a, 0x3c, 0xff, 0x4e, 0x4a, 0x3c, 0xff,
    0xa9, 0xb2, 0x3f, 0xff, 0xa9, 0xb2, 0x3f, 0xff, 0xcd, 0xd7, 0x6e, 0xff, 0xcd, 0xd7, 0x6e, 0xff,
    0x20, 0x1c, 0x08, 0xff, 0x20, 0x1c, 0x08, 0xff, 0x00, 0x00, 0x00, 0x00, 0x00, 0x00, 0x00, 0x00,
    0x00, 0x00, 0x00, 0x00, 0x00, 0x00, 0x00, 0x00, 0x00, 0x00, 0x00, 0x00, 0x00, 0x00, 0x00, 0x00,
    0x00, 0x00, 0x00, 0x00, 0x00, 0x00, 0x00, 0x00, 0x00, 0x00, 0x00, 0x00, 0x00, 0x00, 0x00, 0x00,
    0x2d, 0x29, 0x0b, 0xff, 0x2d, 0x29, 0x0b, 0xff, 0xce, 0xd7, 0x6e, 0xff, 0xce, 0xd7, 0x6e, 0xff,
    0xb0, 0xb8, 0x47, 0xff, 0xb0, 0xb8, 0x47, 0xff, 0x43, 0x3f, 0x2f, 0xff, 0x43, 0x3f, 0x2f, 0xff,
    0x12, 0x0e, 0x08, 0xff, 0x12, 0x0e, 0x08, 0xff, 0x47, 0x42, 0x34, 0xff, 0x47, 0x42, 0x34, 0xff,
    0xad, 0xb6, 0x45, 0xff, 0xad, 0xb6, 0x45, 0xff, 0xcc, 0xd6, 0x6f, 0xff, 0xcc, 0xd6, 0x6f, 0xff,
    0x25, 0x22, 0x0a, 0xff, 0x25, 0x22, 0x0a, 0xff, 0x13, 0x0f, 0x07, 0xff, 0x13, 0x0f, 0x07, 0xff,
    0x24, 0x21, 0x0a, 0xff, 0x24, 0x21, 0x0a, 0xff, 0xce, 0xd8, 0x71, 0xff, 0xce, 0xd8, 0x71, 0xff,
    0xce, 0xd7, 0x71, 0xff, 0xce, 0xd7, 0x71, 0xff, 0xce, 0xd8, 0x71, 0xff, 0xce, 0xd8, 0x71, 0xff,
    0xce, 0xd8, 0x71, 0xff, 0xce, 0xd8, 0x71, 0xff, 0xcd, 0xd7, 0x70, 0xff, 0xcd, 0xd7, 0x70, 0xff,
    0x25, 0x22, 0x0c, 0xff, 0x25, 0x22, 0x0c, 0xff, 0x12, 0x0e, 0x07, 0xff, 0x12, 0x0e, 0x07, 0xff,
    0x26, 0x23, 0x0a, 0xff, 0x26, 0x23, 0x0a, 0xff, 0xcc, 0xd7, 0x6f, 0xff, 0xcc, 0xd7, 0x6f, 0xff,
    0x8b, 0x90, 0x23, 0xff, 0x8b, 0x90, 0x23, 0xff, 0x43, 0x3f, 0x32, 0xff, 0x43, 0x3f, 0x32, 0xff,
    0x11, 0x0d, 0x08, 0xff, 0x11, 0x0d, 0x08, 0xff, 0x43, 0x3e, 0x2d, 0xff, 0x43, 0x3e, 0x2d, 0xff,
    0xa7, 0xb0, 0x3e, 0xff, 0xa7, 0xb0, 0x3e, 0xff, 0xcf, 0xd9, 0x70, 0xff, 0xcf, 0xd9, 0x70, 0xff,
    0x1f, 0x1b, 0x07, 0xff, 0x1f, 0x1b, 0x07, 0xff, 0x00, 0x00, 0x00, 0x00, 0x00, 0x00, 0x00, 0x00,
    0x00, 0x00, 0x00, 0x00, 0x00, 0x00, 0x00, 0x00, 0x00, 0x00, 0x00, 0x00, 0x00, 0x00, 0x00, 0x00,
    0x00, 0x00, 0x00, 0x00, 0x00, 0x00, 0x00, 0x00, 0x00, 0x00, 0x00, 0x00, 0x00, 0x00, 0x00, 0x00,
    0x2d, 0x29, 0x0b, 0xff, 0x2d, 0x29, 0x0b, 0xff, 0xce, 0xd7, 0x6e, 0xff, 0xce, 0xd7, 0x6e, 0xff,
    0xb0, 0xb8, 0x47, 0xff, 0xb0, 0xb8, 0x47, 0xff, 0x43, 0x3f, 0x2f, 0xff, 0x43, 0x3f, 0x2f, 0xff,
    0x12, 0x0e, 0x08, 0xff, 0x12, 0x0e, 0x08, 0xff, 0x47, 0x42, 0x34, 0xff, 0x47, 0x42, 0x34, 0xff,
    0xad, 0xb6, 0x45, 0xff, 0xad, 0xb6, 0x45, 0xff, 0xcc, 0xd6, 0x6f, 0xff, 0xcc, 0xd6, 0x6f, 0xff,
    0x25, 0x22, 0x0a, 0xff, 0x25, 0x22, 0x0a, 0xff, 0x13, 0x0f, 0x07, 0xff, 0x13, 0x0f, 0x07, 0xff,
    0x24, 0x21, 0x0a, 0xff, 0x24, 0x21, 0x0a, 0xff, 0xce, 0xd8, 0x71, 0xff, 0xce, 0xd8, 0x71, 0xff,
    0xce, 0xd7, 0x71, 0xff, 0xce, 0xd7, 0x71, 0xff, 0xce, 0xd8, 0x71, 0xff, 0xce, 0xd8, 0x71, 0xff,
    0xce, 0xd8, 0x71, 0xff, 0xce, 0xd8, 0x71, 0xff, 0xcd, 0xd7, 0x70, 0xff, 0xcd, 0xd7, 0x70, 0xff,
    0x25, 0x22, 0x0c, 0xff, 0x25, 0x22, 0x0c, 0xff, 0x12, 0x0e, 0x07, 0xff, 0x12, 0x0e, 0x07, 0xff,
    0x26, 0x23, 0x0a, 0xff, 0x26, 0x23, 0x0a, 0xff, 0xcc, 0xd7, 0x6f, 0xff, 0xcc, 0xd7, 0x6f, 0xff,
    0x8b, 0x90, 0x23, 0xff, 0x8b, 0x90, 0x23, 0xff, 0x43, 0x3f, 0x32, 0xff, 0x43, 0x3f, 0x32, 0xff,
    0x11, 0x0d, 0x08, 0xff, 0x11, 0x0d, 0x08, 0xff, 0x43, 0x3e, 0x2d, 0xff, 0x43, 0x3e, 0x2d, 0xff,
    0xa7, 0xb0, 0x3e, 0xff, 0xa7, 0xb0, 0x3e, 0xff, 0xcf, 0xd9, 0x70, 0xff, 0xcf, 0xd9, 0x70, 0xff,
    0x1f, 0x1b, 0x07, 0xff, 0x1f, 0x1b, 0x07, 0xff, 0x00, 0x00, 0x00, 0x00, 0x00, 0x00, 0x00, 0x00,
    0x00, 0x00, 0x00, 0x00, 0x00, 0x00, 0x00, 0x00, 0x00, 0x00, 0x00, 0x00, 0x00, 0x00, 0x00, 0x00,
    0x00, 0x00, 0x00, 0x00, 0x00, 0x00, 0x00, 0x00, 0x00, 0x00, 0x00, 0x00, 0x00, 0x00, 0x00, 0x00,
    0x2d, 0x29, 0x0a, 0xff, 0x2d, 0x29, 0x0a, 0xff, 0xcc, 0xd6, 0x6b, 0xff, 0xcc, 0xd6, 0x6b, 0xff,
    0x9e, 0xa5, 0x32, 0xff, 0x9e, 0xa5, 0x32, 0xff, 0x38, 0x34, 0x22, 0xff, 0x38, 0x34, 0x22, 0xff,
    0x11, 0x0e, 0x08, 0xff, 0x11, 0x0e, 0x08, 0xff, 0x48, 0x43, 0x36, 0xff, 0x48, 0x43, 0x36, 0xff,
    0xab, 0xb4, 0x42, 0xff, 0xab, 0xb4, 0x42, 0xff, 0xcc, 0xd7, 0x71, 0xff, 0xcc, 0xd7, 0x71, 0xff,
    0xcb, 0xd6, 0x6e, 0xff, 0xcb, 0xd6, 0x6e, 0xff, 0x25, 0x21, 0x0c, 0xff, 0x25, 0x21, 0x0c, 0xff,
    0xcb, 0xd6, 0x70, 0xff, 0xcb, 0xd6, 0x70, 0xff, 0xcf, 0xd8, 0x6f, 0xff, 0xcf, 0xd8, 0x6f, 0xff,
    0x45, 0x45, 0x10, 0xff, 0x45, 0x45, 0x10, 0xff, 0xcd, 0xd7, 0x71, 0xff, 0xcd, 0xd7, 0x71, 0xff,
    0x3f, 0x3d, 0x0e, 0xff, 0x3f, 0x3d, 0x0e, 0xff, 0xcc, 0xd6, 0x70, 0xff, 0xcc, 0xd6, 0x70, 0xff,
    0xc0, 0xcb, 0x65, 0xff, 0xc0, 0xcb, 0x65, 0xff, 0x25, 0x22, 0x0b, 0xff, 0x25, 0x22, 0x0b, 0xff,
    0xca, 0xd5, 0x6f, 0xff, 0xca, 0xd5, 0x6f, 0xff, 0xcc, 0xd6, 0x6f, 0xff, 0xcc, 0xd6, 0x6f, 0xff,
    0x8c, 0x91, 0x24, 0xff, 0x8c, 0x91, 0x24, 0xff, 0x44, 0x3f, 0x33, 0xff, 0x44, 0x3f, 0x33, 0xff,
    0x12, 0x0e, 0x09, 0xff, 0x12, 0x0e, 0x09, 0xff, 0x38, 0x34, 0x1f, 0xff, 0x38, 0x34, 0x1f, 0xff,
    0x98, 0xa1, 0x31, 0xff, 0x98, 0xa1, 0x31, 0xff, 0xba, 0xc4, 0x56, 0xff, 0xba, 0xc4, 0x56, 0xff,
    0x1f, 0x1a, 0x08, 0xff, 0x1f, 0x1a, 0x08, 0xff, 0x00, 0x00, 0x00, 0x00, 0x00, 0x00, 0x00, 0x00,
    0x00, 0x00, 0x00, 0x00, 0x00, 0x00, 0x00, 0x00, 0x00, 0x00, 0x00, 0x00, 0x00, 0x00, 0x00, 0x00,
    0x00, 0x00, 0x00, 0x00, 0x00, 0x00, 0x00, 0x00, 0x00, 0x00, 0x00, 0x00, 0x00, 0x00, 0x00, 0x00,
    0x2d, 0x29, 0x0a, 0xff, 0x2d, 0x29, 0x0a, 0xff, 0xcc, 0xd6, 0x6b, 0xff, 0xcc, 0xd6, 0x6b, 0xff,
    0x9e, 0xa5, 0x32, 0xff, 0x9e, 0xa5, 0x32, 0xff, 0x38, 0x34, 0x22, 0xff, 0x38, 0x34, 0x22, 0xff,
    0x11, 0x0e, 0x08, 0xff, 0x11, 0x0e, 0x08, 0xff, 0x48, 0x43, 0x36, 0xff, 0x48, 0x43, 0x36, 0xff,
    0xab, 0xb4, 0x42, 0xff, 0xab, 0xb4, 0x42, 0xff, 0xcc, 0xd7, 0x71, 0xff, 0xcc, 0xd7, 0x71, 0xff,
    0xcb, 0xd6, 0x6e, 0xff, 0xcb, 0xd6, 0x6e, 0xff, 0x25, 0x21, 0x0c, 0xff, 0x25, 0x21, 0x0c, 0xff,
    0xcb, 0xd6, 0x70, 0xff, 0xcb, 0xd6, 0x70, 0xff, 0xcf, 0xd8, 0x6f, 0xff, 0xcf, 0xd8, 0x6f, 0xff,
    0x45, 0x45, 0x10, 0xff, 0x45, 0x45, 0x10, 0xff, 0xcd, 0xd7, 0x71, 0xff, 0xcd, 0xd7, 0x71, 0xff,
    0x3f, 0x3d, 0x0e, 0xff, 0x3f, 0x3d, 0x0e, 0xff, 0xcc, 0xd6, 0x70, 0xff, 0xcc, 0xd6, 0x70, 0xff,
    0xc0, 0xcb, 0x65, 0xff, 0xc0, 0xcb, 0x65, 0xff, 0x25, 0x22, 0x0b, 0xff, 0x25, 0x22, 0x0b, 0xff,
    0xca, 0xd5, 0x6f, 0xff, 0xca, 0xd5, 0x6f, 0xff, 0xcc, 0xd6, 0x6f, 0xff, 0xcc, 0xd6, 0x6f, 0xff,
    0x8c, 0x91, 0x24, 0xff, 0x8c, 0x91, 0x24, 0xff, 0x44, 0x3f, 0x33, 0xff, 0x44, 0x3f, 0x33, 0xff,
    0x12, 0x0e, 0x09, 0xff, 0x12, 0x0e, 0x09, 0xff, 0x38, 0x34, 0x1f, 0xff, 0x38, 0x34, 0x1f, 0xff,
    0x98, 0xa1, 0x31, 0xff, 0x98, 0xa1, 0x31, 0xff, 0xba, 0xc4, 0x56, 0xff, 0xba, 0xc4, 0x56, 0xff,
    0x1f, 0x1a, 0x08, 0xff, 0x1f, 0x1a, 0x08, 0xff, 0x00, 0x00, 0x00, 0x00, 0x00, 0x00, 0x00, 0x00,
    0x00, 0x00, 0x00, 0x00, 0x00, 0x00, 0x00, 0x00, 0x00, 0x00, 0x00, 0x00, 0x00, 0x00, 0x00, 0x00,
    0x00, 0x00, 0x00, 0x00, 0x00, 0x00, 0x00, 0x00, 0x00, 0x00, 0x00, 0x00, 0x00, 0x00, 0x00, 0x00,
    0x29, 0x25, 0x0a, 0xff, 0x29, 0x25, 0x0a, 0xff, 0x7f, 0x84, 0x1e, 0xff, 0x7f, 0x84, 0x1e, 0xff,
    0x6a, 0x6d, 0x16, 0xff, 0x6a, 0x6d, 0x16, 0xff, 0x36, 0x32, 0x1f, 0xff, 0x36, 0x32, 0x1f, 0xff,
    0x11, 0x0d, 0x08, 0xff, 0x11, 0x0d, 0x08, 0xff, 0x49, 0x43, 0x36, 0xff, 0x49, 0x43, 0x36, 0xff,
    0xaa, 0xb3, 0x42, 0xff, 0xaa, 0xb3, 0x42, 0xff, 0xcd, 0xd7, 0x71, 0xff, 0xcd, 0xd7, 0x71, 0xff,
    0xca, 0xd3, 0x76, 0xff, 0xca, 0xd3, 0x76, 0xff, 0xcb, 0xd7, 0x71, 0xff, 0xcb, 0xd7, 0x71, 0xff,
    0xcc, 0xd7, 0x71, 0xff, 0xcc, 0xd7, 0x71, 0xff, 0xce, 0xd8, 0x72, 0xff, 0xce, 0xd8, 0x72, 0xff,
    0xcf, 0xd9, 0x6e, 0xff, 0xcf, 0xd9, 0x6e, 0xff, 0x39, 0x37, 0x0d, 0xff, 0x39, 0x37, 0x0d, 0xff,
    0xcc, 0xd6, 0x6f, 0xff, 0xcc, 0xd6, 0x6f, 0xff, 0xce, 0xd9, 0x72, 0xff, 0xce, 0xd9, 0x72, 0xff,
    0xcc, 0xd7, 0x71, 0xff, 0xcc, 0xd7, 0x71, 0xff, 0xcb, 0xd7, 0x73, 0xff, 0xcb, 0xd7, 0x73, 0xff,
    0xcc, 0xd6, 0x71, 0xff, 0xcc, 0xd6, 0x71, 0xff, 0xcc, 0xd6, 0x70, 0xff, 0xcc, 0xd6, 0x70, 0xff,
    0x8e, 0x93, 0x25, 0xff, 0x8e, 0x93, 0x25, 0xff, 0x42, 0x3e, 0x32, 0xff, 0x42, 0x3e, 0x32, 0xff,
    0x12, 0x0e, 0x09, 0xff, 0x12, 0x0e, 0x09, 0xff, 0x39, 0x35, 0x20, 0xff, 0x39, 0x35, 0x20, 0xff,
    0x6f, 0x73, 0x17, 0xff, 0x6f, 0x73, 0x17, 0xff, 0x78, 0x7c, 0x1b, 0xff, 0x78, 0x7c, 0x1b, 0xff,
    0x16, 0x12, 0x09, 0xff, 0x16, 0x12, 0x09, 0xff, 0x00, 0x00, 0x00, 0x00, 0x00, 0x00, 0x00, 0x00,
    0x00, 0x00, 0x00, 0x00, 0x00, 0x00, 0x00, 0x00, 0x00, 0x00, 0x00, 0x00, 0x00, 0x00, 0x00, 0x00,
    0x00, 0x00, 0x00, 0x00, 0x00, 0x00, 0x00, 0x00, 0x00, 0x00, 0x00, 0x00, 0x00, 0x00, 0x00, 0x00,
    0x29, 0x25, 0x0a, 0xff, 0x29, 0x25, 0x0a, 0xff, 0x7f, 0x84, 0x1e, 0xff, 0x7f, 0x84, 0x1e, 0xff,
    0x6a, 0x6d, 0x16, 0xff, 0x6a, 0x6d, 0x16, 0xff, 0x36, 0x32, 0x1f, 0xff, 0x36, 0x32, 0x1f, 0xff,
    0x11, 0x0d, 0x08, 0xff, 0x11, 0x0d, 0x08, 0xff, 0x49, 0x43, 0x36, 0xff, 0x49, 0x43, 0x36, 0xff,
    0xaa, 0xb3, 0x42, 0xff, 0xaa, 0xb3, 0x42, 0xff, 0xcd, 0xd7, 0x71, 0xff, 0xcd, 0xd7, 0x71, 0xff,
    0xca, 0xd3, 0x76, 0xff, 0xca, 0xd3, 0x76, 0xff, 0xcb, 0xd7, 0x71, 0xff, 0xcb, 0xd7, 0x71, 0xff,
    0xcc, 0xd7, 0x71, 0xff, 0xcc, 0xd7, 0x71, 0xff, 0xce, 0xd8, 0x72, 0xff, 0xce, 0xd8, 0x72, 0xff,
    0xcf, 0xd9, 0x6e, 0xff, 0xcf, 0xd9, 0x6e, 0xff, 0x39, 0x37, 0x0d, 0xff, 0x39, 0x37, 0x0d, 0xff,
    0xcc, 0xd6, 0x6f, 0xff, 0xcc, 0xd6, 0x6f, 0xff, 0xce, 0xd9, 0x72, 0xff, 0xce, 0xd9, 0x72, 0xff,
    0xcc, 0xd7, 0x71, 0xff, 0xcc, 0xd7, 0x71, 0xff, 0xcb, 0xd7, 0x73, 0xff, 0xcb, 0xd7, 0x73, 0xff,
    0xcc, 0xd6, 0x71, 0xff, 0xcc, 0xd6, 0x71, 0xff, 0xcc, 0xd6, 0x70, 0xff, 0xcc, 0xd6, 0x70, 0xff,
    0x8e, 0x93, 0x25, 0xff, 0x8e, 0x93, 0x25, 0xff, 0x42, 0x3e, 0x32, 0xff, 0x42, 0x3e, 0x32, 0xff,
    0x12, 0x0e, 0x09, 0xff, 0x12, 0x0e, 0x09, 0xff, 0x39, 0x35, 0x20, 0xff, 0x39, 0x35, 0x20, 0xff,
    0x6f, 0x73, 0x17, 0xff, 0x6f, 0x73, 0x17, 0xff, 0x78, 0x7c, 0x1b, 0xff, 0x78, 0x7c, 0x1b, 0xff,
    0x16, 0x12, 0x09, 0xff, 0x16, 0x12, 0x09, 0xff, 0x00, 0x00, 0x00, 0x00, 0x00, 0x00, 0x00, 0x00,
    0x00, 0x00, 0x00, 0x00, 0x00, 0x00, 0x00, 0x00, 0x00, 0x00, 0x00, 0x00, 0x00, 0x00, 0x00, 0x00,
    0x00, 0x00, 0x00, 0x00, 0x00, 0x00, 0x00, 0x00, 0x00, 0x00, 0x00, 0x00, 0x00, 0x00, 0x00, 0x00,
    0x00, 0x00, 0x00, 0x00, 0x00, 0x00, 0x00, 0x00, 0x2e, 0x2b, 0x0a, 0xff, 0x2e, 0x2b, 0x0a, 0xff,
    0x62, 0x63, 0x16, 0xff, 0x62, 0x63, 0x16, 0xff, 0x25, 0x22, 0x0f, 0xff, 0x25, 0x22, 0x0f, 0xff,
    0x11, 0x0e, 0x08, 0xff, 0x11, 0x0e, 0x08, 0xff, 0x46, 0x42, 0x34, 0xff, 0x46, 0x42, 0x34, 0xff,
    0xac, 0xb5, 0x44, 0xff, 0xac, 0xb5, 0x44, 0xff, 0xcc, 0xd7, 0x72, 0xff, 0xcc, 0xd7, 0x72, 0xff,
    0x94, 0x8b, 0xf1, 0xff, 0x94, 0x8b, 0xf1, 0xff, 0xcd, 0xd8, 0x74, 0xff, 0xcd, 0xd8, 0x74, 0xff,
    0xce, 0xd8, 0x73, 0xff, 0xce, 0xd8, 0x73, 0xff, 0xce, 0xd9, 0x73, 0xff, 0xce, 0xd9, 0x73, 0xff,
    0xcd, 0xd8, 0x71, 0xff, 0xcd, 0xd8, 0x71, 0xff, 0xcd, 0xd7, 0x70, 0xff, 0xcd, 0xd7, 0x70, 0xff,
    0xcd, 0xd7, 0x71, 0xff, 0xcd, 0xd7, 0x71, 0xff, 0xce, 0xd8, 0x72, 0xff, 0xce, 0xd8, 0x72, 0xff,
    0xce, 0xd8, 0x73, 0xff, 0xce, 0xd8, 0x73, 0xff, 0xcf, 0xd8, 0x71, 0xff, 0xcf, 0xd8, 0x71, 0xff,
    0x95, 0x89, 0xf3, 0xff, 0x95, 0x89, 0xf3, 0xff, 0xcc, 0xd6, 0x74, 0xff, 0xcc, 0xd6, 0x74, 0xff,
    0x90, 0x95, 0x27, 0xff, 0x90, 0x95, 0x27, 0xff, 0x42, 0x3d, 0x31, 0xff, 0x42, 0x3d, 0x31, 0xff,
    0x12, 0x0e, 0x09, 0xff, 0x12, 0x0e, 0x09, 0xff, 0x26, 0x23, 0x10, 0xff, 0x26, 0x23, 0x10, 0xff,
    0x66, 0x68, 0x16, 0xff, 0x66, 0x68, 0x16, 0xff, 0x18, 0x14, 0x09, 0xff, 0x18, 0x14, 0x09, 0xff,
    0x00, 0x00, 0x00, 0x00, 0x00, 0x00, 0x00, 0x00, 0x00, 0x00, 0x00, 0x00, 0x00, 0x00, 0x00, 0x00,
    0x00, 0x00, 0x00, 0x00, 0x00, 0x00, 0x00, 0x00, 0x00, 0x00, 0x00, 0x00, 0x00, 0x00, 0x00, 0x00,
    0x00, 0x00, 0x00, 0x00, 0x00, 0x00, 0x00, 0x00, 0x00, 0x00, 0x00, 0x00, 0x00, 0x00, 0x00, 0x00,
    0x00, 0x00, 0x00, 0x00, 0x00, 0x00, 0x00, 0x00, 0x2e, 0x2b, 0x0a, 0xff, 0x2e, 0x2b, 0x0a, 0xff,
    0x62, 0x63, 0x16, 0xff, 0x62, 0x63, 0x16, 0xff, 0x25, 0x22, 0x0f, 0xff, 0x25, 0x22, 0x0f, 0xff,
    0x11, 0x0e, 0x08, 0xff, 0x11, 0x0e, 0x08, 0xff, 0x46, 0x42, 0x34, 0xff, 0x46, 0x42, 0x34, 0xff,
    0xac, 0xb5, 0x44, 0xff, 0xac, 0xb5, 0x44, 0xff, 0xcc, 0xd7, 0x72, 0xff, 0xcc, 0xd7, 0x72, 0xff,
    0x94, 0x8b, 0xf1, 0xff, 0x94, 0x8b, 0xf1, 0xff, 0xcd, 0xd8, 0x74, 0xff, 0xcd, 0xd8, 0x74, 0xff,
    0xce, 0xd8, 0x73, 0xff, 0xce, 0xd8, 0x73, 0xff, 0xce, 0xd9, 0x73, 0xff, 0xce, 0xd9, 0x73, 0xff,
    0xcd, 0xd8, 0x71, 0xff, 0xcd, 0xd8, 0x71, 0xff, 0xcd, 0xd7, 0x70, 0xff, 0xcd, 0xd7, 0x70, 0xff,
    0xcd, 0xd7, 0x71, 0xff, 0xcd, 0xd7, 0x71, 0xff, 0xce, 0xd8, 0x72, 0xff, 0xce, 0xd8, 0x72, 0xff,
    0xce, 0xd8, 0x73, 0xff, 0xce, 0xd8, 0x73, 0xff, 0xcf, 0xd8, 0x71, 0xff, 0xcf, 0xd8, 0x71, 0xff,
    0x95, 0x89, 0xf3, 0xff, 0x95, 0x89, 0xf3, 0xff, 0xcc, 0xd6, 0x74, 0xff, 0xcc, 0xd6, 0x74, 0xff,
    0x90, 0x95, 0x27, 0xff, 0x90, 0x95, 0x27, 0xff, 0x42, 0x3d, 0x31, 0xff, 0x42, 0x3d, 0x31, 0xff,
    0x12, 0x0e, 0x09, 0xff, 0x12, 0x0e, 0x09, 0xff, 0x26, 0x23, 0x10, 0xff, 0x26, 0x23, 0x10, 0xff,
    0x66, 0x68, 0x16, 0xff, 0x66, 0x68, 0x16, 0xff, 0x18, 0x14, 0x09, 0xff, 0x18, 0x14, 0x09, 0xff,
    0x00, 0x00, 0x00, 0x00, 0x00, 0x00, 0x00, 0x00, 0x00, 0x00, 0x00, 0x00, 0x00, 0x00, 0x00, 0x00,
    0x00, 0x00, 0x00, 0x00, 0x00, 0x00, 0x00, 0x00, 0x00, 0x00, 0x00, 0x00, 0x00, 0x00, 0x00, 0x00,
    0x00, 0x00, 0x00, 0x00, 0x00, 0x00, 0x00, 0x00, 0x00, 0x00, 0x00, 0x00, 0x00, 0x00, 0x00, 0x00,
    0x00, 0x00, 0x00, 0x00, 0x00, 0x00, 0x00, 0x00, 0x1d, 0x19, 0x0b, 0xff, 0x1d, 0x19, 0x0b, 0xff,
    0x15, 0x10, 0x09, 0xff, 0x15, 0x10, 0x09, 0xff, 0x14, 0x10, 0x09, 0xff, 0x14, 0x10, 0x09, 0xff,
    0x11, 0x0e, 0x08, 0xff, 0x11, 0x0e, 0x08, 0xff, 0x46, 0x41, 0x34, 0xff, 0x46, 0x41, 0x34, 0xff,
    0xaa, 0xb3, 0x42, 0xff, 0xaa, 0xb3, 0x42, 0xff, 0xcb, 0xd6, 0x6f, 0xff, 0xcb, 0xd6, 0x6f, 0xff,
    0xcc, 0xd7, 0x70, 0xff, 0xcc, 0xd7, 0x70, 0xff, 0xcd, 0xd8, 0x70, 0xff, 0xcd, 0xd8, 0x70, 0xff,
    0xcd, 0xd8, 0x71, 0xff, 0xcd, 0xd8, 0x71, 0xff, 0xce, 0xd8, 0x72, 0xff, 0xce, 0xd8, 0x72, 0xff,
    0xce, 0xd8, 0x71, 0xff, 0xce, 0xd8, 0x71, 0xff, 0xcd, 0xd8, 0x71, 0xff, 0xcd, 0xd8, 0x71, 0xff,
    0xcd, 0xd8, 0x71, 0xff, 0xcd, 0xd8, 0x71, 0xff, 0xcd, 0xd7, 0x70, 0xff, 0xcd, 0xd7, 0x70, 0xff,
    0xcd, 0xd8, 0x71, 0xff, 0xcd, 0xd8, 0x71, 0xff, 0xcd, 0xd8, 0x71, 0xff, 0xcd, 0xd8, 0x71, 0xff,
    0xcd, 0xd7, 0x6f, 0xff, 0xcd, 0xd7, 0x6f, 0xff, 0xcc, 0xd6, 0x6f, 0xff, 0xcc, 0xd6, 0x6f, 0xff,
    0x8f, 0x96, 0x28, 0xff, 0x8f, 0x96, 0x28, 0xff, 0x41, 0x3c, 0x30, 0xff, 0x41, 0x3c, 0x30, 0xff,
    0x12, 0x0f, 0x09, 0xff, 0x12, 0x0f, 0x09, 0xff, 0x12, 0x0e, 0x09, 0xff, 0x12, 0x0e, 0x09, 0xff,
    0x14, 0x0f, 0x09, 0xff, 0x14, 0x0f, 0x09, 0xff, 0x18, 0x12, 0x0a, 0xff, 0x18, 0x12, 0x0a, 0xff,
    0x00, 0x00, 0x00, 0x00, 0x00, 0x00, 0x00, 0x00, 0x00, 0x00, 0x00, 0x00, 0x00, 0x00, 0x00, 0x00,
    0x00, 0x00, 0x00, 0x00, 0x00, 0x00, 0x00, 0x00, 0x00, 0x00, 0x00, 0x00, 0x00, 0x00, 0x00, 0x00,
    0x00, 0x00, 0x00, 0x00, 0x00, 0x00, 0x00, 0x00, 0x00, 0x00, 0x00, 0x00, 0x00, 0x00, 0x00, 0x00,
    0x00, 0x00, 0x00, 0x00, 0x00, 0x00, 0x00, 0x00, 0x1d, 0x19, 0x0b, 0xff, 0x1d, 0x19, 0x0b, 0xff,
    0x15, 0x10, 0x09, 0xff, 0x15, 0x10, 0x09, 0xff, 0x14, 0x10, 0x09, 0xff, 0x14, 0x10, 0x09, 0xff,
    0x11, 0x0e, 0x08, 0xff, 0x11, 0x0e, 0x08, 0xff, 0x46, 0x41, 0x34, 0xff, 0x46, 0x41, 0x34, 0xff,
    0xaa, 0xb3, 0x42, 0xff, 0xaa, 0xb3, 0x42, 0xff, 0xcb, 0xd6, 0x6f, 0xff, 0xcb, 0xd6, 0x6f, 0xff,
    0xcc, 0xd7, 0x70, 0xff, 0xcc, 0xd7, 0x70, 0xff, 0xcd, 0xd8, 0x70, 0xff, 0xcd, 0xd8, 0x70, 0xff,
    0xcd, 0xd8, 0x71, 0xff, 0xcd, 0xd8, 0x71, 0xff, 0xce, 0xd8, 0x72, 0xff, 0xce, 0xd8, 0x72, 0xff,
    0xce, 0xd8, 0x71, 0xff, 0xce, 0xd8, 0x71, 0xff, 0xcd, 0xd8, 0x71, 0xff, 0xcd, 0xd8, 0x71, 0xff,
    0xcd, 0xd8, 0x71, 0xff, 0xcd, 0xd8, 0x71, 0xff, 0xcd, 0xd7, 0x70, 0xff, 0xcd, 0xd7, 0x70, 0xff,
    0xcd, 0xd8, 0x71, 0xff, 0xcd, 0xd8, 0x71, 0xff, 0xcd, 0xd8, 0x71, 0xff, 0xcd, 0xd8, 0x71, 0xff,
    0xcd, 0xd7, 0x6f, 0xff, 0xcd, 0xd7, 0x6f, 0xff, 0xcc, 0xd6, 0x6f, 0xff, 0xcc, 0xd6, 0x6f, 0xff,
    0x8f, 0x96, 0x28, 0xff, 0x8f, 0x96, 0x28, 0xff, 0x41, 0x3c, 0x30, 0xff, 0x41, 0x3c, 0x30, 0xff,
    0x12, 0x0f, 0x09, 0xff, 0x12, 0x0f, 0x09, 0xff, 0x12, 0x0e, 0x09, 0xff, 0x12, 0x0e, 0x09, 0xff,
    0x14, 0x0f, 0x09, 0xff, 0x14, 0x0f, 0x09, 0xff, 0x18, 0x12, 0x0a, 0xff, 0x18, 0x12, 0x0a, 0xff,
    0x00, 0x00, 0x00, 0x00, 0x00, 0x00, 0x00, 0x00, 0x00, 0x00, 0x00, 0x00, 0x00, 0x00, 0x00, 0x00,
    0x00, 0x00, 0x00, 0x00, 0x00, 0x00, 0x00, 0x00, 0x00, 0x00, 0x00, 0x00, 0x00, 0x00, 0x00, 0x00,
    0x00, 0x00, 0x00, 0x00, 0x00, 0x00, 0x00, 0x00, 0x00, 0x00, 0x00, 0x00, 0x00, 0x00, 0x00, 0x00,
    0x00, 0x00, 0x00, 0x00, 0x00, 0x00, 0x00, 0x00, 0x00, 0x00, 0x00, 0x00, 0x00, 0x00, 0x00, 0x00,
    0x00, 0x00, 0x00, 0x00, 0x00, 0x00, 0x00, 0x00, 0x00, 0x00, 0x00, 0x00, 0x00, 0x00, 0x00, 0x00,
    0x12, 0x0e, 0x08, 0xff, 0x12, 0x0e, 0x08, 0xff, 0x44, 0x40, 0x33, 0xff, 0x44, 0x40, 0x33, 0xff,
    0x4a, 0x49, 0x10, 0xff, 0x4a, 0x49, 0x10, 0xff, 0x90, 0x96, 0x27, 0xff, 0x90, 0x96, 0x27, 0xff,
    0x8f, 0x96, 0x27, 0xff, 0x8f, 0x96, 0x27, 0xff, 0x8e, 0x94, 0x26, 0xff, 0x8e, 0x94, 0x26, 0xff,
    0x8d, 0x94, 0x26, 0xff, 0x8d, 0x94, 0x26, 0xff, 0x8e, 0x95, 0x27, 0xff, 0x8e, 0x95, 0x27, 0xff,
    0x8f, 0x96, 0x26, 0xff, 0x8f, 0x96, 0x26, 0xff, 0x8f, 0x96, 0x26, 0xff, 0x8f, 0x96, 0x26, 0xff,
    0x8f, 0x95, 0x26, 0xff, 0x8f, 0x95, 0x26, 0xff, 0x90, 0x96, 0x27, 0xff, 0x90, 0x96, 0x27, 0xff,
    0x90, 0x97, 0x28, 0xff, 0x90, 0x97, 0x28, 0xff, 0x90, 0x97, 0x28, 0xff, 0x90, 0x97, 0x28, 0xff,
    0x92, 0x98, 0x29, 0xff, 0x92, 0x98, 0x29, 0xff, 0x91, 0x97, 0x29, 0xff, 0x91, 0x97, 0x29, 0xff,
    0x4f, 0x4e, 0x0f, 0xff, 0x4f, 0x4e, 0x0f, 0xff, 0x41, 0x3c, 0x31, 0xff, 0x41, 0x3c, 0x31, 0xff,
    0x12, 0x0e, 0x09, 0xff, 0x12, 0x0e, 0x09, 0xff, 0x00, 0x00, 0x00, 0x00, 0x00, 0x00, 0x00, 0x00,
    0x00, 0x00, 0x00, 0x00, 0x00, 0x00, 0x00, 0x00, 0x00, 0x00, 0x00, 0x00, 0x00, 0x00, 0x00, 0x00,
    0x00, 0x00, 0x00, 0x00, 0x00, 0x00, 0x00, 0x00, 0x00, 0x00, 0x00, 0x00, 0x00, 0x00, 0x00, 0x00,
    0x00, 0x00, 0x00, 0x00, 0x00, 0x00, 0x00, 0x00, 0x00, 0x00, 0x00, 0x00, 0x00, 0x00, 0x00, 0x00,
    0x00, 0x00, 0x00, 0x00, 0x00, 0x00, 0x00, 0x00, 0x00, 0x00, 0x00, 0x00, 0x00, 0x00, 0x00, 0x00,
    0x00, 0x00, 0x00, 0x00, 0x00, 0x00, 0x00, 0x00, 0x00, 0x00, 0x00, 0x00, 0x00, 0x00, 0x00, 0x00,
    0x00, 0x00, 0x00, 0x00, 0x00, 0x00, 0x00, 0x00, 0x00, 0x00, 0x00, 0x00, 0x00, 0x00, 0x00, 0x00,
    0x12, 0x0e, 0x08, 0xff, 0x12, 0x0e, 0x08, 0xff, 0x44, 0x40, 0x33, 0xff, 0x44, 0x40, 0x33, 0xff,
    0x4a, 0x49, 0x10, 0xff, 0x4a, 0x49, 0x10, 0xff, 0x90, 0x96, 0x27, 0xff, 0x90, 0x96, 0x27, 0xff,
    0x8f, 0x96, 0x27, 0xff, 0x8f, 0x96, 0x27, 0xff, 0x8e, 0x94, 0x26, 0xff, 0x8e, 0x94, 0x26, 0xff,
    0x8d, 0x94, 0x26, 0xff, 0x8d, 0x94, 0x26, 0xff, 0x8e, 0x95, 0x27, 0xff, 0x8e, 0x95, 0x27, 0xff,
    0x8f, 0x96, 0x26, 0xff, 0x8f, 0x96, 0x26, 0xff, 0x8f, 0x96, 0x26, 0xff, 0x8f, 0x96, 0x26, 0xff,
    0x8f, 0x95, 0x26, 0xff, 0x8f, 0x95, 0x26, 0xff, 0x90, 0x96, 0x27, 0xff, 0x90, 0x96, 0x27, 0xff,
    0x90, 0x97, 0x28, 0xff, 0x90, 0x97, 0x28, 0xff, 0x90, 0x97, 0x28, 0xff, 0x90, 0x97, 0x28, 0xff,
    0x92, 0x98, 0x29, 0xff, 0x92, 0x98, 0x29, 0xff, 0x91, 0x97, 0x29, 0xff, 0x91, 0x97, 0x29, 0xff,
    0x4f, 0x4e, 0x0f, 0xff, 0x4f, 0x4e, 0x0f, 0xff, 0x41, 0x3c, 0x31, 0xff, 0x41, 0x3c, 0x31, 0xff,
    0x12, 0x0e, 0x09, 0xff, 0x12, 0x0e, 0x09, 0xff, 0x00, 0x00, 0x00, 0x00, 0x00, 0x00, 0x00, 0x00,
    0x00, 0x00, 0x00, 0x00, 0x00, 0x00, 0x00, 0x00, 0x00, 0x00, 0x00, 0x00, 0x00, 0x00, 0x00, 0x00,
    0x00, 0x00, 0x00, 0x00, 0x00, 0x00, 0x00, 0x00, 0x00, 0x00, 0x00, 0x00, 0x00, 0x00, 0x00, 0x00,
    0x00, 0x00, 0x00, 0x00, 0x00, 0x00, 0x00, 0x00, 0x00, 0x00, 0x00, 0x00, 0x00, 0x00, 0x00, 0x00,
    0x00, 0x00, 0x00, 0x00, 0x00, 0x00, 0x00, 0x00, 0x00, 0x00, 0x00, 0x00, 0x00, 0x00, 0x00, 0x00,
    0x00, 0x00, 0x00, 0x00, 0x00, 0x00, 0x00, 0x00, 0x00, 0x00, 0x00, 0x00, 0x00, 0x00, 0x00, 0x00,
    0x00, 0x00, 0x00, 0x00, 0x00, 0x00, 0x00, 0x00, 0x00, 0x00, 0x00, 0x00, 0x00, 0x00, 0x00, 0x00,
    0x15, 0x11, 0x0a, 0xff, 0x15, 0x11, 0x0a, 0xff, 0x8b, 0x8b, 0x8b, 0xff, 0x8b, 0x8b, 0x8b, 0xff,
    0x89, 0x88, 0x89, 0xff, 0x89, 0x88, 0x89, 0xff, 0x8e, 0x8d, 0x8d, 0xff, 0x8e, 0x8d, 0x8d, 0xff,
    0x8e, 0x8e, 0x8e, 0xff, 0x8e, 0x8e, 0x8e, 0xff, 0x8f, 0x8e, 0x8e, 0xff, 0x8f, 0x8e, 0x8e, 0xff,
    0x8f, 0x8e, 0x8e, 0xff, 0x8f, 0x8e, 0x8e, 0xff, 0x90, 0x90, 0x90, 0xff, 0x90, 0x90, 0x90, 0xff,
    0x8f, 0x8e, 0x8e, 0xff, 0x8f, 0x8e, 0x8e, 0xff, 0x91, 0x90, 0x90, 0xff, 0x91, 0x90, 0x90, 0xff,
    0x8f, 0x8f, 0x8f, 0xff, 0x8f, 0x8f, 0x8f, 0xff, 0x90, 0x90, 0x8f, 0xff, 0x90, 0x90, 0x8f, 0xff,
    0x8e, 0x8e, 0x8e, 0xff, 0x8e, 0x8e, 0x8e, 0xff, 0x90, 0x90, 0x90, 0xff, 0x90, 0x90, 0x90, 0xff,
    0x90, 0x90, 0x90, 0xff, 0x90, 0x90, 0x90, 0xff, 0x90, 0x8f, 0x90, 0xff, 0x90, 0x8f, 0x90, 0xff,
    0x8f, 0x8f, 0x90, 0xff, 0x8f, 0x8f, 0x90, 0xff, 0x8f, 0x8f, 0x8f, 0xff, 0x8f, 0x8f, 0x8f, 0xff,
    0x12, 0x0f, 0x09, 0xff, 0x12, 0x0f, 0x09, 0xff, 0x00, 0x00, 0x00, 0x00, 0x00, 0x00, 0x00, 0x00,
    0x00, 0x00, 0x00, 0x00, 0x00, 0x00, 0x00, 0x00, 0x00, 0x00, 0x00, 0x00, 0x00, 0x00, 0x00, 0x00,
    0x00, 0x00, 0x00, 0x00, 0x00, 0x00, 0x00, 0x00, 0x00, 0x00, 0x00, 0x00, 0x00, 0x00, 0x00, 0x00,
    0x00, 0x00, 0x00, 0x00, 0x00, 0x00, 0x00, 0x00, 0x00, 0x00, 0x00, 0x00, 0x00, 0x00, 0x00, 0x00,
    0x00, 0x00, 0x00, 0x00, 0x00, 0x00, 0x00, 0x00, 0x00, 0x00, 0x00, 0x00, 0x00, 0x00, 0x00, 0x00,
    0x00, 0x00, 0x00, 0x00, 0x00, 0x00, 0x00, 0x00, 0x00, 0x00, 0x00, 0x00, 0x00, 0x00, 0x00, 0x00,
    0x00, 0x00, 0x00, 0x00, 0x00, 0x00, 0x00, 0x00, 0x00, 0x00, 0x00, 0x00, 0x00, 0x00, 0x00, 0x00,
    0x15, 0x11, 0x0a, 0xff, 0x15, 0x11, 0x0a, 0xff, 0x8b, 0x8b, 0x8b, 0xff, 0x8b, 0x8b, 0x8b, 0xff,
    0x89, 0x88, 0x89, 0xff, 0x89, 0x88, 0x89, 0xff, 0x8e, 0x8d, 0x8d, 0xff, 0x8e, 0x8d, 0x8d, 0xff,
    0x8e, 0x8e, 0x8e, 0xff, 0x8e, 0x8e, 0x8e, 0xff, 0x8f, 0x8e, 0x8e, 0xff, 0x8f, 0x8e, 0x8e, 0xff,
    0x8f, 0x8e, 0x8e, 0xff, 0x8f, 0x8e, 0x8e, 0xff, 0x90, 0x90, 0x90, 0xff, 0x90, 0x90, 0x90, 0xff,
    0x8f, 0x8e, 0x8e, 0xff, 0x8f, 0x8e, 0x8e, 0xff, 0x91, 0x90, 0x90, 0xff, 0x91, 0x90, 0x90, 0xff,
    0x8f, 0x8f, 0x8f, 0xff, 0x8f, 0x8f, 0x8f, 0xff, 0x90, 0x90, 0x8f, 0xff, 0x90, 0x90, 0x8f, 0xff,
    0x8e, 0x8e, 0x8e, 0xff, 0x8e, 0x8e, 0x8e, 0xff, 0x90, 0x90, 0x90, 0xff, 0x90, 0x90, 0x90, 0xff,
    0x90, 0x90, 0x90, 0xff, 0x90, 0x90, 0x90, 0xff, 0x90, 0x8f, 0x90, 0xff, 0x90, 0x8f, 0x90, 0xff,
    0x8f, 0x8f, 0x90, 0xff, 0x8f, 0x8f, 0x90, 0xff, 0x8f, 0x8f, 0x8f, 0xff, 0x8f, 0x8f, 0x8f, 0xff,
    0x12, 0x0f, 0x09, 0xff, 0x12, 0x0f, 0x09, 0xff, 0x00, 0x00, 0x00, 0x00, 0x00, 0x00, 0x00, 0x00,
    0x00, 0x00, 0x00, 0x00, 0x00, 0x00, 0x00, 0x00, 0x00, 0x00, 0x00, 0x00, 0x00, 0x00, 0x00, 0x00,
    0x00, 0x00, 0x00, 0x00, 0x00, 0x00, 0x00, 0x00, 0x00, 0x00, 0x00, 0x00, 0x00, 0x00, 0x00, 0x00,
    0x00, 0x00, 0x00, 0x00, 0x00, 0x00, 0x00, 0x00, 0x00, 0x00, 0x00, 0x00, 0x00, 0x00, 0x00, 0x00,
    0x00, 0x00, 0x00, 0x00, 0x00, 0x00, 0x00, 0x00, 0x00, 0x00, 0x00, 0x00, 0x00, 0x00, 0x00, 0x00,
    0x00, 0x00, 0x00, 0x00, 0x00, 0x00, 0x00, 0x00, 0x00, 0x00, 0x00, 0x00, 0x00, 0x00, 0x00, 0x00,
    0x00, 0x00, 0x00, 0x00, 0x00, 0x00, 0x00, 0x00, 0x00, 0x00, 0x00, 0x00, 0x00, 0x00, 0x00, 0x00,
    0x25, 0x20, 0x10, 0xff, 0x25, 0x20, 0x10, 0xff, 0x89, 0x89, 0x88, 0xff, 0x89, 0x89, 0x88, 0xff,
    0x8c, 0x8c, 0x8c, 0xff, 0x8c, 0x8c, 0x8c, 0xff, 0x8c, 0x8c, 0x8c, 0xff, 0x8c, 0x8c, 0x8c, 0xff,
    0x8c, 0x8b, 0x8b, 0xff, 0x8c, 0x8b, 0x8b, 0xff, 0x8d, 0x8c, 0x8c, 0xff, 0x8d, 0x8c, 0x8c, 0xff,
    0x8f, 0x8e, 0x8e, 0xff, 0x8f, 0x8e, 0x8e, 0xff, 0x8f, 0x8e, 0x8e, 0xff, 0x8f, 0x8e, 0x8e, 0xff,
    0x8f, 0x8f, 0x8f, 0xff, 0x8f, 0x8f, 0x8f, 0xff, 0x90, 0x90, 0x8f, 0xff, 0x90, 0x90, 0x8f, 0xff,
    0x8f, 0x8f, 0x8f, 0xff, 0x8f, 0x8f, 0x8f, 0xff, 0x90, 0x90, 0x90, 0xff, 0x90, 0x90, 0x90, 0xff,
    0x8f, 0x8e, 0x8e, 0xff, 0x8f, 0x8e, 0x8e, 0xff, 0x8f, 0x8e, 0x8e, 0xff, 0x8f, 0x8e, 0x8e, 0xff,
    0x8e, 0x8e, 0x8e, 0xff, 0x8e, 0x8e, 0x8e, 0xff, 0x8e, 0x8e, 0x8e, 0xff, 0x8e, 0x8e, 0x8e, 0xff,
    0x8d, 0x8d, 0x8d, 0xff, 0x8d, 0x8d, 0x8d, 0xff, 0x8e, 0x8d, 0x8e, 0xff, 0x8e, 0x8d, 0x8e, 0xff,
    0x25, 0x1f, 0x0f, 0xff, 0x25, 0x1f, 0x0f, 0xff, 0x00, 0x00, 0x00, 0x00, 0x00, 0x00, 0x00, 0x00,
    0x00, 0x00, 0x00, 0x00, 0x00, 0x00, 0x00, 0x00, 0x00, 0x00, 0x00, 0x00, 0x00, 0x00, 0x00, 0x00,
    0x00, 0x00, 0x00, 0x00, 0x00, 0x00, 0x00, 0x00, 0x00, 0x00, 0x00, 0x00, 0x00, 0x00, 0x00, 0x00,
    0x00, 0x00, 0x00, 0x00, 0x00, 0x00, 0x00, 0x00, 0x00, 0x00, 0x00, 0x00, 0x00, 0x00, 0x00, 0x00,
    0x00, 0x00, 0x00, 0x00, 0x00, 0x00, 0x00, 0x00, 0x00, 0x00, 0x00, 0x00, 0x00, 0x00, 0x00, 0x00,
    0x00, 0x00, 0x00, 0x00, 0x00, 0x00, 0x00, 0x00, 0x00, 0x00, 0x00, 0x00, 0x00, 0x00, 0x00, 0x00,
    0x00, 0x00, 0x00, 0x00, 0x00, 0x00, 0x00, 0x00, 0x00, 0x00, 0x00, 0x00, 0x00, 0x00, 0x00, 0x00,
    0x25, 0x20, 0x10, 0xff, 0x25, 0x20, 0x10, 0xff, 0x89, 0x89, 0x88, 0xff, 0x89, 0x89, 0x88, 0xff,
    0x8c, 0x8c, 0x8c, 0xff, 0x8c, 0x8c, 0x8c, 0xff, 0x8c, 0x8c, 0x8c, 0xff, 0x8c, 0x8c, 0x8c, 0xff,
    0x8c, 0x8b, 0x8b, 0xff, 0x8c, 0x8b, 0x8b, 0xff, 0x8d, 0x8c, 0x8c, 0xff, 0x8d, 0x8c, 0x8c, 0xff,
    0x8f, 0x8e, 0x8e, 0xff, 0x8f, 0x8e, 0x8e, 0xff, 0x8f, 0x8e, 0x8e, 0xff, 0x8f, 0x8e, 0x8e, 0xff,
    0x8f, 0x8f, 0x8f, 0xff, 0x8f, 0x8f, 0x8f, 0xff, 0x90, 0x90, 0x8f, 0xff, 0x90, 0x90, 0x8f, 0xff,
    0x8f, 0x8f, 0x8f, 0xff, 0x8f, 0x8f, 0x8f, 0xff, 0x90, 0x90, 0x90, 0xff, 0x90, 0x90, 0x90, 0xff,
    0x8f, 0x8e, 0x8e, 0xff, 0x8f, 0x8e, 0x8e, 0xff, 0x8f, 0x8e, 0x8e, 0xff, 0x8f, 0x8e, 0x8e, 0xff,
    0x8e, 0x8e, 0x8e, 0xff, 0x8e, 0x8e, 0x8e, 0xff, 0x8e, 0x8e, 0x8e, 0xff, 0x8e, 0x8e, 0x8e, 0xff,
    0x8d, 0x8d, 0x8d, 0xff, 0x8d, 0x8d, 0x8d, 0xff, 0x8e, 0x8d, 0x8e, 0xff, 0x8e, 0x8d, 0x8e, 0xff,
    0x25, 0x1f, 0x0f, 0xff, 0x25, 0x1f, 0x0f, 0xff, 0x00, 0x00, 0x00, 0x00, 0x00, 0x00, 0x00, 0x00,
    0x00, 0x00, 0x00, 0x00, 0x00, 0x00, 0x00, 0x00, 0x00, 0x00, 0x00, 0x00, 0x00, 0x00, 0x00, 0x00,
    0x00, 0x00, 0x00, 0x00, 0x00, 0x00, 0x00, 0x00, 0x00, 0x00, 0x00, 0x00, 0x00, 0x00, 0x00, 0x00,
    0x00, 0x00, 0x00, 0x00, 0x00, 0x00, 0x00, 0x00, 0x00, 0x00, 0x00, 0x00, 0x00, 0x00, 0x00, 0x00,
    0x00, 0x00, 0x00, 0x00, 0x00, 0x00, 0x00, 0x00, 0x00, 0x00, 0x00, 0x00, 0x00, 0x00, 0x00, 0x00,
    0x00, 0x00, 0x00, 0x00, 0x00, 0x00, 0x00, 0x00, 0x00, 0x00, 0x00, 0x00, 0x00, 0x00, 0x00, 0x00,
    0x00, 0x00, 0x00, 0x00, 0x00, 0x00, 0x00, 0x00, 0x00, 0x00, 0x00, 0x00, 0x00, 0x00, 0x00, 0x00,
    0x26, 0x22, 0x09, 0xff, 0x26, 0x22, 0x09, 0xff, 0x13, 0x0e, 0x09, 0xff, 0x13, 0x0e, 0x09, 0xff,
    0x12, 0x0e, 0x08, 0xff, 0x12, 0x0e, 0x08, 0xff, 0x11, 0x0d, 0x08, 0xff, 0x11, 0x0d, 0x08, 0xff,
    0x14, 0x0f, 0x0a, 0xff, 0x14, 0x0f, 0x0a, 0xff, 0x12, 0x0d, 0x08, 0xff, 0x12, 0x0d, 0x08, 0xff,
    0x11, 0x0d, 0x08, 0xff, 0x11, 0x0d, 0x08, 0xff, 0x12, 0x0e, 0x08, 0xff, 0x12, 0x0e, 0x08, 0xff,
    0x12, 0x0e, 0x08, 0xff, 0x12, 0x0e, 0x08, 0xff, 0x11, 0x0d, 0x08, 0xff, 0x11, 0x0d, 0x08, 0xff,
    0x12, 0x0e, 0x08, 0xff, 0x12, 0x0e, 0x08, 0xff, 0x11, 0x0d, 0x08, 0xff, 0x11, 0x0d, 0x08, 0xff,
    0x10, 0x0d, 0x07, 0xff, 0x10, 0x0d, 0x07, 0xff, 0x11, 0x0c, 0x07, 0xff, 0x11, 0x0c, 0x07, 0xff,
    0x12, 0x0d, 0x08, 0xff, 0x12, 0x0d, 0x08, 0xff, 0x11, 0x0d, 0x08, 0xff, 0x11, 0x0d, 0x08, 0xff,
    0x12, 0x0e, 0x09, 0xff, 0x12, 0x0e, 0x09, 0xff, 0x12, 0x0f, 0x09, 0xff, 0x12, 0x0f, 0x09, 0xff,
    0x1f, 0x1c, 0x07, 0xff, 0x1f, 0x1c, 0x07, 0xff, 0x00, 0x00, 0x00, 0x00, 0x00, 0x00, 0x00, 0x00,
    0x00, 0x00, 0x00, 0x00, 0x00, 0x00, 0x00, 0x00, 0x00, 0x00, 0x00, 0x00, 0x00, 0x00, 0x00, 0x00,
    0x00, 0x00, 0x00, 0x00, 0x00, 0x00, 0x00, 0x00, 0x00, 0x00, 0x00, 0x00, 0x00, 0x00, 0x00, 0x00,
    0x00, 0x00, 0x00, 0x00, 0x00, 0x00, 0x00, 0x00, 0x00, 0x00, 0x00, 0x00, 0x00, 0x00, 0x00, 0x00,
    0x00, 0x00, 0x00, 0x00, 0x00, 0x00, 0x00, 0x00, 0x00, 0x00, 0x00, 0x00, 0x00, 0x00, 0x00, 0x00,
    0x00, 0x00, 0x00, 0x00, 0x00, 0x00, 0x00, 0x00, 0x00, 0x00, 0x00, 0x00, 0x00, 0x00, 0x00, 0x00,
    0x00, 0x00, 0x00, 0x00, 0x00, 0x00, 0x00, 0x00, 0x00, 0x00, 0x00, 0x00, 0x00, 0x00, 0x00, 0x00,
    0x26, 0x22, 0x09, 0xff, 0x26, 0x22, 0x09, 0xff, 0x13, 0x0e, 0x09, 0xff, 0x13, 0x0e, 0x09, 0xff,
    0x12, 0x0e, 0x08, 0xff, 0x12, 0x0e, 0x08, 0xff, 0x11, 0x0d, 0x08, 0xff, 0x11, 0x0d, 0x08, 0xff,
    0x14, 0x0f, 0x0a, 0xff, 0x14, 0x0f, 0x0a, 0xff, 0x12, 0x0d, 0x08, 0xff, 0x12, 0x0d, 0x08, 0xff,
    0x11, 0x0d, 0x08, 0xff, 0x11, 0x0d, 0x08, 0xff, 0x12, 0x0e, 0x08, 0xff, 0x12, 0x0e, 0x08, 0xff,
    0x12, 0x0e, 0x08, 0xff, 0x12, 0x0e, 0x08, 0xff, 0x11, 0x0d, 0x08, 0xff, 0x11, 0x0d, 0x08, 0xff,
    0x12, 0x0e, 0x08, 0xff, 0x12, 0x0e, 0x08, 0xff, 0x11, 0x0d, 0x08, 0xff, 0x11, 0x0d, 0x08, 0xff,
    0x10, 0x0d, 0x07, 0xff, 0x10, 0x0d, 0x07, 0xff, 0x11, 0x0c, 0x07, 0xff, 0x11, 0x0c, 0x07, 0xff,
    0x12, 0x0d, 0x08, 0xff, 0x12, 0x0d, 0x08, 0xff, 0x11, 0x0d, 0x08, 0xff, 0x11, 0x0d, 0x08, 0xff,
    0x12, 0x0e, 0x09, 0xff, 0x12, 0x0e, 0x09, 0xff, 0x12, 0x0f, 0x09, 0xff, 0x12, 0x0f, 0x09, 0xff,
    0x1f, 0x1c, 0x07, 0xff, 0x1f, 0x1c, 0x07, 0xff, 0x00, 0x00, 0x00, 0x00, 0x00, 0x00, 0x00, 0x00,
    0x00, 0x00, 0x00, 0x00, 0x00, 0x00, 0x00, 0x00, 0x00, 0x00, 0x00, 0x00, 0x00, 0x00, 0x00, 0x00,
    0x00, 0x00, 0x00, 0x00, 0x00, 0x00, 0x00, 0x00, 0x00, 0x00, 0x00, 0x00, 0x00, 0x00, 0x00, 0x00,
    0x00, 0x00, 0x00, 0x00, 0x00, 0x00, 0x00, 0x00, 0x00, 0x00, 0x00, 0x00, 0x00, 0x00, 0x00, 0x00,
    0x00, 0x00, 0x00, 0x00, 0x00, 0x00, 0x00, 0x00, 0x00, 0x00, 0x00, 0x00, 0x00, 0x00, 0x00, 0x00,
    0x00, 0x00, 0x00, 0x00, 0x00, 0x00, 0x00, 0x00, 0x00, 0x00, 0x00, 0x00, 0x00, 0x00, 0x00, 0x00,
    0x00, 0x00, 0x00, 0x00, 0x00, 0x00, 0x00, 0x00, 0x1d, 0x19, 0x0c, 0xff, 0x1d, 0x19, 0x0c, 0xff,
    0xd4, 0xd8, 0xae, 0xff, 0xd4, 0xd8, 0xae, 0xff, 0x11, 0x0d, 0x08, 0xff, 0x11, 0x0d, 0x08, 0xff,
    0x27, 0x21, 0x1a, 0xff, 0x27, 0x21, 0x1a, 0xff, 0x14, 0x10, 0x0a, 0xff, 0x14, 0x10, 0x0a, 0xff,
    0x16, 0x10, 0x0a, 0xff, 0x16, 0x10, 0x0a, 0xff, 0x2a, 0x23, 0x1c, 0xff, 0x2a, 0x23, 0x1c, 0xff,
    0x15, 0x10, 0x0a, 0xff, 0x15, 0x10, 0x0a, 0xff, 0x29, 0x23, 0x1c, 0xff, 0x29, 0x23, 0x1c, 0xff,
    0x11, 0x0d, 0x08, 0xff, 0x11, 0x0d, 0x08, 0xff, 0x27, 0x22, 0x1c, 0xff, 0x27, 0x22, 0x1c, 0xff,
    0x16, 0x10, 0x0a, 0xff, 0x16, 0x10, 0x0a, 0xff, 0x29, 0x23, 0x1c, 0xff, 0x29, 0x23, 0x1c, 0xff,
    0x11, 0x0e, 0x08, 0xff, 0x11, 0x0e, 0x08, 0xff, 0x29, 0x23, 0x1c, 0xff, 0x29, 0x23, 0x1c, 0xff,
    0x14, 0x10, 0x0b, 0xff, 0x14, 0x10, 0x0b, 0xff, 0x15, 0x10, 0x0a, 0xff, 0x15, 0x10, 0x0a, 0xff,
    0x26, 0x21, 0x1b, 0xff, 0x26, 0x21, 0x1b, 0xff, 0x11, 0x0e, 0x08, 0xff, 0x11, 0x0e, 0x08, 0xff,
    0xca, 0xd4, 0x68, 0xff, 0xca, 0xd4, 0x68, 0xff, 0x18, 0x14, 0x09, 0xff, 0x18, 0x14, 0x09, 0xff,
    0x00, 0x00, 0x00, 0x00, 0x00, 0x00, 0x00, 0x00, 0x00, 0x00, 0x00, 0x00, 0x00, 0x00, 0x00, 0x00,
    0x00, 0x00, 0x00, 0x00, 0x00, 0x00, 0x00, 0x00, 0x00, 0x00, 0x00, 0x00, 0x00, 0x00, 0x00, 0x00,
    0x00, 0x00, 0x00, 0x00, 0x00, 0x00, 0x00, 0x00, 0x00, 0x00, 0x00, 0x00, 0x00, 0x00, 0x00, 0x00,
    0x00, 0x00, 0x00, 0x00, 0x00, 0x00, 0x00, 0x00, 0x00, 0x00, 0x00, 0x00, 0x00, 0x00, 0x00, 0x00,
    0x00, 0x00, 0x00, 0x00, 0x00, 0x00, 0x00, 0x00, 0x00, 0x00, 0x00, 0x00, 0x00, 0x00, 0x00, 0x00,
    0x00, 0x00, 0x00, 0x00, 0x00, 0x00, 0x00, 0x00, 0x1d, 0x19, 0x0c, 0xff, 0x1d, 0x19, 0x0c, 0xff,
    0xd4, 0xd8, 0xae, 0xff, 0xd4, 0xd8, 0xae, 0xff, 0x11, 0x0d, 0x08, 0xff, 0x11, 0x0d, 0x08, 0xff,
    0x27, 0x21, 0x1a, 0xff, 0x27, 0x21, 0x1a, 0xff, 0x14, 0x10, 0x0a, 0xff, 0x14, 0x10, 0x0a, 0xff,
    0x16, 0x10, 0x0a, 0xff, 0x16, 0x10, 0x0a, 0xff, 0x2a, 0x23, 0x1c, 0xff, 0x2a, 0x23, 0x1c, 0xff,
    0x15, 0x10, 0x0a, 0xff, 0x15, 0x10, 0x0a, 0xff, 0x29, 0x23, 0x1c, 0xff, 0x29, 0x23, 0x1c, 0xff,
    0x11, 0x0d, 0x08, 0xff, 0x11, 0x0d, 0x08, 0xff, 0x27, 0x22, 0x1c, 0xff, 0x27, 0x22, 0x1c, 0xff,
    0x16, 0x10, 0x0a, 0xff, 0x16, 0x10, 0x0a, 0xff, 0x29, 0x23, 0x1c, 0xff, 0x29, 0x23, 0x1c, 0xff,
    0x11, 0x0e, 0x08, 0xff, 0x11, 0x0e, 0x08, 0xff, 0x29, 0x23, 0x1c, 0xff, 0x29, 0x23, 0x1c, 0xff,
    0x14, 0x10, 0x0b, 0xff, 0x14, 0x10, 0x0b, 0xff, 0x15, 0x10, 0x0a, 0xff, 0x15, 0x10, 0x0a, 0xff,
    0x26, 0x21, 0x1b, 0xff, 0x26, 0x21, 0x1b, 0xff, 0x11, 0x0e, 0x08, 0xff, 0x11, 0x0e, 0x08, 0xff,
    0xca, 0xd4, 0x68, 0xff, 0xca, 0xd4, 0x68, 0xff, 0x18, 0x14, 0x09, 0xff, 0x18, 0x14, 0x09, 0xff,
    0x00, 0x00, 0x00, 0x00, 0x00, 0x00, 0x00, 0x00, 0x00, 0x00, 0x00, 0x00, 0x00, 0x00, 0x00, 0x00,
    0x00, 0x00, 0x00, 0x00, 0x00, 0x00, 0x00, 0x00, 0x00, 0x00, 0x00, 0x00, 0x00, 0x00, 0x00, 0x00,
    0x00, 0x00, 0x00, 0x00, 0x00, 0x00, 0x00, 0x00, 0x00, 0x00, 0x00, 0x00, 0x00, 0x00, 0x00, 0x00,
    0x00, 0x00, 0x00, 0x00, 0x00, 0x00, 0x00, 0x00, 0x00, 0x00, 0x00, 0x00, 0x00, 0x00, 0x00, 0x00,
    0x00, 0x00, 0x00, 0x00, 0x00, 0x00, 0x00, 0x00, 0x00, 0x00, 0x00, 0x00, 0x00, 0x00, 0x00, 0x00,
    0x28, 0x24, 0x0c, 0xff, 0x28, 0x24, 0x0c, 0xff, 0xb8, 0xba, 0xbb, 0xff, 0xb8, 0xba, 0xbb, 0xff,
    0xba, 0xbd, 0xaa, 0xff, 0xba, 0xbd, 0xaa, 0xff, 0x29, 0x24, 0x1c, 0xff, 0x29, 0x24, 0x1c, 0xff,
    0x14, 0x10, 0x0a, 0xff, 0x14, 0x10, 0x0a, 0xff, 0x2b, 0x25, 0x1e, 0xff, 0x2b, 0x25, 0x1e, 0xff,
    0x27, 0x21, 0x1b, 0xff, 0x27, 0x21, 0x1b, 0xff, 0x16, 0x11, 0x0b, 0xff, 0x16, 0x11, 0x0b, 0xff,
    0x2b, 0x25, 0x1d, 0xff, 0x2b, 0x25, 0x1d, 0xff, 0x11, 0x0e, 0x09, 0xff, 0x11, 0x0e, 0x09, 0xff,
    0x27, 0x21, 0x1a, 0xff, 0x27, 0x21, 0x1a, 0xff, 0x28, 0x23, 0x1c, 0xff, 0x28, 0x23, 0x1c, 0xff,
    0x26, 0x21, 0x1a, 0xff, 0x26, 0x21, 0x1a, 0xff, 0x15, 0x11, 0x0b, 0xff, 0x15, 0x11, 0x0b, 0xff,
    0x28, 0x22, 0x1b, 0xff, 0x28, 0x22, 0x1b, 0xff, 0x11, 0x0d, 0x08, 0xff, 0x11, 0x0d, 0x08, 0xff,
    0x26, 0x21, 0x1b, 0xff, 0x26, 0x21, 0x1b, 0xff, 0x29, 0x23, 0x1c, 0xff, 0x29, 0x23, 0x1c, 0xff,
    0x12, 0x0e, 0x08, 0xff, 0x12, 0x0e, 0x08, 0xff, 0x28, 0x23, 0x1c, 0xff, 0x28, 0x23, 0x1c, 0xff,
    0x93, 0x96, 0x47, 0xff, 0x93, 0x96, 0x47, 0xff, 0x6c, 0x6b, 0x65, 0xff, 0x6c, 0x6b, 0x65, 0xff,
    0x25, 0x20, 0x0c, 0xff, 0x25, 0x20, 0x0c, 0xff, 0x00, 0x00, 0x00, 0x00, 0x00, 0x00, 0x00, 0x00,
    0x00, 0x00, 0x00, 0x00, 0x00, 0x00, 0x00, 0x00, 0x00, 0x00, 0x00, 0x00, 0x00, 0x00, 0x00, 0x00,
    0x00, 0x00, 0x00, 0x00, 0x00, 0x00, 0x00, 0x00, 0x00, 0x00, 0x00, 0x00, 0x00, 0x00, 0x00, 0x00,
    0x00, 0x00, 0x00, 0x00, 0x00, 0x00, 0x00, 0x00, 0x00, 0x00, 0x00, 0x00, 0x00, 0x00, 0x00, 0x00,
    0x00, 0x00, 0x00, 0x00, 0x00, 0x00, 0x00, 0x00, 0x00, 0x00, 0x00, 0x00, 0x00, 0x00, 0x00, 0x00,
    0x28, 0x24, 0x0c, 0xff, 0x28, 0x24, 0x0c, 0xff, 0xb8, 0xba, 0xbb, 0xff, 0xb8, 0xba, 0xbb, 0xff,
    0xba, 0xbd, 0xaa, 0xff, 0xba, 0xbd, 0xaa, 0xff, 0x29, 0x24, 0x1c, 0xff, 0x29, 0x24, 0x1c, 0xff,
    0x14, 0x10, 0x0a, 0xff, 0x14, 0x10, 0x0a, 0xff, 0x2b, 0x25, 0x1e, 0xff, 0x2b, 0x25, 0x1e, 0xff,
    0x27, 0x21, 0x1b, 0xff, 0x27, 0x21, 0x1b, 0xff, 0x16, 0x11, 0x0b, 0xff, 0x16, 0x11, 0x0b, 0xff,
    0x2b, 0x25, 0x1d, 0xff, 0x2b, 0x25, 0x1d, 0xff, 0x11, 0x0e, 0x09, 0xff, 0x11, 0x0e, 0x09, 0xff,
    0x27, 0x21, 0x1a, 0xff, 0x27, 0x21, 0x1a, 0xff, 0x28, 0x23, 0x1c, 0xff, 0x28, 0x23, 0x1c, 0xff,
    0x26, 0x21, 0x1a, 0xff, 0x26, 0x21, 0x1a, 0xff, 0x15, 0x11, 0x0b, 0xff, 0x15, 0x11, 0x0b, 0xff,
    0x28, 0x22, 0x1b, 0xff, 0x28, 0x22, 0x1b, 0xff, 0x11, 0x0d, 0x08, 0xff, 0x11, 0x0d, 0x08, 0xff,
    0x26, 0x21, 0x1b, 0xff, 0x26, 0x21, 0x1b, 0xff, 0x29, 0x23, 0x1c, 0xff, 0x29, 0x23, 0x1c, 0xff,
    0x12, 0x0e, 0x08, 0xff, 0x12, 0x0e, 0x08, 0xff, 0x28, 0x23, 0x1c, 0xff, 0x28, 0x23, 0x1c, 0xff,
    0x93, 0x96, 0x47, 0xff, 0x93, 0x96, 0x47, 0xff, 0x6c, 0x6b, 0x65, 0xff, 0x6c, 0x6b, 0x65, 0xff,
    0x25, 0x20, 0x0c, 0xff, 0x25, 0x20, 0x0c, 0xff, 0x00, 0x00, 0x00, 0x00, 0x00, 0x00, 0x00, 0x00,
    0x00, 0x00, 0x00, 0x00, 0x00, 0x00, 0x00, 0x00, 0x00, 0x00, 0x00, 0x00, 0x00, 0x00, 0x00, 0x00,
    0x00, 0x00, 0x00, 0x00, 0x00, 0x00, 0x00, 0x00, 0x00, 0x00, 0x00, 0x00, 0x00, 0x00, 0x00, 0x00,
    0x00, 0x00, 0x00, 0x00, 0x00, 0x00, 0x00, 0x00, 0x00, 0x00, 0x00, 0x00, 0x00, 0x00, 0x00, 0x00,
    0x00, 0x00, 0x00, 0x00, 0x00, 0x00, 0x00, 0x00, 0x27, 0x23, 0x0b, 0xff, 0x27, 0x23, 0x0b, 0xff,
    0xb9, 0xba, 0xbb, 0xff, 0xb9, 0xba, 0xbb, 0xff, 0xba, 0xbb, 0xbc, 0xff, 0xba, 0xbb, 0xbc, 0xff,
    0x47, 0x42, 0x38, 0xff, 0x47, 0x42, 0x38, 0xff, 0x49, 0x44, 0x39, 0xff, 0x49, 0x44, 0x39, 0xff,
    0x49, 0x44, 0x3a, 0xff, 0x49, 0x44, 0x3a, 0xff, 0x4a, 0x45, 0x3b, 0xff, 0x4a, 0x45, 0x3b, 0xff,
    0x4a, 0x44, 0x3b, 0xff, 0x4a, 0x44, 0x3b, 0xff, 0x4a, 0x45, 0x3a, 0xff, 0x4a, 0x45, 0x3a, 0xff,
    0x48, 0x43, 0x39, 0xff, 0x48, 0x43, 0x39, 0xff, 0x48, 0x43, 0x38, 0xff, 0x48, 0x43, 0x38, 0xff,
    0x48, 0x43, 0x38, 0xff, 0x48, 0x43, 0x38, 0xff, 0x47, 0x42, 0x37, 0xff, 0x47, 0x42, 0x37, 0xff,
    0x46, 0x41, 0x36, 0xff, 0x46, 0x41, 0x36, 0xff, 0x47, 0x42, 0x37, 0xff, 0x47, 0x42, 0x37, 0xff,
    0x48, 0x43, 0x39, 0xff, 0x48, 0x43, 0x39, 0xff, 0x48, 0x43, 0x38, 0xff, 0x48, 0x43, 0x38, 0xff,
    0x49, 0x44, 0x3a, 0xff, 0x49, 0x44, 0x3a, 0xff, 0x49, 0x44, 0x39, 0xff, 0x49, 0x44, 0x39, 0xff,
    0x47, 0x42, 0x38, 0xff, 0x47, 0x42, 0x38, 0xff, 0x47, 0x41, 0x37, 0xff, 0x47, 0x41, 0x37, 0xff,
    0x45, 0x40, 0x35, 0xff, 0x45, 0x40, 0x35, 0xff, 0xbb, 0xbc, 0xbd, 0xff, 0xbb, 0xbc, 0xbd, 0xff,
    0xb9, 0xbb, 0xbb, 0xff, 0xb9, 0xbb, 0xbb, 0xff, 0x1d, 0x18, 0x09, 0xff, 0x1d, 0x18, 0x09, 0xff,
    0x00, 0x00, 0x00, 0x00, 0x00, 0x00, 0x00, 0x00, 0x00, 0x00, 0x00, 0x00, 0x00, 0x00, 0x00, 0x00,
    0x00, 0x00, 0x00, 0x00, 0x00, 0x00, 0x00, 0x00, 0x00, 0x00, 0x00, 0x00, 0x00, 0x00, 0x00, 0x00,
    0x00, 0x00, 0x00, 0x00, 0x00, 0x00, 0x00, 0x00, 0x00, 0x00, 0x00, 0x00, 0x00, 0x00, 0x00, 0x00,
    0x00, 0x00, 0x00, 0x00, 0x00, 0x00, 0x00, 0x00, 0x27, 0x23, 0x0b, 0xff, 0x27, 0x23, 0x0b, 0xff,
    0xb9, 0xba, 0xbb, 0xff, 0xb9, 0xba, 0xbb, 0xff, 0xba, 0xbb, 0xbc, 0xff, 0xba, 0xbb, 0xbc, 0xff,
    0x47, 0x42, 0x38, 0xff, 0x47, 0x42, 0x38, 0xff, 0x49, 0x44, 0x39, 0xff, 0x49, 0x44, 0x39, 0xff,
    0x49, 0x44, 0x3a, 0xff, 0x49, 0x44, 0x3a, 0xff, 0x4a, 0x45, 0x3b, 0xff, 0x4a, 0x45, 0x3b, 0xff,
    0x4a, 0x44, 0x3b, 0xff, 0x4a, 0x44, 0x3b, 0xff, 0x4a, 0x45, 0x3a, 0xff, 0x4a, 0x45, 0x3a, 0xff,
    0x48, 0x43, 0x39, 0xff, 0x48, 0x43, 0x39, 0xff, 0x48, 0x43, 0x38, 0xff, 0x48, 0x43, 0x38, 0xff,
    0x48, 0x43, 0x38, 0xff, 0x48, 0x43, 0x38, 0xff, 0x47, 0x42, 0x37, 0xff, 0x47, 0x42, 0x37, 0xff,
    0x46, 0x41, 0x36, 0xff, 0x46, 0x41, 0x36, 0xff, 0x47, 0x42, 0x37, 0xff, 0x47, 0x42, 0x37, 0xff,
    0x48, 0x43, 0x39, 0xff, 0x48, 0x43, 0x39, 0xff, 0x48, 0x43, 0x38, 0xff, 0x48, 0x43, 0x38, 0xff,
    0x49, 0x44, 0x3a, 0xff, 0x49, 0x44, 0x3a, 0xff, 0x49, 0x44, 0x39, 0xff, 0x49, 0x44, 0x39, 0xff,
    0x47, 0x42, 0x38, 0xff, 0x47, 0x42, 0x38, 0xff, 0x47, 0x41, 0x37, 0xff, 0x47, 0x41, 0x37, 0xff,
    0x45, 0x40, 0x35, 0xff, 0x45, 0x40, 0x35, 0xff, 0xbb, 0xbc, 0xbd, 0xff, 0xbb, 0xbc, 0xbd, 0xff,
    0xb9, 0xbb, 0xbb, 0xff, 0xb9, 0xbb, 0xbb, 0xff, 0x1d, 0x18, 0x09, 0xff, 0x1d, 0x18, 0x09, 0xff,
    0x00, 0x00, 0x00, 0x00, 0x00, 0x00, 0x00, 0x00, 0x00, 0x00, 0x00, 0x00, 0x00, 0x00, 0x00, 0x00,
    0x00, 0x00, 0x00, 0x00, 0x00, 0x00, 0x00, 0x00, 0x00, 0x00, 0x00, 0x00, 0x00, 0x00, 0x00, 0x00,
    0x00, 0x00, 0x00, 0x00, 0x00, 0x00, 0x00, 0x00, 0x00, 0x00, 0x00, 0x00, 0x00, 0x00, 0x00, 0x00,
    0x00, 0x00, 0x00, 0x00, 0x00, 0x00, 0x00, 0x00, 0x26, 0x22, 0x0b, 0xff, 0x26, 0x22, 0x0b, 0xff,
    0xd2, 0xd4, 0xd4, 0xff, 0xd2, 0xd4, 0xd4, 0xff, 0xb8, 0xba, 0xba, 0xff, 0xb8, 0xba, 0xba, 0xff,
    0xb9, 0xbb, 0xbb, 0xff, 0xb9, 0xbb, 0xbb, 0xff, 0xba, 0xbb, 0xbb, 0xff, 0xba, 0xbb, 0xbb, 0xff,
    0xbb, 0xbc, 0xbd, 0xff, 0xbb, 0xbc, 0xbd, 0xff, 0xbb, 0xbc, 0xbd, 0xff, 0xbb, 0xbc, 0xbd, 0xff,
    0xba, 0xbb, 0xbc, 0xff, 0xba, 0xbb, 0xbc, 0xff, 0xba, 0xbb, 0xbd, 0xff, 0xba, 0xbb, 0xbd, 0xff,
    0x69, 0x64, 0x60, 0xff, 0x69, 0x64, 0x60, 0xff, 0x69, 0x66, 0x61, 0xff, 0x69, 0x66, 0x61, 0xff,
    0x6a, 0x66, 0x61, 0xff, 0x6a, 0x66, 0x61, 0xff, 0x6a, 0x67, 0x62, 0xff, 0x6a, 0x67, 0x62, 0xff,
    0x6b, 0x67, 0x62, 0xff, 0x6b, 0x67, 0x62, 0xff, 0x6a, 0x66, 0x62, 0xff, 0x6a, 0x66, 0x62, 0xff,
    0x6b, 0x68, 0x63, 0xff, 0x6b, 0x68, 0x63, 0xff, 0xbb, 0xbc, 0xbd, 0xff, 0xbb, 0xbc, 0xbd, 0xff,
    0xba, 0xbb, 0xbc, 0xff, 0xba, 0xbb, 0xbc, 0xff, 0xbb, 0xbc, 0xbd, 0xff, 0xbb, 0xbc, 0xbd, 0xff,
    0xba, 0xbb, 0xbc, 0xff, 0xba, 0xbb, 0xbc, 0xff, 0xba, 0xbb, 0xbd, 0xff, 0xba, 0xbb, 0xbd, 0xff,
    0xba, 0xba, 0xbc, 0xff, 0xba, 0xba, 0xbc, 0xff, 0xb9, 0xba, 0xba, 0xff, 0xb9, 0xba, 0xba, 0xff,
    0xb9, 0xba, 0xbb, 0xff, 0xb9, 0xba, 0xbb, 0xff, 0x1f, 0x1a, 0x0b, 0xff, 0x1f, 0x1a, 0x0b, 0xff,
    0x00, 0x00, 0x00, 0x00, 0x00, 0x00, 0x00, 0x00, 0x00, 0x00, 0x00, 0x00, 0x00, 0x00, 0x00, 0x00,
    0x00, 0x00, 0x00, 0x00, 0x00, 0x00, 0x00, 0x00, 0x00, 0x00, 0x00, 0x00, 0x00, 0x00, 0x00, 0x00,
    0x00, 0x00, 0x00, 0x00, 0x00, 0x00, 0x00, 0x00, 0x00, 0x00, 0x00, 0x00, 0x00, 0x00, 0x00, 0x00,
    0x00, 0x00, 0x00, 0x00, 0x00, 0x00, 0x00, 0x00, 0x26, 0x22, 0x0b, 0xff, 0x26, 0x22, 0x0b, 0xff,
    0xd2, 0xd4, 0xd4, 0xff, 0xd2, 0xd4, 0xd4, 0xff, 0xb8, 0xba, 0xba, 0xff, 0xb8, 0xba, 0xba, 0xff,
    0xb9, 0xbb, 0xbb, 0xff, 0xb9, 0xbb, 0xbb, 0xff, 0xba, 0xbb, 0xbb, 0xff, 0xba, 0xbb, 0xbb, 0xff,
    0xbb, 0xbc, 0xbd, 0xff, 0xbb, 0xbc, 0xbd, 0xff, 0xbb, 0xbc, 0xbd, 0xff, 0xbb, 0xbc, 0xbd, 0xff,
    0xba, 0xbb, 0xbc, 0xff, 0xba, 0xbb, 0xbc, 0xff, 0xba, 0xbb, 0xbd, 0xff, 0xba, 0xbb, 0xbd, 0xff,
    0x69, 0x64, 0x60, 0xff, 0x69, 0x64, 0x60, 0xff, 0x69, 0x66, 0x61, 0xff, 0x69, 0x66, 0x61, 0xff,
    0x6a, 0x66, 0x61, 0xff, 0x6a, 0x66, 0x61, 0xff, 0x6a, 0x67, 0x62, 0xff, 0x6a, 0x67, 0x62, 0xff,
    0x6b, 0x67, 0x62, 0xff, 0x6b, 0x67, 0x62, 0xff, 0x6a, 0x66, 0x62, 0xff, 0x6a, 0x66, 0x62, 0xff,
    0x6b, 0x68, 0x63, 0xff, 0x6b, 0x68, 0x63, 0xff, 0xbb, 0xbc, 0xbd, 0xff, 0xbb, 0xbc, 0xbd, 0xff,
    0xba, 0xbb, 0xbc, 0xff, 0xba, 0xbb, 0xbc, 0xff, 0xbb, 0xbc, 0xbd, 0xff, 0xbb, 0xbc, 0xbd, 0xff,
    0xba, 0xbb, 0xbc, 0xff, 0xba, 0xbb, 0xbc, 0xff, 0xba, 0xbb, 0xbd, 0xff, 0xba, 0xbb, 0xbd, 0xff,
    0xba, 0xba, 0xbc, 0xff, 0xba, 0xba, 0xbc, 0xff, 0xb9, 0xba, 0xba, 0xff, 0xb9, 0xba, 0xba, 0xff,
    0xb9, 0xba, 0xbb, 0xff, 0xb9, 0xba, 0xbb, 0xff, 0x1f, 0x1a, 0x0b, 0xff, 0x1f, 0x1a, 0x0b, 0xff,
    0x00, 0x00, 0x00, 0x00, 0x00, 0x00, 0x00, 0x00, 0x00, 0x00, 0x00, 0x00, 0x00, 0x00, 0x00, 0x00,
    0x00, 0x00, 0x00, 0x00, 0x00, 0x00, 0x00, 0x00, 0x00, 0x00, 0x00, 0x00, 0x00, 0x00, 0x00, 0x00,
    0x00, 0x00, 0x00, 0x00, 0x00, 0x00, 0x00, 0x00, 0x00, 0x00, 0x00, 0x00, 0x00, 0x00, 0x00, 0x00,
    0x00, 0x00, 0x00, 0x00, 0x00, 0x00, 0x00, 0x00, 0x21, 0x1d, 0x0a, 0xff, 0x21, 0x1d, 0x0a, 0xff,
    0x8b, 0x8f, 0x4e, 0xff, 0x8b, 0x8f, 0x4e, 0xff, 0x6b, 0x68, 0x63, 0xff, 0x6b, 0x68, 0x63, 0xff,
    0x6d, 0x6a, 0x65, 0xff, 0x6d, 0x6a, 0x65, 0xff, 0x6d, 0x6a, 0x65, 0xff, 0x6d, 0x6a, 0x65, 0xff,
    0x6c, 0x69, 0x64, 0xff, 0x6c, 0x69, 0x64, 0xff, 0x6b, 0x68, 0x64, 0xff, 0x6b, 0x68, 0x64, 0xff,
    0x91, 0x98, 0x4a, 0xff, 0x91, 0x98, 0x4a, 0xff, 0xcf, 0xd9, 0x6e, 0xff, 0xcf, 0xd9, 0x6e, 0xff,
    0x67, 0x63, 0x5f, 0xff, 0x67, 0x63, 0x5f, 0xff, 0x69, 0x65, 0x60, 0xff, 0x69, 0x65, 0x60, 0xff,
    0x69, 0x66, 0x61, 0xff, 0x69, 0x66, 0x61, 0xff, 0x6a, 0x66, 0x61, 0xff, 0x6a, 0x66, 0x61, 0xff,
    0x69, 0x66, 0x61, 0xff, 0x69, 0x66, 0x61, 0xff, 0x6a, 0x66, 0x62, 0xff, 0x6a, 0x66, 0x62, 0xff,
    0x6a, 0x67, 0x63, 0xff, 0x6a, 0x67, 0x63, 0xff, 0x6b, 0x68, 0x63, 0xff, 0x6b, 0x68, 0x63, 0xff,
    0x6a, 0x67, 0x62, 0xff, 0x6a, 0x67, 0x62, 0xff, 0x6b, 0x68, 0x63, 0xff, 0x6b, 0x68, 0x63, 0xff,
    0x6c, 0x69, 0x65, 0xff, 0x6c, 0x69, 0x65, 0xff, 0x6b, 0x69, 0x65, 0xff, 0x6b, 0x69, 0x65, 0xff,
    0x6c, 0x69, 0x66, 0xff, 0x6c, 0x69, 0x66, 0xff, 0x6d, 0x69, 0x65, 0xff, 0x6d, 0x69, 0x65, 0xff,
    0x6b, 0x68, 0x63, 0xff, 0x6b, 0x68, 0x63, 0xff, 0x16, 0x11, 0x09, 0xff, 0x16, 0x11, 0x09, 0xff,
    0x00, 0x00, 0x00, 0x00, 0x00, 0x00, 0x00, 0x00, 0x00, 0x00, 0x00, 0x00, 0x00, 0x00, 0x00, 0x00,
    0x00, 0x00, 0x00, 0x00, 0x00, 0x00, 0x00, 0x00, 0x00, 0x00, 0x00, 0x00, 0x00, 0x00, 0x00, 0x00,
    0x00, 0x00, 0x00, 0x00, 0x00, 0x00, 0x00, 0x00, 0x00, 0x00, 0x00, 0x00, 0x00, 0x00, 0x00, 0x00,
    0x00, 0x00, 0x00, 0x00, 0x00, 0x00, 0x00, 0x00, 0x21, 0x1d, 0x0a, 0xff, 0x21, 0x1d, 0x0a, 0xff,
    0x8b, 0x8f, 0x4e, 0xff, 0x8b, 0x8f, 0x4e, 0xff, 0x6b, 0x68, 0x63, 0xff, 0x6b, 0x68, 0x63, 0xff,
    0x6d, 0x6a, 0x65, 0xff, 0x6d, 0x6a, 0x65, 0xff, 0x6d, 0x6a, 0x65, 0xff, 0x6d, 0x6a, 0x65, 0xff,
    0x6c, 0x69, 0x64, 0xff, 0x6c, 0x69, 0x64, 0xff, 0x6b, 0x68, 0x64, 0xff, 0x6b, 0x68, 0x64, 0xff,
    0x91, 0x98, 0x4a, 0xff, 0x91, 0x98, 0x4a, 0xff, 0xcf, 0xd9, 0x6e, 0xff, 0xcf, 0xd9, 0x6e, 0xff,
    0x67, 0x63, 0x5f, 0xff, 0x67, 0x63, 0x5f, 0xff, 0x69, 0x65, 0x60, 0xff, 0x69, 0x65, 0x60, 0xff,
    0x69, 0x66, 0x61, 0xff, 0x69, 0x66, 0x61, 0xff, 0x6a, 0x66, 0x61, 0xff, 0x6a, 0x66, 0x61, 0xff,
    0x69, 0x66, 0x61, 0xff, 0x69, 0x66, 0x61, 0xff, 0x6a, 0x66, 0x62, 0xff, 0x6a, 0x66, 0x62, 0xff,
    0x6a, 0x67, 0x63, 0xff, 0x6a, 0x67, 0x63, 0xff, 0x6b, 0x68, 0x63, 0xff, 0x6b, 0x68, 0x63, 0xff,
    0x6a, 0x67, 0x62, 0xff, 0x6a, 0x67, 0x62, 0xff, 0x6b, 0x68, 0x63, 0xff, 0x6b, 0x68, 0x63, 0xff,
    0x6c, 0x69, 0x65, 0xff, 0x6c, 0x69, 0x65, 0xff, 0x6b, 0x69, 0x65, 0xff, 0x6b, 0x69, 0x65, 0xff,
    0x6c, 0x69, 0x66, 0xff, 0x6c, 0x69, 0x66, 0xff, 0x6d, 0x69, 0x65, 0xff, 0x6d, 0x69, 0x65, 0xff,
    0x6b, 0x68, 0x63, 0xff, 0x6b, 0x68, 0x63, 0xff, 0x16, 0x11, 0x09, 0xff, 0x16, 0x11, 0x09, 0xff,
    0x00, 0x00, 0x00, 0x00, 0x00, 0x00, 0x00, 0x00, 0x00, 0x00, 0x00, 0x00, 0x00, 0x00, 0x00, 0x00,
    0x00, 0x00, 0x00, 0x00, 0x00, 0x00, 0x00, 0x00, 0x00, 0x00, 0x00, 0x00, 0x00, 0x00, 0x00, 0x00,
    0x00, 0x00, 0x00, 0x00, 0x00, 0x00, 0x00, 0x00, 0x00, 0x00, 0x00, 0x00, 0x00, 0x00, 0x00, 0x00,
    0x00, 0x00, 0x00, 0x00, 0x00, 0x00, 0x00, 0x00, 0x15, 0x11, 0x09, 0xff, 0x15, 0x11, 0x09, 0xff,
    0x4b, 0x46, 0x3b, 0xff, 0x4b, 0x46, 0x3b, 0xff, 0x4a, 0x45, 0x3a, 0xff, 0x4a, 0x45, 0x3a, 0xff,
    0x4b, 0x46, 0x3b, 0xff, 0x4b, 0x46, 0x3b, 0xff, 0x4b, 0x46, 0x3b, 0xff, 0x4b, 0x46, 0x3b, 0xff,
    0x4a, 0x46, 0x3b, 0xff, 0x4a, 0x46, 0x3b, 0xff, 0x4c, 0x47, 0x3d, 0xff, 0x4c, 0x47, 0x3d, 0xff,
    0x4a, 0x45, 0x3c, 0xff, 0x4a, 0x45, 0x3c, 0xff, 0x4d, 0x46, 0x3d, 0xff, 0x4d, 0x46, 0x3d, 0xff,
    0x74, 0x6f, 0x6e, 0xff, 0x74, 0x6f, 0x6e, 0xff, 0x8d, 0x8d, 0x8d, 0xff, 0x8d, 0x8d, 0x8d, 0xff,
    0x8c, 0x8c, 0x8d, 0xff, 0x8c, 0x8c, 0x8d, 0xff, 0x8c, 0x8c, 0x8d, 0xff, 0x8c, 0x8c, 0x8d, 0xff,
    0x8c, 0x8c, 0x8d, 0xff, 0x8c, 0x8c, 0x8d, 0xff, 0x8c, 0x8c, 0x8c, 0xff, 0x8c, 0x8c, 0x8c, 0xff,
    0x6f, 0x6d, 0x6a, 0xff, 0x6f, 0x6d, 0x6a, 0xff, 0x49, 0x44, 0x3a, 0xff, 0x49, 0x44, 0x3a, 0xff,
    0x4a, 0x45, 0x3b, 0xff, 0x4a, 0x45, 0x3b, 0xff, 0x4a, 0x45, 0x3b, 0xff, 0x4a, 0x45, 0x3b, 0xff,
    0x4a, 0x45, 0x3b, 0xff, 0x4a, 0x45, 0x3b, 0xff, 0x4a, 0x45, 0x3b, 0xff, 0x4a, 0x45, 0x3b, 0xff,
    0x4a, 0x44, 0x3a, 0xff, 0x4a, 0x44, 0x3a, 0xff, 0x4a, 0x44, 0x3a, 0xff, 0x4a, 0x44, 0x3a, 0xff,
    0x48, 0x43, 0x39, 0xff, 0x48, 0x43, 0x39, 0xff, 0x15, 0x11, 0x09, 0xff, 0x15, 0x11, 0x09, 0xff,
    0x00, 0x00, 0x00, 0x00, 0x00, 0x00, 0x00, 0x00, 0x00, 0x00, 0x00, 0x00, 0x00, 0x00, 0x00, 0x00,
    0x00, 0x00, 0x00, 0x00, 0x00, 0x00, 0x00, 0x00, 0x00, 0x00, 0x00, 0x00, 0x00, 0x00, 0x00, 0x00,
    0x00, 0x00, 0x00, 0x00, 0x00, 0x00, 0x00, 0x00, 0x00, 0x00, 0x00, 0x00, 0x00, 0x00, 0x00, 0x00,
    0x00, 0x00, 0x00, 0x00, 0x00, 0x00, 0x00, 0x00, 0x15, 0x11, 0x09, 0xff, 0x15, 0x11, 0x09, 0xff,
    0x4b, 0x46, 0x3b, 0xff, 0x4b, 0x46, 0x3b, 0xff, 0x4a, 0x45, 0x3a, 0xff, 0x4a, 0x45, 0x3a, 0xff,
    0x4b, 0x46, 0x3b, 0xff, 0x4b, 0x46, 0x3b, 0xff, 0x4b, 0x46, 0x3b, 0xff, 0x4b, 0x46, 0x3b, 0xff,
    0x4a, 0x46, 0x3b, 0xff, 0x4a, 0x46, 0x3b, 0xff, 0x4c, 0x47, 0x3d, 0xff, 0x4c, 0x47, 0x3d, 0xff,
    0x4a, 0x45, 0x3c, 0xff, 0x4a, 0x45, 0x3c, 0xff, 0x4d, 0x46, 0x3d, 0xff, 0x4d, 0x46, 0x3d, 0xff,
    0x74, 0x6f, 0x6e, 0xff, 0x74, 0x6f, 0x6e, 0xff, 0x8d, 0x8d, 0x8d, 0xff, 0x8d, 0x8d, 0x8d, 0xff,
    0x8c, 0x8c, 0x8d, 0xff, 0x8c, 0x8c, 0x8d, 0xff, 0x8c, 0x8c, 0x8d, 0xff, 0x8c, 0x8c, 0x8d, 0xff,
    0x8c, 0x8c, 0x8d, 0xff, 0x8c, 0x8c, 0x8d, 0xff, 0x8c, 0x8c, 0x8c, 0xff, 0x8c, 0x8c, 0x8c, 0xff,
    0x6f, 0x6d, 0x6a, 0xff, 0x6f, 0x6d, 0x6a, 0xff, 0x49, 0x44, 0x3a, 0xff, 0x49, 0x44, 0x3a, 0xff,
    0x4a, 0x45, 0x3b, 0xff, 0x4a, 0x45, 0x3b, 0xff, 0x4a, 0x45, 0x3b, 0xff, 0x4a, 0x45, 0x3b, 0xff,
    0x4a, 0x45, 0x3b, 0xff, 0x4a, 0x45, 0x3b, 0xff, 0x4a, 0x45, 0x3b, 0xff, 0x4a, 0x45, 0x3b, 0xff,
    0x4a, 0x44, 0x3a, 0xff, 0x4a, 0x44, 0x3a, 0xff, 0x4a, 0x44, 0x3a, 0xff, 0x4a, 0x44, 0x3a, 0xff,
    0x48, 0x43, 0x39, 0xff, 0x48, 0x43, 0x39, 0xff, 0x15, 0x11, 0x09, 0xff, 0x15, 0x11, 0x09, 0xff,
    0x00, 0x00, 0x00, 0x00, 0x00, 0x00, 0x00, 0x00, 0x00, 0x00, 0x00, 0x00, 0x00, 0x00, 0x00, 0x00,
    0x00, 0x00, 0x00, 0x00, 0x00, 0x00, 0x00, 0x00, 0x00, 0x00, 0x00, 0x00, 0x00, 0x00, 0x00, 0x00,
    0x00, 0x00, 0x00, 0x00, 0x00, 0x00, 0x00, 0x00, 0x00, 0x00, 0x00, 0x00, 0x00, 0x00, 0x00, 0x00,
    0x00, 0x00, 0x00, 0x00, 0x00, 0x00, 0x00, 0x00, 0x00, 0x00, 0x00, 0x00, 0x00, 0x00, 0x00, 0x00,
    0x11, 0x0d, 0x08, 0xff, 0x11, 0x0d, 0x08, 0xff, 0x10, 0x0d, 0x08, 0xff, 0x10, 0x0d, 0x08, 0xff,
    0x10, 0x0d, 0x07, 0xff, 0x10, 0x0d, 0x07, 0xff, 0x10, 0x0d, 0x07, 0xff, 0x10, 0x0d, 0x07, 0xff,
    0x10, 0x0d, 0x08, 0xff, 0x10, 0x0d, 0x08, 0xff, 0x11, 0x0d, 0x08, 0xff, 0x11, 0x0d, 0x08, 0xff,
    0x10, 0x0d, 0x07, 0xff, 0x10, 0x0d, 0x07, 0xff, 0x10, 0x0d, 0x07, 0xff, 0x10, 0x0d, 0x07, 0xff,
    0x11, 0x0d, 0x08, 0xff, 0x11, 0x0d, 0x08, 0xff, 0x10, 0x0d, 0x08, 0xff, 0x10, 0x0d, 0x08, 0xff,
    0x10, 0x0d, 0x08, 0xff, 0x10, 0x0d, 0x08, 0xff, 0x11, 0x0d, 0x08, 0xff, 0x11, 0x0d, 0x08, 0xff,
    0x11, 0x0d, 0x08, 0xff, 0x11, 0x0d, 0x08, 0xff, 0x11, 0x0e, 0x09, 0xff, 0x11, 0x0e, 0x09, 0xff,
    0x11, 0x0d, 0x08, 0xff, 0x11, 0x0d, 0x08, 0xff, 0x10, 0x0d, 0x08, 0xff, 0x10, 0x0d, 0x08, 0xff,
    0x10, 0x0d, 0x08, 0xff, 0x10, 0x0d, 0x08, 0xff, 0x10, 0x0c, 0x07, 0xff, 0x10, 0x0c, 0x07, 0xff,
    0x10, 0x0d, 0x07, 0xff, 0x10, 0x0d, 0x07, 0xff, 0x11, 0x0d, 0x08, 0xff, 0x11, 0x0d, 0x08, 0xff,
    0x10, 0x0d, 0x07, 0xff, 0x10, 0x0d, 0x07, 0xff, 0x10, 0x0d, 0x08, 0xff, 0x10, 0x0d, 0x08, 0xff,
    0x11, 0x0e, 0x08, 0xff, 0x11, 0x0e, 0x08, 0xff, 0x00, 0x00, 0x00, 0x00, 0x00, 0x00, 0x00, 0x00,
    0x00, 0x00, 0x00, 0x00, 0x00, 0x00, 0x00, 0x00, 0x00, 0x00, 0x00, 0x00, 0x00, 0x00, 0x00, 0x00,
    0x00, 0x00, 0x00, 0x00, 0x00, 0x00, 0x00, 0x00, 0x00, 0x00, 0x00, 0x00, 0x00, 0x00, 0x00, 0x00,
    0x00, 0x00, 0x00, 0x00, 0x00, 0x00, 0x00, 0x00, 0x00, 0x00, 0x00, 0x00, 0x00, 0x00, 0x00, 0x00,
    0x00, 0x00, 0x00, 0x00, 0x00, 0x00, 0x00, 0x00, 0x00, 0x00, 0x00, 0x00, 0x00, 0x00, 0x00, 0x00,
    0x11, 0x0d, 0x08, 0xff, 0x11, 0x0d, 0x08, 0xff, 0x10, 0x0d, 0x08, 0xff, 0x10, 0x0d, 0x08, 0xff,
    0x10, 0x0d, 0x07, 0xff, 0x10, 0x0d, 0x07, 0xff, 0x10, 0x0d, 0x07, 0xff, 0x10, 0x0d, 0x07, 0xff,
    0x10, 0x0d, 0x08, 0xff, 0x10, 0x0d, 0x08, 0xff, 0x11, 0x0d, 0x08, 0xff, 0x11, 0x0d, 0x08, 0xff,
    0x10, 0x0d, 0x07, 0xff, 0x10, 0x0d, 0x07, 0xff, 0x10, 0x0d, 0x07, 0xff, 0x10, 0x0d, 0x07, 0xff,
    0x11, 0x0d, 0x08, 0xff, 0x11, 0x0d, 0x08, 0xff, 0x10, 0x0d, 0x08, 0xff, 0x10, 0x0d, 0x08, 0xff,
    0x10, 0x0d, 0x08, 0xff, 0x10, 0x0d, 0x08, 0xff, 0x11, 0x0d, 0x08, 0xff, 0x11, 0x0d, 0x08, 0xff,
    0x11, 0x0d, 0x08, 0xff, 0x11, 0x0d, 0x08, 0xff, 0x11, 0x0e, 0x09, 0xff, 0x11, 0x0e, 0x09, 0xff,
    0x11, 0x0d, 0x08, 0xff, 0x11, 0x0d, 0x08, 0xff, 0x10, 0x0d, 0x08, 0xff, 0x10, 0x0d, 0x08, 0xff,
    0x10, 0x0d, 0x08, 0xff, 0x10, 0x0d, 0x08, 0xff, 0x10, 0x0c, 0x07, 0xff, 0x10, 0x0c, 0x07, 0xff,
    0x10, 0x0d, 0x07, 0xff, 0x10, 0x0d, 0x07, 0xff, 0x11, 0x0d, 0x08, 0xff, 0x11, 0x0d, 0x08, 0xff,
    0x10, 0x0d, 0x07, 0xff, 0x10, 0x0d, 0x07, 0xff, 0x10, 0x0d, 0x08, 0xff, 0x10, 0x0d, 0x08, 0xff,
    0x11, 0x0e, 0x08, 0xff, 0x11, 0x0e, 0x08, 0xff, 0x00, 0x00, 0x00, 0x00, 0x00, 0x00, 0x00, 0x00,
    0x00, 0x00, 0x00, 0x00, 0x00, 0x00, 0x00, 0x00, 0x00, 0x00, 0x00, 0x00, 0x00, 0x00, 0x00, 0x00,
    0x00, 0x00, 0x00, 0x00, 0x00, 0x00, 0x00, 0x00, 0x00, 0x00, 0x00, 0x00, 0x00, 0x00, 0x00, 0x00,
    0x00, 0x00, 0x00, 0x00, 0x00, 0x00, 0x00, 0x00, 0x00, 0x00, 0x00, 0x00, 0x00, 0x00, 0x00, 0x00,
    0x00, 0x00, 0x00, 0x00, 0x00, 0x00, 0x00, 0x00, 0x00, 0x00, 0x00, 0x00, 0x00, 0x00, 0x00, 0x00,
    0x00, 0x00, 0x00, 0x00, 0x00, 0x00, 0x00, 0x00, 0x00, 0x00, 0x00, 0x00, 0x00, 0x00, 0x00, 0x00,
    0x00, 0x00, 0x00, 0x00, 0x00, 0x00, 0x00, 0x00, 0x00, 0x00, 0x00, 0x00, 0x00, 0x00, 0x00, 0x00,
    0x00, 0x00, 0x00, 0x00, 0x00, 0x00, 0x00, 0x00, 0x00, 0x00, 0x00, 0x00, 0x00, 0x00, 0x00, 0x00,
    0x00, 0x00, 0x00, 0x00, 0x00, 0x00, 0x00, 0x00, 0x00, 0x00, 0x00, 0x00, 0x00, 0x00, 0x00, 0x00,
    0x00, 0x00, 0x00, 0x00, 0x00, 0x00, 0x00, 0x00, 0x00, 0x00, 0x00, 0x00, 0x00, 0x00, 0x00, 0x00,
    0x00, 0x00, 0x00, 0x00, 0x00, 0x00, 0x00, 0x00, 0x00, 0x00, 0x00, 0x00, 0x00, 0x00, 0x00, 0x00,
    0x00, 0x00, 0x00, 0x00, 0x00, 0x00, 0x00, 0x00, 0x00, 0x00, 0x00, 0x00, 0x00, 0x00, 0x00, 0x00,
    0x00, 0x00, 0x00, 0x00, 0x00, 0x00, 0x00, 0x00, 0x00, 0x00, 0x00, 0x00, 0x00, 0x00, 0x00, 0x00,
    0x00, 0x00, 0x00, 0x00, 0x00, 0x00, 0x00, 0x00, 0x00, 0x00, 0x00, 0x00, 0x00, 0x00, 0x00, 0x00,
    0x00, 0x00, 0x00, 0x00, 0x00, 0x00, 0x00, 0x00, 0x00, 0x00, 0x00, 0x00, 0x00, 0x00, 0x00, 0x00,
    0x00, 0x00, 0x00, 0x00, 0x00, 0x00, 0x00, 0x00, 0x00, 0x00, 0x00, 0x00, 0x00, 0x00, 0x00, 0x00,
    0x00, 0x00, 0x00, 0x00, 0x00, 0x00, 0x00, 0x00, 0x00, 0x00, 0x00, 0x00, 0x00, 0x00, 0x00, 0x00,
    0x00, 0x00, 0x00, 0x00, 0x00, 0x00, 0x00, 0x00, 0x00, 0x00, 0x00, 0x00, 0x00, 0x00, 0x00, 0x00,
    0x00, 0x00, 0x00, 0x00, 0x00, 0x00, 0x00, 0x00, 0x00, 0x00, 0x00, 0x00, 0x00, 0x00, 0x00, 0x00,
    0x00, 0x00, 0x00, 0x00, 0x00, 0x00, 0x00, 0x00, 0x00, 0x00, 0x00, 0x00, 0x00, 0x00, 0x00, 0x00,
    0x00, 0x00, 0x00, 0x00, 0x00, 0x00, 0x00, 0x00, 0x00, 0x00, 0x00, 0x00, 0x00, 0x00, 0x00, 0x00,
    0x00, 0x00, 0x00, 0x00, 0x00, 0x00, 0x00, 0x00, 0x00, 0x00, 0x00, 0x00, 0x00, 0x00, 0x00, 0x00,
    0x00, 0x00, 0x00, 0x00, 0x00, 0x00, 0x00, 0x00, 0x00, 0x00, 0x00, 0x00, 0x00, 0x00, 0x00, 0x00,
    0x00, 0x00, 0x00, 0x00, 0x00, 0x00, 0x00, 0x00, 0x00, 0x00, 0x00, 0x00, 0x00, 0x00, 0x00, 0x00,
    0x00, 0x00, 0x00, 0x00, 0x00, 0x00, 0x00, 0x00, 0x00, 0x00, 0x00, 0x00, 0x00, 0x00, 0x00, 0x00,
    0x00, 0x00, 0x00, 0x00, 0x00, 0x00, 0x00, 0x00, 0x00, 0x00, 0x00, 0x00, 0x00, 0x00, 0x00, 0x00,
    0x00, 0x00, 0x00, 0x00, 0x00, 0x00, 0x00, 0x00, 0x00, 0x00, 0x00, 0x00, 0x00, 0x00, 0x00, 0x00,
    0x00, 0x00, 0x00, 0x00, 0x00, 0x00, 0x00, 0x00, 0x00, 0x00, 0x00, 0x00, 0x00, 0x00, 0x00, 0x00,
    0x00, 0x00, 0x00, 0x00, 0x00, 0x00, 0x00, 0x00, 0x00, 0x00, 0x00, 0x00, 0x00, 0x00, 0x00, 0x00,
    0x00, 0x00, 0x00, 0x00, 0x00, 0x00, 0x00, 0x00, 0x00, 0x00, 0x00, 0x00, 0x00, 0x00, 0x00, 0x00,
    0x00, 0x00, 0x00, 0x00, 0x00, 0x00, 0x00, 0x00, 0x00, 0x00, 0x00, 0x00, 0x00, 0x00, 0x00, 0x00,
    0x00, 0x00, 0x00, 0x00, 0x00, 0x00, 0x00, 0x00, 0x00, 0x00, 0x00, 0x00, 0x00, 0x00, 0x00, 0x00,
    0x00, 0x00, 0x00, 0x00, 0x00, 0x00, 0x00, 0x00, 0x00, 0x00, 0x00, 0x00, 0x00, 0x00, 0x00, 0x00,
    0x00, 0x00, 0x00, 0x00, 0x00, 0x00, 0x00, 0x00, 0x00, 0x00, 0x00, 0x00, 0x00, 0x00, 0x00, 0x00,
    0x00, 0x00, 0x00, 0x00, 0x00, 0x00, 0x00, 0x00, 0x00, 0x00, 0x00, 0x00, 0x00, 0x00, 0x00, 0x00,
};

const lv_image_dsc_t ui_icon_coding = {
    .header.magic = LV_IMAGE_HEADER_MAGIC,
    .header.cf = LV_COLOR_FORMAT_ARGB8888,
    .header.flags = 0,
    .header.w = 64,
    .header.h = 64,
    .header.stride = 256,
    .data_size = sizeof(ui_icon_coding_map),
    .data = ui_icon_coding_map,
};

static const uint8_t ui_icon_pomodoro_map[] = {
    0x00, 0x00, 0x00, 0x00, 0x00, 0x00, 0x00, 0x00, 0x00, 0x00, 0x00, 0x00, 0x00, 0x00, 0x00, 0x00,
    0x00, 0x00, 0x00, 0x00, 0x00, 0x00, 0x00, 0x00, 0x00, 0x00, 0x00, 0x00, 0x00, 0x00, 0x00, 0x00,
    0x00, 0x00, 0x00, 0x00, 0x00, 0x00, 0x00, 0x00, 0x00, 0x00, 0x00, 0x00, 0x00, 0x00, 0x00, 0x00,
    0x00, 0x00, 0x00, 0x00, 0x00, 0x00, 0x00, 0x00, 0x00, 0x00, 0x00, 0x00, 0x00, 0x00, 0x00, 0x00,
    0x00, 0x00, 0x00, 0x00, 0x00, 0x00, 0x00, 0x00, 0x00, 0x00, 0x00, 0x00, 0x00, 0x00, 0x00, 0x00,
    0x00, 0x00, 0x00, 0x00, 0x00, 0x00, 0x00, 0x00, 0x00, 0x00, 0x00, 0x00, 0x00, 0x00, 0x00, 0x00,
    0x00, 0x00, 0x00, 0x00, 0x00, 0x00, 0x00, 0x00, 0x00, 0x00, 0x00, 0x00, 0x00, 0x00, 0x00, 0x00,
    0x00, 0x00, 0x00, 0x00, 0x00, 0x00, 0x00, 0x00, 0x00, 0x00, 0x00, 0x00, 0x00, 0x00, 0x00, 0x00,
    0x00, 0x00, 0x00, 0x00, 0x00, 0x00, 0x00, 0x00, 0x00, 0x00, 0x00, 0x00, 0x00, 0x00, 0x00, 0x00,
    0x00, 0x00, 0x00, 0x00, 0x00, 0x00, 0x00, 0x00, 0x00, 0x00, 0x00, 0x00, 0x00, 0x00, 0x00, 0x00,
    0x00, 0x00, 0x00, 0x00, 0x00, 0x00, 0x00, 0x00, 0x00, 0x00, 0x00, 0x00, 0x00, 0x00, 0x00, 0x00,
    0x00, 0x00, 0x00, 0x00, 0x00, 0x00, 0x00, 0x00, 0x00, 0x00, 0x00, 0x00, 0x00, 0x00, 0x00, 0x00,
    0x00, 0x00, 0x00, 0x00, 0x00, 0x00, 0x00, 0x00, 0x00, 0x00, 0x00, 0x00, 0x00, 0x00, 0x00, 0x00,
    0x00, 0x00, 0x00, 0x00, 0x00, 0x00, 0x00, 0x00, 0x00, 0x00, 0x00, 0x00, 0x00, 0x00, 0x00, 0x00,
    0x00, 0x00, 0x00, 0x00, 0x00, 0x00, 0x00, 0x00, 0x00, 0x00, 0x00, 0x00, 0x00, 0x00, 0x00, 0x00,
    0x00, 0x00, 0x00, 0x00, 0x00, 0x00, 0x00, 0x00, 0x00, 0x00, 0x00, 0x00, 0x00, 0x00, 0x00, 0x00,
    0x00, 0x00, 0x00, 0x00, 0x00, 0x00, 0x00, 0x00, 0x00, 0x00, 0x00, 0x00, 0x00, 0x00, 0x00, 0x00,
    0x00, 0x00, 0x00, 0x00, 0x00, 0x00, 0x00, 0x00, 0x00, 0x00, 0x00, 0x00, 0x00, 0x00, 0x00, 0x00,
    0x00, 0x00, 0x00, 0x00, 0x00, 0x00, 0x00, 0x00, 0x00, 0x00, 0x00, 0x00, 0x00, 0x00, 0x00, 0x00,
    0x00, 0x00, 0x00, 0x00, 0x00, 0x00, 0x00, 0x00, 0x00, 0x00, 0x00, 0x00, 0x00, 0x00, 0x00, 0x00,
    0x00, 0x00, 0x00, 0x00, 0x00, 0x00, 0x00, 0x00, 0x00, 0x00, 0x00, 0x00, 0x00, 0x00, 0x00, 0x00,
    0x00, 0x00, 0x00, 0x00, 0x00, 0x00, 0x00, 0x00, 0x00, 0x00, 0x00, 0x00, 0x00, 0x00, 0x00, 0x00,
    0x00, 0x00, 0x00, 0x00, 0x00, 0x00, 0x00, 0x00, 0x00, 0x00, 0x00, 0x00, 0x00, 0x00, 0x00, 0x00,
    0x00, 0x00, 0x00, 0x00, 0x00, 0x00, 0x00, 0x00, 0x00, 0x00, 0x00, 0x00, 0x00, 0x00, 0x00, 0x00,
    0x00, 0x00, 0x00, 0x00, 0x00, 0x00, 0x00, 0x00, 0x00, 0x00, 0x00, 0x00, 0x00, 0x00, 0x00, 0x00,
    0x00, 0x00, 0x00, 0x00, 0x00, 0x00, 0x00, 0x00, 0x00, 0x00, 0x00, 0x00, 0x00, 0x00, 0x00, 0x00,
    0x00, 0x00, 0x00, 0x00, 0x00, 0x00, 0x00, 0x00, 0x00, 0x00, 0x00, 0x00, 0x00, 0x00, 0x00, 0x00,
    0x00, 0x00, 0x00, 0x00, 0x00, 0x00, 0x00, 0x00, 0x00, 0x00, 0x00, 0x00, 0x00, 0x00, 0x00, 0x00,
    0x00, 0x00, 0x00, 0x00, 0x00, 0x00, 0x00, 0x00, 0x00, 0x00, 0x00, 0x00, 0x00, 0x00, 0x00, 0x00,
    0x00, 0x00, 0x00, 0x00, 0x00, 0x00, 0x00, 0x00, 0x00, 0x00, 0x00, 0x00, 0x00, 0x00, 0x00, 0x00,
    0x00, 0x00, 0x00, 0x00, 0x00, 0x00, 0x00, 0x00, 0x00, 0x00, 0x00, 0x00, 0x00, 0x00, 0x00, 0x00,
    0x00, 0x00, 0x00, 0x00, 0x00, 0x00, 0x00, 0x00, 0x00, 0x00, 0x00, 0x00, 0x00, 0x00, 0x00, 0x00,
    0x00, 0x00, 0x00, 0x00, 0x00, 0x00, 0x00, 0x00, 0x00, 0x00, 0x00, 0x00, 0x00, 0x00, 0x00, 0x00,
    0x00, 0x00, 0x00, 0x00, 0x00, 0x00, 0x00, 0x00, 0x00, 0x00, 0x00, 0x00, 0x00, 0x00, 0x00, 0x00,
    0x00, 0x00, 0x00, 0x00, 0x00, 0x00, 0x00, 0x00, 0x00, 0x00, 0x00, 0x00, 0x00, 0x00, 0x00, 0x00,
    0x00, 0x00, 0x00, 0x00, 0x00, 0x00, 0x00, 0x00, 0x00, 0x00, 0x00, 0x00, 0x00, 0x00, 0x00, 0x00,
    0x00, 0x00, 0x00, 0x00, 0x00, 0x00, 0x00, 0x00, 0x00, 0x00, 0x00, 0x00, 0x00, 0x00, 0x00, 0x00,
    0x00, 0x00, 0x00, 0x00, 0x00, 0x00, 0x00, 0x00, 0x00, 0x00, 0x00, 0x00, 0x00, 0x00, 0x00, 0x00,
    0x00, 0x00, 0x00, 0x00, 0x00, 0x00, 0x00, 0x00, 0x00, 0x00, 0x00, 0x00, 0x00, 0x00, 0x00, 0x00,
    0x00, 0x00, 0x00, 0x00, 0x00, 0x00, 0x00, 0x00, 0x00, 0x00, 0x00, 0x00, 0x00, 0x00, 0x00, 0x00,
    0x00, 0x00, 0x00, 0x00, 0x00, 0x00, 0x00, 0x00, 0x00, 0x00, 0x00, 0x00, 0x00, 0x00, 0x00, 0x00,
    0x00, 0x00, 0x00, 0x00, 0x00, 0x00, 0x00, 0x00, 0x00, 0x00, 0x00, 0x00, 0x00, 0x00, 0x00, 0x00,
    0x00, 0x00, 0x00, 0x00, 0x00, 0x00, 0x00, 0x00, 0x00, 0x00, 0x00, 0x00, 0x00, 0x00, 0x00, 0x00,
    0x00, 0x00, 0x00, 0x00, 0x00, 0x00, 0x00, 0x00, 0x00, 0x00, 0x00, 0x00, 0x00, 0x00, 0x00, 0x00,
    0x00, 0x00, 0x00, 0x00, 0x00, 0x00, 0x00, 0x00, 0x00, 0x00, 0x00, 0x00, 0x00, 0x00, 0x00, 0x00,
    0x00, 0x00, 0x00, 0x00, 0x00, 0x00, 0x00, 0x00, 0x00, 0x00, 0x00, 0x00, 0x00, 0x00, 0x00, 0x00,
    0x00, 0x00, 0x00, 0x00, 0x00, 0x00, 0x00, 0x00, 0x00, 0x00, 0x00, 0x00, 0x00, 0x00, 0x00, 0x00,
    0x00, 0x00, 0x00, 0x00, 0x00, 0x00, 0x00, 0x00, 0x00, 0x00, 0x00, 0x00, 0x00, 0x00, 0x00, 0x00,
    0x00, 0x00, 0x00, 0x00, 0x00, 0x00, 0x00, 0x00, 0x00, 0x00, 0x00, 0x00, 0x00, 0x00, 0x00, 0x00,
    0x00, 0x00, 0x00, 0x00, 0x00, 0x00, 0x00, 0x00, 0x00, 0x00, 0x00, 0x00, 0x00, 0x00, 0x00, 0x00,
    0x00, 0x00, 0x00, 0x00, 0x00, 0x00, 0x00, 0x00, 0x00, 0x00, 0x00, 0x00, 0x00, 0x00, 0x00, 0x00,
    0x00, 0x00, 0x00, 0x00, 0x00, 0x00, 0x00, 0x00, 0x00, 0x00, 0x00, 0x00, 0x00, 0x00, 0x00, 0x00,
    0x00, 0x00, 0x00, 0x00, 0x00, 0x00, 0x00, 0x00, 0x00, 0x00, 0x00, 0x00, 0x00, 0x00, 0x00, 0x00,
    0x00, 0x00, 0x00, 0x00, 0x00, 0x00, 0x00, 0x00, 0x00, 0x00, 0x00, 0x00, 0x00, 0x00, 0x00, 0x00,
    0x00, 0x00, 0x00, 0x00, 0x00, 0x00, 0x00, 0x00, 0x00, 0x00, 0x00, 0x00, 0x00, 0x00, 0x00, 0x00,
    0x00, 0x00, 0x00, 0x00, 0x00, 0x00, 0x00, 0x00, 0x00, 0x00, 0x00, 0x00, 0x00, 0x00, 0x00, 0x00,
    0x00, 0x00, 0x00, 0x00, 0x00, 0x00, 0x00, 0x00, 0x00, 0x00, 0x00, 0x00, 0x00, 0x00, 0x00, 0x00,
    0x00, 0x00, 0x00, 0x00, 0x00, 0x00, 0x00, 0x00, 0x00, 0x00, 0x00, 0x00, 0x00, 0x00, 0x00, 0x00,
    0x00, 0x00, 0x00, 0x00, 0x00, 0x00, 0x00, 0x00, 0x00, 0x00, 0x00, 0x00, 0x00, 0x00, 0x00, 0x00,
    0x00, 0x00, 0x00, 0x00, 0x00, 0x00, 0x00, 0x00, 0x00, 0x00, 0x00, 0x00, 0x00, 0x00, 0x00, 0x00,
    0x00, 0x00, 0x00, 0x00, 0x00, 0x00, 0x00, 0x00, 0x00, 0x00, 0x00, 0x00, 0x00, 0x00, 0x00, 0x00,
    0x00, 0x00, 0x00, 0x00, 0x00, 0x00, 0x00, 0x00, 0x00, 0x00, 0x00, 0x00, 0x00, 0x00, 0x00, 0x00,
    0x00, 0x00, 0x00, 0x00, 0x00, 0x00, 0x00, 0x00, 0x00, 0x00, 0x00, 0x00, 0x00, 0x00, 0x00, 0x00,
    0x00, 0x00, 0x00, 0x00, 0x00, 0x00, 0x00, 0x00, 0x00, 0x00, 0x00, 0x00, 0x00, 0x00, 0x00, 0x00,
    0x00, 0x00, 0x00, 0x00, 0x00, 0x00, 0x00, 0x00, 0x00, 0x00, 0x00, 0x00, 0x00, 0x00, 0x00, 0x00,
    0x00, 0x00, 0x00, 0x00, 0x00, 0x00, 0x00, 0x00, 0x00, 0x00, 0x00, 0x00, 0x00, 0x00, 0x00, 0x00,
    0x00, 0x00, 0x00, 0x00, 0x00, 0x00, 0x00, 0x00, 0x00, 0x00, 0x00, 0x00, 0x00, 0x00, 0x00, 0x00,
    0x00, 0x00, 0x00, 0x00, 0x00, 0x00, 0x00, 0x00, 0x00, 0x00, 0x00, 0x00, 0x00, 0x00, 0x00, 0x00,
    0x00, 0x00, 0x00, 0x00, 0x00, 0x00, 0x00, 0x00, 0x00, 0x00, 0x00, 0x00, 0x00, 0x00, 0x00, 0x00,
    0x00, 0x00, 0x00, 0x00, 0x00, 0x00, 0x00, 0x00, 0x00, 0x00, 0x00, 0x00, 0x00, 0x00, 0x00, 0x00,
    0x00, 0x00, 0x00, 0x00, 0x00, 0x00, 0x00, 0x00, 0x00, 0x00, 0x00, 0x00, 0x00, 0x00, 0x00, 0x00,
    0x00, 0x00, 0x00, 0x00, 0x00, 0x00, 0x00, 0x00, 0x25, 0x6f, 0x14, 0xff, 0x25, 0x6f, 0x14, 0xff,
    0x24, 0x6f, 0x11, 0xff, 0x24, 0x6f, 0x11, 0xff, 0x00, 0x00, 0x00, 0x00, 0x00, 0x00, 0x00, 0x00,
    0x00, 0x00, 0x00, 0x00, 0x00, 0x00, 0x00, 0x00, 0x00, 0x00, 0x00, 0x00, 0x00, 0x00, 0x00, 0x00,
    0x00, 0x00, 0x00, 0x00, 0x00, 0x00, 0x00, 0x00, 0x00, 0x00, 0x00, 0x00, 0x00, 0x00, 0x00, 0x00,
    0x00, 0x00, 0x00, 0x00, 0x00, 0x00, 0x00, 0x00, 0x00, 0x00, 0x00, 0x00, 0x00, 0x00, 0x00, 0x00,
    0x00, 0x00, 0x00, 0x00, 0x00, 0x00, 0x00, 0x00, 0x00, 0x00, 0x00, 0x00, 0x00, 0x00, 0x00, 0x00,
    0x00, 0x00, 0x00, 0x00, 0x00, 0x00, 0x00, 0x00, 0x00, 0x00, 0x00, 0x00, 0x00, 0x00, 0x00, 0x00,
    0x00, 0x00, 0x00, 0x00, 0x00, 0x00, 0x00, 0x00, 0x00, 0x00, 0x00, 0x00, 0x00, 0x00, 0x00, 0x00,
    0x00, 0x00, 0x00, 0x00, 0x00, 0x00, 0x00, 0x00, 0x00, 0x00, 0x00, 0x00, 0x00, 0x00, 0x00, 0x00,
    0x00, 0x00, 0x00, 0x00, 0x00, 0x00, 0x00, 0x00, 0x00, 0x00, 0x00, 0x00, 0x00, 0x00, 0x00, 0x00,
    0x00, 0x00, 0x00, 0x00, 0x00, 0x00, 0x00, 0x00, 0x00, 0x00, 0x00, 0x00, 0x00, 0x00, 0x00, 0x00,
    0x00, 0x00, 0x00, 0x00, 0x00, 0x00, 0x00, 0x00, 0x00, 0x00, 0x00, 0x00, 0x00, 0x00, 0x00, 0x00,
    0x00, 0x00, 0x00, 0x00, 0x00, 0x00, 0x00, 0x00, 0x00, 0x00, 0x00, 0x00, 0x00, 0x00, 0x00, 0x00,
    0x00, 0x00, 0x00, 0x00, 0x00, 0x00, 0x00, 0x00, 0x00, 0x00, 0x00, 0x00, 0x00, 0x00, 0x00, 0x00,
    0x00, 0x00, 0x00, 0x00, 0x00, 0x00, 0x00, 0x00, 0x00, 0x00, 0x00, 0x00, 0x00, 0x00, 0x00, 0x00,
    0x00, 0x00, 0x00, 0x00, 0x00, 0x00, 0x00, 0x00, 0x00, 0x00, 0x00, 0x00, 0x00, 0x00, 0x00, 0x00,
    0x00, 0x00, 0x00, 0x00, 0x00, 0x00, 0x00, 0x00, 0x25, 0x6f, 0x14, 0xff, 0x25, 0x6f, 0x14, 0xff,
    0x24, 0x6f, 0x11, 0xff, 0x24, 0x6f, 0x11, 0xff, 0x00, 0x00, 0x00, 0x00, 0x00, 0x00, 0x00, 0x00,
    0x00, 0x00, 0x00, 0x00, 0x00, 0x00, 0x00, 0x00, 0x00, 0x00, 0x00, 0x00, 0x00, 0x00, 0x00, 0x00,
    0x00, 0x00, 0x00, 0x00, 0x00, 0x00, 0x00, 0x00, 0x00, 0x00, 0x00, 0x00, 0x00, 0x00, 0x00, 0x00,
    0x00, 0x00, 0x00, 0x00, 0x00, 0x00, 0x00, 0x00, 0x00, 0x00, 0x00, 0x00, 0x00, 0x00, 0x00, 0x00,
    0x00, 0x00, 0x00, 0x00, 0x00, 0x00, 0x00, 0x00, 0x00, 0x00, 0x00, 0x00, 0x00, 0x00, 0x00, 0x00,
    0x00, 0x00, 0x00, 0x00, 0x00, 0x00, 0x00, 0x00, 0x00, 0x00, 0x00, 0x00, 0x00, 0x00, 0x00, 0x00,
    0x00, 0x00, 0x00, 0x00, 0x00, 0x00, 0x00, 0x00, 0x00, 0x00, 0x00, 0x00, 0x00, 0x00, 0x00, 0x00,
    0x00, 0x00, 0x00, 0x00, 0x00, 0x00, 0x00, 0x00, 0x00, 0x00, 0x00, 0x00, 0x00, 0x00, 0x00, 0x00,
    0x00, 0x00, 0x00, 0x00, 0x00, 0x00, 0x00, 0x00, 0x00, 0x00, 0x00, 0x00, 0x00, 0x00, 0x00, 0x00,
    0x00, 0x00, 0x00, 0x00, 0x00, 0x00, 0x00, 0x00, 0x00, 0x00, 0x00, 0x00, 0x00, 0x00, 0x00, 0x00,
    0x00, 0x00, 0x00, 0x00, 0x00, 0x00, 0x00, 0x00, 0x00, 0x00, 0x00, 0x00, 0x00, 0x00, 0x00, 0x00,
    0x00, 0x00, 0x00, 0x00, 0x00, 0x00, 0x00, 0x00, 0x00, 0x00, 0x00, 0x00, 0x00, 0x00, 0x00, 0x00,
    0x00, 0x00, 0x00, 0x00, 0x00, 0x00, 0x00, 0x00, 0x00, 0x00, 0x00, 0x00, 0x00, 0x00, 0x00, 0x00,
    0x00, 0x00, 0x00, 0x00, 0x00, 0x00, 0x00, 0x00, 0x00, 0x00, 0x00, 0x00, 0x00, 0x00, 0x00, 0x00,
    0x00, 0x00, 0x00, 0x00, 0x00, 0x00, 0x00, 0x00, 0x00, 0x00, 0x00, 0x00, 0x00, 0x00, 0x00, 0x00,
    0x35, 0x8a, 0x24, 0xff, 0x35, 0x8a, 0x24, 0xff, 0x31, 0xc6, 0x43, 0xff, 0x31, 0xc6, 0x43, 0xff,
    0x32, 0xc6, 0x43, 0xff, 0x32, 0xc6, 0x43, 0xff, 0x25, 0x6a, 0x0f, 0xff, 0x25, 0x6a, 0x0f, 0xff,
    0x00, 0x00, 0x00, 0x00, 0x00, 0x00, 0x00, 0x00, 0x00, 0x00, 0x00, 0x00, 0x00, 0x00, 0x00, 0x00,
    0x00, 0x00, 0x00, 0x00, 0x00, 0x00, 0x00, 0x00, 0x00, 0x00, 0x00, 0x00, 0x00, 0x00, 0x00, 0x00,
    0x00, 0x00, 0x00, 0x00, 0x00, 0x00, 0x00, 0x00, 0x00, 0x00, 0x00, 0x00, 0x00, 0x00, 0x00, 0x00,
    0x00, 0x00, 0x00, 0x00, 0x00, 0x00, 0x00, 0x00, 0x00, 0x00, 0x00, 0x00, 0x00, 0x00, 0x00, 0x00,
    0x00, 0x00, 0x00, 0x00, 0x00, 0x00, 0x00, 0x00, 0x00, 0x00, 0x00, 0x00, 0x00, 0x00, 0x00, 0x00,
    0x00, 0x00, 0x00, 0x00, 0x00, 0x00, 0x00, 0x00, 0x00, 0x00, 0x00, 0x00, 0x00, 0x00, 0x00, 0x00,
    0x00, 0x00, 0x00, 0x00, 0x00, 0x00, 0x00, 0x00, 0x00, 0x00, 0x00, 0x00, 0x00, 0x00, 0x00, 0x00,
    0x00, 0x00, 0x00, 0x00, 0x00, 0x00, 0x00, 0x00, 0x00, 0x00, 0x00, 0x00, 0x00, 0x00, 0x00, 0x00,
    0x00, 0x00, 0x00, 0x00, 0x00, 0x00, 0x00, 0x00, 0x00, 0x00, 0x00, 0x00, 0x00, 0x00, 0x00, 0x00,
    0x00, 0x00, 0x00, 0x00, 0x00, 0x00, 0x00, 0x00, 0x00, 0x00, 0x00, 0x00, 0x00, 0x00, 0x00, 0x00,
    0x00, 0x00, 0x00, 0x00, 0x00, 0x00, 0x00, 0x00, 0x00, 0x00, 0x00, 0x00, 0x00, 0x00, 0x00, 0x00,
    0x00, 0x00, 0x00, 0x00, 0x00, 0x00, 0x00, 0x00, 0x00, 0x00, 0x00, 0x00, 0x00, 0x00, 0x00, 0x00,
    0x00, 0x00, 0x00, 0x00, 0x00, 0x00, 0x00, 0x00, 0x00, 0x00, 0x00, 0x00, 0x00, 0x00, 0x00, 0x00,
    0x00, 0x00, 0x00, 0x00, 0x00, 0x00, 0x00, 0x00, 0x00, 0x00, 0x00, 0x00, 0x00, 0x00, 0x00, 0x00,
    0x35, 0x8a, 0x24, 0xff, 0x35, 0x8a, 0x24, 0xff, 0x31, 0xc6, 0x43, 0xff, 0x31, 0xc6, 0x43, 0xff,
    0x32, 0xc6, 0x43, 0xff, 0x32, 0xc6, 0x43, 0xff, 0x25, 0x6a, 0x0f, 0xff, 0x25, 0x6a, 0x0f, 0xff,
    0x00, 0x00, 0x00, 0x00, 0x00, 0x00, 0x00, 0x00, 0x00, 0x00, 0x00, 0x00, 0x00, 0x00, 0x00, 0x00,
    0x00, 0x00, 0x00, 0x00, 0x00, 0x00, 0x00, 0x00, 0x00, 0x00, 0x00, 0x00, 0x00, 0x00, 0x00, 0x00,
    0x00, 0x00, 0x00, 0x00, 0x00, 0x00, 0x00, 0x00, 0x00, 0x00, 0x00, 0x00, 0x00, 0x00, 0x00, 0x00,
    0x00, 0x00, 0x00, 0x00, 0x00, 0x00, 0x00, 0x00, 0x00, 0x00, 0x00, 0x00, 0x00, 0x00, 0x00, 0x00,
    0x00, 0x00, 0x00, 0x00, 0x00, 0x00, 0x00, 0x00, 0x00, 0x00, 0x00, 0x00, 0x00, 0x00, 0x00, 0x00,
    0x00, 0x00, 0x00, 0x00, 0x00, 0x00, 0x00, 0x00, 0x00, 0x00, 0x00, 0x00, 0x00, 0x00, 0x00, 0x00,
    0x00, 0x00, 0x00, 0x00, 0x00, 0x00, 0x00, 0x00, 0x00, 0x00, 0x00, 0x00, 0x00, 0x00, 0x00, 0x00,
    0x00, 0x00, 0x00, 0x00, 0x00, 0x00, 0x00, 0x00, 0x00, 0x00, 0x00, 0x00, 0x00, 0x00, 0x00, 0x00,
    0x00, 0x00, 0x00, 0x00, 0x00, 0x00, 0x00, 0x00, 0x00, 0x00, 0x00, 0x00, 0x00, 0x00, 0x00, 0x00,
    0x00, 0x00, 0x00, 0x00, 0x00, 0x00, 0x00, 0x00, 0x00, 0x00, 0x00, 0x00, 0x00, 0x00, 0x00, 0x00,
    0x00, 0x00, 0x00, 0x00, 0x00, 0x00, 0x00, 0x00, 0x00, 0x00, 0x00, 0x00, 0x00, 0x00, 0x00, 0x00,
    0x00, 0x00, 0x00, 0x00, 0x00, 0x00, 0x00, 0x00, 0x25, 0x6d, 0x11, 0xff, 0x25, 0x6d, 0x11, 0xff,
    0x1e, 0x6c, 0x0d, 0xff, 0x1e, 0x6c, 0x0d, 0xff, 0x1b, 0x4f, 0x07, 0xff, 0x1b, 0x4f, 0x07, 0xff,
    0x00, 0x00, 0x00, 0x00, 0x00, 0x00, 0x00, 0x00, 0x00, 0x00, 0x00, 0x00, 0x00, 0x00, 0x00, 0x00,
    0x36, 0x8c, 0x27, 0xff, 0x36, 0x8c, 0x27, 0xff, 0x32, 0xc1, 0x42, 0xff, 0x32, 0xc1, 0x42, 0xff,
    0x32, 0xc3, 0x41, 0xff, 0x32, 0xc3, 0x41, 0xff, 0x20, 0x52, 0x07, 0xff, 0x20, 0x52, 0x07, 0xff,
    0x00, 0x00, 0x00, 0x00, 0x00, 0x00, 0x00, 0x00, 0x00, 0x00, 0x00, 0x00, 0x00, 0x00, 0x00, 0x00,
    0x20, 0x58, 0x09, 0xff, 0x20, 0x58, 0x09, 0xff, 0x1c, 0x5b, 0x08, 0xff, 0x1c, 0x5b, 0x08, 0xff,
    0x1d, 0x59, 0x08, 0xff, 0x1d, 0x59, 0x08, 0xff, 0x00, 0x00, 0x00, 0x00, 0x00, 0x00, 0x00, 0x00,
    0x00, 0x00, 0x00, 0x00, 0x00, 0x00, 0x00, 0x00, 0x00, 0x00, 0x00, 0x00, 0x00, 0x00, 0x00, 0x00,
    0x00, 0x00, 0x00, 0x00, 0x00, 0x00, 0x00, 0x00, 0x00, 0x00, 0x00, 0x00, 0x00, 0x00, 0x00, 0x00,
    0x00, 0x00, 0x00, 0x00, 0x00, 0x00, 0x00, 0x00, 0x00, 0x00, 0x00, 0x00, 0x00, 0x00, 0x00, 0x00,
    0x00, 0x00, 0x00, 0x00, 0x00, 0x00, 0x00, 0x00, 0x00, 0x00, 0x00, 0x00, 0x00, 0x00, 0x00, 0x00,
    0x00, 0x00, 0x00, 0x00, 0x00, 0x00, 0x00, 0x00, 0x00, 0x00, 0x00, 0x00, 0x00, 0x00, 0x00, 0x00,
    0x00, 0x00, 0x00, 0x00, 0x00, 0x00, 0x00, 0x00, 0x00, 0x00, 0x00, 0x00, 0x00, 0x00, 0x00, 0x00,
    0x00, 0x00, 0x00, 0x00, 0x00, 0x00, 0x00, 0x00, 0x00, 0x00, 0x00, 0x00, 0x00, 0x00, 0x00, 0x00,
    0x00, 0x00, 0x00, 0x00, 0x00, 0x00, 0x00, 0x00, 0x00, 0x00, 0x00, 0x00, 0x00, 0x00, 0x00, 0x00,
    0x00, 0x00, 0x00, 0x00, 0x00, 0x00, 0x00, 0x00, 0x25, 0x6d, 0x11, 0xff, 0x25, 0x6d, 0x11, 0xff,
    0x1e, 0x6c, 0x0d, 0xff, 0x1e, 0x6c, 0x0d, 0xff, 0x1b, 0x4f, 0x07, 0xff, 0x1b, 0x4f, 0x07, 0xff,
    0x00, 0x00, 0x00, 0x00, 0x00, 0x00, 0x00, 0x00, 0x00, 0x00, 0x00, 0x00, 0x00, 0x00, 0x00, 0x00,
    0x36, 0x8c, 0x27, 0xff, 0x36, 0x8c, 0x27, 0xff, 0x32, 0xc1, 0x42, 0xff, 0x32, 0xc1, 0x42, 0xff,
    0x32, 0xc3, 0x41, 0xff, 0x32, 0xc3, 0x41, 0xff, 0x20, 0x52, 0x07, 0xff, 0x20, 0x52, 0x07, 0xff,
    0x00, 0x00, 0x00, 0x00, 0x00, 0x00, 0x00, 0x00, 0x00, 0x00, 0x00, 0x00, 0x00, 0x00, 0x00, 0x00,
    0x20, 0x58, 0x09, 0xff, 0x20, 0x58, 0x09, 0xff, 0x1c, 0x5b, 0x08, 0xff, 0x1c, 0x5b, 0x08, 0xff,
    0x1d, 0x59, 0x08, 0xff, 0x1d, 0x59, 0x08, 0xff, 0x00, 0x00, 0x00, 0x00, 0x00, 0x00, 0x00, 0x00,
    0x00, 0x00, 0x00, 0x00, 0x00, 0x00, 0x00, 0x00, 0x00, 0x00, 0x00, 0x00, 0x00, 0x00, 0x00, 0x00,
    0x00, 0x00, 0x00, 0x00, 0x00, 0x00, 0x00, 0x00, 0x00, 0x00, 0x00, 0x00, 0x00, 0x00, 0x00, 0x00,
    0x00, 0x00, 0x00, 0x00, 0x00, 0x00, 0x00, 0x00, 0x00, 0x00, 0x00, 0x00, 0x00, 0x00, 0x00, 0x00,
    0x00, 0x00, 0x00, 0x00, 0x00, 0x00, 0x00, 0x00, 0x00, 0x00, 0x00, 0x00, 0x00, 0x00, 0x00, 0x00,
    0x00, 0x00, 0x00, 0x00, 0x00, 0x00, 0x00, 0x00, 0x00, 0x00, 0x00, 0x00, 0x00, 0x00, 0x00, 0x00,
    0x00, 0x00, 0x00, 0x00, 0x00, 0x00, 0x00, 0x00, 0x00, 0x00, 0x00, 0x00, 0x00, 0x00, 0x00, 0x00,
    0x00, 0x00, 0x00, 0x00, 0x00, 0x00, 0x00, 0x00, 0x00, 0x00, 0x00, 0x00, 0x00, 0x00, 0x00, 0x00,
    0x00, 0x00, 0x00, 0x00, 0x00, 0x00, 0x00, 0x00, 0x00, 0x00, 0x00, 0x00, 0x00, 0x00, 0x00, 0x00,
    0x00, 0x00, 0x00, 0x00, 0x00, 0x00, 0x00, 0x00, 0x30, 0xc2, 0x42, 0xff, 0x30, 0xc2, 0x42, 0xff,
    0x2f, 0xc3, 0x3f, 0xff, 0x2f, 0xc3, 0x3f, 0xff, 0x30, 0xc0, 0x3f, 0xff, 0x30, 0xc0, 0x3f, 0xff,
    0x25, 0x8b, 0x17, 0xff, 0x25, 0x8b, 0x17, 0xff, 0x1d, 0x52, 0x08, 0xff, 0x1d, 0x52, 0x08, 0xff,
    0x25, 0x66, 0x0e, 0xff, 0x25, 0x66, 0x0e, 0xff, 0x2d, 0x95, 0x1f, 0xff, 0x2d, 0x95, 0x1f, 0xff,
    0x2e, 0x96, 0x20, 0xff, 0x2e, 0x96, 0x20, 0xff, 0x20, 0x55, 0x08, 0xff, 0x20, 0x55, 0x08, 0xff,
    0x1f, 0x53, 0x08, 0xff, 0x1f, 0x53, 0x08, 0xff, 0x26, 0x8b, 0x17, 0xff, 0x26, 0x8b, 0x17, 0xff,
    0x30, 0xc2, 0x41, 0xff, 0x30, 0xc2, 0x41, 0xff, 0x30, 0xc1, 0x40, 0xff, 0x30, 0xc1, 0x40, 0xff,
    0x27, 0x89, 0x17, 0xff, 0x27, 0x89, 0x17, 0xff, 0x00, 0x00, 0x00, 0x00, 0x00, 0x00, 0x00, 0x00,
    0x00, 0x00, 0x00, 0x00, 0x00, 0x00, 0x00, 0x00, 0x00, 0x00, 0x00, 0x00, 0x00, 0x00, 0x00, 0x00,
    0x00, 0x00, 0x00, 0x00, 0x00, 0x00, 0x00, 0x00, 0x00, 0x00, 0x00, 0x00, 0x00, 0x00, 0x00, 0x00,
    0x00, 0x00, 0x00, 0x00, 0x00, 0x00, 0x00, 0x00, 0x00, 0x00, 0x00, 0x00, 0x00, 0x00, 0x00, 0x00,
    0x00, 0x00, 0x00, 0x00, 0x00, 0x00, 0x00, 0x00, 0x00, 0x00, 0x00, 0x00, 0x00, 0x00, 0x00, 0x00,
    0x00, 0x00, 0x00, 0x00, 0x00, 0x00, 0x00, 0x00, 0x00, 0x00, 0x00, 0x00, 0x00, 0x00, 0x00, 0x00,
    0x00, 0x00, 0x00, 0x00, 0x00, 0x00, 0x00, 0x00, 0x00, 0x00, 0x00, 0x00, 0x00, 0x00, 0x00, 0x00,
    0x00, 0x00, 0x00, 0x00, 0x00, 0x00, 0x00, 0x00, 0x00, 0x00, 0x00, 0x00, 0x00, 0x00, 0x00, 0x00,
    0x00, 0x00, 0x00, 0x00, 0x00, 0x00, 0x00, 0x00, 0x00, 0x00, 0x00, 0x00, 0x00, 0x00, 0x00, 0x00,
    0x00, 0x00, 0x00, 0x00, 0x00, 0x00, 0x00, 0x00, 0x30, 0xc2, 0x42, 0xff, 0x30, 0xc2, 0x42, 0xff,
    0x2f, 0xc3, 0x3f, 0xff, 0x2f, 0xc3, 0x3f, 0xff, 0x30, 0xc0, 0x3f, 0xff, 0x30, 0xc0, 0x3f, 0xff,
    0x25, 0x8b, 0x17, 0xff, 0x25, 0x8b, 0x17, 0xff, 0x1d, 0x52, 0x08, 0xff, 0x1d, 0x52, 0x08, 0xff,
    0x25, 0x66, 0x0e, 0xff, 0x25, 0x66, 0x0e, 0xff, 0x2d, 0x95, 0x1f, 0xff, 0x2d, 0x95, 0x1f, 0xff,
    0x2e, 0x96, 0x20, 0xff, 0x2e, 0x96, 0x20, 0xff, 0x20, 0x55, 0x08, 0xff, 0x20, 0x55, 0x08, 0xff,
    0x1f, 0x53, 0x08, 0xff, 0x1f, 0x53, 0x08, 0xff, 0x26, 0x8b, 0x17, 0xff, 0x26, 0x8b, 0x17, 0xff,
    0x30, 0xc2, 0x41, 0xff, 0x30, 0xc2, 0x41, 0xff, 0x30, 0xc1, 0x40, 0xff, 0x30, 0xc1, 0x40, 0xff,
    0x27, 0x89, 0x17, 0xff, 0x27, 0x89, 0x17, 0xff, 0x00, 0x00, 0x00, 0x00, 0x00, 0x00, 0x00, 0x00,
    0x00, 0x00, 0x00, 0x00, 0x00, 0x00, 0x00, 0x00, 0x00, 0x00, 0x00, 0x00, 0x00, 0x00, 0x00, 0x00,
    0x00, 0x00, 0x00, 0x00, 0x00, 0x00, 0x00, 0x00, 0x00, 0x00, 0x00, 0x00, 0x00, 0x00, 0x00, 0x00,
    0x00, 0x00, 0x00, 0x00, 0x00, 0x00, 0x00, 0x00, 0x00, 0x00, 0x00, 0x00, 0x00, 0x00, 0x00, 0x00,
    0x00, 0x00, 0x00, 0x00, 0x00, 0x00, 0x00, 0x00, 0x00, 0x00, 0x00, 0x00, 0x00, 0x00, 0x00, 0x00,
    0x00, 0x00, 0x00, 0x00, 0x00, 0x00, 0x00, 0x00, 0x00, 0x00, 0x00, 0x00, 0x00, 0x00, 0x00, 0x00,
    0x00, 0x00, 0x00, 0x00, 0x00, 0x00, 0x00, 0x00, 0x00, 0x00, 0x00, 0x00, 0x00, 0x00, 0x00, 0x00,
    0x00, 0x00, 0x00, 0x00, 0x00, 0x00, 0x00, 0x00, 0x00, 0x00, 0x00, 0x00, 0x00, 0x00, 0x00, 0x00,
    0x00, 0x00, 0x00, 0x00, 0x00, 0x00, 0x00, 0x00, 0x0b, 0x15, 0xad, 0xff, 0x0b, 0x15, 0xad, 0xff,
    0x09, 0x17, 0xaa, 0xff, 0x09, 0x17, 0xaa, 0xff, 0x09, 0x17, 0xab, 0xff, 0x09, 0x17, 0xab, 0xff,
    0x28, 0x91, 0x19, 0xff, 0x28, 0x91, 0x19, 0xff, 0x27, 0x8f, 0x19, 0xff, 0x27, 0x8f, 0x19, 0xff,
    0x27, 0x8b, 0x18, 0xff, 0x27, 0x8b, 0x18, 0xff, 0x26, 0x89, 0x17, 0xff, 0x26, 0x89, 0x17, 0xff,
    0x1e, 0x56, 0x09, 0xff, 0x1e, 0x56, 0x09, 0xff, 0x28, 0x8a, 0x18, 0xff, 0x28, 0x8a, 0x18, 0xff,
    0x29, 0x8b, 0x18, 0xff, 0x29, 0x8b, 0x18, 0xff, 0x20, 0x5a, 0x09, 0xff, 0x20, 0x5a, 0x09, 0xff,
    0x27, 0x8b, 0x17, 0xff, 0x27, 0x8b, 0x17, 0xff, 0x27, 0x8d, 0x17, 0xff, 0x27, 0x8d, 0x17, 0xff,
    0x29, 0x8c, 0x18, 0xff, 0x29, 0x8c, 0x18, 0xff, 0x28, 0x89, 0x15, 0xff, 0x28, 0x89, 0x15, 0xff,
    0x08, 0x16, 0xa6, 0xff, 0x08, 0x16, 0xa6, 0xff, 0x09, 0x17, 0xa6, 0xff, 0x09, 0x17, 0xa6, 0xff,
    0x0a, 0x15, 0x9f, 0xff, 0x0a, 0x15, 0x9f, 0xff, 0x00, 0x00, 0x00, 0x00, 0x00, 0x00, 0x00, 0x00,
    0x00, 0x00, 0x00, 0x00, 0x00, 0x00, 0x00, 0x00, 0x00, 0x00, 0x00, 0x00, 0x00, 0x00, 0x00, 0x00,
    0x00, 0x00, 0x00, 0x00, 0x00, 0x00, 0x00, 0x00, 0x00, 0x00, 0x00, 0x00, 0x00, 0x00, 0x00, 0x00,
    0x00, 0x00, 0x00, 0x00, 0x00, 0x00, 0x00, 0x00, 0x00, 0x00, 0x00, 0x00, 0x00, 0x00, 0x00, 0x00,
    0x00, 0x00, 0x00, 0x00, 0x00, 0x00, 0x00, 0x00, 0x00, 0x00, 0x00, 0x00, 0x00, 0x00, 0x00, 0x00,
    0x00, 0x00, 0x00, 0x00, 0x00, 0x00, 0x00, 0x00, 0x00, 0x00, 0x00, 0x00, 0x00, 0x00, 0x00, 0x00,
    0x00, 0x00, 0x00, 0x00, 0x00, 0x00, 0x00, 0x00, 0x00, 0x00, 0x00, 0x00, 0x00, 0x00, 0x00, 0x00,
    0x00, 0x00, 0x00, 0x00, 0x00, 0x00, 0x00, 0x00, 0x0b, 0x15, 0xad, 0xff, 0x0b, 0x15, 0xad, 0xff,
    0x09, 0x17, 0xaa, 0xff, 0x09, 0x17, 0xaa, 0xff, 0x09, 0x17, 0xab, 0xff, 0x09, 0x17, 0xab, 0xff,
    0x28, 0x91, 0x19, 0xff, 0x28, 0x91, 0x19, 0xff, 0x27, 0x8f, 0x19, 0xff, 0x27, 0x8f, 0x19, 0xff,
    0x27, 0x8b, 0x18, 0xff, 0x27, 0x8b, 0x18, 0xff, 0x26, 0x89, 0x17, 0xff, 0x26, 0x89, 0x17, 0xff,
    0x1e, 0x56, 0x09, 0xff, 0x1e, 0x56, 0x09, 0xff, 0x28, 0x8a, 0x18, 0xff, 0x28, 0x8a, 0x18, 0xff,
    0x29, 0x8b, 0x18, 0xff, 0x29, 0x8b, 0x18, 0xff, 0x20, 0x5a, 0x09, 0xff, 0x20, 0x5a, 0x09, 0xff,
    0x27, 0x8b, 0x17, 0xff, 0x27, 0x8b, 0x17, 0xff, 0x27, 0x8d, 0x17, 0xff, 0x27, 0x8d, 0x17, 0xff,
    0x29, 0x8c, 0x18, 0xff, 0x29, 0x8c, 0x18, 0xff, 0x28, 0x89, 0x15, 0xff, 0x28, 0x89, 0x15, 0xff,
    0x08, 0x16, 0xa6, 0xff, 0x08, 0x16, 0xa6, 0xff, 0x09, 0x17, 0xa6, 0xff, 0x09, 0x17, 0xa6, 0xff,
    0x0a, 0x15, 0x9f, 0xff, 0x0a, 0x15, 0x9f, 0xff, 0x00, 0x00, 0x00, 0x00, 0x00, 0x00, 0x00, 0x00,
    0x00, 0x00, 0x00, 0x00, 0x00, 0x00, 0x00, 0x00, 0x00, 0x00, 0x00, 0x00, 0x00, 0x00, 0x00, 0x00,
    0x00, 0x00, 0x00, 0x00, 0x00, 0x00, 0x00, 0x00, 0x00, 0x00, 0x00, 0x00, 0x00, 0x00, 0x00, 0x00,
    0x00, 0x00, 0x00, 0x00, 0x00, 0x00, 0x00, 0x00, 0x00, 0x00, 0x00, 0x00, 0x00, 0x00, 0x00, 0x00,
    0x00, 0x00, 0x00, 0x00, 0x00, 0x00, 0x00, 0x00, 0x00, 0x00, 0x00, 0x00, 0x00, 0x00, 0x00, 0x00,
    0x00, 0x00, 0x00, 0x00, 0x00, 0x00, 0x00, 0x00, 0x00, 0x00, 0x00, 0x00, 0x00, 0x00, 0x00, 0x00,
    0x00, 0x00, 0x00, 0x00, 0x00, 0x00, 0x00, 0x00, 0x00, 0x00, 0x00, 0x00, 0x00, 0x00, 0x00, 0x00,
    0x0b, 0x15, 0xa9, 0xff, 0x0b, 0x15, 0xa9, 0xff, 0x15, 0x32, 0xe2, 0xff, 0x15, 0x32, 0xe2, 0xff,
    0x77, 0x8a, 0xf7, 0xff, 0x77, 0x8a, 0xf7, 0xff, 0x34, 0x4a, 0xea, 0xff, 0x34, 0x4a, 0xea, 0xff,
    0x14, 0x2f, 0xe3, 0xff, 0x14, 0x2f, 0xe3, 0xff, 0x34, 0xc0, 0x43, 0xff, 0x34, 0xc0, 0x43, 0xff,
    0x32, 0xc2, 0x43, 0xff, 0x32, 0xc2, 0x43, 0xff, 0x0d, 0x32, 0x04, 0xff, 0x0d, 0x32, 0x04, 0xff,
    0x28, 0x8d, 0x19, 0xff, 0x28, 0x8d, 0x19, 0xff, 0x36, 0xc7, 0x46, 0xff, 0x36, 0xc7, 0x46, 0xff,
    0x36, 0xc8, 0x46, 0xff, 0x36, 0xc8, 0x46, 0xff, 0x1f, 0x65, 0x0b, 0xff, 0x1f, 0x65, 0x0b, 0xff,
    0x0e, 0x34, 0x04, 0xff, 0x0e, 0x34, 0x04, 0xff, 0x31, 0xbe, 0x41, 0xff, 0x31, 0xbe, 0x41, 0xff,
    0x32, 0xc4, 0x42, 0xff, 0x32, 0xc4, 0x42, 0xff, 0x13, 0x2e, 0xe5, 0xff, 0x13, 0x2e, 0xe5, 0xff,
    0x14, 0x2f, 0xe0, 0xff, 0x14, 0x2f, 0xe0, 0xff, 0x24, 0x3e, 0xe5, 0xff, 0x24, 0x3e, 0xe5, 0xff,
    0x20, 0x3d, 0xe8, 0xff, 0x20, 0x3d, 0xe8, 0xff, 0x0d, 0x16, 0xa8, 0xff, 0x0d, 0x16, 0xa8, 0xff,
    0x00, 0x00, 0x00, 0x00, 0x00, 0x00, 0x00, 0x00, 0x00, 0x00, 0x00, 0x00, 0x00, 0x00, 0x00, 0x00,
    0x00, 0x00, 0x00, 0x00, 0x00, 0x00, 0x00, 0x00, 0x00, 0x00, 0x00, 0x00, 0x00, 0x00, 0x00, 0x00,
    0x00, 0x00, 0x00, 0x00, 0x00, 0x00, 0x00, 0x00, 0x00, 0x00, 0x00, 0x00, 0x00, 0x00, 0x00, 0x00,
    0x00, 0x00, 0x00, 0x00, 0x00, 0x00, 0x00, 0x00, 0x00, 0x00, 0x00, 0x00, 0x00, 0x00, 0x00, 0x00,
    0x00, 0x00, 0x00, 0x00, 0x00, 0x00, 0x00, 0x00, 0x00, 0x00, 0x00, 0x00, 0x00, 0x00, 0x00, 0x00,
    0x00, 0x00, 0x00, 0x00, 0x00, 0x00, 0x00, 0x00, 0x00, 0x00, 0x00, 0x00, 0x00, 0x00, 0x00, 0x00,
    0x0b, 0x15, 0xa9, 0xff, 0x0b, 0x15, 0xa9, 0xff, 0x15, 0x32, 0xe2, 0xff, 0x15, 0x32, 0xe2, 0xff,
    0x77, 0x8a, 0xf7, 0xff, 0x77, 0x8a, 0xf7, 0xff, 0x34, 0x4a, 0xea, 0xff, 0x34, 0x4a, 0xea, 0xff,
    0x14, 0x2f, 0xe3, 0xff, 0x14, 0x2f, 0xe3, 0xff, 0x34, 0xc0, 0x43, 0xff, 0x34, 0xc0, 0x43, 0xff,
    0x32, 0xc2, 0x43, 0xff, 0x32, 0xc2, 0x43, 0xff, 0x0d, 0x32, 0x04, 0xff, 0x0d, 0x32, 0x04, 0xff,
    0x28, 0x8d, 0x19, 0xff, 0x28, 0x8d, 0x19, 0xff, 0x36, 0xc7, 0x46, 0xff, 0x36, 0xc7, 0x46, 0xff,
    0x36, 0xc8, 0x46, 0xff, 0x36, 0xc8, 0x46, 0xff, 0x1f, 0x65, 0x0b, 0xff, 0x1f, 0x65, 0x0b, 0xff,
    0x0e, 0x34, 0x04, 0xff, 0x0e, 0x34, 0x04, 0xff, 0x31, 0xbe, 0x41, 0xff, 0x31, 0xbe, 0x41, 0xff,
    0x32, 0xc4, 0x42, 0xff, 0x32, 0xc4, 0x42, 0xff, 0x13, 0x2e, 0xe5, 0xff, 0x13, 0x2e, 0xe5, 0xff,
    0x14, 0x2f, 0xe0, 0xff, 0x14, 0x2f, 0xe0, 0xff, 0x24, 0x3e, 0xe5, 0xff, 0x24, 0x3e, 0xe5, 0xff,
    0x20, 0x3d, 0xe8, 0xff, 0x20, 0x3d, 0xe8, 0xff, 0x0d, 0x16, 0xa8, 0xff, 0x0d, 0x16, 0xa8, 0xff,
    0x00, 0x00, 0x00, 0x00, 0x00, 0x00, 0x00, 0x00, 0x00, 0x00, 0x00, 0x00, 0x00, 0x00, 0x00, 0x00,
    0x00, 0x00, 0x00, 0x00, 0x00, 0x00, 0x00, 0x00, 0x00, 0x00, 0x00, 0x00, 0x00, 0x00, 0x00, 0x00,
    0x00, 0x00, 0x00, 0x00, 0x00, 0x00, 0x00, 0x00, 0x00, 0x00, 0x00, 0x00, 0x00, 0x00, 0x00, 0x00,
    0x00, 0x00, 0x00, 0x00, 0x00, 0x00, 0x00, 0x00, 0x00, 0x00, 0x00, 0x00, 0x00, 0x00, 0x00, 0x00,
    0x00, 0x00, 0x00, 0x00, 0x00, 0x00, 0x00, 0x00, 0x00, 0x00, 0x00, 0x00, 0x00, 0x00, 0x00, 0x00,
    0x00, 0x00, 0x00, 0x00, 0x00, 0x00, 0x00, 0x00, 0x0c, 0x13, 0xa1, 0xff, 0x0c, 0x13, 0xa1, 0xff,
    0x2f, 0x49, 0xea, 0xff, 0x2f, 0x49, 0xea, 0xff, 0x9a, 0xaa, 0xf9, 0xff, 0x9a, 0xaa, 0xf9, 0xff,
    0x9d, 0xaa, 0xf8, 0xff, 0x9d, 0xaa, 0xf8, 0xff, 0x38, 0x50, 0xeb, 0xff, 0x38, 0x50, 0xeb, 0xff,
    0x18, 0x52, 0x06, 0xff, 0x18, 0x52, 0x06, 0xff, 0x19, 0x4f, 0x04, 0xff, 0x19, 0x4f, 0x04, 0xff,
    0x18, 0x4d, 0x05, 0xff, 0x18, 0x4d, 0x05, 0xff, 0x0a, 0x16, 0x99, 0xff, 0x0a, 0x16, 0x99, 0xff,
    0x20, 0x6e, 0x0d, 0xff, 0x20, 0x6e, 0x0d, 0xff, 0x34, 0xc5, 0x45, 0xff, 0x34, 0xc5, 0x45, 0xff,
    0x35, 0xc7, 0x44, 0xff, 0x35, 0xc7, 0x44, 0xff, 0x1f, 0x63, 0x0a, 0xff, 0x1f, 0x63, 0x0a, 0xff,
    0x0a, 0x17, 0x99, 0xff, 0x0a, 0x17, 0x99, 0xff, 0x17, 0x45, 0x18, 0xff, 0x17, 0x45, 0x18, 0xff,
    0x18, 0x50, 0x04, 0xff, 0x18, 0x50, 0x04, 0xff, 0x18, 0x4d, 0x05, 0xff, 0x18, 0x4d, 0x05, 0xff,
    0x15, 0x2e, 0xde, 0xff, 0x15, 0x2e, 0xde, 0xff, 0x13, 0x2e, 0xdf, 0xff, 0x13, 0x2e, 0xdf, 0xff,
    0x13, 0x2e, 0xdf, 0xff, 0x13, 0x2e, 0xdf, 0xff, 0x14, 0x30, 0xe1, 0xff, 0x14, 0x30, 0xe1, 0xff,
    0x0b, 0x15, 0x9f, 0xff, 0x0b, 0x15, 0x9f, 0xff, 0x00, 0x00, 0x00, 0x00, 0x00, 0x00, 0x00, 0x00,
    0x00, 0x00, 0x00, 0x00, 0x00, 0x00, 0x00, 0x00, 0x00, 0x00, 0x00, 0x00, 0x00, 0x00, 0x00, 0x00,
    0x00, 0x00, 0x00, 0x00, 0x00, 0x00, 0x00, 0x00, 0x00, 0x00, 0x00, 0x00, 0x00, 0x00, 0x00, 0x00,
    0x00, 0x00, 0x00, 0x00, 0x00, 0x00, 0x00, 0x00, 0x00, 0x00, 0x00, 0x00, 0x00, 0x00, 0x00, 0x00,
    0x00, 0x00, 0x00, 0x00, 0x00, 0x00, 0x00, 0x00, 0x00, 0x00, 0x00, 0x00, 0x00, 0x00, 0x00, 0x00,
    0x00, 0x00, 0x00, 0x00, 0x00, 0x00, 0x00, 0x00, 0x0c, 0x13, 0xa1, 0xff, 0x0c, 0x13, 0xa1, 0xff,
    0x2f, 0x49, 0xea, 0xff, 0x2f, 0x49, 0xea, 0xff, 0x9a, 0xaa, 0xf9, 0xff, 0x9a, 0xaa, 0xf9, 0xff,
    0x9d, 0xaa, 0xf8, 0xff, 0x9d, 0xaa, 0xf8, 0xff, 0x38, 0x50, 0xeb, 0xff, 0x38, 0x50, 0xeb, 0xff,
    0x18, 0x52, 0x06, 0xff, 0x18, 0x52, 0x06, 0xff, 0x19, 0x4f, 0x04, 0xff, 0x19, 0x4f, 0x04, 0xff,
    0x18, 0x4d, 0x05, 0xff, 0x18, 0x4d, 0x05, 0xff, 0x0a, 0x16, 0x99, 0xff, 0x0a, 0x16, 0x99, 0xff,
    0x20, 0x6e, 0x0d, 0xff, 0x20, 0x6e, 0x0d, 0xff, 0x34, 0xc5, 0x45, 0xff, 0x34, 0xc5, 0x45, 0xff,
    0x35, 0xc7, 0x44, 0xff, 0x35, 0xc7, 0x44, 0xff, 0x1f, 0x63, 0x0a, 0xff, 0x1f, 0x63, 0x0a, 0xff,
    0x0a, 0x17, 0x99, 0xff, 0x0a, 0x17, 0x99, 0xff, 0x17, 0x45, 0x18, 0xff, 0x17, 0x45, 0x18, 0xff,
    0x18, 0x50, 0x04, 0xff, 0x18, 0x50, 0x04, 0xff, 0x18, 0x4d, 0x05, 0xff, 0x18, 0x4d, 0x05, 0xff,
    0x15, 0x2e, 0xde, 0xff, 0x15, 0x2e, 0xde, 0xff, 0x13, 0x2e, 0xdf, 0xff, 0x13, 0x2e, 0xdf, 0xff,
    0x13, 0x2e, 0xdf, 0xff, 0x13, 0x2e, 0xdf, 0xff, 0x14, 0x30, 0xe1, 0xff, 0x14, 0x30, 0xe1, 0xff,
    0x0b, 0x15, 0x9f, 0xff, 0x0b, 0x15, 0x9f, 0xff, 0x00, 0x00, 0x00, 0x00, 0x00, 0x00, 0x00, 0x00,
    0x00, 0x00, 0x00, 0x00, 0x00, 0x00, 0x00, 0x00, 0x00, 0x00, 0x00, 0x00, 0x00, 0x00, 0x00, 0x00,
    0x00, 0x00, 0x00, 0x00, 0x00, 0x00, 0x00, 0x00, 0x00, 0x00, 0x00, 0x00, 0x00, 0x00, 0x00, 0x00,
    0x00, 0x00, 0x00, 0x00, 0x00, 0x00, 0x00, 0x00, 0x00, 0x00, 0x00, 0x00, 0x00, 0x00, 0x00, 0x00,
    0x00, 0x00, 0x00, 0x00, 0x00, 0x00, 0x00, 0x00, 0x00, 0x00, 0x00, 0x00, 0x00, 0x00, 0x00, 0x00,
    0x0d, 0x17, 0xa4, 0xff, 0x0d, 0x17, 0xa4, 0xff, 0x31, 0x49, 0xe9, 0xff, 0x31, 0x49, 0xe9, 0xff,
    0x96, 0xa6, 0xf8, 0xff, 0x96, 0xa6, 0xf8, 0xff, 0xc1, 0xcd, 0xfa, 0xff, 0xc1, 0xcd, 0xfa, 0xff,
    0x89, 0x97, 0xf8, 0xff, 0x89, 0x97, 0xf8, 0xff, 0x16, 0x31, 0xe1, 0xff, 0x16, 0x31, 0xe1, 0xff,
    0x16, 0x30, 0xe2, 0xff, 0x16, 0x30, 0xe2, 0xff, 0x16, 0x2f, 0xe2, 0xff, 0x16, 0x2f, 0xe2, 0xff,
    0x14, 0x2e, 0xe1, 0xff, 0x14, 0x2e, 0xe1, 0xff, 0x13, 0x2e, 0xe0, 0xff, 0x13, 0x2e, 0xe0, 0xff,
    0x0a, 0x16, 0x8d, 0xff, 0x0a, 0x16, 0x8d, 0xff, 0x24, 0x7f, 0x14, 0xff, 0x24, 0x7f, 0x14, 0xff,
    0x27, 0x82, 0x12, 0xff, 0x27, 0x82, 0x12, 0xff, 0x0a, 0x16, 0x8a, 0xff, 0x0a, 0x16, 0x8a, 0xff,
    0x12, 0x2d, 0xe0, 0xff, 0x12, 0x2d, 0xe0, 0xff, 0x15, 0x2f, 0xe2, 0xff, 0x15, 0x2f, 0xe2, 0xff,
    0x15, 0x2e, 0xe1, 0xff, 0x15, 0x2e, 0xe1, 0xff, 0x15, 0x2d, 0xe0, 0xff, 0x15, 0x2d, 0xe0, 0xff,
    0x14, 0x2f, 0xe0, 0xff, 0x14, 0x2f, 0xe0, 0xff, 0x14, 0x2f, 0xdf, 0xff, 0x14, 0x2f, 0xdf, 0xff,
    0x14, 0x2f, 0xe0, 0xff, 0x14, 0x2f, 0xe0, 0xff, 0x15, 0x30, 0xe0, 0xff, 0x15, 0x30, 0xe0, 0xff,
    0x14, 0x31, 0xe0, 0xff, 0x14, 0x31, 0xe0, 0xff, 0x0a, 0x14, 0xa0, 0xff, 0x0a, 0x14, 0xa0, 0xff,
    0x00, 0x00, 0x00, 0x00, 0x00, 0x00, 0x00, 0x00, 0x00, 0x00, 0x00, 0x00, 0x00, 0x00, 0x00, 0x00,
    0x00, 0x00, 0x00, 0x00, 0x00, 0x00, 0x00, 0x00, 0x00, 0x00, 0x00, 0x00, 0x00, 0x00, 0x00, 0x00,
    0x00, 0x00, 0x00, 0x00, 0x00, 0x00, 0x00, 0x00, 0x00, 0x00, 0x00, 0x00, 0x00, 0x00, 0x00, 0x00,
    0x00, 0x00, 0x00, 0x00, 0x00, 0x00, 0x00, 0x00, 0x00, 0x00, 0x00, 0x00, 0x00, 0x00, 0x00, 0x00,
    0x0d, 0x17, 0xa4, 0xff, 0x0d, 0x17, 0xa4, 0xff, 0x31, 0x49, 0xe9, 0xff, 0x31, 0x49, 0xe9, 0xff,
    0x96, 0xa6, 0xf8, 0xff, 0x96, 0xa6, 0xf8, 0xff, 0xc1, 0xcd, 0xfa, 0xff, 0xc1, 0xcd, 0xfa, 0xff,
    0x89, 0x97, 0xf8, 0xff, 0x89, 0x97, 0xf8, 0xff, 0x16, 0x31, 0xe1, 0xff, 0x16, 0x31, 0xe1, 0xff,
    0x16, 0x30, 0xe2, 0xff, 0x16, 0x30, 0xe2, 0xff, 0x16, 0x2f, 0xe2, 0xff, 0x16, 0x2f, 0xe2, 0xff,
    0x14, 0x2e, 0xe1, 0xff, 0x14, 0x2e, 0xe1, 0xff, 0x13, 0x2e, 0xe0, 0xff, 0x13, 0x2e, 0xe0, 0xff,
    0x0a, 0x16, 0x8d, 0xff, 0x0a, 0x16, 0x8d, 0xff, 0x24, 0x7f, 0x14, 0xff, 0x24, 0x7f, 0x14, 0xff,
    0x27, 0x82, 0x12, 0xff, 0x27, 0x82, 0x12, 0xff, 0x0a, 0x16, 0x8a, 0xff, 0x0a, 0x16, 0x8a, 0xff,
    0x12, 0x2d, 0xe0, 0xff, 0x12, 0x2d, 0xe0, 0xff, 0x15, 0x2f, 0xe2, 0xff, 0x15, 0x2f, 0xe2, 0xff,
    0x15, 0x2e, 0xe1, 0xff, 0x15, 0x2e, 0xe1, 0xff, 0x15, 0x2d, 0xe0, 0xff, 0x15, 0x2d, 0xe0, 0xff,
    0x14, 0x2f, 0xe0, 0xff, 0x14, 0x2f, 0xe0, 0xff, 0x14, 0x2f, 0xdf, 0xff, 0x14, 0x2f, 0xdf, 0xff,
    0x14, 0x2f, 0xe0, 0xff, 0x14, 0x2f, 0xe0, 0xff, 0x15, 0x30, 0xe0, 0xff, 0x15, 0x30, 0xe0, 0xff,
    0x14, 0x31, 0xe0, 0xff, 0x14, 0x31, 0xe0, 0xff, 0x0a, 0x14, 0xa0, 0xff, 0x0a, 0x14, 0xa0, 0xff,
    0x00, 0x00, 0x00, 0x00, 0x00, 0x00, 0x00, 0x00, 0x00, 0x00, 0x00, 0x00, 0x00, 0x00, 0x00, 0x00,
    0x00, 0x00, 0x00, 0x00, 0x00, 0x00, 0x00, 0x00, 0x00, 0x00, 0x00, 0x00, 0x00, 0x00, 0x00, 0x00,
    0x00, 0x00, 0x00, 0x00, 0x00, 0x00, 0x00, 0x00, 0x00, 0x00, 0x00, 0x00, 0x00, 0x00, 0x00, 0x00,
    0x00, 0x00, 0x00, 0x00, 0x00, 0x00, 0x00, 0x00, 0x00, 0x00, 0x00, 0x00, 0x00, 0x00, 0x00, 0x00,
    0x09, 0x15, 0xa5, 0xff, 0x09, 0x15, 0xa5, 0xff, 0x36, 0x4d, 0xe9, 0xff, 0x36, 0x4d, 0xe9, 0xff,
    0x96, 0xa5, 0xf8, 0xff, 0x96, 0xa5, 0xf8, 0xff, 0xae, 0xb8, 0xfa, 0xff, 0xae, 0xb8, 0xfa, 0xff,
    0x43, 0x5b, 0xed, 0xff, 0x43, 0x5b, 0xed, 0xff, 0x44, 0x5c, 0xed, 0xff, 0x44, 0x5c, 0xed, 0xff,
    0x13, 0x2f, 0xdf, 0xff, 0x13, 0x2f, 0xdf, 0xff, 0x14, 0x2f, 0xe0, 0xff, 0x14, 0x2f, 0xe0, 0xff,
    0x14, 0x2f, 0xe0, 0xff, 0x14, 0x2f, 0xe0, 0xff, 0x14, 0x2f, 0xe0, 0xff, 0x14, 0x2f, 0xe0, 0xff,
    0x13, 0x2e, 0xdf, 0xff, 0x13, 0x2e, 0xdf, 0xff, 0x09, 0x16, 0x8e, 0xff, 0x09, 0x16, 0x8e, 0xff,
    0x09, 0x17, 0x8e, 0xff, 0x09, 0x17, 0x8e, 0xff, 0x14, 0x2e, 0xe1, 0xff, 0x14, 0x2e, 0xe1, 0xff,
    0x13, 0x2e, 0xdf, 0xff, 0x13, 0x2e, 0xdf, 0xff, 0x13, 0x2e, 0xdf, 0xff, 0x13, 0x2e, 0xdf, 0xff,
    0x13, 0x2e, 0xe0, 0xff, 0x13, 0x2e, 0xe0, 0xff, 0x13, 0x2e, 0xe0, 0xff, 0x13, 0x2e, 0xe0, 0xff,
    0x14, 0x2f, 0xe1, 0xff, 0x14, 0x2f, 0xe1, 0xff, 0x14, 0x2f, 0xe0, 0xff, 0x14, 0x2f, 0xe0, 0xff,
    0x14, 0x2f, 0xe0, 0xff, 0x14, 0x2f, 0xe0, 0xff, 0x14, 0x2f, 0xe0, 0xff, 0x14, 0x2f, 0xe0, 0xff,
    0x14, 0x30, 0xe0, 0xff, 0x14, 0x30, 0xe0, 0xff, 0x08, 0x16, 0xa2, 0xff, 0x08, 0x16, 0xa2, 0xff,
    0x00, 0x00, 0x00, 0x00, 0x00, 0x00, 0x00, 0x00, 0x00, 0x00, 0x00, 0x00, 0x00, 0x00, 0x00, 0x00,
    0x00, 0x00, 0x00, 0x00, 0x00, 0x00, 0x00, 0x00, 0x00, 0x00, 0x00, 0x00, 0x00, 0x00, 0x00, 0x00,
    0x00, 0x00, 0x00, 0x00, 0x00, 0x00, 0x00, 0x00, 0x00, 0x00, 0x00, 0x00, 0x00, 0x00, 0x00, 0x00,
    0x00, 0x00, 0x00, 0x00, 0x00, 0x00, 0x00, 0x00, 0x00, 0x00, 0x00, 0x00, 0x00, 0x00, 0x00, 0x00,
    0x09, 0x15, 0xa5, 0xff, 0x09, 0x15, 0xa5, 0xff, 0x36, 0x4d, 0xe9, 0xff, 0x36, 0x4d, 0xe9, 0xff,
    0x96, 0xa5, 0xf8, 0xff, 0x96, 0xa5, 0xf8, 0xff, 0xae, 0xb8, 0xfa, 0xff, 0xae, 0xb8, 0xfa, 0xff,
    0x43, 0x5b, 0xed, 0xff, 0x43, 0x5b, 0xed, 0xff, 0x44, 0x5c, 0xed, 0xff, 0x44, 0x5c, 0xed, 0xff,
    0x13, 0x2f, 0xdf, 0xff, 0x13, 0x2f, 0xdf, 0xff, 0x14, 0x2f, 0xe0, 0xff, 0x14, 0x2f, 0xe0, 0xff,
    0x14, 0x2f, 0xe0, 0xff, 0x14, 0x2f, 0xe0, 0xff, 0x14, 0x2f, 0xe0, 0xff, 0x14, 0x2f, 0xe0, 0xff,
    0x13, 0x2e, 0xdf, 0xff, 0x13, 0x2e, 0xdf, 0xff, 0x09, 0x16, 0x8e, 0xff, 0x09, 0x16, 0x8e, 0xff,
    0x09, 0x17, 0x8e, 0xff, 0x09, 0x17, 0x8e, 0xff, 0x14, 0x2e, 0xe1, 0xff, 0x14, 0x2e, 0xe1, 0xff,
    0x13, 0x2e, 0xdf, 0xff, 0x13, 0x2e, 0xdf, 0xff, 0x13, 0x2e, 0xdf, 0xff, 0x13, 0x2e, 0xdf, 0xff,
    0x13, 0x2e, 0xe0, 0xff, 0x13, 0x2e, 0xe0, 0xff, 0x13, 0x2e, 0xe0, 0xff, 0x13, 0x2e, 0xe0, 0xff,
    0x14, 0x2f, 0xe1, 0xff, 0x14, 0x2f, 0xe1, 0xff, 0x14, 0x2f, 0xe0, 0xff, 0x14, 0x2f, 0xe0, 0xff,
    0x14, 0x2f, 0xe0, 0xff, 0x14, 0x2f, 0xe0, 0xff, 0x14, 0x2f, 0xe0, 0xff, 0x14, 0x2f, 0xe0, 0xff,
    0x14, 0x30, 0xe0, 0xff, 0x14, 0x30, 0xe0, 0xff, 0x08, 0x16, 0xa2, 0xff, 0x08, 0x16, 0xa2, 0xff,
    0x00, 0x00, 0x00, 0x00, 0x00, 0x00, 0x00, 0x00, 0x00, 0x00, 0x00, 0x00, 0x00, 0x00, 0x00, 0x00,
    0x00, 0x00, 0x00, 0x00, 0x00, 0x00, 0x00, 0x00, 0x00, 0x00, 0x00, 0x00, 0x00, 0x00, 0x00, 0x00,
    0x00, 0x00, 0x00, 0x00, 0x00, 0x00, 0x00, 0x00, 0x00, 0x00, 0x00, 0x00, 0x00, 0x00, 0x00, 0x00,
    0x00, 0x00, 0x00, 0x00, 0x00, 0x00, 0x00, 0x00, 0x0a, 0x16, 0xa5, 0xff, 0x0a, 0x16, 0xa5, 0xff,
    0x14, 0x2f, 0xe0, 0xff, 0x14, 0x2f, 0xe0, 0xff, 0x4f, 0x65, 0xf0, 0xff, 0x4f, 0x65, 0xf0, 0xff,
    0x9e, 0xac, 0xf7, 0xff, 0x9e, 0xac, 0xf7, 0xff, 0x38, 0x51, 0xeb, 0xff, 0x38, 0x51, 0xeb, 0xff,
    0x13, 0x2f, 0xe0, 0xff, 0x13, 0x2f, 0xe0, 0xff, 0x15, 0x30, 0xe1, 0xff, 0x15, 0x30, 0xe1, 0xff,
    0x14, 0x30, 0xe0, 0xff, 0x14, 0x30, 0xe0, 0xff, 0x14, 0x2f, 0xe0, 0xff, 0x14, 0x2f, 0xe0, 0xff,
    0x14, 0x2f, 0xdf, 0xff, 0x14, 0x2f, 0xdf, 0xff, 0x14, 0x2e, 0xe0, 0xff, 0x14, 0x2e, 0xe0, 0xff,
    0x14, 0x2f, 0xe0, 0xff, 0x14, 0x2f, 0xe0, 0xff, 0x13, 0x2e, 0xdf, 0xff, 0x13, 0x2e, 0xdf, 0xff,
    0x13, 0x2d, 0xde, 0xff, 0x13, 0x2d, 0xde, 0xff, 0x13, 0x2e, 0xdf, 0xff, 0x13, 0x2e, 0xdf, 0xff,
    0x13, 0x2e, 0xdf, 0xff, 0x13, 0x2e, 0xdf, 0xff, 0x13, 0x2e, 0xdf, 0xff, 0x13, 0x2e, 0xdf, 0xff,
    0x13, 0x2e, 0xe0, 0xff, 0x13, 0x2e, 0xe0, 0xff, 0x14, 0x2f, 0xe0, 0xff, 0x14, 0x2f, 0xe0, 0xff,
    0x14, 0x30, 0xe1, 0xff, 0x14, 0x30, 0xe1, 0xff, 0x14, 0x2f, 0xe0, 0xff, 0x14, 0x2f, 0xe0, 0xff,
    0x14, 0x2f, 0xe0, 0xff, 0x14, 0x2f, 0xe0, 0xff, 0x13, 0x2e, 0xe0, 0xff, 0x13, 0x2e, 0xe0, 0xff,
    0x14, 0x2f, 0xe0, 0xff, 0x14, 0x2f, 0xe0, 0xff, 0x13, 0x2f, 0xdf, 0xff, 0x13, 0x2f, 0xdf, 0xff,
    0x09, 0x15, 0xa0, 0xff, 0x09, 0x15, 0xa0, 0xff, 0x00, 0x00, 0x00, 0x00, 0x00, 0x00, 0x00, 0x00,
    0x00, 0x00, 0x00, 0x00, 0x00, 0x00, 0x00, 0x00, 0x00, 0x00, 0x00, 0x00, 0x00, 0x00, 0x00, 0x00,
    0x00, 0x00, 0x00, 0x00, 0x00, 0x00, 0x00, 0x00, 0x00, 0x00, 0x00, 0x00, 0x00, 0x00, 0x00, 0x00,
    0x00, 0x00, 0x00, 0x00, 0x00, 0x00, 0x00, 0x00, 0x0a, 0x16, 0xa5, 0xff, 0x0a, 0x16, 0xa5, 0xff,
    0x14, 0x2f, 0xe0, 0xff, 0x14, 0x2f, 0xe0, 0xff, 0x4f, 0x65, 0xf0, 0xff, 0x4f, 0x65, 0xf0, 0xff,
    0x9e, 0xac, 0xf7, 0xff, 0x9e, 0xac, 0xf7, 0xff, 0x38, 0x51, 0xeb, 0xff, 0x38, 0x51, 0xeb, 0xff,
    0x13, 0x2f, 0xe0, 0xff, 0x13, 0x2f, 0xe0, 0xff, 0x15, 0x30, 0xe1, 0xff, 0x15, 0x30, 0xe1, 0xff,
    0x14, 0x30, 0xe0, 0xff, 0x14, 0x30, 0xe0, 0xff, 0x14, 0x2f, 0xe0, 0xff, 0x14, 0x2f, 0xe0, 0xff,
    0x14, 0x2f, 0xdf, 0xff, 0x14, 0x2f, 0xdf, 0xff, 0x14, 0x2e, 0xe0, 0xff, 0x14, 0x2e, 0xe0, 0xff,
    0x14, 0x2f, 0xe0, 0xff, 0x14, 0x2f, 0xe0, 0xff, 0x13, 0x2e, 0xdf, 0xff, 0x13, 0x2e, 0xdf, 0xff,
    0x13, 0x2d, 0xde, 0xff, 0x13, 0x2d, 0xde, 0xff, 0x13, 0x2e, 0xdf, 0xff, 0x13, 0x2e, 0xdf, 0xff,
    0x13, 0x2e, 0xdf, 0xff, 0x13, 0x2e, 0xdf, 0xff, 0x13, 0x2e, 0xdf, 0xff, 0x13, 0x2e, 0xdf, 0xff,
    0x13, 0x2e, 0xe0, 0xff, 0x13, 0x2e, 0xe0, 0xff, 0x14, 0x2f, 0xe0, 0xff, 0x14, 0x2f, 0xe0, 0xff,
    0x14, 0x30, 0xe1, 0xff, 0x14, 0x30, 0xe1, 0xff, 0x14, 0x2f, 0xe0, 0xff, 0x14, 0x2f, 0xe0, 0xff,
    0x14, 0x2f, 0xe0, 0xff, 0x14, 0x2f, 0xe0, 0xff, 0x13, 0x2e, 0xe0, 0xff, 0x13, 0x2e, 0xe0, 0xff,
    0x14, 0x2f, 0xe0, 0xff, 0x14, 0x2f, 0xe0, 0xff, 0x13, 0x2f, 0xdf, 0xff, 0x13, 0x2f, 0xdf, 0xff,
    0x09, 0x15, 0xa0, 0xff, 0x09, 0x15, 0xa0, 0xff, 0x00, 0x00, 0x00, 0x00, 0x00, 0x00, 0x00, 0x00,
    0x00, 0x00, 0x00, 0x00, 0x00, 0x00, 0x00, 0x00, 0x00, 0x00, 0x00, 0x00, 0x00, 0x00, 0x00, 0x00,
    0x00, 0x00, 0x00, 0x00, 0x00, 0x00, 0x00, 0x00, 0x00, 0x00, 0x00, 0x00, 0x00, 0x00, 0x00, 0x00,
    0x00, 0x00, 0x00, 0x00, 0x00, 0x00, 0x00, 0x00, 0x0a, 0x16, 0xa5, 0xff, 0x0a, 0x16, 0xa5, 0xff,
    0x37, 0x51, 0xec, 0xff, 0x37, 0x51, 0xec, 0xff, 0x98, 0xa6, 0xf8, 0xff, 0x98, 0xa6, 0xf8, 0xff,
    0x43, 0x5a, 0xed, 0xff, 0x43, 0x5a, 0xed, 0xff, 0x13, 0x2e, 0xe1, 0xff, 0x13, 0x2e, 0xe1, 0xff,
    0x14, 0x2e, 0xdf, 0xff, 0x14, 0x2e, 0xdf, 0xff, 0x13, 0x2f, 0xdf, 0xff, 0x13, 0x2f, 0xdf, 0xff,
    0x15, 0x30, 0xe0, 0xff, 0x15, 0x30, 0xe0, 0xff, 0x14, 0x2e, 0xe0, 0xff, 0x14, 0x2e, 0xe0, 0xff,
    0x14, 0x2e, 0xe0, 0xff, 0x14, 0x2e, 0xe0, 0xff, 0x14, 0x2e, 0xe0, 0xff, 0x14, 0x2e, 0xe0, 0xff,
    0x14, 0x2e, 0xdf, 0xff, 0x14, 0x2e, 0xdf, 0xff, 0x14, 0x2f, 0xdf, 0xff, 0x14, 0x2f, 0xdf, 0xff,
    0x14, 0x2f, 0xdf, 0xff, 0x14, 0x2f, 0xdf, 0xff, 0x14, 0x2f, 0xdf, 0xff, 0x14, 0x2f, 0xdf, 0xff,
    0x13, 0x2e, 0xdf, 0xff, 0x13, 0x2e, 0xdf, 0xff, 0x13, 0x2e, 0xdf, 0xff, 0x13, 0x2e, 0xdf, 0xff,
    0x14, 0x2e, 0xdf, 0xff, 0x14, 0x2e, 0xdf, 0xff, 0x13, 0x2e, 0xe0, 0xff, 0x13, 0x2e, 0xe0, 0xff,
    0x14, 0x2f, 0xe0, 0xff, 0x14, 0x2f, 0xe0, 0xff, 0x14, 0x2e, 0xe0, 0xff, 0x14, 0x2e, 0xe0, 0xff,
    0x14, 0x2f, 0xe0, 0xff, 0x14, 0x2f, 0xe0, 0xff, 0x14, 0x2f, 0xe0, 0xff, 0x14, 0x2f, 0xe0, 0xff,
    0x14, 0x2f, 0xe0, 0xff, 0x14, 0x2f, 0xe0, 0xff, 0x14, 0x2f, 0xdf, 0xff, 0x14, 0x2f, 0xdf, 0xff,
    0x09, 0x16, 0xa1, 0xff, 0x09, 0x16, 0xa1, 0xff, 0x00, 0x00, 0x00, 0x00, 0x00, 0x00, 0x00, 0x00,
    0x00, 0x00, 0x00, 0x00, 0x00, 0x00, 0x00, 0x00, 0x00, 0x00, 0x00, 0x00, 0x00, 0x00, 0x00, 0x00,
    0x00, 0x00, 0x00, 0x00, 0x00, 0x00, 0x00, 0x00, 0x00, 0x00, 0x00, 0x00, 0x00, 0x00, 0x00, 0x00,
    0x00, 0x00, 0x00, 0x00, 0x00, 0x00, 0x00, 0x00, 0x0a, 0x16, 0xa5, 0xff, 0x0a, 0x16, 0xa5, 0xff,
    0x37, 0x51, 0xec, 0xff, 0x37, 0x51, 0xec, 0xff, 0x98, 0xa6, 0xf8, 0xff, 0x98, 0xa6, 0xf8, 0xff,
    0x43, 0x5a, 0xed, 0xff, 0x43, 0x5a, 0xed, 0xff, 0x13, 0x2e, 0xe1, 0xff, 0x13, 0x2e, 0xe1, 0xff,
    0x14, 0x2e, 0xdf, 0xff, 0x14, 0x2e, 0xdf, 0xff, 0x13, 0x2f, 0xdf, 0xff, 0x13, 0x2f, 0xdf, 0xff,
    0x15, 0x30, 0xe0, 0xff, 0x15, 0x30, 0xe0, 0xff, 0x14, 0x2e, 0xe0, 0xff, 0x14, 0x2e, 0xe0, 0xff,
    0x14, 0x2e, 0xe0, 0xff, 0x14, 0x2e, 0xe0, 0xff, 0x14, 0x2e, 0xe0, 0xff, 0x14, 0x2e, 0xe0, 0xff,
    0x14, 0x2e, 0xdf, 0xff, 0x14, 0x2e, 0xdf, 0xff, 0x14, 0x2f, 0xdf, 0xff, 0x14, 0x2f, 0xdf, 0xff,
    0x14, 0x2f, 0xdf, 0xff, 0x14, 0x2f, 0xdf, 0xff, 0x14, 0x2f, 0xdf, 0xff, 0x14, 0x2f, 0xdf, 0xff,
    0x13, 0x2e, 0xdf, 0xff, 0x13, 0x2e, 0xdf, 0xff, 0x13, 0x2e, 0xdf, 0xff, 0x13, 0x2e, 0xdf, 0xff,
    0x14, 0x2e, 0xdf, 0xff, 0x14, 0x2e, 0xdf, 0xff, 0x13, 0x2e, 0xe0, 0xff, 0x13, 0x2e, 0xe0, 0xff,
    0x14, 0x2f, 0xe0, 0xff, 0x14, 0x2f, 0xe0, 0xff, 0x14, 0x2e, 0xe0, 0xff, 0x14, 0x2e, 0xe0, 0xff,
    0x14, 0x2f, 0xe0, 0xff, 0x14, 0x2f, 0xe0, 0xff, 0x14, 0x2f, 0xe0, 0xff, 0x14, 0x2f, 0xe0, 0xff,
    0x14, 0x2f, 0xe0, 0xff, 0x14, 0x2f, 0xe0, 0xff, 0x14, 0x2f, 0xdf, 0xff, 0x14, 0x2f, 0xdf, 0xff,
    0x09, 0x16, 0xa1, 0xff, 0x09, 0x16, 0xa1, 0xff, 0x00, 0x00, 0x00, 0x00, 0x00, 0x00, 0x00, 0x00,
    0x00, 0x00, 0x00, 0x00, 0x00, 0x00, 0x00, 0x00, 0x00, 0x00, 0x00, 0x00, 0x00, 0x00, 0x00, 0x00,
    0x00, 0x00, 0x00, 0x00, 0x00, 0x00, 0x00, 0x00, 0x00, 0x00, 0x00, 0x00, 0x00, 0x00, 0x00, 0x00,
    0x0b, 0x15, 0xa3, 0xff, 0x0b, 0x15, 0xa3, 0xff, 0x14, 0x30, 0xe1, 0xff, 0x14, 0x30, 0xe1, 0xff,
    0x3a, 0x52, 0xec, 0xff, 0x3a, 0x52, 0xec, 0xff, 0x39, 0x53, 0xec, 0xff, 0x39, 0x53, 0xec, 0xff,
    0x13, 0x2f, 0xe0, 0xff, 0x13, 0x2f, 0xe0, 0xff, 0x14, 0x2e, 0xe0, 0xff, 0x14, 0x2e, 0xe0, 0xff,
    0x14, 0x2f, 0xe0, 0xff, 0x14, 0x2f, 0xe0, 0xff, 0x14, 0x2f, 0xdf, 0xff, 0x14, 0x2f, 0xdf, 0xff,
    0x17, 0x2f, 0xe0, 0xff, 0x17, 0x2f, 0xe0, 0xff, 0xfb, 0xfb, 0xfb, 0xff, 0xfb, 0xfb, 0xfb, 0xff,
    0x1a, 0x17, 0x10, 0xff, 0x1a, 0x17, 0x10, 0xff, 0x13, 0x2d, 0xdf, 0xff, 0x13, 0x2d, 0xdf, 0xff,
    0x14, 0x2f, 0xe0, 0xff, 0x14, 0x2f, 0xe0, 0xff, 0x14, 0x2f, 0xdf, 0xff, 0x14, 0x2f, 0xdf, 0xff,
    0x14, 0x2e, 0xdf, 0xff, 0x14, 0x2e, 0xdf, 0xff, 0x14, 0x2e, 0xdf, 0xff, 0x14, 0x2e, 0xdf, 0xff,
    0x14, 0x2f, 0xdf, 0xff, 0x14, 0x2f, 0xdf, 0xff, 0xf9, 0xf9, 0xfb, 0xff, 0xf9, 0xf9, 0xfb, 0xff,
    0x1e, 0x1a, 0x12, 0xff, 0x1e, 0x1a, 0x12, 0xff, 0x1c, 0x19, 0x12, 0xff, 0x1c, 0x19, 0x12, 0xff,
    0x14, 0x2e, 0xe0, 0xff, 0x14, 0x2e, 0xe0, 0xff, 0x14, 0x2f, 0xe0, 0xff, 0x14, 0x2f, 0xe0, 0xff,
    0x14, 0x2e, 0xe0, 0xff, 0x14, 0x2e, 0xe0, 0xff, 0x14, 0x2e, 0xe0, 0xff, 0x14, 0x2e, 0xe0, 0xff,
    0x14, 0x2e, 0xe0, 0xff, 0x14, 0x2e, 0xe0, 0xff, 0x14, 0x2e, 0xe0, 0xff, 0x14, 0x2e, 0xe0, 0xff,
    0x14, 0x2e, 0xe0, 0xff, 0x14, 0x2e, 0xe0, 0xff, 0x0a, 0x15, 0x9e, 0xff, 0x0a, 0x15, 0x9e, 0xff,
    0x00, 0x00, 0x00, 0x00, 0x00, 0x00, 0x00, 0x00, 0x00, 0x00, 0x00, 0x00, 0x00, 0x00, 0x00, 0x00,
    0x00, 0x00, 0x00, 0x00, 0x00, 0x00, 0x00, 0x00, 0x00, 0x00, 0x00, 0x00, 0x00, 0x00, 0x00, 0x00,
    0x0b, 0x15, 0xa3, 0xff, 0x0b, 0x15, 0xa3, 0xff, 0x14, 0x30, 0xe1, 0xff, 0x14, 0x30, 0xe1, 0xff,
    0x3a, 0x52, 0xec, 0xff, 0x3a, 0x52, 0xec, 0xff, 0x39, 0x53, 0xec, 0xff, 0x39, 0x53, 0xec, 0xff,
    0x13, 0x2f, 0xe0, 0xff, 0x13, 0x2f, 0xe0, 0xff, 0x14, 0x2e, 0xe0, 0xff, 0x14, 0x2e, 0xe0, 0xff,
    0x14, 0x2f, 0xe0, 0xff, 0x14, 0x2f, 0xe0, 0xff, 0x14, 0x2f, 0xdf, 0xff, 0x14, 0x2f, 0xdf, 0xff,
    0x17, 0x2f, 0xe0, 0xff, 0x17, 0x2f, 0xe0, 0xff, 0xfb, 0xfb, 0xfb, 0xff, 0xfb, 0xfb, 0xfb, 0xff,
    0x1a, 0x17, 0x10, 0xff, 0x1a, 0x17, 0x10, 0xff, 0x13, 0x2d, 0xdf, 0xff, 0x13, 0x2d, 0xdf, 0xff,
    0x14, 0x2f, 0xe0, 0xff, 0x14, 0x2f, 0xe0, 0xff, 0x14, 0x2f, 0xdf, 0xff, 0x14, 0x2f, 0xdf, 0xff,
    0x14, 0x2e, 0xdf, 0xff, 0x14, 0x2e, 0xdf, 0xff, 0x14, 0x2e, 0xdf, 0xff, 0x14, 0x2e, 0xdf, 0xff,
    0x14, 0x2f, 0xdf, 0xff, 0x14, 0x2f, 0xdf, 0xff, 0xf9, 0xf9, 0xfb, 0xff, 0xf9, 0xf9, 0xfb, 0xff,
    0x1e, 0x1a, 0x12, 0xff, 0x1e, 0x1a, 0x12, 0xff, 0x1c, 0x19, 0x12, 0xff, 0x1c, 0x19, 0x12, 0xff,
    0x14, 0x2e, 0xe0, 0xff, 0x14, 0x2e, 0xe0, 0xff, 0x14, 0x2f, 0xe0, 0xff, 0x14, 0x2f, 0xe0, 0xff,
    0x14, 0x2e, 0xe0, 0xff, 0x14, 0x2e, 0xe0, 0xff, 0x14, 0x2e, 0xe0, 0xff, 0x14, 0x2e, 0xe0, 0xff,
    0x14, 0x2e, 0xe0, 0xff, 0x14, 0x2e, 0xe0, 0xff, 0x14, 0x2e, 0xe0, 0xff, 0x14, 0x2e, 0xe0, 0xff,
    0x14, 0x2e, 0xe0, 0xff, 0x14, 0x2e, 0xe0, 0xff, 0x0a, 0x15, 0x9e, 0xff, 0x0a, 0x15, 0x9e, 0xff,
    0x00, 0x00, 0x00, 0x00, 0x00, 0x00, 0x00, 0x00, 0x00, 0x00, 0x00, 0x00, 0x00, 0x00, 0x00, 0x00,
    0x00, 0x00, 0x00, 0x00, 0x00, 0x00, 0x00, 0x00, 0x00, 0x00, 0x00, 0x00, 0x00, 0x00, 0x00, 0x00,
    0x09, 0x15, 0xa4, 0xff, 0x09, 0x15, 0xa4, 0xff, 0x15, 0x2f, 0xe1, 0xff, 0x15, 0x2f, 0xe1, 0xff,
    0x3a, 0x52, 0xeb, 0xff, 0x3a, 0x52, 0xeb, 0xff, 0x3b, 0x53, 0xec, 0xff, 0x3b, 0x53, 0xec, 0xff,
    0x13, 0x2e, 0xdf, 0xff, 0x13, 0x2e, 0xdf, 0xff, 0x14, 0x2e, 0xdf, 0xff, 0x14, 0x2e, 0xdf, 0xff,
    0x14, 0x2f, 0xe0, 0xff, 0x14, 0x2f, 0xe0, 0xff, 0x14, 0x2f, 0xe0, 0xff, 0x14, 0x2f, 0xe0, 0xff,
    0x1c, 0x1a, 0x13, 0xff, 0x1c, 0x1a, 0x13, 0xff, 0x43, 0x42, 0x37, 0xff, 0x43, 0x42, 0x37, 0xff,
    0x19, 0x16, 0x0f, 0xff, 0x19, 0x16, 0x0f, 0xff, 0x13, 0x2d, 0xde, 0xff, 0x13, 0x2d, 0xde, 0xff,
    0x14, 0x2e, 0xdf, 0xff, 0x14, 0x2e, 0xdf, 0xff, 0x14, 0x2e, 0xdf, 0xff, 0x14, 0x2e, 0xdf, 0xff,
    0x14, 0x2e, 0xdf, 0xff, 0x14, 0x2e, 0xdf, 0xff, 0x13, 0x2e, 0xdf, 0xff, 0x13, 0x2e, 0xdf, 0xff,
    0x13, 0x2e, 0xde, 0xff, 0x13, 0x2e, 0xde, 0xff, 0x43, 0x40, 0x35, 0xff, 0x43, 0x40, 0x35, 0xff,
    0x19, 0x16, 0x0e, 0xff, 0x19, 0x16, 0x0e, 0xff, 0x18, 0x16, 0x0f, 0xff, 0x18, 0x16, 0x0f, 0xff,
    0x13, 0x2e, 0xdf, 0xff, 0x13, 0x2e, 0xdf, 0xff, 0x14, 0x2f, 0xe0, 0xff, 0x14, 0x2f, 0xe0, 0xff,
    0x14, 0x2e, 0xe0, 0xff, 0x14, 0x2e, 0xe0, 0xff, 0x14, 0x2f, 0xe0, 0xff, 0x14, 0x2f, 0xe0, 0xff,
    0x14, 0x2f, 0xe0, 0xff, 0x14, 0x2f, 0xe0, 0xff, 0x14, 0x2e, 0xe0, 0xff, 0x14, 0x2e, 0xe0, 0xff,
    0x14, 0x2f, 0xe0, 0xff, 0x14, 0x2f, 0xe0, 0xff, 0x09, 0x16, 0x9f, 0xff, 0x09, 0x16, 0x9f, 0xff,
    0x00, 0x00, 0x00, 0x00, 0x00, 0x00, 0x00, 0x00, 0x00, 0x00, 0x00, 0x00, 0x00, 0x00, 0x00, 0x00,
    0x00, 0x00, 0x00, 0x00, 0x00, 0x00, 0x00, 0x00, 0x00, 0x00, 0x00, 0x00, 0x00, 0x00, 0x00, 0x00,
    0x09, 0x15, 0xa4, 0xff, 0x09, 0x15, 0xa4, 0xff, 0x15, 0x2f, 0xe1, 0xff, 0x15, 0x2f, 0xe1, 0xff,
    0x3a, 0x52, 0xeb, 0xff, 0x3a, 0x52, 0xeb, 0xff, 0x3b, 0x53, 0xec, 0xff, 0x3b, 0x53, 0xec, 0xff,
    0x13, 0x2e, 0xdf, 0xff, 0x13, 0x2e, 0xdf, 0xff, 0x14, 0x2e, 0xdf, 0xff, 0x14, 0x2e, 0xdf, 0xff,
    0x14, 0x2f, 0xe0, 0xff, 0x14, 0x2f, 0xe0, 0xff, 0x14, 0x2f, 0xe0, 0xff, 0x14, 0x2f, 0xe0, 0xff,
    0x1c, 0x1a, 0x13, 0xff, 0x1c, 0x1a, 0x13, 0xff, 0x43, 0x42, 0x37, 0xff, 0x43, 0x42, 0x37, 0xff,
    0x19, 0x16, 0x0f, 0xff, 0x19, 0x16, 0x0f, 0xff, 0x13, 0x2d, 0xde, 0xff, 0x13, 0x2d, 0xde, 0xff,
    0x14, 0x2e, 0xdf, 0xff, 0x14, 0x2e, 0xdf, 0xff, 0x14, 0x2e, 0xdf, 0xff, 0x14, 0x2e, 0xdf, 0xff,
    0x14, 0x2e, 0xdf, 0xff, 0x14, 0x2e, 0xdf, 0xff, 0x13, 0x2e, 0xdf, 0xff, 0x13, 0x2e, 0xdf, 0xff,
    0x13, 0x2e, 0xde, 0xff, 0x13, 0x2e, 0xde, 0xff, 0x43, 0x40, 0x35, 0xff, 0x43, 0x40, 0x35, 0xff,
    0x19, 0x16, 0x0e, 0xff, 0x19, 0x16, 0x0e, 0xff, 0x18, 0x16, 0x0f, 0xff, 0x18, 0x16, 0x0f, 0xff,
    0x13, 0x2e, 0xdf, 0xff, 0x13, 0x2e, 0xdf, 0xff, 0x14, 0x2f, 0xe0, 0xff, 0x14, 0x2f, 0xe0, 0xff,
    0x14, 0x2e, 0xe0, 0xff, 0x14, 0x2e, 0xe0, 0xff, 0x14, 0x2f, 0xe0, 0xff, 0x14, 0x2f, 0xe0, 0xff,
    0x14, 0x2f, 0xe0, 0xff, 0x14, 0x2f, 0xe0, 0xff, 0x14, 0x2e, 0xe0, 0xff, 0x14, 0x2e, 0xe0, 0xff,
    0x14, 0x2f, 0xe0, 0xff, 0x14, 0x2f, 0xe0, 0xff, 0x09, 0x16, 0x9f, 0xff, 0x09, 0x16, 0x9f, 0xff,
    0x00, 0x00, 0x00, 0x00, 0x00, 0x00, 0x00, 0x00, 0x00, 0x00, 0x00, 0x00, 0x00, 0x00, 0x00, 0x00,
    0x00, 0x00, 0x00, 0x00, 0x00, 0x00, 0x00, 0x00, 0x00, 0x00, 0x00, 0x00, 0x00, 0x00, 0x00, 0x00,
    0x0a, 0x15, 0xa5, 0xff, 0x0a, 0x15, 0xa5, 0xff, 0x14, 0x2f, 0xe1, 0xff, 0x14, 0x2f, 0xe1, 0xff,
    0x39, 0x50, 0xeb, 0xff, 0x39, 0x50, 0xeb, 0xff, 0x3b, 0x53, 0xeb, 0xff, 0x3b, 0x53, 0xeb, 0xff,
    0x14, 0x2e, 0xdf, 0xff, 0x14, 0x2e, 0xdf, 0xff, 0x14, 0x2f, 0xe0, 0xff, 0x14, 0x2f, 0xe0, 0xff,
    0x14, 0x2f, 0xe0, 0xff, 0x14, 0x2f, 0xe0, 0xff, 0x14, 0x2f, 0xe0, 0xff, 0x14, 0x2f, 0xe0, 0xff,
    0x1b, 0x19, 0x11, 0xff, 0x1b, 0x19, 0x11, 0xff, 0x40, 0x3e, 0x34, 0xff, 0x40, 0x3e, 0x34, 0xff,
    0x19, 0x16, 0x0e, 0xff, 0x19, 0x16, 0x0e, 0xff, 0x14, 0x2e, 0xdf, 0xff, 0x14, 0x2e, 0xdf, 0xff,
    0x14, 0x2e, 0xdf, 0xff, 0x14, 0x2e, 0xdf, 0xff, 0x14, 0x2d, 0xdf, 0xff, 0x14, 0x2d, 0xdf, 0xff,
    0x14, 0x2e, 0xdf, 0xff, 0x14, 0x2e, 0xdf, 0xff, 0x14, 0x2f, 0xdf, 0xff, 0x14, 0x2f, 0xdf, 0xff,
    0x13, 0x2e, 0xde, 0xff, 0x13, 0x2e, 0xde, 0xff, 0x3e, 0x3d, 0x32, 0xff, 0x3e, 0x3d, 0x32, 0xff,
    0x18, 0x15, 0x0e, 0xff, 0x18, 0x15, 0x0e, 0xff, 0x19, 0x16, 0x0f, 0xff, 0x19, 0x16, 0x0f, 0xff,
    0x14, 0x2f, 0xdf, 0xff, 0x14, 0x2f, 0xdf, 0xff, 0x14, 0x2f, 0xe0, 0xff, 0x14, 0x2f, 0xe0, 0xff,
    0x14, 0x2f, 0xe0, 0xff, 0x14, 0x2f, 0xe0, 0xff, 0x14, 0x2f, 0xe0, 0xff, 0x14, 0x2f, 0xe0, 0xff,
    0x14, 0x2e, 0xe0, 0xff, 0x14, 0x2e, 0xe0, 0xff, 0x14, 0x2e, 0xe0, 0xff, 0x14, 0x2e, 0xe0, 0xff,
    0x14, 0x2e, 0xe1, 0xff, 0x14, 0x2e, 0xe1, 0xff, 0x09, 0x16, 0x9f, 0xff, 0x09, 0x16, 0x9f, 0xff,
    0x00, 0x00, 0x00, 0x00, 0x00, 0x00, 0x00, 0x00, 0x00, 0x00, 0x00, 0x00, 0x00, 0x00, 0x00, 0x00,
    0x00, 0x00, 0x00, 0x00, 0x00, 0x00, 0x00, 0x00, 0x00, 0x00, 0x00, 0x00, 0x00, 0x00, 0x00, 0x00,
    0x0a, 0x15, 0xa5, 0xff, 0x0a, 0x15, 0xa5, 0xff, 0x14, 0x2f, 0xe1, 0xff, 0x14, 0x2f, 0xe1, 0xff,
    0x39, 0x50, 0xeb, 0xff, 0x39, 0x50, 0xeb, 0xff, 0x3b, 0x53, 0xeb, 0xff, 0x3b, 0x53, 0xeb, 0xff,
    0x14, 0x2e, 0xdf, 0xff, 0x14, 0x2e, 0xdf, 0xff, 0x14, 0x2f, 0xe0, 0xff, 0x14, 0x2f, 0xe0, 0xff,
    0x14, 0x2f, 0xe0, 0xff, 0x14, 0x2f, 0xe0, 0xff, 0x14, 0x2f, 0xe0, 0xff, 0x14, 0x2f, 0xe0, 0xff,
    0x1b, 0x19, 0x11, 0xff, 0x1b, 0x19, 0x11, 0xff, 0x40, 0x3e, 0x34, 0xff, 0x40, 0x3e, 0x34, 0xff,
    0x19, 0x16, 0x0e, 0xff, 0x19, 0x16, 0x0e, 0xff, 0x14, 0x2e, 0xdf, 0xff, 0x14, 0x2e, 0xdf, 0xff,
    0x14, 0x2e, 0xdf, 0xff, 0x14, 0x2e, 0xdf, 0xff, 0x14, 0x2d, 0xdf, 0xff, 0x14, 0x2d, 0xdf, 0xff,
    0x14, 0x2e, 0xdf, 0xff, 0x14, 0x2e, 0xdf, 0xff, 0x14, 0x2f, 0xdf, 0xff, 0x14, 0x2f, 0xdf, 0xff,
    0x13, 0x2e, 0xde, 0xff, 0x13, 0x2e, 0xde, 0xff, 0x3e, 0x3d, 0x32, 0xff, 0x3e, 0x3d, 0x32, 0xff,
    0x18, 0x15, 0x0e, 0xff, 0x18, 0x15, 0x0e, 0xff, 0x19, 0x16, 0x0f, 0xff, 0x19, 0x16, 0x0f, 0xff,
    0x14, 0x2f, 0xdf, 0xff, 0x14, 0x2f, 0xdf, 0xff, 0x14, 0x2f, 0xe0, 0xff, 0x14, 0x2f, 0xe0, 0xff,
    0x14, 0x2f, 0xe0, 0xff, 0x14, 0x2f, 0xe0, 0xff, 0x14, 0x2f, 0xe0, 0xff, 0x14, 0x2f, 0xe0, 0xff,
    0x14, 0x2e, 0xe0, 0xff, 0x14, 0x2e, 0xe0, 0xff, 0x14, 0x2e, 0xe0, 0xff, 0x14, 0x2e, 0xe0, 0xff,
    0x14, 0x2e, 0xe1, 0xff, 0x14, 0x2e, 0xe1, 0xff, 0x09, 0x16, 0x9f, 0xff, 0x09, 0x16, 0x9f, 0xff,
    0x00, 0x00, 0x00, 0x00, 0x00, 0x00, 0x00, 0x00, 0x00, 0x00, 0x00, 0x00, 0x00, 0x00, 0x00, 0x00,
    0x00, 0x00, 0x00, 0x00, 0x00, 0x00, 0x00, 0x00, 0x00, 0x00, 0x00, 0x00, 0x00, 0x00, 0x00, 0x00,
    0x0a, 0x16, 0xa5, 0xff, 0x0a, 0x16, 0xa5, 0xff, 0x14, 0x2f, 0xdf, 0xff, 0x14, 0x2f, 0xdf, 0xff,
    0x14, 0x2e, 0xdf, 0xff, 0x14, 0x2e, 0xdf, 0xff, 0x14, 0x2f, 0xdf, 0xff, 0x14, 0x2f, 0xdf, 0xff,
    0x14, 0x2f, 0xdf, 0xff, 0x14, 0x2f, 0xdf, 0xff, 0x14, 0x2f, 0xe0, 0xff, 0x14, 0x2f, 0xe0, 0xff,
    0x14, 0x2f, 0xe0, 0xff, 0x14, 0x2f, 0xe0, 0xff, 0x15, 0x30, 0xe1, 0xff, 0x15, 0x30, 0xe1, 0xff,
    0x1b, 0x19, 0x12, 0xff, 0x1b, 0x19, 0x12, 0xff, 0x1a, 0x18, 0x0f, 0xff, 0x1a, 0x18, 0x0f, 0xff,
    0x1a, 0x17, 0x10, 0xff, 0x1a, 0x17, 0x10, 0xff, 0x14, 0x2f, 0xdf, 0xff, 0x14, 0x2f, 0xdf, 0xff,
    0x14, 0x2e, 0xe1, 0xff, 0x14, 0x2e, 0xe1, 0xff, 0x13, 0x2d, 0xdf, 0xff, 0x13, 0x2d, 0xdf, 0xff,
    0x14, 0x2f, 0xe0, 0xff, 0x14, 0x2f, 0xe0, 0xff, 0x14, 0x2e, 0xe1, 0xff, 0x14, 0x2e, 0xe1, 0xff,
    0x13, 0x2e, 0xdf, 0xff, 0x13, 0x2e, 0xdf, 0xff, 0x1b, 0x18, 0x0f, 0xff, 0x1b, 0x18, 0x0f, 0xff,
    0x1b, 0x18, 0x0f, 0xff, 0x1b, 0x18, 0x0f, 0xff, 0x1c, 0x1b, 0x16, 0xff, 0x1c, 0x1b, 0x16, 0xff,
    0x15, 0x30, 0xdf, 0xff, 0x15, 0x30, 0xdf, 0xff, 0x15, 0x30, 0xe0, 0xff, 0x15, 0x30, 0xe0, 0xff,
    0x14, 0x2f, 0xe0, 0xff, 0x14, 0x2f, 0xe0, 0xff, 0x14, 0x2e, 0xe0, 0xff, 0x14, 0x2e, 0xe0, 0xff,
    0x14, 0x2e, 0xdf, 0xff, 0x14, 0x2e, 0xdf, 0xff, 0x14, 0x2e, 0xe0, 0xff, 0x14, 0x2e, 0xe0, 0xff,
    0x14, 0x2f, 0xe1, 0xff, 0x14, 0x2f, 0xe1, 0xff, 0x09, 0x15, 0x9b, 0xff, 0x09, 0x15, 0x9b, 0xff,
    0x00, 0x00, 0x00, 0x00, 0x00, 0x00, 0x00, 0x00, 0x00, 0x00, 0x00, 0x00, 0x00, 0x00, 0x00, 0x00,
    0x00, 0x00, 0x00, 0x00, 0x00, 0x00, 0x00, 0x00, 0x00, 0x00, 0x00, 0x00, 0x00, 0x00, 0x00, 0x00,
    0x0a, 0x16, 0xa5, 0xff, 0x0a, 0x16, 0xa5, 0xff, 0x14, 0x2f, 0xdf, 0xff, 0x14, 0x2f, 0xdf, 0xff,
    0x14, 0x2e, 0xdf, 0xff, 0x14, 0x2e, 0xdf, 0xff, 0x14, 0x2f, 0xdf, 0xff, 0x14, 0x2f, 0xdf, 0xff,
    0x14, 0x2f, 0xdf, 0xff, 0x14, 0x2f, 0xdf, 0xff, 0x14, 0x2f, 0xe0, 0xff, 0x14, 0x2f, 0xe0, 0xff,
    0x14, 0x2f, 0xe0, 0xff, 0x14, 0x2f, 0xe0, 0xff, 0x15, 0x30, 0xe1, 0xff, 0x15, 0x30, 0xe1, 0xff,
    0x1b, 0x19, 0x12, 0xff, 0x1b, 0x19, 0x12, 0xff, 0x1a, 0x18, 0x0f, 0xff, 0x1a, 0x18, 0x0f, 0xff,
    0x1a, 0x17, 0x10, 0xff, 0x1a, 0x17, 0x10, 0xff, 0x14, 0x2f, 0xdf, 0xff, 0x14, 0x2f, 0xdf, 0xff,
    0x14, 0x2e, 0xe1, 0xff, 0x14, 0x2e, 0xe1, 0xff, 0x13, 0x2d, 0xdf, 0xff, 0x13, 0x2d, 0xdf, 0xff,
    0x14, 0x2f, 0xe0, 0xff, 0x14, 0x2f, 0xe0, 0xff, 0x14, 0x2e, 0xe1, 0xff, 0x14, 0x2e, 0xe1, 0xff,
    0x13, 0x2e, 0xdf, 0xff, 0x13, 0x2e, 0xdf, 0xff, 0x1b, 0x18, 0x0f, 0xff, 0x1b, 0x18, 0x0f, 0xff,
    0x1b, 0x18, 0x0f, 0xff, 0x1b, 0x18, 0x0f, 0xff, 0x1c, 0x1b, 0x16, 0xff, 0x1c, 0x1b, 0x16, 0xff,
    0x15, 0x30, 0xdf, 0xff, 0x15, 0x30, 0xdf, 0xff, 0x15, 0x30, 0xe0, 0xff, 0x15, 0x30, 0xe0, 0xff,
    0x14, 0x2f, 0xe0, 0xff, 0x14, 0x2f, 0xe0, 0xff, 0x14, 0x2e, 0xe0, 0xff, 0x14, 0x2e, 0xe0, 0xff,
    0x14, 0x2e, 0xdf, 0xff, 0x14, 0x2e, 0xdf, 0xff, 0x14, 0x2e, 0xe0, 0xff, 0x14, 0x2e, 0xe0, 0xff,
    0x14, 0x2f, 0xe1, 0xff, 0x14, 0x2f, 0xe1, 0xff, 0x09, 0x15, 0x9b, 0xff, 0x09, 0x15, 0x9b, 0xff,
    0x00, 0x00, 0x00, 0x00, 0x00, 0x00, 0x00, 0x00, 0x00, 0x00, 0x00, 0x00, 0x00, 0x00, 0x00, 0x00,
    0x00, 0x00, 0x00, 0x00, 0x00, 0x00, 0x00, 0x00, 0x00, 0x00, 0x00, 0x00, 0x00, 0x00, 0x00, 0x00,
    0x0b, 0x17, 0xa7, 0xff, 0x0b, 0x17, 0xa7, 0xff, 0x0f, 0x27, 0xd3, 0xff, 0x0f, 0x27, 0xd3, 0xff,
    0x14, 0x2f, 0xdf, 0xff, 0x14, 0x2f, 0xdf, 0xff, 0x14, 0x2f, 0xe0, 0xff, 0x14, 0x2f, 0xe0, 0xff,
    0x15, 0x2f, 0xe0, 0xff, 0x15, 0x2f, 0xe0, 0xff, 0x14, 0x2f, 0xe0, 0xff, 0x14, 0x2f, 0xe0, 0xff,
    0x14, 0x2f, 0xe0, 0xff, 0x14, 0x2f, 0xe0, 0xff, 0x8d, 0x91, 0xfa, 0xff, 0x8d, 0x91, 0xfa, 0xff,
    0x8c, 0x8f, 0xfb, 0xff, 0x8c, 0x8f, 0xfb, 0xff, 0x16, 0x31, 0xe1, 0xff, 0x16, 0x31, 0xe1, 0xff,
    0x14, 0x2e, 0xdf, 0xff, 0x14, 0x2e, 0xdf, 0xff, 0x14, 0x2f, 0xe0, 0xff, 0x14, 0x2f, 0xe0, 0xff,
    0x1c, 0x1a, 0x11, 0xff, 0x1c, 0x1a, 0x11, 0xff, 0x13, 0x2d, 0xdf, 0xff, 0x13, 0x2d, 0xdf, 0xff,
    0x14, 0x2d, 0xdf, 0xff, 0x14, 0x2d, 0xdf, 0xff, 0x1b, 0x1c, 0x12, 0xff, 0x1b, 0x1c, 0x12, 0xff,
    0x14, 0x2e, 0xdf, 0xff, 0x14, 0x2e, 0xdf, 0xff, 0x13, 0x2d, 0xde, 0xff, 0x13, 0x2d, 0xde, 0xff,
    0x18, 0x32, 0xdf, 0xff, 0x18, 0x32, 0xdf, 0xff, 0x8a, 0x8e, 0xfa, 0xff, 0x8a, 0x8e, 0xfa, 0xff,
    0x8c, 0x90, 0xfa, 0xff, 0x8c, 0x90, 0xfa, 0xff, 0x14, 0x2f, 0xe0, 0xff, 0x14, 0x2f, 0xe0, 0xff,
    0x13, 0x2e, 0xdf, 0xff, 0x13, 0x2e, 0xdf, 0xff, 0x14, 0x2e, 0xdf, 0xff, 0x14, 0x2e, 0xdf, 0xff,
    0x14, 0x2f, 0xe0, 0xff, 0x14, 0x2f, 0xe0, 0xff, 0x13, 0x2d, 0xdf, 0xff, 0x13, 0x2d, 0xdf, 0xff,
    0x0b, 0x1e, 0xc1, 0xff, 0x0b, 0x1e, 0xc1, 0xff, 0x03, 0x0b, 0x6d, 0xff, 0x03, 0x0b, 0x6d, 0xff,
    0x00, 0x00, 0x00, 0x00, 0x00, 0x00, 0x00, 0x00, 0x00, 0x00, 0x00, 0x00, 0x00, 0x00, 0x00, 0x00,
    0x00, 0x00, 0x00, 0x00, 0x00, 0x00, 0x00, 0x00, 0x00, 0x00, 0x00, 0x00, 0x00, 0x00, 0x00, 0x00,
    0x0b, 0x17, 0xa7, 0xff, 0x0b, 0x17, 0xa7, 0xff, 0x0f, 0x27, 0xd3, 0xff, 0x0f, 0x27, 0xd3, 0xff,
    0x14, 0x2f, 0xdf, 0xff, 0x14, 0x2f, 0xdf, 0xff, 0x14, 0x2f, 0xe0, 0xff, 0x14, 0x2f, 0xe0, 0xff,
    0x15, 0x2f, 0xe0, 0xff, 0x15, 0x2f, 0xe0, 0xff, 0x14, 0x2f, 0xe0, 0xff, 0x14, 0x2f, 0xe0, 0xff,
    0x14, 0x2f, 0xe0, 0xff, 0x14, 0x2f, 0xe0, 0xff, 0x8d, 0x91, 0xfa, 0xff, 0x8d, 0x91, 0xfa, 0xff,
    0x8c, 0x8f, 0xfb, 0xff, 0x8c, 0x8f, 0xfb, 0xff, 0x16, 0x31, 0xe1, 0xff, 0x16, 0x31, 0xe1, 0xff,
    0x14, 0x2e, 0xdf, 0xff, 0x14, 0x2e, 0xdf, 0xff, 0x14, 0x2f, 0xe0, 0xff, 0x14, 0x2f, 0xe0, 0xff,
    0x1c, 0x1a, 0x11, 0xff, 0x1c, 0x1a, 0x11, 0xff, 0x13, 0x2d, 0xdf, 0xff, 0x13, 0x2d, 0xdf, 0xff,
    0x14, 0x2d, 0xdf, 0xff, 0x14, 0x2d, 0xdf, 0xff, 0x1b, 0x1c, 0x12, 0xff, 0x1b, 0x1c, 0x12, 0xff,
    0x14, 0x2e, 0xdf, 0xff, 0x14, 0x2e, 0xdf, 0xff, 0x13, 0x2d, 0xde, 0xff, 0x13, 0x2d, 0xde, 0xff,
    0x18, 0x32, 0xdf, 0xff, 0x18, 0x32, 0xdf, 0xff, 0x8a, 0x8e, 0xfa, 0xff, 0x8a, 0x8e, 0xfa, 0xff,
    0x8c, 0x90, 0xfa, 0xff, 0x8c, 0x90, 0xfa, 0xff, 0x14, 0x2f, 0xe0, 0xff, 0x14, 0x2f, 0xe0, 0xff,
    0x13, 0x2e, 0xdf, 0xff, 0x13, 0x2e, 0xdf, 0xff, 0x14, 0x2e, 0xdf, 0xff, 0x14, 0x2e, 0xdf, 0xff,
    0x14, 0x2f, 0xe0, 0xff, 0x14, 0x2f, 0xe0, 0xff, 0x13, 0x2d, 0xdf, 0xff, 0x13, 0x2d, 0xdf, 0xff,
    0x0b, 0x1e, 0xc1, 0xff, 0x0b, 0x1e, 0xc1, 0xff, 0x03, 0x0b, 0x6d, 0xff, 0x03, 0x0b, 0x6d, 0xff,
    0x00, 0x00, 0x00, 0x00, 0x00, 0x00, 0x00, 0x00, 0x00, 0x00, 0x00, 0x00, 0x00, 0x00, 0x00, 0x00,
    0x00, 0x00, 0x00, 0x00, 0x00, 0x00, 0x00, 0x00, 0x00, 0x00, 0x00, 0x00, 0x00, 0x00, 0x00, 0x00,
    0xa5, 0xc4, 0xd5, 0xff, 0xa5, 0xc4, 0xd5, 0xff, 0x04, 0x0d, 0x7e, 0xff, 0x04, 0x0d, 0x7e, 0xff,
    0x14, 0x2f, 0xdf, 0xff, 0x14, 0x2f, 0xdf, 0xff, 0x15, 0x2f, 0xe0, 0xff, 0x15, 0x2f, 0xe0, 0xff,
    0x15, 0x2f, 0xe0, 0xff, 0x15, 0x2f, 0xe0, 0xff, 0x14, 0x2f, 0xe0, 0xff, 0x14, 0x2f, 0xe0, 0xff,
    0x14, 0x2f, 0xe0, 0xff, 0x14, 0x2f, 0xe0, 0xff, 0x15, 0x30, 0xe1, 0xff, 0x15, 0x30, 0xe1, 0xff,
    0x15, 0x2f, 0xe0, 0xff, 0x15, 0x2f, 0xe0, 0xff, 0x15, 0x30, 0xe0, 0xff, 0x15, 0x30, 0xe0, 0xff,
    0x14, 0x2e, 0xdf, 0xff, 0x14, 0x2e, 0xdf, 0xff, 0x14, 0x2e, 0xdf, 0xff, 0x14, 0x2e, 0xdf, 0xff,
    0x14, 0x2e, 0xdf, 0xff, 0x14, 0x2e, 0xdf, 0xff, 0x12, 0x2b, 0xda, 0xff, 0x12, 0x2b, 0xda, 0xff,
    0x13, 0x2c, 0xdd, 0xff, 0x13, 0x2c, 0xdd, 0xff, 0x14, 0x2e, 0xde, 0xff, 0x14, 0x2e, 0xde, 0xff,
    0x13, 0x2e, 0xdf, 0xff, 0x13, 0x2e, 0xdf, 0xff, 0x13, 0x2f, 0xdf, 0xff, 0x13, 0x2f, 0xdf, 0xff,
    0x14, 0x30, 0xdf, 0xff, 0x14, 0x30, 0xdf, 0xff, 0x15, 0x2f, 0xe0, 0xff, 0x15, 0x2f, 0xe0, 0xff,
    0x15, 0x2e, 0xe0, 0xff, 0x15, 0x2e, 0xe0, 0xff, 0x14, 0x2e, 0xe0, 0xff, 0x14, 0x2e, 0xe0, 0xff,
    0x13, 0x2d, 0xdf, 0xff, 0x13, 0x2d, 0xdf, 0xff, 0x13, 0x2e, 0xe0, 0xff, 0x13, 0x2e, 0xe0, 0xff,
    0x14, 0x2e, 0xdf, 0xff, 0x14, 0x2e, 0xdf, 0xff, 0x13, 0x2d, 0xde, 0xff, 0x13, 0x2d, 0xde, 0xff,
    0x04, 0x0c, 0x75, 0xff, 0x04, 0x0c, 0x75, 0xff, 0x80, 0x98, 0xa0, 0xff, 0x80, 0x98, 0xa0, 0xff,
    0x00, 0x00, 0x00, 0x00, 0x00, 0x00, 0x00, 0x00, 0x00, 0x00, 0x00, 0x00, 0x00, 0x00, 0x00, 0x00,
    0x00, 0x00, 0x00, 0x00, 0x00, 0x00, 0x00, 0x00, 0x00, 0x00, 0x00, 0x00, 0x00, 0x00, 0x00, 0x00,
    0xa5, 0xc4, 0xd5, 0xff, 0xa5, 0xc4, 0xd5, 0xff, 0x04, 0x0d, 0x7e, 0xff, 0x04, 0x0d, 0x7e, 0xff,
    0x14, 0x2f, 0xdf, 0xff, 0x14, 0x2f, 0xdf, 0xff, 0x15, 0x2f, 0xe0, 0xff, 0x15, 0x2f, 0xe0, 0xff,
    0x15, 0x2f, 0xe0, 0xff, 0x15, 0x2f, 0xe0, 0xff, 0x14, 0x2f, 0xe0, 0xff, 0x14, 0x2f, 0xe0, 0xff,
    0x14, 0x2f, 0xe0, 0xff, 0x14, 0x2f, 0xe0, 0xff, 0x15, 0x30, 0xe1, 0xff, 0x15, 0x30, 0xe1, 0xff,
    0x15, 0x2f, 0xe0, 0xff, 0x15, 0x2f, 0xe0, 0xff, 0x15, 0x30, 0xe0, 0xff, 0x15, 0x30, 0xe0, 0xff,
    0x14, 0x2e, 0xdf, 0xff, 0x14, 0x2e, 0xdf, 0xff, 0x14, 0x2e, 0xdf, 0xff, 0x14, 0x2e, 0xdf, 0xff,
    0x14, 0x2e, 0xdf, 0xff, 0x14, 0x2e, 0xdf, 0xff, 0x12, 0x2b, 0xda, 0xff, 0x12, 0x2b, 0xda, 0xff,
    0x13, 0x2c, 0xdd, 0xff, 0x13, 0x2c, 0xdd, 0xff, 0x14, 0x2e, 0xde, 0xff, 0x14, 0x2e, 0xde, 0xff,
    0x13, 0x2e, 0xdf, 0xff, 0x13, 0x2e, 0xdf, 0xff, 0x13, 0x2f, 0xdf, 0xff, 0x13, 0x2f, 0xdf, 0xff,
    0x14, 0x30, 0xdf, 0xff, 0x14, 0x30, 0xdf, 0xff, 0x15, 0x2f, 0xe0, 0xff, 0x15, 0x2f, 0xe0, 0xff,
    0x15, 0x2e, 0xe0, 0xff, 0x15, 0x2e, 0xe0, 0xff, 0x14, 0x2e, 0xe0, 0xff, 0x14, 0x2e, 0xe0, 0xff,
    0x13, 0x2d, 0xdf, 0xff, 0x13, 0x2d, 0xdf, 0xff, 0x13, 0x2e, 0xe0, 0xff, 0x13, 0x2e, 0xe0, 0xff,
    0x14, 0x2e, 0xdf, 0xff, 0x14, 0x2e, 0xdf, 0xff, 0x13, 0x2d, 0xde, 0xff, 0x13, 0x2d, 0xde, 0xff,
    0x04, 0x0c, 0x75, 0xff, 0x04, 0x0c, 0x75, 0xff, 0x80, 0x98, 0xa0, 0xff, 0x80, 0x98, 0xa0, 0xff,
    0x00, 0x00, 0x00, 0x00, 0x00, 0x00, 0x00, 0x00, 0x00, 0x00, 0x00, 0x00, 0x00, 0x00, 0x00, 0x00,
    0x00, 0x00, 0x00, 0x00, 0x00, 0x00, 0x00, 0x00, 0x00, 0x00, 0x00, 0x00, 0x00, 0x00, 0x00, 0x00,
    0xce, 0xe9, 0xf3, 0xff, 0xce, 0xe9, 0xf3, 0xff, 0x51, 0x71, 0xeb, 0xff, 0x51, 0x71, 0xeb, 0xff,
    0x03, 0x0c, 0x7b, 0xff, 0x03, 0x0c, 0x7b, 0xff, 0x09, 0x18, 0xa9, 0xff, 0x09, 0x18, 0xa9, 0xff,
    0x15, 0x30, 0xe0, 0xff, 0x15, 0x30, 0xe0, 0xff, 0x14, 0x2f, 0xe0, 0xff, 0x14, 0x2f, 0xe0, 0xff,
    0x14, 0x2f, 0xdf, 0xff, 0x14, 0x2f, 0xdf, 0xff, 0x13, 0x2e, 0xdf, 0xff, 0x13, 0x2e, 0xdf, 0xff,
    0x13, 0x2e, 0xdf, 0xff, 0x13, 0x2e, 0xdf, 0xff, 0x14, 0x2e, 0xdf, 0xff, 0x14, 0x2e, 0xdf, 0xff,
    0x14, 0x2d, 0xdf, 0xff, 0x14, 0x2d, 0xdf, 0xff, 0x13, 0x2d, 0xdf, 0xff, 0x13, 0x2d, 0xdf, 0xff,
    0x13, 0x2e, 0xdf, 0xff, 0x13, 0x2e, 0xdf, 0xff, 0x13, 0x2d, 0xdf, 0xff, 0x13, 0x2d, 0xdf, 0xff,
    0x14, 0x2e, 0xdf, 0xff, 0x14, 0x2e, 0xdf, 0xff, 0x14, 0x2e, 0xdf, 0xff, 0x14, 0x2e, 0xdf, 0xff,
    0x13, 0x2e, 0xdf, 0xff, 0x13, 0x2e, 0xdf, 0xff, 0x13, 0x2d, 0xde, 0xff, 0x13, 0x2d, 0xde, 0xff,
    0x13, 0x2e, 0xdf, 0xff, 0x13, 0x2e, 0xdf, 0xff, 0x14, 0x2e, 0xdf, 0xff, 0x14, 0x2e, 0xdf, 0xff,
    0x13, 0x2e, 0xdf, 0xff, 0x13, 0x2e, 0xdf, 0xff, 0x14, 0x2e, 0xdf, 0xff, 0x14, 0x2e, 0xdf, 0xff,
    0x14, 0x2e, 0xe0, 0xff, 0x14, 0x2e, 0xe0, 0xff, 0x13, 0x2e, 0xe0, 0xff, 0x13, 0x2e, 0xe0, 0xff,
    0x09, 0x17, 0xa6, 0xff, 0x09, 0x17, 0xa6, 0xff, 0x04, 0x0b, 0x76, 0xff, 0x04, 0x0b, 0x76, 0xff,
    0x14, 0x2d, 0xe1, 0xff, 0x14, 0x2d, 0xe1, 0xff, 0xae, 0xcb, 0xd9, 0xff, 0xae, 0xcb, 0xd9, 0xff,
    0x00, 0x00, 0x00, 0x00, 0x00, 0x00, 0x00, 0x00, 0x00, 0x00, 0x00, 0x00, 0x00, 0x00, 0x00, 0x00,
    0x00, 0x00, 0x00, 0x00, 0x00, 0x00, 0x00, 0x00, 0x00, 0x00, 0x00, 0x00, 0x00, 0x00, 0x00, 0x00,
    0xce, 0xe9, 0xf3, 0xff, 0xce, 0xe9, 0xf3, 0xff, 0x51, 0x71, 0xeb, 0xff, 0x51, 0x71, 0xeb, 0xff,
    0x03, 0x0c, 0x7b, 0xff, 0x03, 0x0c, 0x7b, 0xff, 0x09, 0x18, 0xa9, 0xff, 0x09, 0x18, 0xa9, 0xff,
    0x15, 0x30, 0xe0, 0xff, 0x15, 0x30, 0xe0, 0xff, 0x14, 0x2f, 0xe0, 0xff, 0x14, 0x2f, 0xe0, 0xff,
    0x14, 0x2f, 0xdf, 0xff, 0x14, 0x2f, 0xdf, 0xff, 0x13, 0x2e, 0xdf, 0xff, 0x13, 0x2e, 0xdf, 0xff,
    0x13, 0x2e, 0xdf, 0xff, 0x13, 0x2e, 0xdf, 0xff, 0x14, 0x2e, 0xdf, 0xff, 0x14, 0x2e, 0xdf, 0xff,
    0x14, 0x2d, 0xdf, 0xff, 0x14, 0x2d, 0xdf, 0xff, 0x13, 0x2d, 0xdf, 0xff, 0x13, 0x2d, 0xdf, 0xff,
    0x13, 0x2e, 0xdf, 0xff, 0x13, 0x2e, 0xdf, 0xff, 0x13, 0x2d, 0xdf, 0xff, 0x13, 0x2d, 0xdf, 0xff,
    0x14, 0x2e, 0xdf, 0xff, 0x14, 0x2e, 0xdf, 0xff, 0x14, 0x2e, 0xdf, 0xff, 0x14, 0x2e, 0xdf, 0xff,
    0x13, 0x2e, 0xdf, 0xff, 0x13, 0x2e, 0xdf, 0xff, 0x13, 0x2d, 0xde, 0xff, 0x13, 0x2d, 0xde, 0xff,
    0x13, 0x2e, 0xdf, 0xff, 0x13, 0x2e, 0xdf, 0xff, 0x14, 0x2e, 0xdf, 0xff, 0x14, 0x2e, 0xdf, 0xff,
    0x13, 0x2e, 0xdf, 0xff, 0x13, 0x2e, 0xdf, 0xff, 0x14, 0x2e, 0xdf, 0xff, 0x14, 0x2e, 0xdf, 0xff,
    0x14, 0x2e, 0xe0, 0xff, 0x14, 0x2e, 0xe0, 0xff, 0x13, 0x2e, 0xe0, 0xff, 0x13, 0x2e, 0xe0, 0xff,
    0x09, 0x17, 0xa6, 0xff, 0x09, 0x17, 0xa6, 0xff, 0x04, 0x0b, 0x76, 0xff, 0x04, 0x0b, 0x76, 0xff,
    0x14, 0x2d, 0xe1, 0xff, 0x14, 0x2d, 0xe1, 0xff, 0xae, 0xcb, 0xd9, 0xff, 0xae, 0xcb, 0xd9, 0xff,
    0x00, 0x00, 0x00, 0x00, 0x00, 0x00, 0x00, 0x00, 0x00, 0x00, 0x00, 0x00, 0x00, 0x00, 0x00, 0x00,
    0x00, 0x00, 0x00, 0x00, 0x00, 0x00, 0x00, 0x00, 0x00, 0x00, 0x00, 0x00, 0x00, 0x00, 0x00, 0x00,
    0xd0, 0xea, 0xf4, 0xff, 0xd0, 0xea, 0xf4, 0xff, 0xd1, 0xeb, 0xf5, 0xff, 0xd1, 0xeb, 0xf5, 0xff,
    0x85, 0x9c, 0xa5, 0xff, 0x85, 0x9c, 0xa5, 0xff, 0x14, 0x2f, 0xe0, 0xff, 0x14, 0x2f, 0xe0, 0xff,
    0x04, 0x0d, 0x82, 0xff, 0x04, 0x0d, 0x82, 0xff, 0x0a, 0x17, 0xa6, 0xff, 0x0a, 0x17, 0xa6, 0xff,
    0x13, 0x2e, 0xde, 0xff, 0x13, 0x2e, 0xde, 0xff, 0x14, 0x2f, 0xdf, 0xff, 0x14, 0x2f, 0xdf, 0xff,
    0x14, 0x2e, 0xdf, 0xff, 0x14, 0x2e, 0xdf, 0xff, 0x13, 0x2d, 0xde, 0xff, 0x13, 0x2d, 0xde, 0xff,
    0x14, 0x2d, 0xdf, 0xff, 0x14, 0x2d, 0xdf, 0xff, 0x14, 0x2d, 0xdf, 0xff, 0x14, 0x2d, 0xdf, 0xff,
    0x14, 0x2d, 0xde, 0xff, 0x14, 0x2d, 0xde, 0xff, 0x13, 0x2d, 0xde, 0xff, 0x13, 0x2d, 0xde, 0xff,
    0x13, 0x2d, 0xde, 0xff, 0x13, 0x2d, 0xde, 0xff, 0x14, 0x2e, 0xde, 0xff, 0x14, 0x2e, 0xde, 0xff,
    0x14, 0x2e, 0xdf, 0xff, 0x14, 0x2e, 0xdf, 0xff, 0x14, 0x2e, 0xdf, 0xff, 0x14, 0x2e, 0xdf, 0xff,
    0x13, 0x2c, 0xdf, 0xff, 0x13, 0x2c, 0xdf, 0xff, 0x14, 0x2d, 0xde, 0xff, 0x14, 0x2d, 0xde, 0xff,
    0x14, 0x2e, 0xdf, 0xff, 0x14, 0x2e, 0xdf, 0xff, 0x14, 0x2e, 0xe0, 0xff, 0x14, 0x2e, 0xe0, 0xff,
    0x0a, 0x16, 0xa0, 0xff, 0x0a, 0x16, 0xa0, 0xff, 0x05, 0x0d, 0x80, 0xff, 0x05, 0x0d, 0x80, 0xff,
    0x0c, 0x1d, 0xbd, 0xff, 0x0c, 0x1d, 0xbd, 0xff, 0x85, 0x9b, 0xa4, 0xff, 0x85, 0x9b, 0xa4, 0xff,
    0xd0, 0xeb, 0xf5, 0xff, 0xd0, 0xeb, 0xf5, 0xff, 0xad, 0xca, 0xd8, 0xff, 0xad, 0xca, 0xd8, 0xff,
    0x00, 0x00, 0x00, 0x00, 0x00, 0x00, 0x00, 0x00, 0x00, 0x00, 0x00, 0x00, 0x00, 0x00, 0x00, 0x00,
    0x00, 0x00, 0x00, 0x00, 0x00, 0x00, 0x00, 0x00, 0x00, 0x00, 0x00, 0x00, 0x00, 0x00, 0x00, 0x00,
    0xd0, 0xea, 0xf4, 0xff, 0xd0, 0xea, 0xf4, 0xff, 0xd1, 0xeb, 0xf5, 0xff, 0xd1, 0xeb, 0xf5, 0xff,
    0x85, 0x9c, 0xa5, 0xff, 0x85, 0x9c, 0xa5, 0xff, 0x14, 0x2f, 0xe0, 0xff, 0x14, 0x2f, 0xe0, 0xff,
    0x04, 0x0d, 0x82, 0xff, 0x04, 0x0d, 0x82, 0xff, 0x0a, 0x17, 0xa6, 0xff, 0x0a, 0x17, 0xa6, 0xff,
    0x13, 0x2e, 0xde, 0xff, 0x13, 0x2e, 0xde, 0xff, 0x14, 0x2f, 0xdf, 0xff, 0x14, 0x2f, 0xdf, 0xff,
    0x14, 0x2e, 0xdf, 0xff, 0x14, 0x2e, 0xdf, 0xff, 0x13, 0x2d, 0xde, 0xff, 0x13, 0x2d, 0xde, 0xff,
    0x14, 0x2d, 0xdf, 0xff, 0x14, 0x2d, 0xdf, 0xff, 0x14, 0x2d, 0xdf, 0xff, 0x14, 0x2d, 0xdf, 0xff,
    0x14, 0x2d, 0xde, 0xff, 0x14, 0x2d, 0xde, 0xff, 0x13, 0x2d, 0xde, 0xff, 0x13, 0x2d, 0xde, 0xff,
    0x13, 0x2d, 0xde, 0xff, 0x13, 0x2d, 0xde, 0xff, 0x14, 0x2e, 0xde, 0xff, 0x14, 0x2e, 0xde, 0xff,
    0x14, 0x2e, 0xdf, 0xff, 0x14, 0x2e, 0xdf, 0xff, 0x14, 0x2e, 0xdf, 0xff, 0x14, 0x2e, 0xdf, 0xff,
    0x13, 0x2c, 0xdf, 0xff, 0x13, 0x2c, 0xdf, 0xff, 0x14, 0x2d, 0xde, 0xff, 0x14, 0x2d, 0xde, 0xff,
    0x14, 0x2e, 0xdf, 0xff, 0x14, 0x2e, 0xdf, 0xff, 0x14, 0x2e, 0xe0, 0xff, 0x14, 0x2e, 0xe0, 0xff,
    0x0a, 0x16, 0xa0, 0xff, 0x0a, 0x16, 0xa0, 0xff, 0x05, 0x0d, 0x80, 0xff, 0x05, 0x0d, 0x80, 0xff,
    0x0c, 0x1d, 0xbd, 0xff, 0x0c, 0x1d, 0xbd, 0xff, 0x85, 0x9b, 0xa4, 0xff, 0x85, 0x9b, 0xa4, 0xff,
    0xd0, 0xeb, 0xf5, 0xff, 0xd0, 0xeb, 0xf5, 0xff, 0xad, 0xca, 0xd8, 0xff, 0xad, 0xca, 0xd8, 0xff,
    0x00, 0x00, 0x00, 0x00, 0x00, 0x00, 0x00, 0x00, 0x00, 0x00, 0x00, 0x00, 0x00, 0x00, 0x00, 0x00,
    0x00, 0x00, 0x00, 0x00, 0x00, 0x00, 0x00, 0x00, 0x00, 0x00, 0x00, 0x00, 0x00, 0x00, 0x00, 0x00,
    0x84, 0x99, 0x9f, 0xff, 0x84, 0x99, 0x9f, 0xff, 0xd1, 0xeb, 0xf5, 0xff, 0xd1, 0xeb, 0xf5, 0xff,
    0xd2, 0xec, 0xf6, 0xff, 0xd2, 0xec, 0xf6, 0xff, 0x15, 0x2f, 0xe2, 0xff, 0x15, 0x2f, 0xe2, 0xff,
    0xaa, 0xc9, 0xd7, 0xff, 0xaa, 0xc9, 0xd7, 0xff, 0x13, 0x2e, 0xe0, 0xff, 0x13, 0x2e, 0xe0, 0xff,
    0x09, 0x14, 0x9f, 0xff, 0x09, 0x14, 0x9f, 0xff, 0x08, 0x14, 0x9b, 0xff, 0x08, 0x14, 0x9b, 0xff,
    0x09, 0x16, 0xa6, 0xff, 0x09, 0x16, 0xa6, 0xff, 0x08, 0x14, 0xa3, 0xff, 0x08, 0x14, 0xa3, 0xff,
    0x09, 0x15, 0xa4, 0xff, 0x09, 0x15, 0xa4, 0xff, 0x08, 0x15, 0xa2, 0xff, 0x08, 0x15, 0xa2, 0xff,
    0x08, 0x14, 0xa0, 0xff, 0x08, 0x14, 0xa0, 0xff, 0x08, 0x15, 0xa0, 0xff, 0x08, 0x15, 0xa0, 0xff,
    0x08, 0x15, 0xa1, 0xff, 0x08, 0x15, 0xa1, 0xff, 0x08, 0x14, 0x9f, 0xff, 0x08, 0x14, 0x9f, 0xff,
    0x08, 0x14, 0x9c, 0xff, 0x08, 0x14, 0x9c, 0xff, 0x08, 0x15, 0xa8, 0xff, 0x08, 0x15, 0xa8, 0xff,
    0x08, 0x14, 0xa5, 0xff, 0x08, 0x14, 0xa5, 0xff, 0x09, 0x16, 0xab, 0xff, 0x09, 0x16, 0xab, 0xff,
    0x07, 0x11, 0x94, 0xff, 0x07, 0x11, 0x94, 0xff, 0x07, 0x12, 0x94, 0xff, 0x07, 0x12, 0x94, 0xff,
    0x13, 0x2e, 0xe3, 0xff, 0x13, 0x2e, 0xe3, 0xff, 0xa8, 0xc4, 0xd2, 0xff, 0xa8, 0xc4, 0xd2, 0xff,
    0x15, 0x2f, 0xe5, 0xff, 0x15, 0x2f, 0xe5, 0xff, 0xd1, 0xeb, 0xf5, 0xff, 0xd1, 0xeb, 0xf5, 0xff,
    0xd0, 0xea, 0xf5, 0xff, 0xd0, 0xea, 0xf5, 0xff, 0x6f, 0x82, 0x7e, 0xff, 0x6f, 0x82, 0x7e, 0xff,
    0x00, 0x00, 0x00, 0x00, 0x00, 0x00, 0x00, 0x00, 0x00, 0x00, 0x00, 0x00, 0x00, 0x00, 0x00, 0x00,
    0x00, 0x00, 0x00, 0x00, 0x00, 0x00, 0x00, 0x00, 0x00, 0x00, 0x00, 0x00, 0x00, 0x00, 0x00, 0x00,
    0x84, 0x99, 0x9f, 0xff, 0x84, 0x99, 0x9f, 0xff, 0xd1, 0xeb, 0xf5, 0xff, 0xd1, 0xeb, 0xf5, 0xff,
    0xd2, 0xec, 0xf6, 0xff, 0xd2, 0xec, 0xf6, 0xff, 0x15, 0x2f, 0xe2, 0xff, 0x15, 0x2f, 0xe2, 0xff,
    0xaa, 0xc9, 0xd7, 0xff, 0xaa, 0xc9, 0xd7, 0xff, 0x13, 0x2e, 0xe0, 0xff, 0x13, 0x2e, 0xe0, 0xff,
    0x09, 0x14, 0x9f, 0xff, 0x09, 0x14, 0x9f, 0xff, 0x08, 0x14, 0x9b, 0xff, 0x08, 0x14, 0x9b, 0xff,
    0x09, 0x16, 0xa6, 0xff, 0x09, 0x16, 0xa6, 0xff, 0x08, 0x14, 0xa3, 0xff, 0x08, 0x14, 0xa3, 0xff,
    0x09, 0x15, 0xa4, 0xff, 0x09, 0x15, 0xa4, 0xff, 0x08, 0x15, 0xa2, 0xff, 0x08, 0x15, 0xa2, 0xff,
    0x08, 0x14, 0xa0, 0xff, 0x08, 0x14, 0xa0, 0xff, 0x08, 0x15, 0xa0, 0xff, 0x08, 0x15, 0xa0, 0xff,
    0x08, 0x15, 0xa1, 0xff, 0x08, 0x15, 0xa1, 0xff, 0x08, 0x14, 0x9f, 0xff, 0x08, 0x14, 0x9f, 0xff,
    0x08, 0x14, 0x9c, 0xff, 0x08, 0x14, 0x9c, 0xff, 0x08, 0x15, 0xa8, 0xff, 0x08, 0x15, 0xa8, 0xff,
    0x08, 0x14, 0xa5, 0xff, 0x08, 0x14, 0xa5, 0xff, 0x09, 0x16, 0xab, 0xff, 0x09, 0x16, 0xab, 0xff,
    0x07, 0x11, 0x94, 0xff, 0x07, 0x11, 0x94, 0xff, 0x07, 0x12, 0x94, 0xff, 0x07, 0x12, 0x94, 0xff,
    0x13, 0x2e, 0xe3, 0xff, 0x13, 0x2e, 0xe3, 0xff, 0xa8, 0xc4, 0xd2, 0xff, 0xa8, 0xc4, 0xd2, 0xff,
    0x15, 0x2f, 0xe5, 0xff, 0x15, 0x2f, 0xe5, 0xff, 0xd1, 0xeb, 0xf5, 0xff, 0xd1, 0xeb, 0xf5, 0xff,
    0xd0, 0xea, 0xf5, 0xff, 0xd0, 0xea, 0xf5, 0xff, 0x6f, 0x82, 0x7e, 0xff, 0x6f, 0x82, 0x7e, 0xff,
    0x00, 0x00, 0x00, 0x00, 0x00, 0x00, 0x00, 0x00, 0x00, 0x00, 0x00, 0x00, 0x00, 0x00, 0x00, 0x00,
    0x00, 0x00, 0x00, 0x00, 0x00, 0x00, 0x00, 0x00, 0x00, 0x00, 0x00, 0x00, 0x00, 0x00, 0x00, 0x00,
    0x4b, 0x55, 0x0e, 0xff, 0x4b, 0x55, 0x0e, 0xff, 0xa6, 0xc2, 0xcf, 0xff, 0xa6, 0xc2, 0xcf, 0xff,
    0xd1, 0xeb, 0xf5, 0xff, 0xd1, 0xeb, 0xf5, 0xff, 0xd2, 0xeb, 0xf5, 0xff, 0xd2, 0xeb, 0xf5, 0xff,
    0xd2, 0xec, 0xf6, 0xff, 0xd2, 0xec, 0xf6, 0xff, 0x15, 0x2d, 0xde, 0xff, 0x15, 0x2d, 0xde, 0xff,
    0xd1, 0xec, 0xf6, 0xff, 0xd1, 0xec, 0xf6, 0xff, 0xd0, 0xea, 0xf5, 0xff, 0xd0, 0xea, 0xf5, 0xff,
    0x16, 0x2f, 0xe0, 0xff, 0x16, 0x2f, 0xe0, 0xff, 0xc3, 0xdf, 0xeb, 0xff, 0xc3, 0xdf, 0xeb, 0xff,
    0x14, 0x30, 0xe0, 0xff, 0x14, 0x30, 0xe0, 0xff, 0x86, 0x9e, 0xa5, 0xff, 0x86, 0x9e, 0xa5, 0xff,
    0x89, 0xa0, 0xa9, 0xff, 0x89, 0xa0, 0xa9, 0xff, 0x13, 0x2d, 0xe0, 0xff, 0x13, 0x2d, 0xe0, 0xff,
    0x14, 0x2d, 0xe0, 0xff, 0x14, 0x2d, 0xe0, 0xff, 0x89, 0xa1, 0xa9, 0xff, 0x89, 0xa1, 0xa9, 0xff,
    0x84, 0x9c, 0xa5, 0xff, 0x84, 0x9c, 0xa5, 0xff, 0x12, 0x2c, 0xe0, 0xff, 0x12, 0x2c, 0xe0, 0xff,
    0xbf, 0xdb, 0xe8, 0xff, 0xbf, 0xdb, 0xe8, 0xff, 0x14, 0x2e, 0xdf, 0xff, 0x14, 0x2e, 0xdf, 0xff,
    0xd3, 0xed, 0xf6, 0xff, 0xd3, 0xed, 0xf6, 0xff, 0xd1, 0xeb, 0xf6, 0xff, 0xd1, 0xeb, 0xf6, 0xff,
    0x15, 0x2d, 0xe0, 0xff, 0x15, 0x2d, 0xe0, 0xff, 0xd2, 0xeb, 0xf5, 0xff, 0xd2, 0xeb, 0xf5, 0xff,
    0xd1, 0xeb, 0xf6, 0xff, 0xd1, 0xeb, 0xf6, 0xff, 0xd0, 0xea, 0xf5, 0xff, 0xd0, 0xea, 0xf5, 0xff,
    0xa3, 0xbf, 0xcc, 0xff, 0xa3, 0xbf, 0xcc, 0xff, 0x47, 0x52, 0x0e, 0xff, 0x47, 0x52, 0x0e, 0xff,
    0x00, 0x00, 0x00, 0x00, 0x00, 0x00, 0x00, 0x00, 0x00, 0x00, 0x00, 0x00, 0x00, 0x00, 0x00, 0x00,
    0x00, 0x00, 0x00, 0x00, 0x00, 0x00, 0x00, 0x00, 0x00, 0x00, 0x00, 0x00, 0x00, 0x00, 0x00, 0x00,
    0x4b, 0x55, 0x0e, 0xff, 0x4b, 0x55, 0x0e, 0xff, 0xa6, 0xc2, 0xcf, 0xff, 0xa6, 0xc2, 0xcf, 0xff,
    0xd1, 0xeb, 0xf5, 0xff, 0xd1, 0xeb, 0xf5, 0xff, 0xd2, 0xeb, 0xf5, 0xff, 0xd2, 0xeb, 0xf5, 0xff,
    0xd2, 0xec, 0xf6, 0xff, 0xd2, 0xec, 0xf6, 0xff, 0x15, 0x2d, 0xde, 0xff, 0x15, 0x2d, 0xde, 0xff,
    0xd1, 0xec, 0xf6, 0xff, 0xd1, 0xec, 0xf6, 0xff, 0xd0, 0xea, 0xf5, 0xff, 0xd0, 0xea, 0xf5, 0xff,
    0x16, 0x2f, 0xe0, 0xff, 0x16, 0x2f, 0xe0, 0xff, 0xc3, 0xdf, 0xeb, 0xff, 0xc3, 0xdf, 0xeb, 0xff,
    0x14, 0x30, 0xe0, 0xff, 0x14, 0x30, 0xe0, 0xff, 0x86, 0x9e, 0xa5, 0xff, 0x86, 0x9e, 0xa5, 0xff,
    0x89, 0xa0, 0xa9, 0xff, 0x89, 0xa0, 0xa9, 0xff, 0x13, 0x2d, 0xe0, 0xff, 0x13, 0x2d, 0xe0, 0xff,
    0x14, 0x2d, 0xe0, 0xff, 0x14, 0x2d, 0xe0, 0xff, 0x89, 0xa1, 0xa9, 0xff, 0x89, 0xa1, 0xa9, 0xff,
    0x84, 0x9c, 0xa5, 0xff, 0x84, 0x9c, 0xa5, 0xff, 0x12, 0x2c, 0xe0, 0xff, 0x12, 0x2c, 0xe0, 0xff,
    0xbf, 0xdb, 0xe8, 0xff, 0xbf, 0xdb, 0xe8, 0xff, 0x14, 0x2e, 0xdf, 0xff, 0x14, 0x2e, 0xdf, 0xff,
    0xd3, 0xed, 0xf6, 0xff, 0xd3, 0xed, 0xf6, 0xff, 0xd1, 0xeb, 0xf6, 0xff, 0xd1, 0xeb, 0xf6, 0xff,
    0x15, 0x2d, 0xe0, 0xff, 0x15, 0x2d, 0xe0, 0xff, 0xd2, 0xeb, 0xf5, 0xff, 0xd2, 0xeb, 0xf5, 0xff,
    0xd1, 0xeb, 0xf6, 0xff, 0xd1, 0xeb, 0xf6, 0xff, 0xd0, 0xea, 0xf5, 0xff, 0xd0, 0xea, 0xf5, 0xff,
    0xa3, 0xbf, 0xcc, 0xff, 0xa3, 0xbf, 0xcc, 0xff, 0x47, 0x52, 0x0e, 0xff, 0x47, 0x52, 0x0e, 0xff,
    0x00, 0x00, 0x00, 0x00, 0x00, 0x00, 0x00, 0x00, 0x00, 0x00, 0x00, 0x00, 0x00, 0x00, 0x00, 0x00,
    0x00, 0x00, 0x00, 0x00, 0x00, 0x00, 0x00, 0x00, 0x00, 0x00, 0x00, 0x00, 0x00, 0x00, 0x00, 0x00,
    0x4b, 0x54, 0x0e, 0xff, 0x4b, 0x54, 0x0e, 0xff, 0x60, 0x70, 0x17, 0xff, 0x60, 0x70, 0x17, 0xff,
    0xa5, 0xc0, 0xcd, 0xff, 0xa5, 0xc0, 0xcd, 0xff, 0xd2, 0xeb, 0xf5, 0xff, 0xd2, 0xeb, 0xf5, 0xff,
    0xd2, 0xeb, 0xf5, 0xff, 0xd2, 0xeb, 0xf5, 0xff, 0xd2, 0xec, 0xf5, 0xff, 0xd2, 0xec, 0xf5, 0xff,
    0xd2, 0xeb, 0xf5, 0xff, 0xd2, 0xeb, 0xf5, 0xff, 0xd2, 0xeb, 0xf5, 0xff, 0xd2, 0xeb, 0xf5, 0xff,
    0xd2, 0xeb, 0xf5, 0xff, 0xd2, 0xeb, 0xf5, 0xff, 0xd1, 0xeb, 0xf5, 0xff, 0xd1, 0xeb, 0xf5, 0xff,
    0x14, 0x2d, 0xdd, 0xff, 0x14, 0x2d, 0xdd, 0xff, 0xd0, 0xeb, 0xf5, 0xff, 0xd0, 0xeb, 0xf5, 0xff,
    0xd1, 0xeb, 0xf5, 0xff, 0xd1, 0xeb, 0xf5, 0xff, 0x9c, 0xbd, 0xeb, 0xff, 0x9c, 0xbd, 0xeb, 0xff,
    0x9c, 0xbc, 0xec, 0xff, 0x9c, 0xbc, 0xec, 0xff, 0xd1, 0xeb, 0xf5, 0xff, 0xd1, 0xeb, 0xf5, 0xff,
    0xd0, 0xeb, 0xf5, 0xff, 0xd0, 0xeb, 0xf5, 0xff, 0x14, 0x2f, 0xdf, 0xff, 0x14, 0x2f, 0xdf, 0xff,
    0xd1, 0xeb, 0xf5, 0xff, 0xd1, 0xeb, 0xf5, 0xff, 0xd2, 0xec, 0xf6, 0xff, 0xd2, 0xec, 0xf6, 0xff,
    0xd2, 0xec, 0xf6, 0xff, 0xd2, 0xec, 0xf6, 0xff, 0xd1, 0xeb, 0xf5, 0xff, 0xd1, 0xeb, 0xf5, 0xff,
    0xd1, 0xeb, 0xf5, 0xff, 0xd1, 0xeb, 0xf5, 0xff, 0xd1, 0xeb, 0xf5, 0xff, 0xd1, 0xeb, 0xf5, 0xff,
    0xd1, 0xeb, 0xf5, 0xff, 0xd1, 0xeb, 0xf5, 0xff, 0xa4, 0xbf, 0xcc, 0xff, 0xa4, 0xbf, 0xcc, 0xff,
    0x54, 0x60, 0x11, 0xff, 0x54, 0x60, 0x11, 0xff, 0x5e, 0x6c, 0x19, 0xff, 0x5e, 0x6c, 0x19, 0xff,
    0x00, 0x00, 0x00, 0x00, 0x00, 0x00, 0x00, 0x00, 0x00, 0x00, 0x00, 0x00, 0x00, 0x00, 0x00, 0x00,
    0x00, 0x00, 0x00, 0x00, 0x00, 0x00, 0x00, 0x00, 0x00, 0x00, 0x00, 0x00, 0x00, 0x00, 0x00, 0x00,
    0x4b, 0x54, 0x0e, 0xff, 0x4b, 0x54, 0x0e, 0xff, 0x60, 0x70, 0x17, 0xff, 0x60, 0x70, 0x17, 0xff,
    0xa5, 0xc0, 0xcd, 0xff, 0xa5, 0xc0, 0xcd, 0xff, 0xd2, 0xeb, 0xf5, 0xff, 0xd2, 0xeb, 0xf5, 0xff,
    0xd2, 0xeb, 0xf5, 0xff, 0xd2, 0xeb, 0xf5, 0xff, 0xd2, 0xec, 0xf5, 0xff, 0xd2, 0xec, 0xf5, 0xff,
    0xd2, 0xeb, 0xf5, 0xff, 0xd2, 0xeb, 0xf5, 0xff, 0xd2, 0xeb, 0xf5, 0xff, 0xd2, 0xeb, 0xf5, 0xff,
    0xd2, 0xeb, 0xf5, 0xff, 0xd2, 0xeb, 0xf5, 0xff, 0xd1, 0xeb, 0xf5, 0xff, 0xd1, 0xeb, 0xf5, 0xff,
    0x14, 0x2d, 0xdd, 0xff, 0x14, 0x2d, 0xdd, 0xff, 0xd0, 0xeb, 0xf5, 0xff, 0xd0, 0xeb, 0xf5, 0xff,
    0xd1, 0xeb, 0xf5, 0xff, 0xd1, 0xeb, 0xf5, 0xff, 0x9c, 0xbd, 0xeb, 0xff, 0x9c, 0xbd, 0xeb, 0xff,
    0x9c, 0xbc, 0xec, 0xff, 0x9c, 0xbc, 0xec, 0xff, 0xd1, 0xeb, 0xf5, 0xff, 0xd1, 0xeb, 0xf5, 0xff,
    0xd0, 0xeb, 0xf5, 0xff, 0xd0, 0xeb, 0xf5, 0xff, 0x14, 0x2f, 0xdf, 0xff, 0x14, 0x2f, 0xdf, 0xff,
    0xd1, 0xeb, 0xf5, 0xff, 0xd1, 0xeb, 0xf5, 0xff, 0xd2, 0xec, 0xf6, 0xff, 0xd2, 0xec, 0xf6, 0xff,
    0xd2, 0xec, 0xf6, 0xff, 0xd2, 0xec, 0xf6, 0xff, 0xd1, 0xeb, 0xf5, 0xff, 0xd1, 0xeb, 0xf5, 0xff,
    0xd1, 0xeb, 0xf5, 0xff, 0xd1, 0xeb, 0xf5, 0xff, 0xd1, 0xeb, 0xf5, 0xff, 0xd1, 0xeb, 0xf5, 0xff,
    0xd1, 0xeb, 0xf5, 0xff, 0xd1, 0xeb, 0xf5, 0xff, 0xa4, 0xbf, 0xcc, 0xff, 0xa4, 0xbf, 0xcc, 0xff,
    0x54, 0x60, 0x11, 0xff, 0x54, 0x60, 0x11, 0xff, 0x5e, 0x6c, 0x19, 0xff, 0x5e, 0x6c, 0x19, 0xff,
    0x00, 0x00, 0x00, 0x00, 0x00, 0x00, 0x00, 0x00, 0x00, 0x00, 0x00, 0x00, 0x00, 0x00, 0x00, 0x00,
    0x00, 0x00, 0x00, 0x00, 0x00, 0x00, 0x00, 0x00, 0x00, 0x00, 0x00, 0x00, 0x00, 0x00, 0x00, 0x00,
    0x49, 0x52, 0x0f, 0xff, 0x49, 0x52, 0x0f, 0xff, 0x61, 0x71, 0x17, 0xff, 0x61, 0x71, 0x17, 0xff,
    0x61, 0x72, 0x17, 0xff, 0x61, 0x72, 0x17, 0xff, 0x60, 0x71, 0x17, 0xff, 0x60, 0x71, 0x17, 0xff,
    0xa8, 0xc4, 0xd0, 0xff, 0xa8, 0xc4, 0xd0, 0xff, 0xd1, 0xea, 0xf4, 0xff, 0xd1, 0xea, 0xf4, 0xff,
    0xd1, 0xeb, 0xf5, 0xff, 0xd1, 0xeb, 0xf5, 0xff, 0xcf, 0xea, 0xf4, 0xff, 0xcf, 0xea, 0xf4, 0xff,
    0xd1, 0xeb, 0xf5, 0xff, 0xd1, 0xeb, 0xf5, 0xff, 0xd1, 0xea, 0xf5, 0xff, 0xd1, 0xea, 0xf5, 0xff,
    0xcf, 0xea, 0xf5, 0xff, 0xcf, 0xea, 0xf5, 0xff, 0xd0, 0xea, 0xf4, 0xff, 0xd0, 0xea, 0xf4, 0xff,
    0xd1, 0xeb, 0xf5, 0xff, 0xd1, 0xeb, 0xf5, 0xff, 0x2b, 0x48, 0xeb, 0xff, 0x2b, 0x48, 0xeb, 0xff,
    0x2c, 0x4b, 0xed, 0xff, 0x2c, 0x4b, 0xed, 0xff, 0xd1, 0xeb, 0xf5, 0xff, 0xd1, 0xeb, 0xf5, 0xff,
    0xd1, 0xeb, 0xf5, 0xff, 0xd1, 0xeb, 0xf5, 0xff, 0xd0, 0xea, 0xf5, 0xff, 0xd0, 0xea, 0xf5, 0xff,
    0xd0, 0xea, 0xf5, 0xff, 0xd0, 0xea, 0xf5, 0xff, 0xd1, 0xea, 0xf5, 0xff, 0xd1, 0xea, 0xf5, 0xff,
    0xd1, 0xeb, 0xf5, 0xff, 0xd1, 0xeb, 0xf5, 0xff, 0xd1, 0xeb, 0xf5, 0xff, 0xd1, 0xeb, 0xf5, 0xff,
    0xd0, 0xea, 0xf5, 0xff, 0xd0, 0xea, 0xf5, 0xff, 0xa5, 0xc0, 0xcd, 0xff, 0xa5, 0xc0, 0xcd, 0xff,
    0x61, 0x73, 0x17, 0xff, 0x61, 0x73, 0x17, 0xff, 0x62, 0x73, 0x16, 0xff, 0x62, 0x73, 0x16, 0xff,
    0x61, 0x71, 0x16, 0xff, 0x61, 0x71, 0x16, 0xff, 0x43, 0x4c, 0x0d, 0xff, 0x43, 0x4c, 0x0d, 0xff,
    0x00, 0x00, 0x00, 0x00, 0x00, 0x00, 0x00, 0x00, 0x00, 0x00, 0x00, 0x00, 0x00, 0x00, 0x00, 0x00,
    0x00, 0x00, 0x00, 0x00, 0x00, 0x00, 0x00, 0x00, 0x00, 0x00, 0x00, 0x00, 0x00, 0x00, 0x00, 0x00,
    0x49, 0x52, 0x0f, 0xff, 0x49, 0x52, 0x0f, 0xff, 0x61, 0x71, 0x17, 0xff, 0x61, 0x71, 0x17, 0xff,
    0x61, 0x72, 0x17, 0xff, 0x61, 0x72, 0x17, 0xff, 0x60, 0x71, 0x17, 0xff, 0x60, 0x71, 0x17, 0xff,
    0xa8, 0xc4, 0xd0, 0xff, 0xa8, 0xc4, 0xd0, 0xff, 0xd1, 0xea, 0xf4, 0xff, 0xd1, 0xea, 0xf4, 0xff,
    0xd1, 0xeb, 0xf5, 0xff, 0xd1, 0xeb, 0xf5, 0xff, 0xcf, 0xea, 0xf4, 0xff, 0xcf, 0xea, 0xf4, 0xff,
    0xd1, 0xeb, 0xf5, 0xff, 0xd1, 0xeb, 0xf5, 0xff, 0xd1, 0xea, 0xf5, 0xff, 0xd1, 0xea, 0xf5, 0xff,
    0xcf, 0xea, 0xf5, 0xff, 0xcf, 0xea, 0xf5, 0xff, 0xd0, 0xea, 0xf4, 0xff, 0xd0, 0xea, 0xf4, 0xff,
    0xd1, 0xeb, 0xf5, 0xff, 0xd1, 0xeb, 0xf5, 0xff, 0x2b, 0x48, 0xeb, 0xff, 0x2b, 0x48, 0xeb, 0xff,
    0x2c, 0x4b, 0xed, 0xff, 0x2c, 0x4b, 0xed, 0xff, 0xd1, 0xeb, 0xf5, 0xff, 0xd1, 0xeb, 0xf5, 0xff,
    0xd1, 0xeb, 0xf5, 0xff, 0xd1, 0xeb, 0xf5, 0xff, 0xd0, 0xea, 0xf5, 0xff, 0xd0, 0xea, 0xf5, 0xff,
    0xd0, 0xea, 0xf5, 0xff, 0xd0, 0xea, 0xf5, 0xff, 0xd1, 0xea, 0xf5, 0xff, 0xd1, 0xea, 0xf5, 0xff,
    0xd1, 0xeb, 0xf5, 0xff, 0xd1, 0xeb, 0xf5, 0xff, 0xd1, 0xeb, 0xf5, 0xff, 0xd1, 0xeb, 0xf5, 0xff,
    0xd0, 0xea, 0xf5, 0xff, 0xd0, 0xea, 0xf5, 0xff, 0xa5, 0xc0, 0xcd, 0xff, 0xa5, 0xc0, 0xcd, 0xff,
    0x61, 0x73, 0x17, 0xff, 0x61, 0x73, 0x17, 0xff, 0x62, 0x73, 0x16, 0xff, 0x62, 0x73, 0x16, 0xff,
    0x61, 0x71, 0x16, 0xff, 0x61, 0x71, 0x16, 0xff, 0x43, 0x4c, 0x0d, 0xff, 0x43, 0x4c, 0x0d, 0xff,
    0x00, 0x00, 0x00, 0x00, 0x00, 0x00, 0x00, 0x00, 0x00, 0x00, 0x00, 0x00, 0x00, 0x00, 0x00, 0x00,
    0x00, 0x00, 0x00, 0x00, 0x00, 0x00, 0x00, 0x00, 0x00, 0x00, 0x00, 0x00, 0x00, 0x00, 0x00, 0x00,
    0x4c, 0x52, 0x0e, 0xff, 0x4c, 0x52, 0x0e, 0xff, 0x60, 0x70, 0x18, 0xff, 0x60, 0x70, 0x18, 0xff,
    0x64, 0x7b, 0x1a, 0xff, 0x64, 0x7b, 0x1a, 0xff, 0x65, 0x7a, 0x1a, 0xff, 0x65, 0x7a, 0x1a, 0xff,
    0x62, 0x73, 0x17, 0xff, 0x62, 0x73, 0x17, 0xff, 0x61, 0x73, 0x16, 0xff, 0x61, 0x73, 0x16, 0xff,
    0x61, 0x73, 0x16, 0xff, 0x61, 0x73, 0x16, 0xff, 0x61, 0x74, 0x17, 0xff, 0x61, 0x74, 0x17, 0xff,
    0xaf, 0xcc, 0xd8, 0xff, 0xaf, 0xcc, 0xd8, 0xff, 0xce, 0xe8, 0xf3, 0xff, 0xce, 0xe8, 0xf3, 0xff,
    0xcf, 0xe8, 0xf3, 0xff, 0xcf, 0xe8, 0xf3, 0xff, 0xcf, 0xe9, 0xf4, 0xff, 0xcf, 0xe9, 0xf4, 0xff,
    0xcd, 0xe8, 0xf3, 0xff, 0xcd, 0xe8, 0xf3, 0xff, 0x15, 0x2d, 0xe0, 0xff, 0x15, 0x2d, 0xe0, 0xff,
    0x14, 0x2e, 0xe4, 0xff, 0x14, 0x2e, 0xe4, 0xff, 0xcd, 0xe8, 0xf3, 0xff, 0xcd, 0xe8, 0xf3, 0xff,
    0xcf, 0xe9, 0xf4, 0xff, 0xcf, 0xe9, 0xf4, 0xff, 0xcf, 0xe9, 0xf4, 0xff, 0xcf, 0xe9, 0xf4, 0xff,
    0xcf, 0xe9, 0xf4, 0xff, 0xcf, 0xe9, 0xf4, 0xff, 0xcf, 0xe8, 0xf3, 0xff, 0xcf, 0xe8, 0xf3, 0xff,
    0x5f, 0x70, 0x16, 0xff, 0x5f, 0x70, 0x16, 0xff, 0x60, 0x71, 0x15, 0xff, 0x60, 0x71, 0x15, 0xff,
    0x61, 0x71, 0x15, 0xff, 0x61, 0x71, 0x15, 0xff, 0x60, 0x70, 0x15, 0xff, 0x60, 0x70, 0x15, 0xff,
    0x60, 0x70, 0x16, 0xff, 0x60, 0x70, 0x16, 0xff, 0x60, 0x70, 0x16, 0xff, 0x60, 0x70, 0x16, 0xff,
    0x5f, 0x6f, 0x16, 0xff, 0x5f, 0x6f, 0x16, 0xff, 0x4a, 0x52, 0x0b, 0xff, 0x4a, 0x52, 0x0b, 0xff,
    0x00, 0x00, 0x00, 0x00, 0x00, 0x00, 0x00, 0x00, 0x00, 0x00, 0x00, 0x00, 0x00, 0x00, 0x00, 0x00,
    0x00, 0x00, 0x00, 0x00, 0x00, 0x00, 0x00, 0x00, 0x00, 0x00, 0x00, 0x00, 0x00, 0x00, 0x00, 0x00,
    0x4c, 0x52, 0x0e, 0xff, 0x4c, 0x52, 0x0e, 0xff, 0x60, 0x70, 0x18, 0xff, 0x60, 0x70, 0x18, 0xff,
    0x64, 0x7b, 0x1a, 0xff, 0x64, 0x7b, 0x1a, 0xff, 0x65, 0x7a, 0x1a, 0xff, 0x65, 0x7a, 0x1a, 0xff,
    0x62, 0x73, 0x17, 0xff, 0x62, 0x73, 0x17, 0xff, 0x61, 0x73, 0x16, 0xff, 0x61, 0x73, 0x16, 0xff,
    0x61, 0x73, 0x16, 0xff, 0x61, 0x73, 0x16, 0xff, 0x61, 0x74, 0x17, 0xff, 0x61, 0x74, 0x17, 0xff,
    0xaf, 0xcc, 0xd8, 0xff, 0xaf, 0xcc, 0xd8, 0xff, 0xce, 0xe8, 0xf3, 0xff, 0xce, 0xe8, 0xf3, 0xff,
    0xcf, 0xe8, 0xf3, 0xff, 0xcf, 0xe8, 0xf3, 0xff, 0xcf, 0xe9, 0xf4, 0xff, 0xcf, 0xe9, 0xf4, 0xff,
    0xcd, 0xe8, 0xf3, 0xff, 0xcd, 0xe8, 0xf3, 0xff, 0x15, 0x2d, 0xe0, 0xff, 0x15, 0x2d, 0xe0, 0xff,
    0x14, 0x2e, 0xe4, 0xff, 0x14, 0x2e, 0xe4, 0xff, 0xcd, 0xe8, 0xf3, 0xff, 0xcd, 0xe8, 0xf3, 0xff,
    0xcf, 0xe9, 0xf4, 0xff, 0xcf, 0xe9, 0xf4, 0xff, 0xcf, 0xe9, 0xf4, 0xff, 0xcf, 0xe9, 0xf4, 0xff,
    0xcf, 0xe9, 0xf4, 0xff, 0xcf, 0xe9, 0xf4, 0xff, 0xcf, 0xe8, 0xf3, 0xff, 0xcf, 0xe8, 0xf3, 0xff,
    0x5f, 0x70, 0x16, 0xff, 0x5f, 0x70, 0x16, 0xff, 0x60, 0x71, 0x15, 0xff, 0x60, 0x71, 0x15, 0xff,
    0x61, 0x71, 0x15, 0xff, 0x61, 0x71, 0x15, 0xff, 0x60, 0x70, 0x15, 0xff, 0x60, 0x70, 0x15, 0xff,
    0x60, 0x70, 0x16, 0xff, 0x60, 0x70, 0x16, 0xff, 0x60, 0x70, 0x16, 0xff, 0x60, 0x70, 0x16, 0xff,
    0x5f, 0x6f, 0x16, 0xff, 0x5f, 0x6f, 0x16, 0xff, 0x4a, 0x52, 0x0b, 0xff, 0x4a, 0x52, 0x0b, 0xff,
    0x00, 0x00, 0x00, 0x00, 0x00, 0x00, 0x00, 0x00, 0x00, 0x00, 0x00, 0x00, 0x00, 0x00, 0x00, 0x00,
    0x00, 0x00, 0x00, 0x00, 0x00, 0x00, 0x00, 0x00, 0x00, 0x00, 0x00, 0x00, 0x00, 0x00, 0x00, 0x00,
    0x00, 0x00, 0x00, 0x00, 0x00, 0x00, 0x00, 0x00, 0x46, 0x4e, 0x0d, 0xff, 0x46, 0x4e, 0x0d, 0xff,
    0x65, 0x79, 0x1a, 0xff, 0x65, 0x79, 0x1a, 0xff, 0x66, 0x7b, 0x1a, 0xff, 0x66, 0x7b, 0x1a, 0xff,
    0x67, 0x7d, 0x1b, 0xff, 0x67, 0x7d, 0x1b, 0xff, 0x67, 0x7e, 0x1a, 0xff, 0x67, 0x7e, 0x1a, 0xff,
    0x66, 0x7b, 0x1a, 0xff, 0x66, 0x7b, 0x1a, 0xff, 0x66, 0x7c, 0x1c, 0xff, 0x66, 0x7c, 0x1c, 0xff,
    0x61, 0x72, 0x16, 0xff, 0x61, 0x72, 0x16, 0xff, 0x60, 0x71, 0x15, 0xff, 0x60, 0x71, 0x15, 0xff,
    0x60, 0x71, 0x15, 0xff, 0x60, 0x71, 0x15, 0xff, 0x5f, 0x70, 0x15, 0xff, 0x5f, 0x70, 0x15, 0xff,
    0xcd, 0xe9, 0xf3, 0xff, 0xcd, 0xe9, 0xf3, 0xff, 0x14, 0x2e, 0xdf, 0xff, 0x14, 0x2e, 0xdf, 0xff,
    0x14, 0x2e, 0xe2, 0xff, 0x14, 0x2e, 0xe2, 0xff, 0xb5, 0xd3, 0xe0, 0xff, 0xb5, 0xd3, 0xe0, 0xff,
    0x60, 0x71, 0x14, 0xff, 0x60, 0x71, 0x14, 0xff, 0x5f, 0x70, 0x14, 0xff, 0x5f, 0x70, 0x14, 0xff,
    0x5f, 0x70, 0x15, 0xff, 0x5f, 0x70, 0x15, 0xff, 0x60, 0x70, 0x15, 0xff, 0x60, 0x70, 0x15, 0xff,
    0x5f, 0x70, 0x15, 0xff, 0x5f, 0x70, 0x15, 0xff, 0x60, 0x70, 0x15, 0xff, 0x60, 0x70, 0x15, 0xff,
    0x61, 0x71, 0x15, 0xff, 0x61, 0x71, 0x15, 0xff, 0x61, 0x71, 0x16, 0xff, 0x61, 0x71, 0x16, 0xff,
    0x61, 0x70, 0x16, 0xff, 0x61, 0x70, 0x16, 0xff, 0x60, 0x70, 0x16, 0xff, 0x60, 0x70, 0x16, 0xff,
    0x44, 0x4c, 0x0c, 0xff, 0x44, 0x4c, 0x0c, 0xff, 0x00, 0x00, 0x00, 0x00, 0x00, 0x00, 0x00, 0x00,
    0x00, 0x00, 0x00, 0x00, 0x00, 0x00, 0x00, 0x00, 0x00, 0x00, 0x00, 0x00, 0x00, 0x00, 0x00, 0x00,
    0x00, 0x00, 0x00, 0x00, 0x00, 0x00, 0x00, 0x00, 0x00, 0x00, 0x00, 0x00, 0x00, 0x00, 0x00, 0x00,
    0x00, 0x00, 0x00, 0x00, 0x00, 0x00, 0x00, 0x00, 0x46, 0x4e, 0x0d, 0xff, 0x46, 0x4e, 0x0d, 0xff,
    0x65, 0x79, 0x1a, 0xff, 0x65, 0x79, 0x1a, 0xff, 0x66, 0x7b, 0x1a, 0xff, 0x66, 0x7b, 0x1a, 0xff,
    0x67, 0x7d, 0x1b, 0xff, 0x67, 0x7d, 0x1b, 0xff, 0x67, 0x7e, 0x1a, 0xff, 0x67, 0x7e, 0x1a, 0xff,
    0x66, 0x7b, 0x1a, 0xff, 0x66, 0x7b, 0x1a, 0xff, 0x66, 0x7c, 0x1c, 0xff, 0x66, 0x7c, 0x1c, 0xff,
    0x61, 0x72, 0x16, 0xff, 0x61, 0x72, 0x16, 0xff, 0x60, 0x71, 0x15, 0xff, 0x60, 0x71, 0x15, 0xff,
    0x60, 0x71, 0x15, 0xff, 0x60, 0x71, 0x15, 0xff, 0x5f, 0x70, 0x15, 0xff, 0x5f, 0x70, 0x15, 0xff,
    0xcd, 0xe9, 0xf3, 0xff, 0xcd, 0xe9, 0xf3, 0xff, 0x14, 0x2e, 0xdf, 0xff, 0x14, 0x2e, 0xdf, 0xff,
    0x14, 0x2e, 0xe2, 0xff, 0x14, 0x2e, 0xe2, 0xff, 0xb5, 0xd3, 0xe0, 0xff, 0xb5, 0xd3, 0xe0, 0xff,
    0x60, 0x71, 0x14, 0xff, 0x60, 0x71, 0x14, 0xff, 0x5f, 0x70, 0x14, 0xff, 0x5f, 0x70, 0x14, 0xff,
    0x5f, 0x70, 0x15, 0xff, 0x5f, 0x70, 0x15, 0xff, 0x60, 0x70, 0x15, 0xff, 0x60, 0x70, 0x15, 0xff,
    0x5f, 0x70, 0x15, 0xff, 0x5f, 0x70, 0x15, 0xff, 0x60, 0x70, 0x15, 0xff, 0x60, 0x70, 0x15, 0xff,
    0x61, 0x71, 0x15, 0xff, 0x61, 0x71, 0x15, 0xff, 0x61, 0x71, 0x16, 0xff, 0x61, 0x71, 0x16, 0xff,
    0x61, 0x70, 0x16, 0xff, 0x61, 0x70, 0x16, 0xff, 0x60, 0x70, 0x16, 0xff, 0x60, 0x70, 0x16, 0xff,
    0x44, 0x4c, 0x0c, 0xff, 0x44, 0x4c, 0x0c, 0xff, 0x00, 0x00, 0x00, 0x00, 0x00, 0x00, 0x00, 0x00,
    0x00, 0x00, 0x00, 0x00, 0x00, 0x00, 0x00, 0x00, 0x00, 0x00, 0x00, 0x00, 0x00, 0x00, 0x00, 0x00,
    0x00, 0x00, 0x00, 0x00, 0x00, 0x00, 0x00, 0x00, 0x00, 0x00, 0x00, 0x00, 0x00, 0x00, 0x00, 0x00,
    0x00, 0x00, 0x00, 0x00, 0x00, 0x00, 0x00, 0x00, 0x00, 0x00, 0x00, 0x00, 0x00, 0x00, 0x00, 0x00,
    0x45, 0x4f, 0x0c, 0xff, 0x45, 0x4f, 0x0c, 0xff, 0x65, 0x7a, 0x1a, 0xff, 0x65, 0x7a, 0x1a, 0xff,
    0x68, 0x7e, 0x1c, 0xff, 0x68, 0x7e, 0x1c, 0xff, 0x67, 0x7d, 0x1b, 0xff, 0x67, 0x7d, 0x1b, 0xff,
    0x66, 0x7c, 0x1b, 0xff, 0x66, 0x7c, 0x1b, 0xff, 0x67, 0x7d, 0x1b, 0xff, 0x67, 0x7d, 0x1b, 0xff,
    0x66, 0x7d, 0x1a, 0xff, 0x66, 0x7d, 0x1a, 0xff, 0x67, 0x7d, 0x1a, 0xff, 0x67, 0x7d, 0x1a, 0xff,
    0x67, 0x7e, 0x1b, 0xff, 0x67, 0x7e, 0x1b, 0xff, 0x66, 0x7e, 0x1a, 0xff, 0x66, 0x7e, 0x1a, 0xff,
    0xd0, 0xeb, 0xf5, 0xff, 0xd0, 0xeb, 0xf5, 0xff, 0x14, 0x12, 0x0b, 0xff, 0x14, 0x12, 0x0b, 0xff,
    0x14, 0x12, 0x0c, 0xff, 0x14, 0x12, 0x0c, 0xff, 0xd0, 0xeb, 0xf5, 0xff, 0xd0, 0xeb, 0xf5, 0xff,
    0x67, 0x7e, 0x1b, 0xff, 0x67, 0x7e, 0x1b, 0xff, 0x60, 0x70, 0x15, 0xff, 0x60, 0x70, 0x15, 0xff,
    0x61, 0x70, 0x15, 0xff, 0x61, 0x70, 0x15, 0xff, 0x60, 0x70, 0x15, 0xff, 0x60, 0x70, 0x15, 0xff,
    0x61, 0x71, 0x15, 0xff, 0x61, 0x71, 0x15, 0xff, 0x61, 0x71, 0x16, 0xff, 0x61, 0x71, 0x16, 0xff,
    0x61, 0x71, 0x16, 0xff, 0x61, 0x71, 0x16, 0xff, 0x61, 0x71, 0x16, 0xff, 0x61, 0x71, 0x16, 0xff,
    0x60, 0x70, 0x15, 0xff, 0x60, 0x70, 0x15, 0xff, 0x42, 0x4b, 0x0b, 0xff, 0x42, 0x4b, 0x0b, 0xff,
    0x00, 0x00, 0x00, 0x00, 0x00, 0x00, 0x00, 0x00, 0x00, 0x00, 0x00, 0x00, 0x00, 0x00, 0x00, 0x00,
    0x00, 0x00, 0x00, 0x00, 0x00, 0x00, 0x00, 0x00, 0x00, 0x00, 0x00, 0x00, 0x00, 0x00, 0x00, 0x00,
    0x00, 0x00, 0x00, 0x00, 0x00, 0x00, 0x00, 0x00, 0x00, 0x00, 0x00, 0x00, 0x00, 0x00, 0x00, 0x00,
    0x00, 0x00, 0x00, 0x00, 0x00, 0x00, 0x00, 0x00, 0x00, 0x00, 0x00, 0x00, 0x00, 0x00, 0x00, 0x00,
    0x45, 0x4f, 0x0c, 0xff, 0x45, 0x4f, 0x0c, 0xff, 0x65, 0x7a, 0x1a, 0xff, 0x65, 0x7a, 0x1a, 0xff,
    0x68, 0x7e, 0x1c, 0xff, 0x68, 0x7e, 0x1c, 0xff, 0x67, 0x7d, 0x1b, 0xff, 0x67, 0x7d, 0x1b, 0xff,
    0x66, 0x7c, 0x1b, 0xff, 0x66, 0x7c, 0x1b, 0xff, 0x67, 0x7d, 0x1b, 0xff, 0x67, 0x7d, 0x1b, 0xff,
    0x66, 0x7d, 0x1a, 0xff, 0x66, 0x7d, 0x1a, 0xff, 0x67, 0x7d, 0x1a, 0xff, 0x67, 0x7d, 0x1a, 0xff,
    0x67, 0x7e, 0x1b, 0xff, 0x67, 0x7e, 0x1b, 0xff, 0x66, 0x7e, 0x1a, 0xff, 0x66, 0x7e, 0x1a, 0xff,
    0xd0, 0xeb, 0xf5, 0xff, 0xd0, 0xeb, 0xf5, 0xff, 0x14, 0x12, 0x0b, 0xff, 0x14, 0x12, 0x0b, 0xff,
    0x14, 0x12, 0x0c, 0xff, 0x14, 0x12, 0x0c, 0xff, 0xd0, 0xeb, 0xf5, 0xff, 0xd0, 0xeb, 0xf5, 0xff,
    0x67, 0x7e, 0x1b, 0xff, 0x67, 0x7e, 0x1b, 0xff, 0x60, 0x70, 0x15, 0xff, 0x60, 0x70, 0x15, 0xff,
    0x61, 0x70, 0x15, 0xff, 0x61, 0x70, 0x15, 0xff, 0x60, 0x70, 0x15, 0xff, 0x60, 0x70, 0x15, 0xff,
    0x61, 0x71, 0x15, 0xff, 0x61, 0x71, 0x15, 0xff, 0x61, 0x71, 0x16, 0xff, 0x61, 0x71, 0x16, 0xff,
    0x61, 0x71, 0x16, 0xff, 0x61, 0x71, 0x16, 0xff, 0x61, 0x71, 0x16, 0xff, 0x61, 0x71, 0x16, 0xff,
    0x60, 0x70, 0x15, 0xff, 0x60, 0x70, 0x15, 0xff, 0x42, 0x4b, 0x0b, 0xff, 0x42, 0x4b, 0x0b, 0xff,
    0x00, 0x00, 0x00, 0x00, 0x00, 0x00, 0x00, 0x00, 0x00, 0x00, 0x00, 0x00, 0x00, 0x00, 0x00, 0x00,
    0x00, 0x00, 0x00, 0x00, 0x00, 0x00, 0x00, 0x00, 0x00, 0x00, 0x00, 0x00, 0x00, 0x00, 0x00, 0x00,
    0x00, 0x00, 0x00, 0x00, 0x00, 0x00, 0x00, 0x00, 0x00, 0x00, 0x00, 0x00, 0x00, 0x00, 0x00, 0x00,
    0x00, 0x00, 0x00, 0x00, 0x00, 0x00, 0x00, 0x00, 0x00, 0x00, 0x00, 0x00, 0x00, 0x00, 0x00, 0x00,
    0x00, 0x00, 0x00, 0x00, 0x00, 0x00, 0x00, 0x00, 0x45, 0x4e, 0x0c, 0xff, 0x45, 0x4e, 0x0c, 0xff,
    0x5e, 0x6e, 0x15, 0xff, 0x5e, 0x6e, 0x15, 0xff, 0x60, 0x72, 0x16, 0xff, 0x60, 0x72, 0x16, 0xff,
    0x60, 0x71, 0x16, 0xff, 0x60, 0x71, 0x16, 0xff, 0x67, 0x7d, 0x1c, 0xff, 0x67, 0x7d, 0x1c, 0xff,
    0x66, 0x7d, 0x1b, 0xff, 0x66, 0x7d, 0x1b, 0xff, 0x66, 0x7d, 0x1b, 0xff, 0x66, 0x7d, 0x1b, 0xff,
    0x65, 0x7c, 0x1b, 0xff, 0x65, 0x7c, 0x1b, 0xff, 0x66, 0x7e, 0x1c, 0xff, 0x66, 0x7e, 0x1c, 0xff,
    0xd0, 0xeb, 0xf5, 0xff, 0xd0, 0xeb, 0xf5, 0xff, 0xd0, 0xeb, 0xf5, 0xff, 0xd0, 0xeb, 0xf5, 0xff,
    0xcf, 0xea, 0xf5, 0xff, 0xcf, 0xea, 0xf5, 0xff, 0xca, 0xe6, 0xf1, 0xff, 0xca, 0xe6, 0xf1, 0xff,
    0x62, 0x73, 0x15, 0xff, 0x62, 0x73, 0x15, 0xff, 0x61, 0x71, 0x15, 0xff, 0x61, 0x71, 0x15, 0xff,
    0x61, 0x71, 0x16, 0xff, 0x61, 0x71, 0x16, 0xff, 0x61, 0x70, 0x16, 0xff, 0x61, 0x70, 0x16, 0xff,
    0x62, 0x71, 0x16, 0xff, 0x62, 0x71, 0x16, 0xff, 0x61, 0x71, 0x16, 0xff, 0x61, 0x71, 0x16, 0xff,
    0x61, 0x71, 0x16, 0xff, 0x61, 0x71, 0x16, 0xff, 0x61, 0x71, 0x16, 0xff, 0x61, 0x71, 0x16, 0xff,
    0x45, 0x4f, 0x0c, 0xff, 0x45, 0x4f, 0x0c, 0xff, 0x00, 0x00, 0x00, 0x00, 0x00, 0x00, 0x00, 0x00,
    0x00, 0x00, 0x00, 0x00, 0x00, 0x00, 0x00, 0x00, 0x00, 0x00, 0x00, 0x00, 0x00, 0x00, 0x00, 0x00,
    0x00, 0x00, 0x00, 0x00, 0x00, 0x00, 0x00, 0x00, 0x00, 0x00, 0x00, 0x00, 0x00, 0x00, 0x00, 0x00,
    0x00, 0x00, 0x00, 0x00, 0x00, 0x00, 0x00, 0x00, 0x00, 0x00, 0x00, 0x00, 0x00, 0x00, 0x00, 0x00,
    0x00, 0x00, 0x00, 0x00, 0x00, 0x00, 0x00, 0x00, 0x00, 0x00, 0x00, 0x00, 0x00, 0x00, 0x00, 0x00,
    0x00, 0x00, 0x00, 0x00, 0x00, 0x00, 0x00, 0x00, 0x45, 0x4e, 0x0c, 0xff, 0x45, 0x4e, 0x0c, 0xff,
    0x5e, 0x6e, 0x15, 0xff, 0x5e, 0x6e, 0x15, 0xff, 0x60, 0x72, 0x16, 0xff, 0x60, 0x72, 0x16, 0xff,
    0x60, 0x71, 0x16, 0xff, 0x60, 0x71, 0x16, 0xff, 0x67, 0x7d, 0x1c, 0xff, 0x67, 0x7d, 0x1c, 0xff,
    0x66, 0x7d, 0x1b, 0xff, 0x66, 0x7d, 0x1b, 0xff, 0x66, 0x7d, 0x1b, 0xff, 0x66, 0x7d, 0x1b, 0xff,
    0x65, 0x7c, 0x1b, 0xff, 0x65, 0x7c, 0x1b, 0xff, 0x66, 0x7e, 0x1c, 0xff, 0x66, 0x7e, 0x1c, 0xff,
    0xd0, 0xeb, 0xf5, 0xff, 0xd0, 0xeb, 0xf5, 0xff, 0xd0, 0xeb, 0xf5, 0xff, 0xd0, 0xeb, 0xf5, 0xff,
    0xcf, 0xea, 0xf5, 0xff, 0xcf, 0xea, 0xf5, 0xff, 0xca, 0xe6, 0xf1, 0xff, 0xca, 0xe6, 0xf1, 0xff,
    0x62, 0x73, 0x15, 0xff, 0x62, 0x73, 0x15, 0xff, 0x61, 0x71, 0x15, 0xff, 0x61, 0x71, 0x15, 0xff,
    0x61, 0x71, 0x16, 0xff, 0x61, 0x71, 0x16, 0xff, 0x61, 0x70, 0x16, 0xff, 0x61, 0x70, 0x16, 0xff,
    0x62, 0x71, 0x16, 0xff, 0x62, 0x71, 0x16, 0xff, 0x61, 0x71, 0x16, 0xff, 0x61, 0x71, 0x16, 0xff,
    0x61, 0x71, 0x16, 0xff, 0x61, 0x71, 0x16, 0xff, 0x61, 0x71, 0x16, 0xff, 0x61, 0x71, 0x16, 0xff,
    0x45, 0x4f, 0x0c, 0xff, 0x45, 0x4f, 0x0c, 0xff, 0x00, 0x00, 0x00, 0x00, 0x00, 0x00, 0x00, 0x00,
    0x00, 0x00, 0x00, 0x00, 0x00, 0x00, 0x00, 0x00, 0x00, 0x00, 0x00, 0x00, 0x00, 0x00, 0x00, 0x00,
    0x00, 0x00, 0x00, 0x00, 0x00, 0x00, 0x00, 0x00, 0x00, 0x00, 0x00, 0x00, 0x00, 0x00, 0x00, 0x00,
    0x00, 0x00, 0x00, 0x00, 0x00, 0x00, 0x00, 0x00, 0x00, 0x00, 0x00, 0x00, 0x00, 0x00, 0x00, 0x00,
    0x00, 0x00, 0x00, 0x00, 0x00, 0x00, 0x00, 0x00, 0x00, 0x00, 0x00, 0x00, 0x00, 0x00, 0x00, 0x00,
    0x00, 0x00, 0x00, 0x00, 0x00, 0x00, 0x00, 0x00, 0x00, 0x00, 0x00, 0x00, 0x00, 0x00, 0x00, 0x00,
    0x00, 0x00, 0x00, 0x00, 0x00, 0x00, 0x00, 0x00, 0x45, 0x4e, 0x0c, 0xff, 0x45, 0x4e, 0x0c, 0xff,
    0x45, 0x4e, 0x0d, 0xff, 0x45, 0x4e, 0x0d, 0xff, 0x61, 0x72, 0x17, 0xff, 0x61, 0x72, 0x17, 0xff,
    0x60, 0x72, 0x16, 0xff, 0x60, 0x72, 0x16, 0xff, 0x60, 0x71, 0x15, 0xff, 0x60, 0x71, 0x15, 0xff,
    0x60, 0x71, 0x15, 0xff, 0x60, 0x71, 0x15, 0xff, 0x61, 0x72, 0x16, 0xff, 0x61, 0x72, 0x16, 0xff,
    0x60, 0x71, 0x16, 0xff, 0x60, 0x71, 0x16, 0xff, 0x60, 0x71, 0x15, 0xff, 0x60, 0x71, 0x15, 0xff,
    0x60, 0x71, 0x15, 0xff, 0x60, 0x71, 0x15, 0xff, 0x60, 0x71, 0x16, 0xff, 0x60, 0x71, 0x16, 0xff,
    0x60, 0x70, 0x15, 0xff, 0x60, 0x70, 0x15, 0xff, 0x60, 0x70, 0x16, 0xff, 0x60, 0x70, 0x16, 0xff,
    0x61, 0x71, 0x16, 0xff, 0x61, 0x71, 0x16, 0xff, 0x60, 0x71, 0x16, 0xff, 0x60, 0x71, 0x16, 0xff,
    0x60, 0x71, 0x16, 0xff, 0x60, 0x71, 0x16, 0xff, 0x45, 0x4d, 0x0c, 0xff, 0x45, 0x4d, 0x0c, 0xff,
    0x44, 0x4d, 0x0c, 0xff, 0x44, 0x4d, 0x0c, 0xff, 0x49, 0x4e, 0x0e, 0xff, 0x49, 0x4e, 0x0e, 0xff,
    0x00, 0x00, 0x00, 0x00, 0x00, 0x00, 0x00, 0x00, 0x00, 0x00, 0x00, 0x00, 0x00, 0x00, 0x00, 0x00,
    0x00, 0x00, 0x00, 0x00, 0x00, 0x00, 0x00, 0x00, 0x00, 0x00, 0x00, 0x00, 0x00, 0x00, 0x00, 0x00,
    0x00, 0x00, 0x00, 0x00, 0x00, 0x00, 0x00, 0x00, 0x00, 0x00, 0x00, 0x00, 0x00, 0x00, 0x00, 0x00,
    0x00, 0x00, 0x00, 0x00, 0x00, 0x00, 0x00, 0x00, 0x00, 0x00, 0x00, 0x00, 0x00, 0x00, 0x00, 0x00,
    0x00, 0x00, 0x00, 0x00, 0x00, 0x00, 0x00, 0x00, 0x00, 0x00, 0x00, 0x00, 0x00, 0x00, 0x00, 0x00,
    0x00, 0x00, 0x00, 0x00, 0x00, 0x00, 0x00, 0x00, 0x00, 0x00, 0x00, 0x00, 0x00, 0x00, 0x00, 0x00,
    0x00, 0x00, 0x00, 0x00, 0x00, 0x00, 0x00, 0x00, 0x45, 0x4e, 0x0c, 0xff, 0x45, 0x4e, 0x0c, 0xff,
    0x45, 0x4e, 0x0d, 0xff, 0x45, 0x4e, 0x0d, 0xff, 0x61, 0x72, 0x17, 0xff, 0x61, 0x72, 0x17, 0xff,
    0x60, 0x72, 0x16, 0xff, 0x60, 0x72, 0x16, 0xff, 0x60, 0x71, 0x15, 0xff, 0x60, 0x71, 0x15, 0xff,
    0x60, 0x71, 0x15, 0xff, 0x60, 0x71, 0x15, 0xff, 0x61, 0x72, 0x16, 0xff, 0x61, 0x72, 0x16, 0xff,
    0x60, 0x71, 0x16, 0xff, 0x60, 0x71, 0x16, 0xff, 0x60, 0x71, 0x15, 0xff, 0x60, 0x71, 0x15, 0xff,
    0x60, 0x71, 0x15, 0xff, 0x60, 0x71, 0x15, 0xff, 0x60, 0x71, 0x16, 0xff, 0x60, 0x71, 0x16, 0xff,
    0x60, 0x70, 0x15, 0xff, 0x60, 0x70, 0x15, 0xff, 0x60, 0x70, 0x16, 0xff, 0x60, 0x70, 0x16, 0xff,
    0x61, 0x71, 0x16, 0xff, 0x61, 0x71, 0x16, 0xff, 0x60, 0x71, 0x16, 0xff, 0x60, 0x71, 0x16, 0xff,
    0x60, 0x71, 0x16, 0xff, 0x60, 0x71, 0x16, 0xff, 0x45, 0x4d, 0x0c, 0xff, 0x45, 0x4d, 0x0c, 0xff,
    0x44, 0x4d, 0x0c, 0xff, 0x44, 0x4d, 0x0c, 0xff, 0x49, 0x4e, 0x0e, 0xff, 0x49, 0x4e, 0x0e, 0xff,
    0x00, 0x00, 0x00, 0x00, 0x00, 0x00, 0x00, 0x00, 0x00, 0x00, 0x00, 0x00, 0x00, 0x00, 0x00, 0x00,
    0x00, 0x00, 0x00, 0x00, 0x00, 0x00, 0x00, 0x00, 0x00, 0x00, 0x00, 0x00, 0x00, 0x00, 0x00, 0x00,
    0x00, 0x00, 0x00, 0x00, 0x00, 0x00, 0x00, 0x00, 0x00, 0x00, 0x00, 0x00, 0x00, 0x00, 0x00, 0x00,
    0x00, 0x00, 0x00, 0x00, 0x00, 0x00, 0x00, 0x00, 0x00, 0x00, 0x00, 0x00, 0x00, 0x00, 0x00, 0x00,
    0x00, 0x00, 0x00, 0x00, 0x00, 0x00, 0x00, 0x00, 0x00, 0x00, 0x00, 0x00, 0x00, 0x00, 0x00, 0x00,
    0x00, 0x00, 0x00, 0x00, 0x00, 0x00, 0x00, 0x00, 0x00, 0x00, 0x00, 0x00, 0x00, 0x00, 0x00, 0x00,
    0x00, 0x00, 0x00, 0x00, 0x00, 0x00, 0x00, 0x00, 0x00, 0x00, 0x00, 0x00, 0x00, 0x00, 0x00, 0x00,
    0x00, 0x00, 0x00, 0x00, 0x00, 0x00, 0x00, 0x00, 0x45, 0x4d, 0x0c, 0xff, 0x45, 0x4d, 0x0c, 0xff,
    0x45, 0x4e, 0x0c, 0xff, 0x45, 0x4e, 0x0c, 0xff, 0x44, 0x4d, 0x0c, 0xff, 0x44, 0x4d, 0x0c, 0xff,
    0x44, 0x4c, 0x0c, 0xff, 0x44, 0x4c, 0x0c, 0xff, 0x44, 0x4c, 0x0c, 0xff, 0x44, 0x4c, 0x0c, 0xff,
    0x43, 0x4b, 0x0b, 0xff, 0x43, 0x4b, 0x0b, 0xff, 0x44, 0x4c, 0x0c, 0xff, 0x44, 0x4c, 0x0c, 0xff,
    0x44, 0x4c, 0x0b, 0xff, 0x44, 0x4c, 0x0b, 0xff, 0x45, 0x4d, 0x0c, 0xff, 0x45, 0x4d, 0x0c, 0xff,
    0x43, 0x4c, 0x0c, 0xff, 0x43, 0x4c, 0x0c, 0xff, 0x44, 0x4c, 0x0c, 0xff, 0x44, 0x4c, 0x0c, 0xff,
    0x44, 0x4c, 0x0c, 0xff, 0x44, 0x4c, 0x0c, 0xff, 0x44, 0x4c, 0x0c, 0xff, 0x44, 0x4c, 0x0c, 0xff,
    0x44, 0x4b, 0x0c, 0xff, 0x44, 0x4b, 0x0c, 0xff, 0x00, 0x00, 0x00, 0x00, 0x00, 0x00, 0x00, 0x00,
    0x00, 0x00, 0x00, 0x00, 0x00, 0x00, 0x00, 0x00, 0x00, 0x00, 0x00, 0x00, 0x00, 0x00, 0x00, 0x00,
    0x00, 0x00, 0x00, 0x00, 0x00, 0x00, 0x00, 0x00, 0x00, 0x00, 0x00, 0x00, 0x00, 0x00, 0x00, 0x00,
    0x00, 0x00, 0x00, 0x00, 0x00, 0x00, 0x00, 0x00, 0x00, 0x00, 0x00, 0x00, 0x00, 0x00, 0x00, 0x00,
    0x00, 0x00, 0x00, 0x00, 0x00, 0x00, 0x00, 0x00, 0x00, 0x00, 0x00, 0x00, 0x00, 0x00, 0x00, 0x00,
    0x00, 0x00, 0x00, 0x00, 0x00, 0x00, 0x00, 0x00, 0x00, 0x00, 0x00, 0x00, 0x00, 0x00, 0x00, 0x00,
    0x00, 0x00, 0x00, 0x00, 0x00, 0x00, 0x00, 0x00, 0x00, 0x00, 0x00, 0x00, 0x00, 0x00, 0x00, 0x00,
    0x00, 0x00, 0x00, 0x00, 0x00, 0x00, 0x00, 0x00, 0x00, 0x00, 0x00, 0x00, 0x00, 0x00, 0x00, 0x00,
    0x00, 0x00, 0x00, 0x00, 0x00, 0x00, 0x00, 0x00, 0x00, 0x00, 0x00, 0x00, 0x00, 0x00, 0x00, 0x00,
    0x00, 0x00, 0x00, 0x00, 0x00, 0x00, 0x00, 0x00, 0x45, 0x4d, 0x0c, 0xff, 0x45, 0x4d, 0x0c, 0xff,
    0x45, 0x4e, 0x0c, 0xff, 0x45, 0x4e, 0x0c, 0xff, 0x44, 0x4d, 0x0c, 0xff, 0x44, 0x4d, 0x0c, 0xff,
    0x44, 0x4c, 0x0c, 0xff, 0x44, 0x4c, 0x0c, 0xff, 0x44, 0x4c, 0x0c, 0xff, 0x44, 0x4c, 0x0c, 0xff,
    0x43, 0x4b, 0x0b, 0xff, 0x43, 0x4b, 0x0b, 0xff, 0x44, 0x4c, 0x0c, 0xff, 0x44, 0x4c, 0x0c, 0xff,
    0x44, 0x4c, 0x0b, 0xff, 0x44, 0x4c, 0x0b, 0xff, 0x45, 0x4d, 0x0c, 0xff, 0x45, 0x4d, 0x0c, 0xff,
    0x43, 0x4c, 0x0c, 0xff, 0x43, 0x4c, 0x0c, 0xff, 0x44, 0x4c, 0x0c, 0xff, 0x44, 0x4c, 0x0c, 0xff,
    0x44, 0x4c, 0x0c, 0xff, 0x44, 0x4c, 0x0c, 0xff, 0x44, 0x4c, 0x0c, 0xff, 0x44, 0x4c, 0x0c, 0xff,
    0x44, 0x4b, 0x0c, 0xff, 0x44, 0x4b, 0x0c, 0xff, 0x00, 0x00, 0x00, 0x00, 0x00, 0x00, 0x00, 0x00,
    0x00, 0x00, 0x00, 0x00, 0x00, 0x00, 0x00, 0x00, 0x00, 0x00, 0x00, 0x00, 0x00, 0x00, 0x00, 0x00,
    0x00, 0x00, 0x00, 0x00, 0x00, 0x00, 0x00, 0x00, 0x00, 0x00, 0x00, 0x00, 0x00, 0x00, 0x00, 0x00,
    0x00, 0x00, 0x00, 0x00, 0x00, 0x00, 0x00, 0x00, 0x00, 0x00, 0x00, 0x00, 0x00, 0x00, 0x00, 0x00,
    0x00, 0x00, 0x00, 0x00, 0x00, 0x00, 0x00, 0x00, 0x00, 0x00, 0x00, 0x00, 0x00, 0x00, 0x00, 0x00,
    0x00, 0x00, 0x00, 0x00, 0x00, 0x00, 0x00, 0x00, 0x00, 0x00, 0x00, 0x00, 0x00, 0x00, 0x00, 0x00,
    0x00, 0x00, 0x00, 0x00, 0x00, 0x00, 0x00, 0x00, 0x00, 0x00, 0x00, 0x00, 0x00, 0x00, 0x00, 0x00,
    0x00, 0x00, 0x00, 0x00, 0x00, 0x00, 0x00, 0x00, 0x00, 0x00, 0x00, 0x00, 0x00, 0x00, 0x00, 0x00,
    0x00, 0x00, 0x00, 0x00, 0x00, 0x00, 0x00, 0x00, 0x00, 0x00, 0x00, 0x00, 0x00, 0x00, 0x00, 0x00,
    0x00, 0x00, 0x00, 0x00, 0x00, 0x00, 0x00, 0x00, 0x00, 0x00, 0x00, 0x00, 0x00, 0x00, 0x00, 0x00,
    0x00, 0x00, 0x00, 0x00, 0x00, 0x00, 0x00, 0x00, 0x00, 0x00, 0x00, 0x00, 0x00, 0x00, 0x00, 0x00,
    0x00, 0x00, 0x00, 0x00, 0x00, 0x00, 0x00, 0x00, 0x00, 0x00, 0x00, 0x00, 0x00, 0x00, 0x00, 0x00,
    0x00, 0x00, 0x00, 0x00, 0x00, 0x00, 0x00, 0x00, 0x00, 0x00, 0x00, 0x00, 0x00, 0x00, 0x00, 0x00,
    0x00, 0x00, 0x00, 0x00, 0x00, 0x00, 0x00, 0x00, 0x00, 0x00, 0x00, 0x00, 0x00, 0x00, 0x00, 0x00,
    0x00, 0x00, 0x00, 0x00, 0x00, 0x00, 0x00, 0x00, 0x00, 0x00, 0x00, 0x00, 0x00, 0x00, 0x00, 0x00,
    0x00, 0x00, 0x00, 0x00, 0x00, 0x00, 0x00, 0x00, 0x00, 0x00, 0x00, 0x00, 0x00, 0x00, 0x00, 0x00,
    0x00, 0x00, 0x00, 0x00, 0x00, 0x00, 0x00, 0x00, 0x00, 0x00, 0x00, 0x00, 0x00, 0x00, 0x00, 0x00,
    0x00, 0x00, 0x00, 0x00, 0x00, 0x00, 0x00, 0x00, 0x00, 0x00, 0x00, 0x00, 0x00, 0x00, 0x00, 0x00,
    0x00, 0x00, 0x00, 0x00, 0x00, 0x00, 0x00, 0x00, 0x00, 0x00, 0x00, 0x00, 0x00, 0x00, 0x00, 0x00,
    0x00, 0x00, 0x00, 0x00, 0x00, 0x00, 0x00, 0x00, 0x00, 0x00, 0x00, 0x00, 0x00, 0x00, 0x00, 0x00,
    0x00, 0x00, 0x00, 0x00, 0x00, 0x00, 0x00, 0x00, 0x00, 0x00, 0x00, 0x00, 0x00, 0x00, 0x00, 0x00,
    0x00, 0x00, 0x00, 0x00, 0x00, 0x00, 0x00, 0x00, 0x00, 0x00, 0x00, 0x00, 0x00, 0x00, 0x00, 0x00,
    0x00, 0x00, 0x00, 0x00, 0x00, 0x00, 0x00, 0x00, 0x00, 0x00, 0x00, 0x00, 0x00, 0x00, 0x00, 0x00,
    0x00, 0x00, 0x00, 0x00, 0x00, 0x00, 0x00, 0x00, 0x00, 0x00, 0x00, 0x00, 0x00, 0x00, 0x00, 0x00,
    0x00, 0x00, 0x00, 0x00, 0x00, 0x00, 0x00, 0x00, 0x00, 0x00, 0x00, 0x00, 0x00, 0x00, 0x00, 0x00,
    0x00, 0x00, 0x00, 0x00, 0x00, 0x00, 0x00, 0x00, 0x00, 0x00, 0x00, 0x00, 0x00, 0x00, 0x00, 0x00,
    0x00, 0x00, 0x00, 0x00, 0x00, 0x00, 0x00, 0x00, 0x00, 0x00, 0x00, 0x00, 0x00, 0x00, 0x00, 0x00,
    0x00, 0x00, 0x00, 0x00, 0x00, 0x00, 0x00, 0x00, 0x00, 0x00, 0x00, 0x00, 0x00, 0x00, 0x00, 0x00,
    0x00, 0x00, 0x00, 0x00, 0x00, 0x00, 0x00, 0x00, 0x00, 0x00, 0x00, 0x00, 0x00, 0x00, 0x00, 0x00,
    0x00, 0x00, 0x00, 0x00, 0x00, 0x00, 0x00, 0x00, 0x00, 0x00, 0x00, 0x00, 0x00, 0x00, 0x00, 0x00,
    0x00, 0x00, 0x00, 0x00, 0x00, 0x00, 0x00, 0x00, 0x00, 0x00, 0x00, 0x00, 0x00, 0x00, 0x00, 0x00,
    0x00, 0x00, 0x00, 0x00, 0x00, 0x00, 0x00, 0x00, 0x00, 0x00, 0x00, 0x00, 0x00, 0x00, 0x00, 0x00,
    0x00, 0x00, 0x00, 0x00, 0x00, 0x00, 0x00, 0x00, 0x00, 0x00, 0x00, 0x00, 0x00, 0x00, 0x00, 0x00,
    0x00, 0x00, 0x00, 0x00, 0x00, 0x00, 0x00, 0x00, 0x00, 0x00, 0x00, 0x00, 0x00, 0x00, 0x00, 0x00,
    0x00, 0x00, 0x00, 0x00, 0x00, 0x00, 0x00, 0x00, 0x00, 0x00, 0x00, 0x00, 0x00, 0x00, 0x00, 0x00,
    0x00, 0x00, 0x00, 0x00, 0x00, 0x00, 0x00, 0x00, 0x00, 0x00, 0x00, 0x00, 0x00, 0x00, 0x00, 0x00,
    0x00, 0x00, 0x00, 0x00, 0x00, 0x00, 0x00, 0x00, 0x00, 0x00, 0x00, 0x00, 0x00, 0x00, 0x00, 0x00,
};

const lv_image_dsc_t ui_icon_pomodoro = {
    .header.magic = LV_IMAGE_HEADER_MAGIC,
    .header.cf = LV_COLOR_FORMAT_ARGB8888,
    .header.flags = 0,
    .header.w = 64,
    .header.h = 64,
    .header.stride = 256,
    .data_size = sizeof(ui_icon_pomodoro_map),
    .data = ui_icon_pomodoro_map,
};

static const uint8_t ui_icon_settings_map[] = {
    0x00, 0x00, 0x00, 0x00, 0x00, 0x00, 0x00, 0x00, 0x00, 0x00, 0x00, 0x00, 0x00, 0x00, 0x00, 0x00,
    0x00, 0x00, 0x00, 0x00, 0x00, 0x00, 0x00, 0x00, 0x00, 0x00, 0x00, 0x00, 0x00, 0x00, 0x00, 0x00,
    0x00, 0x00, 0x00, 0x00, 0x00, 0x00, 0x00, 0x00, 0x00, 0x00, 0x00, 0x00, 0x00, 0x00, 0x00, 0x00,
    0x00, 0x00, 0x00, 0x00, 0x00, 0x00, 0x00, 0x00, 0x00, 0x00, 0x00, 0x00, 0x00, 0x00, 0x00, 0x00,
    0x00, 0x00, 0x00, 0x00, 0x00, 0x00, 0x00, 0x00, 0x00, 0x00, 0x00, 0x00, 0x00, 0x00, 0x00, 0x00,
    0x00, 0x00, 0x00, 0x00, 0x00, 0x00, 0x00, 0x00, 0x00, 0x00, 0x00, 0x00, 0x00, 0x00, 0x00, 0x00,
    0x00, 0x00, 0x00, 0x00, 0x00, 0x00, 0x00, 0x00, 0x00, 0x00, 0x00, 0x00, 0x00, 0x00, 0x00, 0x00,
    0x00, 0x00, 0x00, 0x00, 0x00, 0x00, 0x00, 0x00, 0x00, 0x00, 0x00, 0x00, 0x00, 0x00, 0x00, 0x00,
    0x00, 0x00, 0x00, 0x00, 0x00, 0x00, 0x00, 0x00, 0x00, 0x00, 0x00, 0x00, 0x00, 0x00, 0x00, 0x00,
    0x00, 0x00, 0x00, 0x00, 0x00, 0x00, 0x00, 0x00, 0x00, 0x00, 0x00, 0x00, 0x00, 0x00, 0x00, 0x00,
    0x00, 0x00, 0x00, 0x00, 0x00, 0x00, 0x00, 0x00, 0x00, 0x00, 0x00, 0x00, 0x00, 0x00, 0x00, 0x00,
    0x00, 0x00, 0x00, 0x00, 0x00, 0x00, 0x00, 0x00, 0x00, 0x00, 0x00, 0x00, 0x00, 0x00, 0x00, 0x00,
    0x00, 0x00, 0x00, 0x00, 0x00, 0x00, 0x00, 0x00, 0x00, 0x00, 0x00, 0x00, 0x00, 0x00, 0x00, 0x00,
    0x00, 0x00, 0x00, 0x00, 0x00, 0x00, 0x00, 0x00, 0x00, 0x00, 0x00, 0x00, 0x00, 0x00, 0x00, 0x00,
    0x00, 0x00, 0x00, 0x00, 0x00, 0x00, 0x00, 0x00, 0x00, 0x00, 0x00, 0x00, 0x00, 0x00, 0x00, 0x00,
    0x00, 0x00, 0x00, 0x00, 0x00, 0x00, 0x00, 0x00, 0x00, 0x00, 0x00, 0x00, 0x00, 0x00, 0x00, 0x00,
    0x00, 0x00, 0x00, 0x00, 0x00, 0x00, 0x00, 0x00, 0x00, 0x00, 0x00, 0x00, 0x00, 0x00, 0x00, 0x00,
    0x00, 0x00, 0x00, 0x00, 0x00, 0x00, 0x00, 0x00, 0x00, 0x00, 0x00, 0x00, 0x00, 0x00, 0x00, 0x00,
    0x00, 0x00, 0x00, 0x00, 0x00, 0x00, 0x00, 0x00, 0x00, 0x00, 0x00, 0x00, 0x00, 0x00, 0x00, 0x00,
    0x00, 0x00, 0x00, 0x00, 0x00, 0x00, 0x00, 0x00, 0x00, 0x00, 0x00, 0x00, 0x00, 0x00, 0x00, 0x00,
    0x00, 0x00, 0x00, 0x00, 0x00, 0x00, 0x00, 0x00, 0x00, 0x00, 0x00, 0x00, 0x00, 0x00, 0x00, 0x00,
    0x00, 0x00, 0x00, 0x00, 0x00, 0x00, 0x00, 0x00, 0x00, 0x00, 0x00, 0x00, 0x00, 0x00, 0x00, 0x00,
    0x00, 0x00, 0x00, 0x00, 0x00, 0x00, 0x00, 0x00, 0x00, 0x00, 0x00, 0x00, 0x00, 0x00, 0x00, 0x00,
    0x00, 0x00, 0x00, 0x00, 0x00, 0x00, 0x00, 0x00, 0x00, 0x00, 0x00, 0x00, 0x00, 0x00, 0x00, 0x00,
    0x00, 0x00, 0x00, 0x00, 0x00, 0x00, 0x00, 0x00, 0x00, 0x00, 0x00, 0x00, 0x00, 0x00, 0x00, 0x00,
    0x00, 0x00, 0x00, 0x00, 0x00, 0x00, 0x00, 0x00, 0x00, 0x00, 0x00, 0x00, 0x00, 0x00, 0x00, 0x00,
    0x00, 0x00, 0x00, 0x00, 0x00, 0x00, 0x00, 0x00, 0x00, 0x00, 0x00, 0x00, 0x00, 0x00, 0x00, 0x00,
    0x00, 0x00, 0x00, 0x00, 0x00, 0x00, 0x00, 0x00, 0x00, 0x00, 0x00, 0x00, 0x00, 0x00, 0x00, 0x00,
    0x00, 0x00, 0x00, 0x00, 0x00, 0x00, 0x00, 0x00, 0x00, 0x00, 0x00, 0x00, 0x00, 0x00, 0x00, 0x00,
    0x00, 0x00, 0x00, 0x00, 0x00, 0x00, 0x00, 0x00, 0x00, 0x00, 0x00, 0x00, 0x00, 0x00, 0x00, 0x00,
    0x00, 0x00, 0x00, 0x00, 0x00, 0x00, 0x00, 0x00, 0x00, 0x00, 0x00, 0x00, 0x00, 0x00, 0x00, 0x00,
    0x00, 0x00, 0x00, 0x00, 0x00, 0x00, 0x00, 0x00, 0x00, 0x00, 0x00, 0x00, 0x00, 0x00, 0x00, 0x00,
    0x00, 0x00, 0x00, 0x00, 0x00, 0x00, 0x00, 0x00, 0x00, 0x00, 0x00, 0x00, 0x00, 0x00, 0x00, 0x00,
    0x00, 0x00, 0x00, 0x00, 0x00, 0x00, 0x00, 0x00, 0x00, 0x00, 0x00, 0x00, 0x00, 0x00, 0x00, 0x00,
    0x00, 0x00, 0x00, 0x00, 0x00, 0x00, 0x00, 0x00, 0x00, 0x00, 0x00, 0x00, 0x00, 0x00, 0x00, 0x00,
    0x00, 0x00, 0x00, 0x00, 0x00, 0x00, 0x00, 0x00, 0x00, 0x00, 0x00, 0x00, 0x00, 0x00, 0x00, 0x00,
    0x00, 0x00, 0x00, 0x00, 0x00, 0x00, 0x00, 0x00, 0x00, 0x00, 0x00, 0x00, 0x00, 0x00, 0x00, 0x00,
    0x00, 0x00, 0x00, 0x00, 0x00, 0x00, 0x00, 0x00, 0x00, 0x00, 0x00, 0x00, 0x00, 0x00, 0x00, 0x00,
    0x00, 0x00, 0x00, 0x00, 0x00, 0x00, 0x00, 0x00, 0x00, 0x00, 0x00, 0x00, 0x00, 0x00, 0x00, 0x00,
    0x00, 0x00, 0x00, 0x00, 0x00, 0x00, 0x00, 0x00, 0x00, 0x00, 0x00, 0x00, 0x00, 0x00, 0x00, 0x00,
    0x00, 0x00, 0x00, 0x00, 0x00, 0x00, 0x00, 0x00, 0x00, 0x00, 0x00, 0x00, 0x00, 0x00, 0x00, 0x00,
    0x00, 0x00, 0x00, 0x00, 0x00, 0x00, 0x00, 0x00, 0x00, 0x00, 0x00, 0x00, 0x00, 0x00, 0x00, 0x00,
    0x00, 0x00, 0x00, 0x00, 0x00, 0x00, 0x00, 0x00, 0x00, 0x00, 0x00, 0x00, 0x00, 0x00, 0x00, 0x00,
    0x00, 0x00, 0x00, 0x00, 0x00, 0x00, 0x00, 0x00, 0x00, 0x00, 0x00, 0x00, 0x00, 0x00, 0x00, 0x00,
    0x00, 0x00, 0x00, 0x00, 0x00, 0x00, 0x00, 0x00, 0x00, 0x00, 0x00, 0x00, 0x00, 0x00, 0x00, 0x00,
    0x00, 0x00, 0x00, 0x00, 0x00, 0x00, 0x00, 0x00, 0x00, 0x00, 0x00, 0x00, 0x00, 0x00, 0x00, 0x00,
    0x00, 0x00, 0x00, 0x00, 0x00, 0x00, 0x00, 0x00, 0x00, 0x00, 0x00, 0x00, 0x00, 0x00, 0x00, 0x00,
    0x00, 0x00, 0x00, 0x00, 0x00, 0x00, 0x00, 0x00, 0x00, 0x00, 0x00, 0x00, 0x00, 0x00, 0x00, 0x00,
    0x00, 0x00, 0x00, 0x00, 0x00, 0x00, 0x00, 0x00, 0x00, 0x00, 0x00, 0x00, 0x00, 0x00, 0x00, 0x00,
    0x00, 0x00, 0x00, 0x00, 0x00, 0x00, 0x00, 0x00, 0x00, 0x00, 0x00, 0x00, 0x00, 0x00, 0x00, 0x00,
    0x00, 0x00, 0x00, 0x00, 0x00, 0x00, 0x00, 0x00, 0x00, 0x00, 0x00, 0x00, 0x00, 0x00, 0x00, 0x00,
    0x00, 0x00, 0x00, 0x00, 0x00, 0x00, 0x00, 0x00, 0x00, 0x00, 0x00, 0x00, 0x00, 0x00, 0x00, 0x00,
    0x00, 0x00, 0x00, 0x00, 0x00, 0x00, 0x00, 0x00, 0x00, 0x00, 0x00, 0x00, 0x00, 0x00, 0x00, 0x00,
    0x00, 0x00, 0x00, 0x00, 0x00, 0x00, 0x00, 0x00, 0x00, 0x00, 0x00, 0x00, 0x00, 0x00, 0x00, 0x00,
    0x00, 0x00, 0x00, 0x00, 0x00, 0x00, 0x00, 0x00, 0x00, 0x00, 0x00, 0x00, 0x00, 0x00, 0x00, 0x00,
    0x00, 0x00, 0x00, 0x00, 0x00, 0x00, 0x00, 0x00, 0x00, 0x00, 0x00, 0x00, 0x00, 0x00, 0x00, 0x00,
    0x00, 0x00, 0x00, 0x00, 0x00, 0x00, 0x00, 0x00, 0x00, 0x00, 0x00, 0x00, 0x00, 0x00, 0x00, 0x00,
    0x00, 0x00, 0x00, 0x00, 0x00, 0x00, 0x00, 0x00, 0x00, 0x00, 0x00, 0x00, 0x00, 0x00, 0x00, 0x00,
    0x00, 0x00, 0x00, 0x00, 0x00, 0x00, 0x00, 0x00, 0x00, 0x00, 0x00, 0x00, 0x00, 0x00, 0x00, 0x00,
    0x00, 0x00, 0x00, 0x00, 0x00, 0x00, 0x00, 0x00, 0x00, 0x00, 0x00, 0x00, 0x00, 0x00, 0x00, 0x00,
    0x00, 0x00, 0x00, 0x00, 0x00, 0x00, 0x00, 0x00, 0x00, 0x00, 0x00, 0x00, 0x00, 0x00, 0x00, 0x00,
    0x00, 0x00, 0x00, 0x00, 0x00, 0x00, 0x00, 0x00, 0x00, 0x00, 0x00, 0x00, 0x00, 0x00, 0x00, 0x00,
    0x00, 0x00, 0x00, 0x00, 0x00, 0x00, 0x00, 0x00, 0x00, 0x00, 0x00, 0x00, 0x00, 0x00, 0x00, 0x00,
    0x00, 0x00, 0x00, 0x00, 0x00, 0x00, 0x00, 0x00, 0x00, 0x00, 0x00, 0x00, 0x00, 0x00, 0x00, 0x00,
    0x00, 0x00, 0x00, 0x00, 0x00, 0x00, 0x00, 0x00, 0x00, 0x00, 0x00, 0x00, 0x00, 0x00, 0x00, 0x00,
    0x00, 0x00, 0x00, 0x00, 0x00, 0x00, 0x00, 0x00, 0x00, 0x00, 0x00, 0x00, 0x00, 0x00, 0x00, 0x00,
    0x00, 0x00, 0x00, 0x00, 0x00, 0x00, 0x00, 0x00, 0x00, 0x00, 0x00, 0x00, 0x00, 0x00, 0x00, 0x00,
    0x00, 0x00, 0x00, 0x00, 0x00, 0x00, 0x00, 0x00, 0x00, 0x00, 0x00, 0x00, 0x00, 0x00, 0x00, 0x00,
    0x00, 0x00, 0x00, 0x00, 0x00, 0x00, 0x00, 0x00, 0x00, 0x00, 0x00, 0x00, 0x00, 0x00, 0x00, 0x00,
    0x00, 0x00, 0x00, 0x00, 0x00, 0x00, 0x00, 0x00, 0x00, 0x00, 0x00, 0x00, 0x00, 0x00, 0x00, 0x00,
    0x00, 0x00, 0x00, 0x00, 0x00, 0x00, 0x00, 0x00, 0x00, 0x00, 0x00, 0x00, 0x00, 0x00, 0x00, 0x00,
    0x00, 0x00, 0x00, 0x00, 0x00, 0x00, 0x00, 0x00, 0x00, 0x00, 0x00, 0x00, 0x00, 0x00, 0x00, 0x00,
    0x00, 0x00, 0x00, 0x00, 0x00, 0x00, 0x00, 0x00, 0x00, 0x00, 0x00, 0x00, 0x00, 0x00, 0x00, 0x00,
    0x00, 0x00, 0x00, 0x00, 0x00, 0x00, 0x00, 0x00, 0x00, 0x00, 0x00, 0x00, 0x00, 0x00, 0x00, 0x00,
    0x00, 0x00, 0x00, 0x00, 0x00, 0x00, 0x00, 0x00, 0x00, 0x00, 0x00, 0x00, 0x00, 0x00, 0x00, 0x00,
    0x00, 0x00, 0x00, 0x00, 0x00, 0x00, 0x00, 0x00, 0x00, 0x00, 0x00, 0x00, 0x00, 0x00, 0x00, 0x00,
    0x00, 0x00, 0x00, 0x00, 0x00, 0x00, 0x00, 0x00, 0x00, 0x00, 0x00, 0x00, 0x00, 0x00, 0x00, 0x00,
    0x00, 0x00, 0x00, 0x00, 0x00, 0x00, 0x00, 0x00, 0x00, 0x00, 0x00, 0x00, 0x00, 0x00, 0x00, 0x00,
    0x00, 0x00, 0x00, 0x00, 0x00, 0x00, 0x00, 0x00, 0x00, 0x00, 0x00, 0x00, 0x00, 0x00, 0x00, 0x00,
    0x00, 0x00, 0x00, 0x00, 0x00, 0x00, 0x00, 0x00, 0x00, 0x00, 0x00, 0x00, 0x00, 0x00, 0x00, 0x00,
    0x00, 0x00, 0x00, 0x00, 0x00, 0x00, 0x00, 0x00, 0x00, 0x00, 0x00, 0x00, 0x00, 0x00, 0x00, 0x00,
    0x00, 0x00, 0x00, 0x00, 0x00, 0x00, 0x00, 0x00, 0x00, 0x00, 0x00, 0x00, 0x00, 0x00, 0x00, 0x00,
    0x00, 0x00, 0x00, 0x00, 0x00, 0x00, 0x00, 0x00, 0x00, 0x00, 0x00, 0x00, 0x00, 0x00, 0x00, 0x00,
    0x00, 0x00, 0x00, 0x00, 0x00, 0x00, 0x00, 0x00, 0x00, 0x00, 0x00, 0x00, 0x00, 0x00, 0x00, 0x00,
    0x00, 0x00, 0x00, 0x00, 0x00, 0x00, 0x00, 0x00, 0x00, 0x00, 0x00, 0x00, 0x00, 0x00, 0x00, 0x00,
    0x00, 0x00, 0x00, 0x00, 0x00, 0x00, 0x00, 0x00, 0x00, 0x00, 0x00, 0x00, 0x00, 0x00, 0x00, 0x00,
    0x00, 0x00, 0x00, 0x00, 0x00, 0x00, 0x00, 0x00, 0x00, 0x00, 0x00, 0x00, 0x00, 0x00, 0x00, 0x00,
    0x00, 0x00, 0x00, 0x00, 0x00, 0x00, 0x00, 0x00, 0x00, 0x00, 0x00, 0x00, 0x00, 0x00, 0x00, 0x00,
    0x00, 0x00, 0x00, 0x00, 0x00, 0x00, 0x00, 0x00, 0x00, 0x00, 0x00, 0x00, 0x00, 0x00, 0x00, 0x00,
    0x00, 0x00, 0x00, 0x00, 0x00, 0x00, 0x00, 0x00, 0x00, 0x00, 0x00, 0x00, 0x00, 0x00, 0x00, 0x00,
    0x00, 0x00, 0x00, 0x00, 0x00, 0x00, 0x00, 0x00, 0x00, 0x00, 0x00, 0x00, 0x00, 0x00, 0x00, 0x00,
    0x00, 0x00, 0x00, 0x00, 0x00, 0x00, 0x00, 0x00, 0x00, 0x00, 0x00, 0x00, 0x00, 0x00, 0x00, 0x00,
    0x00, 0x00, 0x00, 0x00, 0x00, 0x00, 0x00, 0x00, 0x00, 0x00, 0x00, 0x00, 0x00, 0x00, 0x00, 0x00,
    0x00, 0x00, 0x00, 0x00, 0x00, 0x00, 0x00, 0x00, 0x00, 0x00, 0x00, 0x00, 0x00, 0x00, 0x00, 0x00,
    0x00, 0x00, 0x00, 0x00, 0x00, 0x00, 0x00, 0x00, 0x00, 0x00, 0x00, 0x00, 0x00, 0x00, 0x00, 0x00,
    0x00, 0x00, 0x00, 0x00, 0x00, 0x00, 0x00, 0x00, 0x00, 0x00, 0x00, 0x00, 0x00, 0x00, 0x00, 0x00,
    0x00, 0x00, 0x00, 0x00, 0x00, 0x00, 0x00, 0x00, 0x00, 0x00, 0x00, 0x00, 0x00, 0x00, 0x00, 0x00,
    0x00, 0x00, 0x00, 0x00, 0x00, 0x00, 0x00, 0x00, 0x00, 0x00, 0x00, 0x00, 0x00, 0x00, 0x00, 0x00,
    0x00, 0x00, 0x00, 0x00, 0x00, 0x00, 0x00, 0x00, 0x00, 0x00, 0x00, 0x00, 0x00, 0x00, 0x00, 0x00,
    0x00, 0x00, 0x00, 0x00, 0x00, 0x00, 0x00, 0x00, 0x00, 0x00, 0x00, 0x00, 0x00, 0x00, 0x00, 0x00,
    0x00, 0x00, 0x00, 0x00, 0x00, 0x00, 0x00, 0x00, 0x00, 0x00, 0x00, 0x00, 0x00, 0x00, 0x00, 0x00,
    0x00, 0x00, 0x00, 0x00, 0x00, 0x00, 0x00, 0x00, 0x00, 0x00, 0x00, 0x00, 0x00, 0x00, 0x00, 0x00,
    0x00, 0x00, 0x00, 0x00, 0x00, 0x00, 0x00, 0x00, 0x00, 0x00, 0x00, 0x00, 0x00, 0x00, 0x00, 0x00,
    0x00, 0x00, 0x00, 0x00, 0x00, 0x00, 0x00, 0x00, 0x00, 0x00, 0x00, 0x00, 0x00, 0x00, 0x00, 0x00,
    0x00, 0x00, 0x00, 0x00, 0x00, 0x00, 0x00, 0x00, 0x00, 0x00, 0x00, 0x00, 0x00, 0x00, 0x00, 0x00,
    0x00, 0x00, 0x00, 0x00, 0x00, 0x00, 0x00, 0x00, 0x00, 0x00, 0x00, 0x00, 0x00, 0x00, 0x00, 0x00,
    0x00, 0x00, 0x00, 0x00, 0x00, 0x00, 0x00, 0x00, 0x00, 0x00, 0x00, 0x00, 0x00, 0x00, 0x00, 0x00,
    0x00, 0x00, 0x00, 0x00, 0x00, 0x00, 0x00, 0x00, 0x00, 0x00, 0x00, 0x00, 0x00, 0x00, 0x00, 0x00,
    0x00, 0x00, 0x00, 0x00, 0x00, 0x00, 0x00, 0x00, 0x00, 0x00, 0x00, 0x00, 0x00, 0x00, 0x00, 0x00,
    0x00, 0x00, 0x00, 0x00, 0x00, 0x00, 0x00, 0x00, 0x00, 0x00, 0x00, 0x00, 0x00, 0x00, 0x00, 0x00,
    0x00, 0x00, 0x00, 0x00, 0x00, 0x00, 0x00, 0x00, 0x00, 0x00, 0x00, 0x00, 0x00, 0x00, 0x00, 0x00,
    0x00, 0x00, 0x00, 0x00, 0x00, 0x00, 0x00, 0x00, 0x00, 0x00, 0x00, 0x00, 0x00, 0x00, 0x00, 0x00,
    0x00, 0x00, 0x00, 0x00, 0x00, 0x00, 0x00, 0x00, 0x00, 0x00, 0x00, 0x00, 0x00, 0x00, 0x00, 0x00,
    0x00, 0x00, 0x00, 0x00, 0x00, 0x00, 0x00, 0x00, 0x00, 0x00, 0x00, 0x00, 0x00, 0x00, 0x00, 0x00,
    0x00, 0x00, 0x00, 0x00, 0x00, 0x00, 0x00, 0x00, 0x00, 0x00, 0x00, 0x00, 0x00, 0x00, 0x00, 0x00,
    0x00, 0x00, 0x00, 0x00, 0x00, 0x00, 0x00, 0x00, 0x00, 0x00, 0x00, 0x00, 0x00, 0x00, 0x00, 0x00,
    0x00, 0x00, 0x00, 0x00, 0x00, 0x00, 0x00, 0x00, 0x00, 0x00, 0x00, 0x00, 0x00, 0x00, 0x00, 0x00,
    0x00, 0x00, 0x00, 0x00, 0x00, 0x00, 0x00, 0x00, 0x00, 0x00, 0x00, 0x00, 0x00, 0x00, 0x00, 0x00,
    0x00, 0x00, 0x00, 0x00, 0x00, 0x00, 0x00, 0x00, 0x00, 0x00, 0x00, 0x00, 0x00, 0x00, 0x00, 0x00,
    0x00, 0x00, 0x00, 0x00, 0x00, 0x00, 0x00, 0x00, 0x00, 0x00, 0x00, 0x00, 0x00, 0x00, 0x00, 0x00,
    0x00, 0x00, 0x00, 0x00, 0x00, 0x00, 0x00, 0x00, 0x00, 0x00, 0x00, 0x00, 0x00, 0x00, 0x00, 0x00,
    0x00, 0x00, 0x00, 0x00, 0x00, 0x00, 0x00, 0x00, 0x00, 0x00, 0x00, 0x00, 0x00, 0x00, 0x00, 0x00,
    0x00, 0x00, 0x00, 0x00, 0x00, 0x00, 0x00, 0x00, 0x00, 0x00, 0x00, 0x00, 0x00, 0x00, 0x00, 0x00,
    0x00, 0x00, 0x00, 0x00, 0x00, 0x00, 0x00, 0x00, 0x00, 0x00, 0x00, 0x00, 0x00, 0x00, 0x00, 0x00,
    0x00, 0x00, 0x00, 0x00, 0x00, 0x00, 0x00, 0x00, 0x00, 0x00, 0x00, 0x00, 0x00, 0x00, 0x00, 0x00,
    0x00, 0x00, 0x00, 0x00, 0x00, 0x00, 0x00, 0x00, 0x00, 0x00, 0x00, 0x00, 0x00, 0x00, 0x00, 0x00,
    0x00, 0x00, 0x00, 0x00, 0x00, 0x00, 0x00, 0x00, 0x00, 0x00, 0x00, 0x00, 0x00, 0x00, 0x00, 0x00,
    0x00, 0x00, 0x00, 0x00, 0x00, 0x00, 0x00, 0x00, 0x00, 0x00, 0x00, 0x00, 0x00, 0x00, 0x00, 0x00,
    0x00, 0x00, 0x00, 0x00, 0x00, 0x00, 0x00, 0x00, 0x00, 0x00, 0x00, 0x00, 0x00, 0x00, 0x00, 0x00,
    0x00, 0x00, 0x00, 0x00, 0x00, 0x00, 0x00, 0x00, 0x00, 0x00, 0x00, 0x00, 0x00, 0x00, 0x00, 0x00,
    0x00, 0x00, 0x00, 0x00, 0x00, 0x00, 0x00, 0x00, 0x00, 0x00, 0x00, 0x00, 0x00, 0x00, 0x00, 0x00,
    0x00, 0x00, 0x00, 0x00, 0x00, 0x00, 0x00, 0x00, 0x00, 0x00, 0x00, 0x00, 0x00, 0x00, 0x00, 0x00,
    0x00, 0x00, 0x00, 0x00, 0x00, 0x00, 0x00, 0x00, 0x00, 0x00, 0x00, 0x00, 0x00, 0x00, 0x00, 0x00,
    0x00, 0x00, 0x00, 0x00, 0x00, 0x00, 0x00, 0x00, 0x2c, 0x29, 0x1a, 0xff, 0x2c, 0x29, 0x1a, 0xff,
    0x2a, 0x27, 0x19, 0xff, 0x2a, 0x27, 0x19, 0xff, 0x00, 0x00, 0x00, 0x00, 0x00, 0x00, 0x00, 0x00,
    0x00, 0x00, 0x00, 0x00, 0x00, 0x00, 0x00, 0x00, 0x00, 0x00, 0x00, 0x00, 0x00, 0x00, 0x00, 0x00,
    0x00, 0x00, 0x00, 0x00, 0x00, 0x00, 0x00, 0x00, 0x00, 0x00, 0x00, 0x00, 0x00, 0x00, 0x00, 0x00,
    0x00, 0x00, 0x00, 0x00, 0x00, 0x00, 0x00, 0x00, 0x00, 0x00, 0x00, 0x00, 0x00, 0x00, 0x00, 0x00,
    0x00, 0x00, 0x00, 0x00, 0x00, 0x00, 0x00, 0x00, 0x00, 0x00, 0x00, 0x00, 0x00, 0x00, 0x00, 0x00,
    0x00, 0x00, 0x00, 0x00, 0x00, 0x00, 0x00, 0x00, 0x12, 0x27, 0x2d, 0xff, 0x12, 0x27, 0x2d, 0xff,
    0x13, 0x26, 0x2c, 0xff, 0x13, 0x26, 0x2c, 0xff, 0x19, 0x28, 0x2e, 0xff, 0x19, 0x28, 0x2e, 0xff,
    0x00, 0x00, 0x00, 0x00, 0x00, 0x00, 0x00, 0x00, 0x00, 0x00, 0x00, 0x00, 0x00, 0x00, 0x00, 0x00,
    0x00, 0x00, 0x00, 0x00, 0x00, 0x00, 0x00, 0x00, 0x00, 0x00, 0x00, 0x00, 0x00, 0x00, 0x00, 0x00,
    0x00, 0x00, 0x00, 0x00, 0x00, 0x00, 0x00, 0x00, 0x00, 0x00, 0x00, 0x00, 0x00, 0x00, 0x00, 0x00,
    0x00, 0x00, 0x00, 0x00, 0x00, 0x00, 0x00, 0x00, 0x00, 0x00, 0x00, 0x00, 0x00, 0x00, 0x00, 0x00,
    0x00, 0x00, 0x00, 0x00, 0x00, 0x00, 0x00, 0x00, 0x00, 0x00, 0x00, 0x00, 0x00, 0x00, 0x00, 0x00,
    0x00, 0x00, 0x00, 0x00, 0x00, 0x00, 0x00, 0x00, 0x00, 0x00, 0x00, 0x00, 0x00, 0x00, 0x00, 0x00,
    0x00, 0x00, 0x00, 0x00, 0x00, 0x00, 0x00, 0x00, 0x00, 0x00, 0x00, 0x00, 0x00, 0x00, 0x00, 0x00,
    0x00, 0x00, 0x00, 0x00, 0x00, 0x00, 0x00, 0x00, 0x00, 0x00, 0x00, 0x00, 0x00, 0x00, 0x00, 0x00,
    0x00, 0x00, 0x00, 0x00, 0x00, 0x00, 0x00, 0x00, 0x2c, 0x29, 0x1a, 0xff, 0x2c, 0x29, 0x1a, 0xff,
    0x2a, 0x27, 0x19, 0xff, 0x2a, 0x27, 0x19, 0xff, 0x00, 0x00, 0x00, 0x00, 0x00, 0x00, 0x00, 0x00,
    0x00, 0x00, 0x00, 0x00, 0x00, 0x00, 0x00, 0x00, 0x00, 0x00, 0x00, 0x00, 0x00, 0x00, 0x00, 0x00,
    0x00, 0x00, 0x00, 0x00, 0x00, 0x00, 0x00, 0x00, 0x00, 0x00, 0x00, 0x00, 0x00, 0x00, 0x00, 0x00,
    0x00, 0x00, 0x00, 0x00, 0x00, 0x00, 0x00, 0x00, 0x00, 0x00, 0x00, 0x00, 0x00, 0x00, 0x00, 0x00,
    0x00, 0x00, 0x00, 0x00, 0x00, 0x00, 0x00, 0x00, 0x00, 0x00, 0x00, 0x00, 0x00, 0x00, 0x00, 0x00,
    0x00, 0x00, 0x00, 0x00, 0x00, 0x00, 0x00, 0x00, 0x12, 0x27, 0x2d, 0xff, 0x12, 0x27, 0x2d, 0xff,
    0x13, 0x26, 0x2c, 0xff, 0x13, 0x26, 0x2c, 0xff, 0x19, 0x28, 0x2e, 0xff, 0x19, 0x28, 0x2e, 0xff,
    0x00, 0x00, 0x00, 0x00, 0x00, 0x00, 0x00, 0x00, 0x00, 0x00, 0x00, 0x00, 0x00, 0x00, 0x00, 0x00,
    0x00, 0x00, 0x00, 0x00, 0x00, 0x00, 0x00, 0x00, 0x00, 0x00, 0x00, 0x00, 0x00, 0x00, 0x00, 0x00,
    0x00, 0x00, 0x00, 0x00, 0x00, 0x00, 0x00, 0x00, 0x00, 0x00, 0x00, 0x00, 0x00, 0x00, 0x00, 0x00,
    0x00, 0x00, 0x00, 0x00, 0x00, 0x00, 0x00, 0x00, 0x00, 0x00, 0x00, 0x00, 0x00, 0x00, 0x00, 0x00,
    0x00, 0x00, 0x00, 0x00, 0x00, 0x00, 0x00, 0x00, 0x00, 0x00, 0x00, 0x00, 0x00, 0x00, 0x00, 0x00,
    0x00, 0x00, 0x00, 0x00, 0x00, 0x00, 0x00, 0x00, 0x00, 0x00, 0x00, 0x00, 0x00, 0x00, 0x00, 0x00,
    0x00, 0x00, 0x00, 0x00, 0x00, 0x00, 0x00, 0x00, 0x2a, 0x26, 0x18, 0xff, 0x2a, 0x26, 0x18, 0xff,
    0x28, 0x21, 0x15, 0xff, 0x28, 0x21, 0x15, 0xff, 0x00, 0x00, 0x00, 0x00, 0x00, 0x00, 0x00, 0x00,
    0x2b, 0x29, 0x16, 0xff, 0x2b, 0x29, 0x16, 0xff, 0xd2, 0xe3, 0xed, 0xff, 0xd2, 0xe3, 0xed, 0xff,
    0xba, 0xc8, 0xd1, 0xff, 0xba, 0xc8, 0xd1, 0xff, 0x25, 0x22, 0x0f, 0xff, 0x25, 0x22, 0x0f, 0xff,
    0x00, 0x00, 0x00, 0x00, 0x00, 0x00, 0x00, 0x00, 0x2b, 0x26, 0x18, 0xff, 0x2b, 0x26, 0x18, 0xff,
    0x2a, 0x27, 0x17, 0xff, 0x2a, 0x27, 0x17, 0xff, 0x00, 0x00, 0x00, 0x00, 0x00, 0x00, 0x00, 0x00,
    0x00, 0x00, 0x00, 0x00, 0x00, 0x00, 0x00, 0x00, 0x00, 0x00, 0x00, 0x00, 0x00, 0x00, 0x00, 0x00,
    0x00, 0x00, 0x00, 0x00, 0x00, 0x00, 0x00, 0x00, 0x00, 0x00, 0x00, 0x00, 0x00, 0x00, 0x00, 0x00,
    0x16, 0x28, 0x29, 0xff, 0x16, 0x28, 0x29, 0xff, 0xb3, 0xe6, 0xfb, 0xff, 0xb3, 0xe6, 0xfb, 0xff,
    0x8b, 0xda, 0xf9, 0xff, 0x8b, 0xda, 0xf9, 0xff, 0x11, 0x2a, 0x32, 0xff, 0x11, 0x2a, 0x32, 0xff,
    0x00, 0x00, 0x00, 0x00, 0x00, 0x00, 0x00, 0x00, 0x00, 0x00, 0x00, 0x00, 0x00, 0x00, 0x00, 0x00,
    0x00, 0x00, 0x00, 0x00, 0x00, 0x00, 0x00, 0x00, 0x00, 0x00, 0x00, 0x00, 0x00, 0x00, 0x00, 0x00,
    0x00, 0x00, 0x00, 0x00, 0x00, 0x00, 0x00, 0x00, 0x00, 0x00, 0x00, 0x00, 0x00, 0x00, 0x00, 0x00,
    0x00, 0x00, 0x00, 0x00, 0x00, 0x00, 0x00, 0x00, 0x00, 0x00, 0x00, 0x00, 0x00, 0x00, 0x00, 0x00,
    0x00, 0x00, 0x00, 0x00, 0x00, 0x00, 0x00, 0x00, 0x00, 0x00, 0x00, 0x00, 0x00, 0x00, 0x00, 0x00,
    0x00, 0x00, 0x00, 0x00, 0x00, 0x00, 0x00, 0x00, 0x00, 0x00, 0x00, 0x00, 0x00, 0x00, 0x00, 0x00,
    0x00, 0x00, 0x00, 0x00, 0x00, 0x00, 0x00, 0x00, 0x2a, 0x26, 0x18, 0xff, 0x2a, 0x26, 0x18, 0xff,
    0x28, 0x21, 0x15, 0xff, 0x28, 0x21, 0x15, 0xff, 0x00, 0x00, 0x00, 0x00, 0x00, 0x00, 0x00, 0x00,
    0x2b, 0x29, 0x16, 0xff, 0x2b, 0x29, 0x16, 0xff, 0xd2, 0xe3, 0xed, 0xff, 0xd2, 0xe3, 0xed, 0xff,
    0xba, 0xc8, 0xd1, 0xff, 0xba, 0xc8, 0xd1, 0xff, 0x25, 0x22, 0x0f, 0xff, 0x25, 0x22, 0x0f, 0xff,
    0x00, 0x00, 0x00, 0x00, 0x00, 0x00, 0x00, 0x00, 0x2b, 0x26, 0x18, 0xff, 0x2b, 0x26, 0x18, 0xff,
    0x2a, 0x27, 0x17, 0xff, 0x2a, 0x27, 0x17, 0xff, 0x00, 0x00, 0x00, 0x00, 0x00, 0x00, 0x00, 0x00,
    0x00, 0x00, 0x00, 0x00, 0x00, 0x00, 0x00, 0x00, 0x00, 0x00, 0x00, 0x00, 0x00, 0x00, 0x00, 0x00,
    0x00, 0x00, 0x00, 0x00, 0x00, 0x00, 0x00, 0x00, 0x00, 0x00, 0x00, 0x00, 0x00, 0x00, 0x00, 0x00,
    0x16, 0x28, 0x29, 0xff, 0x16, 0x28, 0x29, 0xff, 0xb3, 0xe6, 0xfb, 0xff, 0xb3, 0xe6, 0xfb, 0xff,
    0x8b, 0xda, 0xf9, 0xff, 0x8b, 0xda, 0xf9, 0xff, 0x11, 0x2a, 0x32, 0xff, 0x11, 0x2a, 0x32, 0xff,
    0x00, 0x00, 0x00, 0x00, 0x00, 0x00, 0x00, 0x00, 0x00, 0x00, 0x00, 0x00, 0x00, 0x00, 0x00, 0x00,
    0x00, 0x00, 0x00, 0x00, 0x00, 0x00, 0x00, 0x00, 0x00, 0x00, 0x00, 0x00, 0x00, 0x00, 0x00, 0x00,
    0x00, 0x00, 0x00, 0x00, 0x00, 0x00, 0x00, 0x00, 0x00, 0x00, 0x00, 0x00, 0x00, 0x00, 0x00, 0x00,
    0x00, 0x00, 0x00, 0x00, 0x00, 0x00, 0x00, 0x00, 0x00, 0x00, 0x00, 0x00, 0x00, 0x00, 0x00, 0x00,
    0x00, 0x00, 0x00, 0x00, 0x00, 0x00, 0x00, 0x00, 0x00, 0x00, 0x00, 0x00, 0x00, 0x00, 0x00, 0x00,
    0x00, 0x00, 0x00, 0x00, 0x00, 0x00, 0x00, 0x00, 0x00, 0x00, 0x00, 0x00, 0x00, 0x00, 0x00, 0x00,
    0x2e, 0x29, 0x1c, 0xff, 0x2e, 0x29, 0x1c, 0xff, 0xc7, 0xdb, 0xe6, 0xff, 0xc7, 0xdb, 0xe6, 0xff,
    0xb9, 0xc6, 0xcf, 0xff, 0xb9, 0xc6, 0xcf, 0xff, 0x30, 0x2d, 0x1c, 0xff, 0x30, 0x2d, 0x1c, 0xff,
    0xb3, 0xc0, 0xc8, 0xff, 0xb3, 0xc0, 0xc8, 0xff, 0x97, 0x9a, 0x9c, 0xff, 0x97, 0x9a, 0x9c, 0xff,
    0x95, 0x99, 0x9a, 0xff, 0x95, 0x99, 0x9a, 0xff, 0xac, 0xb8, 0xbe, 0xff, 0xac, 0xb8, 0xbe, 0xff,
    0x2a, 0x27, 0x18, 0xff, 0x2a, 0x27, 0x18, 0xff, 0xbd, 0xce, 0xd7, 0xff, 0xbd, 0xce, 0xd7, 0xff,
    0xa6, 0xaf, 0xb3, 0xff, 0xa6, 0xaf, 0xb3, 0xff, 0x26, 0x24, 0x15, 0xff, 0x26, 0x24, 0x15, 0xff,
    0x00, 0x00, 0x00, 0x00, 0x00, 0x00, 0x00, 0x00, 0x00, 0x00, 0x00, 0x00, 0x00, 0x00, 0x00, 0x00,
    0x00, 0x00, 0x00, 0x00, 0x00, 0x00, 0x00, 0x00, 0x15, 0x28, 0x2e, 0xff, 0x15, 0x28, 0x2e, 0xff,
    0xa4, 0xe1, 0xfa, 0xff, 0xa4, 0xe1, 0xfa, 0xff, 0x1d, 0xb4, 0xef, 0xff, 0x1d, 0xb4, 0xef, 0xff,
    0x1b, 0xb1, 0xee, 0xff, 0x1b, 0xb1, 0xee, 0xff, 0x0f, 0x27, 0x2f, 0xff, 0x0f, 0x27, 0x2f, 0xff,
    0x00, 0x00, 0x00, 0x00, 0x00, 0x00, 0x00, 0x00, 0x00, 0x00, 0x00, 0x00, 0x00, 0x00, 0x00, 0x00,
    0x00, 0x00, 0x00, 0x00, 0x00, 0x00, 0x00, 0x00, 0x00, 0x00, 0x00, 0x00, 0x00, 0x00, 0x00, 0x00,
    0x00, 0x00, 0x00, 0x00, 0x00, 0x00, 0x00, 0x00, 0x00, 0x00, 0x00, 0x00, 0x00, 0x00, 0x00, 0x00,
    0x00, 0x00, 0x00, 0x00, 0x00, 0x00, 0x00, 0x00, 0x00, 0x00, 0x00, 0x00, 0x00, 0x00, 0x00, 0x00,
    0x00, 0x00, 0x00, 0x00, 0x00, 0x00, 0x00, 0x00, 0x00, 0x00, 0x00, 0x00, 0x00, 0x00, 0x00, 0x00,
    0x00, 0x00, 0x00, 0x00, 0x00, 0x00, 0x00, 0x00, 0x00, 0x00, 0x00, 0x00, 0x00, 0x00, 0x00, 0x00,
    0x2e, 0x29, 0x1c, 0xff, 0x2e, 0x29, 0x1c, 0xff, 0xc7, 0xdb, 0xe6, 0xff, 0xc7, 0xdb, 0xe6, 0xff,
    0xb9, 0xc6, 0xcf, 0xff, 0xb9, 0xc6, 0xcf, 0xff, 0x30, 0x2d, 0x1c, 0xff, 0x30, 0x2d, 0x1c, 0xff,
    0xb3, 0xc0, 0xc8, 0xff, 0xb3, 0xc0, 0xc8, 0xff, 0x97, 0x9a, 0x9c, 0xff, 0x97, 0x9a, 0x9c, 0xff,
    0x95, 0x99, 0x9a, 0xff, 0x95, 0x99, 0x9a, 0xff, 0xac, 0xb8, 0xbe, 0xff, 0xac, 0xb8, 0xbe, 0xff,
    0x2a, 0x27, 0x18, 0xff, 0x2a, 0x27, 0x18, 0xff, 0xbd, 0xce, 0xd7, 0xff, 0xbd, 0xce, 0xd7, 0xff,
    0xa6, 0xaf, 0xb3, 0xff, 0xa6, 0xaf, 0xb3, 0xff, 0x26, 0x24, 0x15, 0xff, 0x26, 0x24, 0x15, 0xff,
    0x00, 0x00, 0x00, 0x00, 0x00, 0x00, 0x00, 0x00, 0x00, 0x00, 0x00, 0x00, 0x00, 0x00, 0x00, 0x00,
    0x00, 0x00, 0x00, 0x00, 0x00, 0x00, 0x00, 0x00, 0x15, 0x28, 0x2e, 0xff, 0x15, 0x28, 0x2e, 0xff,
    0xa4, 0xe1, 0xfa, 0xff, 0xa4, 0xe1, 0xfa, 0xff, 0x1d, 0xb4, 0xef, 0xff, 0x1d, 0xb4, 0xef, 0xff,
    0x1b, 0xb1, 0xee, 0xff, 0x1b, 0xb1, 0xee, 0xff, 0x0f, 0x27, 0x2f, 0xff, 0x0f, 0x27, 0x2f, 0xff,
    0x00, 0x00, 0x00, 0x00, 0x00, 0x00, 0x00, 0x00, 0x00, 0x00, 0x00, 0x00, 0x00, 0x00, 0x00, 0x00,
    0x00, 0x00, 0x00, 0x00, 0x00, 0x00, 0x00, 0x00, 0x00, 0x00, 0x00, 0x00, 0x00, 0x00, 0x00, 0x00,
    0x00, 0x00, 0x00, 0x00, 0x00, 0x00, 0x00, 0x00, 0x00, 0x00, 0x00, 0x00, 0x00, 0x00, 0x00, 0x00,
    0x00, 0x00, 0x00, 0x00, 0x00, 0x00, 0x00, 0x00, 0x00, 0x00, 0x00, 0x00, 0x00, 0x00, 0x00, 0x00,
    0x00, 0x00, 0x00, 0x00, 0x00, 0x00, 0x00, 0x00, 0x00, 0x00, 0x00, 0x00, 0x00, 0x00, 0x00, 0x00,
    0x00, 0x00, 0x00, 0x00, 0x00, 0x00, 0x00, 0x00, 0x00, 0x00, 0x00, 0x00, 0x00, 0x00, 0x00, 0x00,
    0x2f, 0x27, 0x1b, 0xff, 0x2f, 0x27, 0x1b, 0xff, 0xb9, 0xc8, 0xcf, 0xff, 0xb9, 0xc8, 0xcf, 0xff,
    0x95, 0x98, 0x99, 0xff, 0x95, 0x98, 0x99, 0xff, 0x95, 0x98, 0x99, 0xff, 0x95, 0x98, 0x99, 0xff,
    0x96, 0x99, 0x9a, 0xff, 0x96, 0x99, 0x9a, 0xff, 0x98, 0x9b, 0x9c, 0xff, 0x98, 0x9b, 0x9c, 0xff,
    0x95, 0x97, 0x98, 0xff, 0x95, 0x97, 0x98, 0xff, 0x95, 0x98, 0x99, 0xff, 0x95, 0x98, 0x99, 0xff,
    0x95, 0x99, 0x9a, 0xff, 0x95, 0x99, 0x9a, 0xff, 0x96, 0x99, 0x9a, 0xff, 0x96, 0x99, 0x9a, 0xff,
    0x94, 0x99, 0x99, 0xff, 0x94, 0x99, 0x99, 0xff, 0x27, 0x22, 0x14, 0xff, 0x27, 0x22, 0x14, 0xff,
    0x00, 0x00, 0x00, 0x00, 0x00, 0x00, 0x00, 0x00, 0x00, 0x00, 0x00, 0x00, 0x00, 0x00, 0x00, 0x00,
    0x13, 0x27, 0x2b, 0xff, 0x13, 0x27, 0x2b, 0xff, 0xac, 0xe5, 0xfa, 0xff, 0xac, 0xe5, 0xfa, 0xff,
    0x1d, 0xb4, 0xf0, 0xff, 0x1d, 0xb4, 0xf0, 0xff, 0x1b, 0xb1, 0xee, 0xff, 0x1b, 0xb1, 0xee, 0xff,
    0x0e, 0x28, 0x31, 0xff, 0x0e, 0x28, 0x31, 0xff, 0x13, 0x2c, 0x32, 0xff, 0x13, 0x2c, 0x32, 0xff,
    0x11, 0x2a, 0x30, 0xff, 0x11, 0x2a, 0x30, 0xff, 0x73, 0xd2, 0xf7, 0xff, 0x73, 0xd2, 0xf7, 0xff,
    0x0d, 0x26, 0x2d, 0xff, 0x0d, 0x26, 0x2d, 0xff, 0x00, 0x00, 0x00, 0x00, 0x00, 0x00, 0x00, 0x00,
    0x00, 0x00, 0x00, 0x00, 0x00, 0x00, 0x00, 0x00, 0x00, 0x00, 0x00, 0x00, 0x00, 0x00, 0x00, 0x00,
    0x00, 0x00, 0x00, 0x00, 0x00, 0x00, 0x00, 0x00, 0x00, 0x00, 0x00, 0x00, 0x00, 0x00, 0x00, 0x00,
    0x00, 0x00, 0x00, 0x00, 0x00, 0x00, 0x00, 0x00, 0x00, 0x00, 0x00, 0x00, 0x00, 0x00, 0x00, 0x00,
    0x00, 0x00, 0x00, 0x00, 0x00, 0x00, 0x00, 0x00, 0x00, 0x00, 0x00, 0x00, 0x00, 0x00, 0x00, 0x00,
    0x2f, 0x27, 0x1b, 0xff, 0x2f, 0x27, 0x1b, 0xff, 0xb9, 0xc8, 0xcf, 0xff, 0xb9, 0xc8, 0xcf, 0xff,
    0x95, 0x98, 0x99, 0xff, 0x95, 0x98, 0x99, 0xff, 0x95, 0x98, 0x99, 0xff, 0x95, 0x98, 0x99, 0xff,
    0x96, 0x99, 0x9a, 0xff, 0x96, 0x99, 0x9a, 0xff, 0x98, 0x9b, 0x9c, 0xff, 0x98, 0x9b, 0x9c, 0xff,
    0x95, 0x97, 0x98, 0xff, 0x95, 0x97, 0x98, 0xff, 0x95, 0x98, 0x99, 0xff, 0x95, 0x98, 0x99, 0xff,
    0x95, 0x99, 0x9a, 0xff, 0x95, 0x99, 0x9a, 0xff, 0x96, 0x99, 0x9a, 0xff, 0x96, 0x99, 0x9a, 0xff,
    0x94, 0x99, 0x99, 0xff, 0x94, 0x99, 0x99, 0xff, 0x27, 0x22, 0x14, 0xff, 0x27, 0x22, 0x14, 0xff,
    0x00, 0x00, 0x00, 0x00, 0x00, 0x00, 0x00, 0x00, 0x00, 0x00, 0x00, 0x00, 0x00, 0x00, 0x00, 0x00,
    0x13, 0x27, 0x2b, 0xff, 0x13, 0x27, 0x2b, 0xff, 0xac, 0xe5, 0xfa, 0xff, 0xac, 0xe5, 0xfa, 0xff,
    0x1d, 0xb4, 0xf0, 0xff, 0x1d, 0xb4, 0xf0, 0xff, 0x1b, 0xb1, 0xee, 0xff, 0x1b, 0xb1, 0xee, 0xff,
    0x0e, 0x28, 0x31, 0xff, 0x0e, 0x28, 0x31, 0xff, 0x13, 0x2c, 0x32, 0xff, 0x13, 0x2c, 0x32, 0xff,
    0x11, 0x2a, 0x30, 0xff, 0x11, 0x2a, 0x30, 0xff, 0x73, 0xd2, 0xf7, 0xff, 0x73, 0xd2, 0xf7, 0xff,
    0x0d, 0x26, 0x2d, 0xff, 0x0d, 0x26, 0x2d, 0xff, 0x00, 0x00, 0x00, 0x00, 0x00, 0x00, 0x00, 0x00,
    0x00, 0x00, 0x00, 0x00, 0x00, 0x00, 0x00, 0x00, 0x00, 0x00, 0x00, 0x00, 0x00, 0x00, 0x00, 0x00,
    0x00, 0x00, 0x00, 0x00, 0x00, 0x00, 0x00, 0x00, 0x00, 0x00, 0x00, 0x00, 0x00, 0x00, 0x00, 0x00,
    0x00, 0x00, 0x00, 0x00, 0x00, 0x00, 0x00, 0x00, 0x00, 0x00, 0x00, 0x00, 0x00, 0x00, 0x00, 0x00,
    0x00, 0x00, 0x00, 0x00, 0x00, 0x00, 0x00, 0x00, 0x00, 0x00, 0x00, 0x00, 0x00, 0x00, 0x00, 0x00,
    0x00, 0x00, 0x00, 0x00, 0x00, 0x00, 0x00, 0x00, 0x2c, 0x29, 0x18, 0xff, 0x2c, 0x29, 0x18, 0xff,
    0x96, 0x98, 0x9a, 0xff, 0x96, 0x98, 0x9a, 0xff, 0x95, 0x98, 0x99, 0xff, 0x95, 0x98, 0x99, 0xff,
    0x90, 0x91, 0x93, 0xff, 0x90, 0x91, 0x93, 0xff, 0x3a, 0x34, 0x26, 0xff, 0x3a, 0x34, 0x26, 0xff,
    0x3b, 0x35, 0x26, 0xff, 0x3b, 0x35, 0x26, 0xff, 0x92, 0x94, 0x95, 0xff, 0x92, 0x94, 0x95, 0xff,
    0x95, 0x98, 0x9a, 0xff, 0x95, 0x98, 0x9a, 0xff, 0x96, 0x99, 0x9a, 0xff, 0x96, 0x99, 0x9a, 0xff,
    0x53, 0x51, 0x43, 0xff, 0x53, 0x51, 0x43, 0xff, 0x00, 0x00, 0x00, 0x00, 0x00, 0x00, 0x00, 0x00,
    0x00, 0x00, 0x00, 0x00, 0x00, 0x00, 0x00, 0x00, 0x00, 0x00, 0x00, 0x00, 0x00, 0x00, 0x00, 0x00,
    0x12, 0x26, 0x2a, 0xff, 0x12, 0x26, 0x2a, 0xff, 0x7b, 0xd4, 0xf6, 0xff, 0x7b, 0xd4, 0xf6, 0xff,
    0x1d, 0xb3, 0xef, 0xff, 0x1d, 0xb3, 0xef, 0xff, 0x04, 0x7a, 0xbc, 0xff, 0x04, 0x7a, 0xbc, 0xff,
    0x1a, 0x21, 0x15, 0xff, 0x1a, 0x21, 0x15, 0xff, 0x00, 0x00, 0x00, 0x00, 0x00, 0x00, 0x00, 0x00,
    0x11, 0x2a, 0x30, 0xff, 0x11, 0x2a, 0x30, 0xff, 0x21, 0xb5, 0xf0, 0xff, 0x21, 0xb5, 0xf0, 0xff,
    0x0e, 0x28, 0x2d, 0xff, 0x0e, 0x28, 0x2d, 0xff, 0x00, 0x00, 0x00, 0x00, 0x00, 0x00, 0x00, 0x00,
    0x00, 0x00, 0x00, 0x00, 0x00, 0x00, 0x00, 0x00, 0x00, 0x00, 0x00, 0x00, 0x00, 0x00, 0x00, 0x00,
    0x00, 0x00, 0x00, 0x00, 0x00, 0x00, 0x00, 0x00, 0x00, 0x00, 0x00, 0x00, 0x00, 0x00, 0x00, 0x00,
    0x00, 0x00, 0x00, 0x00, 0x00, 0x00, 0x00, 0x00, 0x00, 0x00, 0x00, 0x00, 0x00, 0x00, 0x00, 0x00,
    0x00, 0x00, 0x00, 0x00, 0x00, 0x00, 0x00, 0x00, 0x00, 0x00, 0x00, 0x00, 0x00, 0x00, 0x00, 0x00,
    0x00, 0x00, 0x00, 0x00, 0x00, 0x00, 0x00, 0x00, 0x2c, 0x29, 0x18, 0xff, 0x2c, 0x29, 0x18, 0xff,
    0x96, 0x98, 0x9a, 0xff, 0x96, 0x98, 0x9a, 0xff, 0x95, 0x98, 0x99, 0xff, 0x95, 0x98, 0x99, 0xff,
    0x90, 0x91, 0x93, 0xff, 0x90, 0x91, 0x93, 0xff, 0x3a, 0x34, 0x26, 0xff, 0x3a, 0x34, 0x26, 0xff,
    0x3b, 0x35, 0x26, 0xff, 0x3b, 0x35, 0x26, 0xff, 0x92, 0x94, 0x95, 0xff, 0x92, 0x94, 0x95, 0xff,
    0x95, 0x98, 0x9a, 0xff, 0x95, 0x98, 0x9a, 0xff, 0x96, 0x99, 0x9a, 0xff, 0x96, 0x99, 0x9a, 0xff,
    0x53, 0x51, 0x43, 0xff, 0x53, 0x51, 0x43, 0xff, 0x00, 0x00, 0x00, 0x00, 0x00, 0x00, 0x00, 0x00,
    0x00, 0x00, 0x00, 0x00, 0x00, 0x00, 0x00, 0x00, 0x00, 0x00, 0x00, 0x00, 0x00, 0x00, 0x00, 0x00,
    0x12, 0x26, 0x2a, 0xff, 0x12, 0x26, 0x2a, 0xff, 0x7b, 0xd4, 0xf6, 0xff, 0x7b, 0xd4, 0xf6, 0xff,
    0x1d, 0xb3, 0xef, 0xff, 0x1d, 0xb3, 0xef, 0xff, 0x04, 0x7a, 0xbc, 0xff, 0x04, 0x7a, 0xbc, 0xff,
    0x1a, 0x21, 0x15, 0xff, 0x1a, 0x21, 0x15, 0xff, 0x00, 0x00, 0x00, 0x00, 0x00, 0x00, 0x00, 0x00,
    0x11, 0x2a, 0x30, 0xff, 0x11, 0x2a, 0x30, 0xff, 0x21, 0xb5, 0xf0, 0xff, 0x21, 0xb5, 0xf0, 0xff,
    0x0e, 0x28, 0x2d, 0xff, 0x0e, 0x28, 0x2d, 0xff, 0x00, 0x00, 0x00, 0x00, 0x00, 0x00, 0x00, 0x00,
    0x00, 0x00, 0x00, 0x00, 0x00, 0x00, 0x00, 0x00, 0x00, 0x00, 0x00, 0x00, 0x00, 0x00, 0x00, 0x00,
    0x00, 0x00, 0x00, 0x00, 0x00, 0x00, 0x00, 0x00, 0x00, 0x00, 0x00, 0x00, 0x00, 0x00, 0x00, 0x00,
    0x00, 0x00, 0x00, 0x00, 0x00, 0x00, 0x00, 0x00, 0x00, 0x00, 0x00, 0x00, 0x00, 0x00, 0x00, 0x00,
    0x00, 0x00, 0x00, 0x00, 0x00, 0x00, 0x00, 0x00, 0x2e, 0x2a, 0x18, 0xff, 0x2e, 0x2a, 0x18, 0xff,
    0x2b, 0x28, 0x1a, 0xff, 0x2b, 0x28, 0x1a, 0xff, 0xb4, 0xc0, 0xc7, 0xff, 0xb4, 0xc0, 0xc7, 0xff,
    0x94, 0x97, 0x98, 0xff, 0x94, 0x97, 0x98, 0xff, 0x90, 0x94, 0x96, 0xff, 0x90, 0x94, 0x96, 0xff,
    0x22, 0x21, 0x06, 0xff, 0x22, 0x21, 0x06, 0xff, 0x00, 0x00, 0x00, 0x00, 0x00, 0x00, 0x00, 0x00,
    0x00, 0x00, 0x00, 0x00, 0x00, 0x00, 0x00, 0x00, 0x21, 0x20, 0x06, 0xff, 0x21, 0x20, 0x06, 0xff,
    0x93, 0x96, 0x98, 0xff, 0x93, 0x96, 0x98, 0xff, 0x94, 0x97, 0x99, 0xff, 0x94, 0x97, 0x99, 0xff,
    0x95, 0x97, 0x99, 0xff, 0x95, 0x97, 0x99, 0xff, 0x26, 0x23, 0x14, 0xff, 0x26, 0x23, 0x14, 0xff,
    0x00, 0x00, 0x00, 0xff, 0x00, 0x00, 0x00, 0xff, 0x00, 0x00, 0x00, 0x00, 0x00, 0x00, 0x00, 0x00,
    0x13, 0x29, 0x2d, 0xff, 0x13, 0x29, 0x2d, 0xff, 0x6d, 0xd4, 0xf7, 0xff, 0x6d, 0xd4, 0xf7, 0xff,
    0x1c, 0xb2, 0xee, 0xff, 0x1c, 0xb2, 0xee, 0xff, 0x1b, 0xb3, 0xef, 0xff, 0x1b, 0xb3, 0xef, 0xff,
    0x0f, 0x27, 0x2d, 0xff, 0x0f, 0x27, 0x2d, 0xff, 0x0f, 0x28, 0x2e, 0xff, 0x0f, 0x28, 0x2e, 0xff,
    0x1b, 0xb1, 0xed, 0xff, 0x1b, 0xb1, 0xed, 0xff, 0x1b, 0xb1, 0xed, 0xff, 0x1b, 0xb1, 0xed, 0xff,
    0x0e, 0x27, 0x2c, 0xff, 0x0e, 0x27, 0x2c, 0xff, 0x00, 0x00, 0x00, 0x00, 0x00, 0x00, 0x00, 0x00,
    0x00, 0x00, 0x00, 0x00, 0x00, 0x00, 0x00, 0x00, 0x00, 0x00, 0x00, 0x00, 0x00, 0x00, 0x00, 0x00,
    0x00, 0x00, 0x00, 0x00, 0x00, 0x00, 0x00, 0x00, 0x00, 0x00, 0x00, 0x00, 0x00, 0x00, 0x00, 0x00,
    0x00, 0x00, 0x00, 0x00, 0x00, 0x00, 0x00, 0x00, 0x00, 0x00, 0x00, 0x00, 0x00, 0x00, 0x00, 0x00,
    0x00, 0x00, 0x00, 0x00, 0x00, 0x00, 0x00, 0x00, 0x2e, 0x2a, 0x18, 0xff, 0x2e, 0x2a, 0x18, 0xff,
    0x2b, 0x28, 0x1a, 0xff, 0x2b, 0x28, 0x1a, 0xff, 0xb4, 0xc0, 0xc7, 0xff, 0xb4, 0xc0, 0xc7, 0xff,
    0x94, 0x97, 0x98, 0xff, 0x94, 0x97, 0x98, 0xff, 0x90, 0x94, 0x96, 0xff, 0x90, 0x94, 0x96, 0xff,
    0x22, 0x21, 0x06, 0xff, 0x22, 0x21, 0x06, 0xff, 0x00, 0x00, 0x00, 0x00, 0x00, 0x00, 0x00, 0x00,
    0x00, 0x00, 0x00, 0x00, 0x00, 0x00, 0x00, 0x00, 0x21, 0x20, 0x06, 0xff, 0x21, 0x20, 0x06, 0xff,
    0x93, 0x96, 0x98, 0xff, 0x93, 0x96, 0x98, 0xff, 0x94, 0x97, 0x99, 0xff, 0x94, 0x97, 0x99, 0xff,
    0x95, 0x97, 0x99, 0xff, 0x95, 0x97, 0x99, 0xff, 0x26, 0x23, 0x14, 0xff, 0x26, 0x23, 0x14, 0xff,
    0x00, 0x00, 0x00, 0xff, 0x00, 0x00, 0x00, 0xff, 0x00, 0x00, 0x00, 0x00, 0x00, 0x00, 0x00, 0x00,
    0x13, 0x29, 0x2d, 0xff, 0x13, 0x29, 0x2d, 0xff, 0x6d, 0xd4, 0xf7, 0xff, 0x6d, 0xd4, 0xf7, 0xff,
    0x1c, 0xb2, 0xee, 0xff, 0x1c, 0xb2, 0xee, 0xff, 0x1b, 0xb3, 0xef, 0xff, 0x1b, 0xb3, 0xef, 0xff,
    0x0f, 0x27, 0x2d, 0xff, 0x0f, 0x27, 0x2d, 0xff, 0x0f, 0x28, 0x2e, 0xff, 0x0f, 0x28, 0x2e, 0xff,
    0x1b, 0xb1, 0xed, 0xff, 0x1b, 0xb1, 0xed, 0xff, 0x1b, 0xb1, 0xed, 0xff, 0x1b, 0xb1, 0xed, 0xff,
    0x0e, 0x27, 0x2c, 0xff, 0x0e, 0x27, 0x2c, 0xff, 0x00, 0x00, 0x00, 0x00, 0x00, 0x00, 0x00, 0x00,
    0x00, 0x00, 0x00, 0x00, 0x00, 0x00, 0x00, 0x00, 0x00, 0x00, 0x00, 0x00, 0x00, 0x00, 0x00, 0x00,
    0x00, 0x00, 0x00, 0x00, 0x00, 0x00, 0x00, 0x00, 0x00, 0x00, 0x00, 0x00, 0x00, 0x00, 0x00, 0x00,
    0x00, 0x00, 0x00, 0x00, 0x00, 0x00, 0x00, 0x00, 0x00, 0x00, 0x00, 0x00, 0x00, 0x00, 0x00, 0x00,
    0x00, 0x00, 0x00, 0x00, 0x00, 0x00, 0x00, 0x00, 0xb9, 0xc7, 0xcf, 0xff, 0xb9, 0xc7, 0xcf, 0xff,
    0xb9, 0xc7, 0xcf, 0xff, 0xb9, 0xc7, 0xcf, 0xff, 0x96, 0x99, 0x99, 0xff, 0x96, 0x99, 0x99, 0xff,
    0x94, 0x96, 0x98, 0xff, 0x94, 0x96, 0x98, 0xff, 0x28, 0x21, 0x0e, 0xff, 0x28, 0x21, 0x0e, 0xff,
    0x00, 0x00, 0x00, 0x00, 0x00, 0x00, 0x00, 0x00, 0x00, 0x00, 0x00, 0x00, 0x00, 0x00, 0x00, 0x00,
    0x00, 0x00, 0x00, 0x00, 0x00, 0x00, 0x00, 0x00, 0x00, 0x00, 0x00, 0x00, 0x00, 0x00, 0x00, 0x00,
    0x20, 0x1d, 0x09, 0xff, 0x20, 0x1d, 0x09, 0xff, 0x93, 0x95, 0x96, 0xff, 0x93, 0x95, 0x96, 0xff,
    0x95, 0x98, 0x9a, 0xff, 0x95, 0x98, 0x9a, 0xff, 0x94, 0x97, 0x99, 0xff, 0x94, 0x97, 0x99, 0xff,
    0x94, 0x96, 0x99, 0xff, 0x94, 0x96, 0x99, 0xff, 0x00, 0x00, 0x00, 0x00, 0x00, 0x00, 0x00, 0x00,
    0x1c, 0x2c, 0x3c, 0xff, 0x1c, 0x2c, 0x3c, 0xff, 0x04, 0x7a, 0xbc, 0xff, 0x04, 0x7a, 0xbc, 0xff,
    0x1a, 0xae, 0xec, 0xff, 0x1a, 0xae, 0xec, 0xff, 0x1c, 0xb2, 0xee, 0xff, 0x1c, 0xb2, 0xee, 0xff,
    0x1c, 0xb0, 0xed, 0xff, 0x1c, 0xb0, 0xed, 0xff, 0x1b, 0xb0, 0xed, 0xff, 0x1b, 0xb0, 0xed, 0xff,
    0x1b, 0xb0, 0xed, 0xff, 0x1b, 0xb0, 0xed, 0xff, 0x1a, 0xaf, 0xec, 0xff, 0x1a, 0xaf, 0xec, 0xff,
    0x0d, 0x23, 0x28, 0xff, 0x0d, 0x23, 0x28, 0xff, 0x00, 0x00, 0x00, 0x00, 0x00, 0x00, 0x00, 0x00,
    0x00, 0x00, 0x00, 0x00, 0x00, 0x00, 0x00, 0x00, 0x00, 0x00, 0x00, 0x00, 0x00, 0x00, 0x00, 0x00,
    0x00, 0x00, 0x00, 0x00, 0x00, 0x00, 0x00, 0x00, 0x00, 0x00, 0x00, 0x00, 0x00, 0x00, 0x00, 0x00,
    0x00, 0x00, 0x00, 0x00, 0x00, 0x00, 0x00, 0x00, 0x00, 0x00, 0x00, 0x00, 0x00, 0x00, 0x00, 0x00,
    0x00, 0x00, 0x00, 0x00, 0x00, 0x00, 0x00, 0x00, 0xb9, 0xc7, 0xcf, 0xff, 0xb9, 0xc7, 0xcf, 0xff,
    0xb9, 0xc7, 0xcf, 0xff, 0xb9, 0xc7, 0xcf, 0xff, 0x96, 0x99, 0x99, 0xff, 0x96, 0x99, 0x99, 0xff,
    0x94, 0x96, 0x98, 0xff, 0x94, 0x96, 0x98, 0xff, 0x28, 0x21, 0x0e, 0xff, 0x28, 0x21, 0x0e, 0xff,
    0x00, 0x00, 0x00, 0x00, 0x00, 0x00, 0x00, 0x00, 0x00, 0x00, 0x00, 0x00, 0x00, 0x00, 0x00, 0x00,
    0x00, 0x00, 0x00, 0x00, 0x00, 0x00, 0x00, 0x00, 0x00, 0x00, 0x00, 0x00, 0x00, 0x00, 0x00, 0x00,
    0x20, 0x1d, 0x09, 0xff, 0x20, 0x1d, 0x09, 0xff, 0x93, 0x95, 0x96, 0xff, 0x93, 0x95, 0x96, 0xff,
    0x95, 0x98, 0x9a, 0xff, 0x95, 0x98, 0x9a, 0xff, 0x94, 0x97, 0x99, 0xff, 0x94, 0x97, 0x99, 0xff,
    0x94, 0x96, 0x99, 0xff, 0x94, 0x96, 0x99, 0xff, 0x00, 0x00, 0x00, 0x00, 0x00, 0x00, 0x00, 0x00,
    0x1c, 0x2c, 0x3c, 0xff, 0x1c, 0x2c, 0x3c, 0xff, 0x04, 0x7a, 0xbc, 0xff, 0x04, 0x7a, 0xbc, 0xff,
    0x1a, 0xae, 0xec, 0xff, 0x1a, 0xae, 0xec, 0xff, 0x1c, 0xb2, 0xee, 0xff, 0x1c, 0xb2, 0xee, 0xff,
    0x1c, 0xb0, 0xed, 0xff, 0x1c, 0xb0, 0xed, 0xff, 0x1b, 0xb0, 0xed, 0xff, 0x1b, 0xb0, 0xed, 0xff,
    0x1b, 0xb0, 0xed, 0xff, 0x1b, 0xb0, 0xed, 0xff, 0x1a, 0xaf, 0xec, 0xff, 0x1a, 0xaf, 0xec, 0xff,
    0x0d, 0x23, 0x28, 0xff, 0x0d, 0x23, 0x28, 0xff, 0x00, 0x00, 0x00, 0x00, 0x00, 0x00, 0x00, 0x00,
    0x00, 0x00, 0x00, 0x00, 0x00, 0x00, 0x00, 0x00, 0x00, 0x00, 0x00, 0x00, 0x00, 0x00, 0x00, 0x00,
    0x00, 0x00, 0x00, 0x00, 0x00, 0x00, 0x00, 0x00, 0x00, 0x00, 0x00, 0x00, 0x00, 0x00, 0x00, 0x00,
    0x00, 0x00, 0x00, 0x00, 0x00, 0x00, 0x00, 0x00, 0x00, 0x00, 0x00, 0x00, 0x00, 0x00, 0x00, 0x00,
    0x00, 0x00, 0x00, 0x00, 0x00, 0x00, 0x00, 0x00, 0x2b, 0x28, 0x17, 0xff, 0x2b, 0x28, 0x17, 0xff,
    0x2c, 0x29, 0x18, 0xff, 0x2c, 0x29, 0x18, 0xff, 0x93, 0x96, 0x97, 0xff, 0x93, 0x96, 0x97, 0xff,
    0x95, 0x97, 0x99, 0xff, 0x95, 0x97, 0x99, 0xff, 0x27, 0x21, 0x0f, 0xff, 0x27, 0x21, 0x0f, 0xff,
    0x00, 0x00, 0x00, 0x00, 0x00, 0x00, 0x00, 0x00, 0x00, 0x00, 0x00, 0x00, 0x00, 0x00, 0x00, 0x00,
    0x00, 0x00, 0x00, 0x00, 0x00, 0x00, 0x00, 0x00, 0x00, 0x00, 0x00, 0x00, 0x00, 0x00, 0x00, 0x00,
    0x21, 0x1e, 0x0c, 0xff, 0x21, 0x1e, 0x0c, 0xff, 0x94, 0x97, 0x98, 0xff, 0x94, 0x97, 0x98, 0xff,
    0x94, 0x97, 0x98, 0xff, 0x94, 0x97, 0x98, 0xff, 0x28, 0x25, 0x14, 0xff, 0x28, 0x25, 0x14, 0xff,
    0x25, 0x23, 0x12, 0xff, 0x25, 0x23, 0x12, 0xff, 0x13, 0x29, 0x2e, 0xff, 0x13, 0x29, 0x2e, 0xff,
    0x6f, 0xd1, 0xf7, 0xff, 0x6f, 0xd1, 0xf7, 0xff, 0x0c, 0x91, 0xd6, 0xff, 0x0c, 0x91, 0xd6, 0xff,
    0x02, 0x6f, 0xb0, 0xff, 0x02, 0x6f, 0xb0, 0xff, 0x03, 0x54, 0x88, 0xff, 0x03, 0x54, 0x88, 0xff,
    0x03, 0x72, 0xb4, 0xff, 0x03, 0x72, 0xb4, 0xff, 0x03, 0x72, 0xb4, 0xff, 0x03, 0x72, 0xb4, 0xff,
    0x0d, 0x2a, 0x32, 0xff, 0x0d, 0x2a, 0x32, 0xff, 0x00, 0x00, 0x00, 0x00, 0x00, 0x00, 0x00, 0x00,
    0x00, 0x00, 0x00, 0x00, 0x00, 0x00, 0x00, 0x00, 0x00, 0x00, 0x00, 0x00, 0x00, 0x00, 0x00, 0x00,
    0x00, 0x00, 0x00, 0x00, 0x00, 0x00, 0x00, 0x00, 0x00, 0x00, 0x00, 0x00, 0x00, 0x00, 0x00, 0x00,
    0x00, 0x00, 0x00, 0x00, 0x00, 0x00, 0x00, 0x00, 0x00, 0x00, 0x00, 0x00, 0x00, 0x00, 0x00, 0x00,
    0x00, 0x00, 0x00, 0x00, 0x00, 0x00, 0x00, 0x00, 0x00, 0x00, 0x00, 0x00, 0x00, 0x00, 0x00, 0x00,
    0x00, 0x00, 0x00, 0x00, 0x00, 0x00, 0x00, 0x00, 0x2b, 0x28, 0x17, 0xff, 0x2b, 0x28, 0x17, 0xff,
    0x2c, 0x29, 0x18, 0xff, 0x2c, 0x29, 0x18, 0xff, 0x93, 0x96, 0x97, 0xff, 0x93, 0x96, 0x97, 0xff,
    0x95, 0x97, 0x99, 0xff, 0x95, 0x97, 0x99, 0xff, 0x27, 0x21, 0x0f, 0xff, 0x27, 0x21, 0x0f, 0xff,
    0x00, 0x00, 0x00, 0x00, 0x00, 0x00, 0x00, 0x00, 0x00, 0x00, 0x00, 0x00, 0x00, 0x00, 0x00, 0x00,
    0x00, 0x00, 0x00, 0x00, 0x00, 0x00, 0x00, 0x00, 0x00, 0x00, 0x00, 0x00, 0x00, 0x00, 0x00, 0x00,
    0x21, 0x1e, 0x0c, 0xff, 0x21, 0x1e, 0x0c, 0xff, 0x94, 0x97, 0x98, 0xff, 0x94, 0x97, 0x98, 0xff,
    0x94, 0x97, 0x98, 0xff, 0x94, 0x97, 0x98, 0xff, 0x28, 0x25, 0x14, 0xff, 0x28, 0x25, 0x14, 0xff,
    0x25, 0x23, 0x12, 0xff, 0x25, 0x23, 0x12, 0xff, 0x13, 0x29, 0x2e, 0xff, 0x13, 0x29, 0x2e, 0xff,
    0x6f, 0xd1, 0xf7, 0xff, 0x6f, 0xd1, 0xf7, 0xff, 0x0c, 0x91, 0xd6, 0xff, 0x0c, 0x91, 0xd6, 0xff,
    0x02, 0x6f, 0xb0, 0xff, 0x02, 0x6f, 0xb0, 0xff, 0x03, 0x54, 0x88, 0xff, 0x03, 0x54, 0x88, 0xff,
    0x03, 0x72, 0xb4, 0xff, 0x03, 0x72, 0xb4, 0xff, 0x03, 0x72, 0xb4, 0xff, 0x03, 0x72, 0xb4, 0xff,
    0x0d, 0x2a, 0x32, 0xff, 0x0d, 0x2a, 0x32, 0xff, 0x00, 0x00, 0x00, 0x00, 0x00, 0x00, 0x00, 0x00,
    0x00, 0x00, 0x00, 0x00, 0x00, 0x00, 0x00, 0x00, 0x00, 0x00, 0x00, 0x00, 0x00, 0x00, 0x00, 0x00,
    0x00, 0x00, 0x00, 0x00, 0x00, 0x00, 0x00, 0x00, 0x00, 0x00, 0x00, 0x00, 0x00, 0x00, 0x00, 0x00,
    0x00, 0x00, 0x00, 0x00, 0x00, 0x00, 0x00, 0x00, 0x00, 0x00, 0x00, 0x00, 0x00, 0x00, 0x00, 0x00,
    0x00, 0x00, 0x00, 0x00, 0x00, 0x00, 0x00, 0x00, 0x00, 0x00, 0x00, 0x00, 0x00, 0x00, 0x00, 0x00,
    0x00, 0x00, 0x00, 0x00, 0x00, 0x00, 0x00, 0x00, 0x00, 0x00, 0x00, 0x00, 0x00, 0x00, 0x00, 0x00,
    0x00, 0x00, 0x00, 0x00, 0x00, 0x00, 0x00, 0x00, 0x2c, 0x29, 0x19, 0xff, 0x2c, 0x29, 0x19, 0xff,
    0x95, 0x98, 0x99, 0xff, 0x95, 0x98, 0x99, 0xff, 0x94, 0x98, 0x9b, 0xff, 0x94, 0x98, 0x9b, 0xff,
    0x28, 0x23, 0x0d, 0xff, 0x28, 0x23, 0x0d, 0xff, 0x00, 0x00, 0x00, 0x00, 0x00, 0x00, 0x00, 0x00,
    0x00, 0x00, 0x00, 0x00, 0x00, 0x00, 0x00, 0x00, 0x22, 0x1d, 0x0d, 0xff, 0x22, 0x1d, 0x0d, 0xff,
    0x51, 0x50, 0x49, 0xff, 0x51, 0x50, 0x49, 0xff, 0x94, 0x97, 0x98, 0xff, 0x94, 0x97, 0x98, 0xff,
    0x40, 0x3e, 0x2e, 0xff, 0x40, 0x3e, 0x2e, 0xff, 0x00, 0x00, 0x00, 0x00, 0x00, 0x00, 0x00, 0x00,
    0x00, 0x00, 0x00, 0x00, 0x00, 0x00, 0x00, 0x00, 0x6d, 0xd0, 0xf7, 0xff, 0x6d, 0xd0, 0xf7, 0xff,
    0x06, 0x82, 0xc7, 0xff, 0x06, 0x82, 0xc7, 0xff, 0x02, 0x67, 0xa5, 0xff, 0x02, 0x67, 0xa5, 0xff,
    0x0b, 0x94, 0xda, 0xff, 0x0b, 0x94, 0xda, 0xff, 0x02, 0x6e, 0xac, 0xff, 0x02, 0x6e, 0xac, 0xff,
    0x0f, 0x27, 0x2e, 0xff, 0x0f, 0x27, 0x2e, 0xff, 0x0e, 0x27, 0x2e, 0xff, 0x0e, 0x27, 0x2e, 0xff,
    0x00, 0x00, 0x00, 0x00, 0x00, 0x00, 0x00, 0x00, 0x00, 0x00, 0x00, 0x00, 0x00, 0x00, 0x00, 0x00,
    0x00, 0x00, 0x00, 0x00, 0x00, 0x00, 0x00, 0x00, 0x00, 0x00, 0x00, 0x00, 0x00, 0x00, 0x00, 0x00,
    0x00, 0x00, 0x00, 0x00, 0x00, 0x00, 0x00, 0x00, 0x00, 0x00, 0x00, 0x00, 0x00, 0x00, 0x00, 0x00,
    0x00, 0x00, 0x00, 0x00, 0x00, 0x00, 0x00, 0x00, 0x00, 0x00, 0x00, 0x00, 0x00, 0x00, 0x00, 0x00,
    0x00, 0x00, 0x00, 0x00, 0x00, 0x00, 0x00, 0x00, 0x00, 0x00, 0x00, 0x00, 0x00, 0x00, 0x00, 0x00,
    0x00, 0x00, 0x00, 0x00, 0x00, 0x00, 0x00, 0x00, 0x00, 0x00, 0x00, 0x00, 0x00, 0x00, 0x00, 0x00,
    0x00, 0x00, 0x00, 0x00, 0x00, 0x00, 0x00, 0x00, 0x2c, 0x29, 0x19, 0xff, 0x2c, 0x29, 0x19, 0xff,
    0x95, 0x98, 0x99, 0xff, 0x95, 0x98, 0x99, 0xff, 0x94, 0x98, 0x9b, 0xff, 0x94, 0x98, 0x9b, 0xff,
    0x28, 0x23, 0x0d, 0xff, 0x28, 0x23, 0x0d, 0xff, 0x00, 0x00, 0x00, 0x00, 0x00, 0x00, 0x00, 0x00,
    0x00, 0x00, 0x00, 0x00, 0x00, 0x00, 0x00, 0x00, 0x22, 0x1d, 0x0d, 0xff, 0x22, 0x1d, 0x0d, 0xff,
    0x51, 0x50, 0x49, 0xff, 0x51, 0x50, 0x49, 0xff, 0x94, 0x97, 0x98, 0xff, 0x94, 0x97, 0x98, 0xff,
    0x40, 0x3e, 0x2e, 0xff, 0x40, 0x3e, 0x2e, 0xff, 0x00, 0x00, 0x00, 0x00, 0x00, 0x00, 0x00, 0x00,
    0x00, 0x00, 0x00, 0x00, 0x00, 0x00, 0x00, 0x00, 0x6d, 0xd0, 0xf7, 0xff, 0x6d, 0xd0, 0xf7, 0xff,
    0x06, 0x82, 0xc7, 0xff, 0x06, 0x82, 0xc7, 0xff, 0x02, 0x67, 0xa5, 0xff, 0x02, 0x67, 0xa5, 0xff,
    0x0b, 0x94, 0xda, 0xff, 0x0b, 0x94, 0xda, 0xff, 0x02, 0x6e, 0xac, 0xff, 0x02, 0x6e, 0xac, 0xff,
    0x0f, 0x27, 0x2e, 0xff, 0x0f, 0x27, 0x2e, 0xff, 0x0e, 0x27, 0x2e, 0xff, 0x0e, 0x27, 0x2e, 0xff,
    0x00, 0x00, 0x00, 0x00, 0x00, 0x00, 0x00, 0x00, 0x00, 0x00, 0x00, 0x00, 0x00, 0x00, 0x00, 0x00,
    0x00, 0x00, 0x00, 0x00, 0x00, 0x00, 0x00, 0x00, 0x00, 0x00, 0x00, 0x00, 0x00, 0x00, 0x00, 0x00,
    0x00, 0x00, 0x00, 0x00, 0x00, 0x00, 0x00, 0x00, 0x00, 0x00, 0x00, 0x00, 0x00, 0x00, 0x00, 0x00,
    0x00, 0x00, 0x00, 0x00, 0x00, 0x00, 0x00, 0x00, 0x00, 0x00, 0x00, 0x00, 0x00, 0x00, 0x00, 0x00,
    0x31, 0x34, 0x03, 0xff, 0x31, 0x34, 0x03, 0xff, 0x2f, 0x32, 0x03, 0xff, 0x2f, 0x32, 0x03, 0xff,
    0x38, 0x3a, 0x03, 0xff, 0x38, 0x3a, 0x03, 0xff, 0x00, 0x00, 0x00, 0x00, 0x00, 0x00, 0x00, 0x00,
    0x00, 0x00, 0x00, 0x00, 0x00, 0x00, 0x00, 0x00, 0x27, 0x24, 0x12, 0xff, 0x27, 0x24, 0x12, 0xff,
    0x95, 0x98, 0x99, 0xff, 0x95, 0x98, 0x99, 0xff, 0x95, 0x98, 0x99, 0xff, 0x95, 0x98, 0x99, 0xff,
    0x92, 0x97, 0x99, 0xff, 0x92, 0x97, 0x99, 0xff, 0x27, 0x24, 0x13, 0xff, 0x27, 0x24, 0x13, 0xff,
    0x25, 0x23, 0x11, 0xff, 0x25, 0x23, 0x11, 0xff, 0x95, 0x98, 0x9a, 0xff, 0x95, 0x98, 0x9a, 0xff,
    0x95, 0x98, 0x9b, 0xff, 0x95, 0x98, 0x9b, 0xff, 0x96, 0x99, 0x9a, 0xff, 0x96, 0x99, 0x9a, 0xff,
    0x29, 0x22, 0x13, 0xff, 0x29, 0x22, 0x13, 0xff, 0x00, 0x00, 0x00, 0xff, 0x00, 0x00, 0x00, 0xff,
    0x5b, 0xcb, 0xf7, 0xff, 0x5b, 0xcb, 0xf7, 0xff, 0x04, 0x7c, 0xc0, 0xff, 0x04, 0x7c, 0xc0, 0xff,
    0x03, 0x78, 0xbb, 0xff, 0x03, 0x78, 0xbb, 0xff, 0x0b, 0x96, 0xdb, 0xff, 0x0b, 0x96, 0xdb, 0xff,
    0x01, 0x6b, 0xae, 0xff, 0x01, 0x6b, 0xae, 0xff, 0x20, 0x20, 0x05, 0xff, 0x20, 0x20, 0x05, 0xff,
    0x00, 0x00, 0x00, 0x00, 0x00, 0x00, 0x00, 0x00, 0x00, 0x00, 0x00, 0x00, 0x00, 0x00, 0x00, 0x00,
    0x2e, 0x31, 0x02, 0xff, 0x2e, 0x31, 0x02, 0xff, 0x2d, 0x30, 0x02, 0xff, 0x2d, 0x30, 0x02, 0xff,
    0x30, 0x2e, 0x04, 0xff, 0x30, 0x2e, 0x04, 0xff, 0x00, 0x00, 0x00, 0x00, 0x00, 0x00, 0x00, 0x00,
    0x00, 0x00, 0x00, 0x00, 0x00, 0x00, 0x00, 0x00, 0x00, 0x00, 0x00, 0x00, 0x00, 0x00, 0x00, 0x00,
    0x00, 0x00, 0x00, 0x00, 0x00, 0x00, 0x00, 0x00, 0x00, 0x00, 0x00, 0x00, 0x00, 0x00, 0x00, 0x00,
    0x31, 0x34, 0x03, 0xff, 0x31, 0x34, 0x03, 0xff, 0x2f, 0x32, 0x03, 0xff, 0x2f, 0x32, 0x03, 0xff,
    0x38, 0x3a, 0x03, 0xff, 0x38, 0x3a, 0x03, 0xff, 0x00, 0x00, 0x00, 0x00, 0x00, 0x00, 0x00, 0x00,
    0x00, 0x00, 0x00, 0x00, 0x00, 0x00, 0x00, 0x00, 0x27, 0x24, 0x12, 0xff, 0x27, 0x24, 0x12, 0xff,
    0x95, 0x98, 0x99, 0xff, 0x95, 0x98, 0x99, 0xff, 0x95, 0x98, 0x99, 0xff, 0x95, 0x98, 0x99, 0xff,
    0x92, 0x97, 0x99, 0xff, 0x92, 0x97, 0x99, 0xff, 0x27, 0x24, 0x13, 0xff, 0x27, 0x24, 0x13, 0xff,
    0x25, 0x23, 0x11, 0xff, 0x25, 0x23, 0x11, 0xff, 0x95, 0x98, 0x9a, 0xff, 0x95, 0x98, 0x9a, 0xff,
    0x95, 0x98, 0x9b, 0xff, 0x95, 0x98, 0x9b, 0xff, 0x96, 0x99, 0x9a, 0xff, 0x96, 0x99, 0x9a, 0xff,
    0x29, 0x22, 0x13, 0xff, 0x29, 0x22, 0x13, 0xff, 0x00, 0x00, 0x00, 0xff, 0x00, 0x00, 0x00, 0xff,
    0x5b, 0xcb, 0xf7, 0xff, 0x5b, 0xcb, 0xf7, 0xff, 0x04, 0x7c, 0xc0, 0xff, 0x04, 0x7c, 0xc0, 0xff,
    0x03, 0x78, 0xbb, 0xff, 0x03, 0x78, 0xbb, 0xff, 0x0b, 0x96, 0xdb, 0xff, 0x0b, 0x96, 0xdb, 0xff,
    0x01, 0x6b, 0xae, 0xff, 0x01, 0x6b, 0xae, 0xff, 0x20, 0x20, 0x05, 0xff, 0x20, 0x20, 0x05, 0xff,
    0x00, 0x00, 0x00, 0x00, 0x00, 0x00, 0x00, 0x00, 0x00, 0x00, 0x00, 0x00, 0x00, 0x00, 0x00, 0x00,
    0x2e, 0x31, 0x02, 0xff, 0x2e, 0x31, 0x02, 0xff, 0x2d, 0x30, 0x02, 0xff, 0x2d, 0x30, 0x02, 0xff,
    0x30, 0x2e, 0x04, 0xff, 0x30, 0x2e, 0x04, 0xff, 0x00, 0x00, 0x00, 0x00, 0x00, 0x00, 0x00, 0x00,
    0x00, 0x00, 0x00, 0x00, 0x00, 0x00, 0x00, 0x00, 0x00, 0x00, 0x00, 0x00, 0x00, 0x00, 0x00, 0x00,
    0x00, 0x00, 0x00, 0x00, 0x00, 0x00, 0x00, 0x00, 0x31, 0x32, 0x04, 0xff, 0x31, 0x32, 0x04, 0xff,
    0xb7, 0xc9, 0x7d, 0xff, 0xb7, 0xc9, 0x7d, 0xff, 0x83, 0x8f, 0x22, 0xff, 0x83, 0x8f, 0x22, 0xff,
    0x3b, 0x3e, 0x03, 0xff, 0x3b, 0x3e, 0x03, 0xff, 0x28, 0x29, 0x01, 0xff, 0x28, 0x29, 0x01, 0xff,
    0x25, 0x24, 0x0f, 0xff, 0x25, 0x24, 0x0f, 0xff, 0x98, 0x9f, 0x9f, 0xff, 0x98, 0x9f, 0x9f, 0xff,
    0x4f, 0x4f, 0x42, 0xff, 0x4f, 0x4f, 0x42, 0xff, 0x38, 0x36, 0x21, 0xff, 0x38, 0x36, 0x21, 0xff,
    0x93, 0x97, 0x98, 0xff, 0x93, 0x97, 0x98, 0xff, 0x96, 0x9b, 0x9b, 0xff, 0x96, 0x9b, 0x9b, 0xff,
    0x97, 0x9b, 0x9c, 0xff, 0x97, 0x9b, 0x9c, 0xff, 0x95, 0x99, 0x99, 0xff, 0x95, 0x99, 0x99, 0xff,
    0x25, 0x23, 0x11, 0xff, 0x25, 0x23, 0x11, 0xff, 0x52, 0x52, 0x47, 0xff, 0x52, 0x52, 0x47, 0xff,
    0x50, 0x50, 0x44, 0xff, 0x50, 0x50, 0x44, 0xff, 0x22, 0x27, 0x17, 0xff, 0x22, 0x27, 0x17, 0xff,
    0x07, 0x52, 0x7e, 0xff, 0x07, 0x52, 0x7e, 0xff, 0x02, 0x5f, 0x9a, 0xff, 0x02, 0x5f, 0x9a, 0xff,
    0x07, 0x86, 0xca, 0xff, 0x07, 0x86, 0xca, 0xff, 0x03, 0x66, 0xa2, 0xff, 0x03, 0x66, 0xa2, 0xff,
    0x21, 0x23, 0x03, 0xff, 0x21, 0x23, 0x03, 0xff, 0x32, 0x32, 0x02, 0xff, 0x32, 0x32, 0x02, 0xff,
    0x32, 0x32, 0x02, 0xff, 0x32, 0x32, 0x02, 0xff, 0x2f, 0x2f, 0x02, 0xff, 0x2f, 0x2f, 0x02, 0xff,
    0x23, 0x24, 0x02, 0xff, 0x23, 0x24, 0x02, 0xff, 0x81, 0x8d, 0x1f, 0xff, 0x81, 0x8d, 0x1f, 0xff,
    0x81, 0x8c, 0x20, 0xff, 0x81, 0x8c, 0x20, 0xff, 0x31, 0x32, 0x02, 0xff, 0x31, 0x32, 0x02, 0xff,
    0x00, 0x00, 0x00, 0x00, 0x00, 0x00, 0x00, 0x00, 0x00, 0x00, 0x00, 0x00, 0x00, 0x00, 0x00, 0x00,
    0x00, 0x00, 0x00, 0x00, 0x00, 0x00, 0x00, 0x00, 0x31, 0x32, 0x04, 0xff, 0x31, 0x32, 0x04, 0xff,
    0xb7, 0xc9, 0x7d, 0xff, 0xb7, 0xc9, 0x7d, 0xff, 0x83, 0x8f, 0x22, 0xff, 0x83, 0x8f, 0x22, 0xff,
    0x3b, 0x3e, 0x03, 0xff, 0x3b, 0x3e, 0x03, 0xff, 0x28, 0x29, 0x01, 0xff, 0x28, 0x29, 0x01, 0xff,
    0x25, 0x24, 0x0f, 0xff, 0x25, 0x24, 0x0f, 0xff, 0x98, 0x9f, 0x9f, 0xff, 0x98, 0x9f, 0x9f, 0xff,
    0x4f, 0x4f, 0x42, 0xff, 0x4f, 0x4f, 0x42, 0xff, 0x38, 0x36, 0x21, 0xff, 0x38, 0x36, 0x21, 0xff,
    0x93, 0x97, 0x98, 0xff, 0x93, 0x97, 0x98, 0xff, 0x96, 0x9b, 0x9b, 0xff, 0x96, 0x9b, 0x9b, 0xff,
    0x97, 0x9b, 0x9c, 0xff, 0x97, 0x9b, 0x9c, 0xff, 0x95, 0x99, 0x99, 0xff, 0x95, 0x99, 0x99, 0xff,
    0x25, 0x23, 0x11, 0xff, 0x25, 0x23, 0x11, 0xff, 0x52, 0x52, 0x47, 0xff, 0x52, 0x52, 0x47, 0xff,
    0x50, 0x50, 0x44, 0xff, 0x50, 0x50, 0x44, 0xff, 0x22, 0x27, 0x17, 0xff, 0x22, 0x27, 0x17, 0xff,
    0x07, 0x52, 0x7e, 0xff, 0x07, 0x52, 0x7e, 0xff, 0x02, 0x5f, 0x9a, 0xff, 0x02, 0x5f, 0x9a, 0xff,
    0x07, 0x86, 0xca, 0xff, 0x07, 0x86, 0xca, 0xff, 0x03, 0x66, 0xa2, 0xff, 0x03, 0x66, 0xa2, 0xff,
    0x21, 0x23, 0x03, 0xff, 0x21, 0x23, 0x03, 0xff, 0x32, 0x32, 0x02, 0xff, 0x32, 0x32, 0x02, 0xff,
    0x32, 0x32, 0x02, 0xff, 0x32, 0x32, 0x02, 0xff, 0x2f, 0x2f, 0x02, 0xff, 0x2f, 0x2f, 0x02, 0xff,
    0x23, 0x24, 0x02, 0xff, 0x23, 0x24, 0x02, 0xff, 0x81, 0x8d, 0x1f, 0xff, 0x81, 0x8d, 0x1f, 0xff,
    0x81, 0x8c, 0x20, 0xff, 0x81, 0x8c, 0x20, 0xff, 0x31, 0x32, 0x02, 0xff, 0x31, 0x32, 0x02, 0xff,
    0x00, 0x00, 0x00, 0x00, 0x00, 0x00, 0x00, 0x00, 0x00, 0x00, 0x00, 0x00, 0x00, 0x00, 0x00, 0x00,
    0x00, 0x00, 0x00, 0x00, 0x00, 0x00, 0x00, 0x00, 0x28, 0x29, 0x03, 0xff, 0x28, 0x29, 0x03, 0xff,
    0xde, 0xf3, 0xfa, 0xff, 0xde, 0xf3, 0xfa, 0xff, 0xb7, 0xc7, 0x7a, 0xff, 0xb7, 0xc7, 0x7a, 0xff,
    0x21, 0x20, 0x02, 0xff, 0x21, 0x20, 0x02, 0xff, 0x1f, 0x20, 0x03, 0xff, 0x1f, 0x20, 0x03, 0xff,
    0x22, 0x23, 0x05, 0xff, 0x22, 0x23, 0x05, 0xff, 0x4d, 0x4a, 0x3d, 0xff, 0x4d, 0x4a, 0x3d, 0xff,
    0x31, 0x2d, 0x1b, 0xff, 0x31, 0x2d, 0x1b, 0xff, 0x1f, 0x1f, 0x04, 0xff, 0x1f, 0x1f, 0x04, 0xff,
    0x2f, 0x2b, 0x1a, 0xff, 0x2f, 0x2b, 0x1a, 0xff, 0x54, 0x51, 0x46, 0xff, 0x54, 0x51, 0x46, 0xff,
    0x36, 0x33, 0x24, 0xff, 0x36, 0x33, 0x24, 0xff, 0xd2, 0xf2, 0xfd, 0xff, 0xd2, 0xf2, 0xfd, 0xff,
    0xa9, 0xe6, 0xfc, 0xff, 0xa9, 0xe6, 0xfc, 0xff, 0xa5, 0xe5, 0xfc, 0xff, 0xa5, 0xe5, 0xfc, 0xff,
    0xa5, 0xe5, 0xfb, 0xff, 0xa5, 0xe5, 0xfb, 0xff, 0x9e, 0xe1, 0xf9, 0xff, 0x9e, 0xe1, 0xf9, 0xff,
    0xa1, 0xe8, 0xfb, 0xff, 0xa1, 0xe8, 0xfb, 0xff, 0x05, 0x5e, 0x97, 0xff, 0x05, 0x5e, 0x97, 0xff,
    0x03, 0x57, 0x91, 0xff, 0x03, 0x57, 0x91, 0xff, 0x20, 0x20, 0x05, 0xff, 0x20, 0x20, 0x05, 0xff,
    0x2b, 0x2b, 0x02, 0xff, 0x2b, 0x2b, 0x02, 0xff, 0x2a, 0x2a, 0x03, 0xff, 0x2a, 0x2a, 0x03, 0xff,
    0x26, 0x27, 0x02, 0xff, 0x26, 0x27, 0x02, 0xff, 0x24, 0x26, 0x02, 0xff, 0x24, 0x26, 0x02, 0xff,
    0x1f, 0x20, 0x03, 0xff, 0x1f, 0x20, 0x03, 0xff, 0xb9, 0xc8, 0x7b, 0xff, 0xb9, 0xc8, 0x7b, 0xff,
    0xb7, 0xc8, 0x7a, 0xff, 0xb7, 0xc8, 0x7a, 0xff, 0x29, 0x2a, 0x03, 0xff, 0x29, 0x2a, 0x03, 0xff,
    0x00, 0x00, 0x00, 0x00, 0x00, 0x00, 0x00, 0x00, 0x00, 0x00, 0x00, 0x00, 0x00, 0x00, 0x00, 0x00,
    0x00, 0x00, 0x00, 0x00, 0x00, 0x00, 0x00, 0x00, 0x28, 0x29, 0x03, 0xff, 0x28, 0x29, 0x03, 0xff,
    0xde, 0xf3, 0xfa, 0xff, 0xde, 0xf3, 0xfa, 0xff, 0xb7, 0xc7, 0x7a, 0xff, 0xb7, 0xc7, 0x7a, 0xff,
    0x21, 0x20, 0x02, 0xff, 0x21, 0x20, 0x02, 0xff, 0x1f, 0x20, 0x03, 0xff, 0x1f, 0x20, 0x03, 0xff,
    0x22, 0x23, 0x05, 0xff, 0x22, 0x23, 0x05, 0xff, 0x4d, 0x4a, 0x3d, 0xff, 0x4d, 0x4a, 0x3d, 0xff,
    0x31, 0x2d, 0x1b, 0xff, 0x31, 0x2d, 0x1b, 0xff, 0x1f, 0x1f, 0x04, 0xff, 0x1f, 0x1f, 0x04, 0xff,
    0x2f, 0x2b, 0x1a, 0xff, 0x2f, 0x2b, 0x1a, 0xff, 0x54, 0x51, 0x46, 0xff, 0x54, 0x51, 0x46, 0xff,
    0x36, 0x33, 0x24, 0xff, 0x36, 0x33, 0x24, 0xff, 0xd2, 0xf2, 0xfd, 0xff, 0xd2, 0xf2, 0xfd, 0xff,
    0xa9, 0xe6, 0xfc, 0xff, 0xa9, 0xe6, 0xfc, 0xff, 0xa5, 0xe5, 0xfc, 0xff, 0xa5, 0xe5, 0xfc, 0xff,
    0xa5, 0xe5, 0xfb, 0xff, 0xa5, 0xe5, 0xfb, 0xff, 0x9e, 0xe1, 0xf9, 0xff, 0x9e, 0xe1, 0xf9, 0xff,
    0xa1, 0xe8, 0xfb, 0xff, 0xa1, 0xe8, 0xfb, 0xff, 0x05, 0x5e, 0x97, 0xff, 0x05, 0x5e, 0x97, 0xff,
    0x03, 0x57, 0x91, 0xff, 0x03, 0x57, 0x91, 0xff, 0x20, 0x20, 0x05, 0xff, 0x20, 0x20, 0x05, 0xff,
    0x2b, 0x2b, 0x02, 0xff, 0x2b, 0x2b, 0x02, 0xff, 0x2a, 0x2a, 0x03, 0xff, 0x2a, 0x2a, 0x03, 0xff,
    0x26, 0x27, 0x02, 0xff, 0x26, 0x27, 0x02, 0xff, 0x24, 0x26, 0x02, 0xff, 0x24, 0x26, 0x02, 0xff,
    0x1f, 0x20, 0x03, 0xff, 0x1f, 0x20, 0x03, 0xff, 0xb9, 0xc8, 0x7b, 0xff, 0xb9, 0xc8, 0x7b, 0xff,
    0xb7, 0xc8, 0x7a, 0xff, 0xb7, 0xc8, 0x7a, 0xff, 0x29, 0x2a, 0x03, 0xff, 0x29, 0x2a, 0x03, 0xff,
    0x00, 0x00, 0x00, 0x00, 0x00, 0x00, 0x00, 0x00, 0x00, 0x00, 0x00, 0x00, 0x00, 0x00, 0x00, 0x00,
    0x00, 0x00, 0x00, 0x00, 0x00, 0x00, 0x00, 0x00, 0x1e, 0x1f, 0x02, 0xff, 0x1e, 0x1f, 0x02, 0xff,
    0x87, 0x93, 0x25, 0xff, 0x87, 0x93, 0x25, 0xff, 0xb6, 0xc6, 0x77, 0xff, 0xb6, 0xc6, 0x77, 0xff,
    0xb4, 0xc5, 0x78, 0xff, 0xb4, 0xc5, 0x78, 0xff, 0xb8, 0xc9, 0x7c, 0xff, 0xb8, 0xc9, 0x7c, 0xff,
    0xb8, 0xc9, 0x7b, 0xff, 0xb8, 0xc9, 0x7b, 0xff, 0xb8, 0xc9, 0x7b, 0xff, 0xb8, 0xc9, 0x7b, 0xff,
    0xb8, 0xc8, 0x7a, 0xff, 0xb8, 0xc8, 0x7a, 0xff, 0xb8, 0xc8, 0x7a, 0xff, 0xb8, 0xc8, 0x7a, 0xff,
    0xb9, 0xc8, 0x7a, 0xff, 0xb9, 0xc8, 0x7a, 0xff, 0xb8, 0xc8, 0x79, 0xff, 0xb8, 0xc8, 0x79, 0xff,
    0x27, 0x27, 0x10, 0xff, 0x27, 0x27, 0x10, 0xff, 0x80, 0xd8, 0xf8, 0xff, 0x80, 0xd8, 0xf8, 0xff,
    0x1a, 0xb1, 0xee, 0xff, 0x1a, 0xb1, 0xee, 0xff, 0x03, 0x69, 0xa2, 0xff, 0x03, 0x69, 0xa2, 0xff,
    0x06, 0x67, 0x9f, 0xff, 0x06, 0x67, 0x9f, 0xff, 0x1a, 0xaf, 0xee, 0xff, 0x1a, 0xaf, 0xee, 0xff,
    0x17, 0xb0, 0xf0, 0xff, 0x17, 0xb0, 0xf0, 0xff, 0xb7, 0xc7, 0x75, 0xff, 0xb7, 0xc7, 0x75, 0xff,
    0xb7, 0xc6, 0x75, 0xff, 0xb7, 0xc6, 0x75, 0xff, 0xb7, 0xc7, 0x76, 0xff, 0xb7, 0xc7, 0x76, 0xff,
    0xb7, 0xc8, 0x77, 0xff, 0xb7, 0xc8, 0x77, 0xff, 0xb9, 0xc9, 0x79, 0xff, 0xb9, 0xc9, 0x79, 0xff,
    0xb8, 0xc8, 0x78, 0xff, 0xb8, 0xc8, 0x78, 0xff, 0xb8, 0xc8, 0x78, 0xff, 0xb8, 0xc8, 0x78, 0xff,
    0xb8, 0xc8, 0x78, 0xff, 0xb8, 0xc8, 0x78, 0xff, 0xb7, 0xc7, 0x79, 0xff, 0xb7, 0xc7, 0x79, 0xff,
    0x79, 0x81, 0x18, 0xff, 0x79, 0x81, 0x18, 0xff, 0x20, 0x21, 0x01, 0xff, 0x20, 0x21, 0x01, 0xff,
    0x00, 0x00, 0x00, 0x00, 0x00, 0x00, 0x00, 0x00, 0x00, 0x00, 0x00, 0x00, 0x00, 0x00, 0x00, 0x00,
    0x00, 0x00, 0x00, 0x00, 0x00, 0x00, 0x00, 0x00, 0x1e, 0x1f, 0x02, 0xff, 0x1e, 0x1f, 0x02, 0xff,
    0x87, 0x93, 0x25, 0xff, 0x87, 0x93, 0x25, 0xff, 0xb6, 0xc6, 0x77, 0xff, 0xb6, 0xc6, 0x77, 0xff,
    0xb4, 0xc5, 0x78, 0xff, 0xb4, 0xc5, 0x78, 0xff, 0xb8, 0xc9, 0x7c, 0xff, 0xb8, 0xc9, 0x7c, 0xff,
    0xb8, 0xc9, 0x7b, 0xff, 0xb8, 0xc9, 0x7b, 0xff, 0xb8, 0xc9, 0x7b, 0xff, 0xb8, 0xc9, 0x7b, 0xff,
    0xb8, 0xc8, 0x7a, 0xff, 0xb8, 0xc8, 0x7a, 0xff, 0xb8, 0xc8, 0x7a, 0xff, 0xb8, 0xc8, 0x7a, 0xff,
    0xb9, 0xc8, 0x7a, 0xff, 0xb9, 0xc8, 0x7a, 0xff, 0xb8, 0xc8, 0x79, 0xff, 0xb8, 0xc8, 0x79, 0xff,
    0x27, 0x27, 0x10, 0xff, 0x27, 0x27, 0x10, 0xff, 0x80, 0xd8, 0xf8, 0xff, 0x80, 0xd8, 0xf8, 0xff,
    0x1a, 0xb1, 0xee, 0xff, 0x1a, 0xb1, 0xee, 0xff, 0x03, 0x69, 0xa2, 0xff, 0x03, 0x69, 0xa2, 0xff,
    0x06, 0x67, 0x9f, 0xff, 0x06, 0x67, 0x9f, 0xff, 0x1a, 0xaf, 0xee, 0xff, 0x1a, 0xaf, 0xee, 0xff,
    0x17, 0xb0, 0xf0, 0xff, 0x17, 0xb0, 0xf0, 0xff, 0xb7, 0xc7, 0x75, 0xff, 0xb7, 0xc7, 0x75, 0xff,
    0xb7, 0xc6, 0x75, 0xff, 0xb7, 0xc6, 0x75, 0xff, 0xb7, 0xc7, 0x76, 0xff, 0xb7, 0xc7, 0x76, 0xff,
    0xb7, 0xc8, 0x77, 0xff, 0xb7, 0xc8, 0x77, 0xff, 0xb9, 0xc9, 0x79, 0xff, 0xb9, 0xc9, 0x79, 0xff,
    0xb8, 0xc8, 0x78, 0xff, 0xb8, 0xc8, 0x78, 0xff, 0xb8, 0xc8, 0x78, 0xff, 0xb8, 0xc8, 0x78, 0xff,
    0xb8, 0xc8, 0x78, 0xff, 0xb8, 0xc8, 0x78, 0xff, 0xb7, 0xc7, 0x79, 0xff, 0xb7, 0xc7, 0x79, 0xff,
    0x79, 0x81, 0x18, 0xff, 0x79, 0x81, 0x18, 0xff, 0x20, 0x21, 0x01, 0xff, 0x20, 0x21, 0x01, 0xff,
    0x00, 0x00, 0x00, 0x00, 0x00, 0x00, 0x00, 0x00, 0x00, 0x00, 0x00, 0x00, 0x00, 0x00, 0x00, 0x00,
    0x00, 0x00, 0x00, 0x00, 0x00, 0x00, 0x00, 0x00, 0x20, 0x21, 0x02, 0xff, 0x20, 0x21, 0x02, 0xff,
    0xb1, 0xc1, 0x68, 0xff, 0xb1, 0xc1, 0x68, 0xff, 0x78, 0x81, 0x19, 0xff, 0x78, 0x81, 0x19, 0xff,
    0x78, 0x81, 0x18, 0xff, 0x78, 0x81, 0x18, 0xff, 0x79, 0x83, 0x19, 0xff, 0x79, 0x83, 0x19, 0xff,
    0x7a, 0x84, 0x1a, 0xff, 0x7a, 0x84, 0x1a, 0xff, 0x7b, 0x86, 0x1a, 0xff, 0x7b, 0x86, 0x1a, 0xff,
    0x7a, 0x84, 0x1a, 0xff, 0x7a, 0x84, 0x1a, 0xff, 0x7a, 0x84, 0x1a, 0xff, 0x7a, 0x84, 0x1a, 0xff,
    0x7a, 0x84, 0x1a, 0xff, 0x7a, 0x84, 0x1a, 0xff, 0x7b, 0x85, 0x1a, 0xff, 0x7b, 0x85, 0x1a, 0xff,
    0x1f, 0x20, 0x02, 0xff, 0x1f, 0x20, 0x02, 0xff, 0x81, 0xd8, 0xf8, 0xff, 0x81, 0xd8, 0xf8, 0xff,
    0x1a, 0xb1, 0xef, 0xff, 0x1a, 0xb1, 0xef, 0xff, 0x1d, 0x1e, 0x03, 0xff, 0x1d, 0x1e, 0x03, 0xff,
    0x1f, 0x1f, 0x03, 0xff, 0x1f, 0x1f, 0x03, 0xff, 0x1a, 0xb0, 0xee, 0xff, 0x1a, 0xb0, 0xee, 0xff,
    0x19, 0xb2, 0xf2, 0xff, 0x19, 0xb2, 0xf2, 0xff, 0x7a, 0x85, 0x19, 0xff, 0x7a, 0x85, 0x19, 0xff,
    0x7b, 0x84, 0x1a, 0xff, 0x7b, 0x84, 0x1a, 0xff, 0x7b, 0x84, 0x1a, 0xff, 0x7b, 0x84, 0x1a, 0xff,
    0x7a, 0x84, 0x1a, 0xff, 0x7a, 0x84, 0x1a, 0xff, 0x7b, 0x85, 0x1a, 0xff, 0x7b, 0x85, 0x1a, 0xff,
    0x7a, 0x84, 0x1a, 0xff, 0x7a, 0x84, 0x1a, 0xff, 0x7b, 0x85, 0x1a, 0xff, 0x7b, 0x85, 0x1a, 0xff,
    0x79, 0x84, 0x1a, 0xff, 0x79, 0x84, 0x1a, 0xff, 0x79, 0x83, 0x19, 0xff, 0x79, 0x83, 0x19, 0xff,
    0x78, 0x81, 0x19, 0xff, 0x78, 0x81, 0x19, 0xff, 0x21, 0x21, 0x01, 0xff, 0x21, 0x21, 0x01, 0xff,
    0x00, 0x00, 0x00, 0x00, 0x00, 0x00, 0x00, 0x00, 0x00, 0x00, 0x00, 0x00, 0x00, 0x00, 0x00, 0x00,
    0x00, 0x00, 0x00, 0x00, 0x00, 0x00, 0x00, 0x00, 0x20, 0x21, 0x02, 0xff, 0x20, 0x21, 0x02, 0xff,
    0xb1, 0xc1, 0x68, 0xff, 0xb1, 0xc1, 0x68, 0xff, 0x78, 0x81, 0x19, 0xff, 0x78, 0x81, 0x19, 0xff,
    0x78, 0x81, 0x18, 0xff, 0x78, 0x81, 0x18, 0xff, 0x79, 0x83, 0x19, 0xff, 0x79, 0x83, 0x19, 0xff,
    0x7a, 0x84, 0x1a, 0xff, 0x7a, 0x84, 0x1a, 0xff, 0x7b, 0x86, 0x1a, 0xff, 0x7b, 0x86, 0x1a, 0xff,
    0x7a, 0x84, 0x1a, 0xff, 0x7a, 0x84, 0x1a, 0xff, 0x7a, 0x84, 0x1a, 0xff, 0x7a, 0x84, 0x1a, 0xff,
    0x7a, 0x84, 0x1a, 0xff, 0x7a, 0x84, 0x1a, 0xff, 0x7b, 0x85, 0x1a, 0xff, 0x7b, 0x85, 0x1a, 0xff,
    0x1f, 0x20, 0x02, 0xff, 0x1f, 0x20, 0x02, 0xff, 0x81, 0xd8, 0xf8, 0xff, 0x81, 0xd8, 0xf8, 0xff,
    0x1a, 0xb1, 0xef, 0xff, 0x1a, 0xb1, 0xef, 0xff, 0x1d, 0x1e, 0x03, 0xff, 0x1d, 0x1e, 0x03, 0xff,
    0x1f, 0x1f, 0x03, 0xff, 0x1f, 0x1f, 0x03, 0xff, 0x1a, 0xb0, 0xee, 0xff, 0x1a, 0xb0, 0xee, 0xff,
    0x19, 0xb2, 0xf2, 0xff, 0x19, 0xb2, 0xf2, 0xff, 0x7a, 0x85, 0x19, 0xff, 0x7a, 0x85, 0x19, 0xff,
    0x7b, 0x84, 0x1a, 0xff, 0x7b, 0x84, 0x1a, 0xff, 0x7b, 0x84, 0x1a, 0xff, 0x7b, 0x84, 0x1a, 0xff,
    0x7a, 0x84, 0x1a, 0xff, 0x7a, 0x84, 0x1a, 0xff, 0x7b, 0x85, 0x1a, 0xff, 0x7b, 0x85, 0x1a, 0xff,
    0x7a, 0x84, 0x1a, 0xff, 0x7a, 0x84, 0x1a, 0xff, 0x7b, 0x85, 0x1a, 0xff, 0x7b, 0x85, 0x1a, 0xff,
    0x79, 0x84, 0x1a, 0xff, 0x79, 0x84, 0x1a, 0xff, 0x79, 0x83, 0x19, 0xff, 0x79, 0x83, 0x19, 0xff,
    0x78, 0x81, 0x19, 0xff, 0x78, 0x81, 0x19, 0xff, 0x21, 0x21, 0x01, 0xff, 0x21, 0x21, 0x01, 0xff,
    0x00, 0x00, 0x00, 0x00, 0x00, 0x00, 0x00, 0x00, 0x00, 0x00, 0x00, 0x00, 0x00, 0x00, 0x00, 0x00,
    0x00, 0x00, 0x00, 0x00, 0x00, 0x00, 0x00, 0x00, 0x00, 0x00, 0x00, 0x00, 0x00, 0x00, 0x00, 0x00,
    0x3a, 0x3b, 0x04, 0xff, 0x3a, 0x3b, 0x04, 0xff, 0x44, 0x46, 0x03, 0xff, 0x44, 0x46, 0x03, 0xff,
    0x45, 0x47, 0x03, 0xff, 0x45, 0x47, 0x03, 0xff, 0x46, 0x47, 0x04, 0xff, 0x46, 0x47, 0x04, 0xff,
    0x45, 0x47, 0x04, 0xff, 0x45, 0x47, 0x04, 0xff, 0x45, 0x47, 0x03, 0xff, 0x45, 0x47, 0x03, 0xff,
    0x45, 0x47, 0x04, 0xff, 0x45, 0x47, 0x04, 0xff, 0x45, 0x47, 0x04, 0xff, 0x45, 0x47, 0x04, 0xff,
    0x45, 0x47, 0x03, 0xff, 0x45, 0x47, 0x03, 0xff, 0x44, 0x46, 0x03, 0xff, 0x44, 0x46, 0x03, 0xff,
    0x21, 0x21, 0x02, 0xff, 0x21, 0x21, 0x02, 0xff, 0x81, 0xd7, 0xf8, 0xff, 0x81, 0xd7, 0xf8, 0xff,
    0x18, 0xaf, 0xee, 0xff, 0x18, 0xaf, 0xee, 0xff, 0x17, 0xae, 0xee, 0xff, 0x17, 0xae, 0xee, 0xff,
    0x17, 0xaf, 0xef, 0xff, 0x17, 0xaf, 0xef, 0xff, 0x1a, 0xaf, 0xee, 0xff, 0x1a, 0xaf, 0xee, 0xff,
    0x18, 0xb0, 0xf0, 0xff, 0x18, 0xb0, 0xf0, 0xff, 0x41, 0x42, 0x03, 0xff, 0x41, 0x42, 0x03, 0xff,
    0x45, 0x47, 0x04, 0xff, 0x45, 0x47, 0x04, 0xff, 0x46, 0x47, 0x03, 0xff, 0x46, 0x47, 0x03, 0xff,
    0x45, 0x47, 0x03, 0xff, 0x45, 0x47, 0x03, 0xff, 0x45, 0x47, 0x04, 0xff, 0x45, 0x47, 0x04, 0xff,
    0x45, 0x47, 0x04, 0xff, 0x45, 0x47, 0x04, 0xff, 0x44, 0x47, 0x04, 0xff, 0x44, 0x47, 0x04, 0xff,
    0x45, 0x47, 0x04, 0xff, 0x45, 0x47, 0x04, 0xff, 0x44, 0x45, 0x04, 0xff, 0x44, 0x45, 0x04, 0xff,
    0x39, 0x3a, 0x03, 0xff, 0x39, 0x3a, 0x03, 0xff, 0x00, 0x00, 0x00, 0x00, 0x00, 0x00, 0x00, 0x00,
    0x00, 0x00, 0x00, 0x00, 0x00, 0x00, 0x00, 0x00, 0x00, 0x00, 0x00, 0x00, 0x00, 0x00, 0x00, 0x00,
    0x00, 0x00, 0x00, 0x00, 0x00, 0x00, 0x00, 0x00, 0x00, 0x00, 0x00, 0x00, 0x00, 0x00, 0x00, 0x00,
    0x3a, 0x3b, 0x04, 0xff, 0x3a, 0x3b, 0x04, 0xff, 0x44, 0x46, 0x03, 0xff, 0x44, 0x46, 0x03, 0xff,
    0x45, 0x47, 0x03, 0xff, 0x45, 0x47, 0x03, 0xff, 0x46, 0x47, 0x04, 0xff, 0x46, 0x47, 0x04, 0xff,
    0x45, 0x47, 0x04, 0xff, 0x45, 0x47, 0x04, 0xff, 0x45, 0x47, 0x03, 0xff, 0x45, 0x47, 0x03, 0xff,
    0x45, 0x47, 0x04, 0xff, 0x45, 0x47, 0x04, 0xff, 0x45, 0x47, 0x04, 0xff, 0x45, 0x47, 0x04, 0xff,
    0x45, 0x47, 0x03, 0xff, 0x45, 0x47, 0x03, 0xff, 0x44, 0x46, 0x03, 0xff, 0x44, 0x46, 0x03, 0xff,
    0x21, 0x21, 0x02, 0xff, 0x21, 0x21, 0x02, 0xff, 0x81, 0xd7, 0xf8, 0xff, 0x81, 0xd7, 0xf8, 0xff,
    0x18, 0xaf, 0xee, 0xff, 0x18, 0xaf, 0xee, 0xff, 0x17, 0xae, 0xee, 0xff, 0x17, 0xae, 0xee, 0xff,
    0x17, 0xaf, 0xef, 0xff, 0x17, 0xaf, 0xef, 0xff, 0x1a, 0xaf, 0xee, 0xff, 0x1a, 0xaf, 0xee, 0xff,
    0x18, 0xb0, 0xf0, 0xff, 0x18, 0xb0, 0xf0, 0xff, 0x41, 0x42, 0x03, 0xff, 0x41, 0x42, 0x03, 0xff,
    0x45, 0x47, 0x04, 0xff, 0x45, 0x47, 0x04, 0xff, 0x46, 0x47, 0x03, 0xff, 0x46, 0x47, 0x03, 0xff,
    0x45, 0x47, 0x03, 0xff, 0x45, 0x47, 0x03, 0xff, 0x45, 0x47, 0x04, 0xff, 0x45, 0x47, 0x04, 0xff,
    0x45, 0x47, 0x04, 0xff, 0x45, 0x47, 0x04, 0xff, 0x44, 0x47, 0x04, 0xff, 0x44, 0x47, 0x04, 0xff,
    0x45, 0x47, 0x04, 0xff, 0x45, 0x47, 0x04, 0xff, 0x44, 0x45, 0x04, 0xff, 0x44, 0x45, 0x04, 0xff,
    0x39, 0x3a, 0x03, 0xff, 0x39, 0x3a, 0x03, 0xff, 0x00, 0x00, 0x00, 0x00, 0x00, 0x00, 0x00, 0x00,
    0x00, 0x00, 0x00, 0x00, 0x00, 0x00, 0x00, 0x00, 0x00, 0x00, 0x00, 0x00, 0x00, 0x00, 0x00, 0x00,
    0x00, 0x00, 0x00, 0x00, 0x00, 0x00, 0x00, 0x00, 0x00, 0x00, 0x00, 0x00, 0x00, 0x00, 0x00, 0x00,
    0x22, 0x23, 0x02, 0xff, 0x22, 0x23, 0x02, 0xff, 0x21, 0x23, 0x02, 0xff, 0x21, 0x23, 0x02, 0xff,
    0x22, 0x23, 0x01, 0xff, 0x22, 0x23, 0x01, 0xff, 0x22, 0x23, 0x02, 0xff, 0x22, 0x23, 0x02, 0xff,
    0x22, 0x23, 0x01, 0xff, 0x22, 0x23, 0x01, 0xff, 0x22, 0x23, 0x01, 0xff, 0x22, 0x23, 0x01, 0xff,
    0x21, 0x23, 0x01, 0xff, 0x21, 0x23, 0x01, 0xff, 0x22, 0x23, 0x01, 0xff, 0x22, 0x23, 0x01, 0xff,
    0x21, 0x22, 0x01, 0xff, 0x21, 0x22, 0x01, 0xff, 0x21, 0x22, 0x01, 0xff, 0x21, 0x22, 0x01, 0xff,
    0x1f, 0x20, 0x02, 0xff, 0x1f, 0x20, 0x02, 0xff, 0x03, 0x67, 0xa4, 0xff, 0x03, 0x67, 0xa4, 0xff,
    0x02, 0x65, 0xa2, 0xff, 0x02, 0x65, 0xa2, 0xff, 0x02, 0x64, 0xa0, 0xff, 0x02, 0x64, 0xa0, 0xff,
    0x02, 0x65, 0xa2, 0xff, 0x02, 0x65, 0xa2, 0xff, 0x02, 0x65, 0xa3, 0xff, 0x02, 0x65, 0xa3, 0xff,
    0x1d, 0x1c, 0x01, 0xff, 0x1d, 0x1c, 0x01, 0xff, 0x23, 0x24, 0x02, 0xff, 0x23, 0x24, 0x02, 0xff,
    0x21, 0x22, 0x01, 0xff, 0x21, 0x22, 0x01, 0xff, 0x21, 0x22, 0x02, 0xff, 0x21, 0x22, 0x02, 0xff,
    0x21, 0x23, 0x01, 0xff, 0x21, 0x23, 0x01, 0xff, 0x22, 0x23, 0x02, 0xff, 0x22, 0x23, 0x02, 0xff,
    0x22, 0x23, 0x02, 0xff, 0x22, 0x23, 0x02, 0xff, 0x22, 0x24, 0x02, 0xff, 0x22, 0x24, 0x02, 0xff,
    0x22, 0x24, 0x02, 0xff, 0x22, 0x24, 0x02, 0xff, 0x22, 0x23, 0x02, 0xff, 0x22, 0x23, 0x02, 0xff,
    0x1f, 0x20, 0x02, 0xff, 0x1f, 0x20, 0x02, 0xff, 0x00, 0x00, 0x00, 0x00, 0x00, 0x00, 0x00, 0x00,
    0x00, 0x00, 0x00, 0x00, 0x00, 0x00, 0x00, 0x00, 0x00, 0x00, 0x00, 0x00, 0x00, 0x00, 0x00, 0x00,
    0x00, 0x00, 0x00, 0x00, 0x00, 0x00, 0x00, 0x00, 0x00, 0x00, 0x00, 0x00, 0x00, 0x00, 0x00, 0x00,
    0x22, 0x23, 0x02, 0xff, 0x22, 0x23, 0x02, 0xff, 0x21, 0x23, 0x02, 0xff, 0x21, 0x23, 0x02, 0xff,
    0x22, 0x23, 0x01, 0xff, 0x22, 0x23, 0x01, 0xff, 0x22, 0x23, 0x02, 0xff, 0x22, 0x23, 0x02, 0xff,
    0x22, 0x23, 0x01, 0xff, 0x22, 0x23, 0x01, 0xff, 0x22, 0x23, 0x01, 0xff, 0x22, 0x23, 0x01, 0xff,
    0x21, 0x23, 0x01, 0xff, 0x21, 0x23, 0x01, 0xff, 0x22, 0x23, 0x01, 0xff, 0x22, 0x23, 0x01, 0xff,
    0x21, 0x22, 0x01, 0xff, 0x21, 0x22, 0x01, 0xff, 0x21, 0x22, 0x01, 0xff, 0x21, 0x22, 0x01, 0xff,
    0x1f, 0x20, 0x02, 0xff, 0x1f, 0x20, 0x02, 0xff, 0x03, 0x67, 0xa4, 0xff, 0x03, 0x67, 0xa4, 0xff,
    0x02, 0x65, 0xa2, 0xff, 0x02, 0x65, 0xa2, 0xff, 0x02, 0x64, 0xa0, 0xff, 0x02, 0x64, 0xa0, 0xff,
    0x02, 0x65, 0xa2, 0xff, 0x02, 0x65, 0xa2, 0xff, 0x02, 0x65, 0xa3, 0xff, 0x02, 0x65, 0xa3, 0xff,
    0x1d, 0x1c, 0x01, 0xff, 0x1d, 0x1c, 0x01, 0xff, 0x23, 0x24, 0x02, 0xff, 0x23, 0x24, 0x02, 0xff,
    0x21, 0x22, 0x01, 0xff, 0x21, 0x22, 0x01, 0xff, 0x21, 0x22, 0x02, 0xff, 0x21, 0x22, 0x02, 0xff,
    0x21, 0x23, 0x01, 0xff, 0x21, 0x23, 0x01, 0xff, 0x22, 0x23, 0x02, 0xff, 0x22, 0x23, 0x02, 0xff,
    0x22, 0x23, 0x02, 0xff, 0x22, 0x23, 0x02, 0xff, 0x22, 0x24, 0x02, 0xff, 0x22, 0x24, 0x02, 0xff,
    0x22, 0x24, 0x02, 0xff, 0x22, 0x24, 0x02, 0xff, 0x22, 0x23, 0x02, 0xff, 0x22, 0x23, 0x02, 0xff,
    0x1f, 0x20, 0x02, 0xff, 0x1f, 0x20, 0x02, 0xff, 0x00, 0x00, 0x00, 0x00, 0x00, 0x00, 0x00, 0x00,
    0x00, 0x00, 0x00, 0x00, 0x00, 0x00, 0x00, 0x00, 0x00, 0x00, 0x00, 0x00, 0x00, 0x00, 0x00, 0x00,
    0x00, 0x00, 0x00, 0x00, 0x00, 0x00, 0x00, 0x00, 0x00, 0x00, 0x00, 0x00, 0x00, 0x00, 0x00, 0x00,
    0x00, 0x00, 0x00, 0x00, 0x00, 0x00, 0x00, 0x00, 0x21, 0x22, 0x02, 0xff, 0x21, 0x22, 0x02, 0xff,
    0x3c, 0x3c, 0x02, 0xff, 0x3c, 0x3c, 0x02, 0xff, 0x3c, 0x3c, 0x02, 0xff, 0x3c, 0x3c, 0x02, 0xff,
    0x3c, 0x3c, 0x03, 0xff, 0x3c, 0x3c, 0x03, 0xff, 0x3c, 0x3d, 0x02, 0xff, 0x3c, 0x3d, 0x02, 0xff,
    0x3c, 0x3d, 0x02, 0xff, 0x3c, 0x3d, 0x02, 0xff, 0x3c, 0x3d, 0x02, 0xff, 0x3c, 0x3d, 0x02, 0xff,
    0x3d, 0x3d, 0x02, 0xff, 0x3d, 0x3d, 0x02, 0xff, 0x3d, 0x3d, 0x02, 0xff, 0x3d, 0x3d, 0x02, 0xff,
    0x3c, 0x3d, 0x02, 0xff, 0x3c, 0x3d, 0x02, 0xff, 0x1e, 0x1c, 0x02, 0xff, 0x1e, 0x1c, 0x02, 0xff,
    0x1d, 0x1e, 0x03, 0xff, 0x1d, 0x1e, 0x03, 0xff, 0x1e, 0x1d, 0x02, 0xff, 0x1e, 0x1d, 0x02, 0xff,
    0x1e, 0x1d, 0x02, 0xff, 0x1e, 0x1d, 0x02, 0xff, 0x1d, 0x1e, 0x03, 0xff, 0x1d, 0x1e, 0x03, 0xff,
    0x13, 0x14, 0x04, 0xff, 0x13, 0x14, 0x04, 0xff, 0x3b, 0x3c, 0x02, 0xff, 0x3b, 0x3c, 0x02, 0xff,
    0x3d, 0x3d, 0x03, 0xff, 0x3d, 0x3d, 0x03, 0xff, 0x3d, 0x3e, 0x03, 0xff, 0x3d, 0x3e, 0x03, 0xff,
    0x3c, 0x3e, 0x03, 0xff, 0x3c, 0x3e, 0x03, 0xff, 0x3d, 0x3e, 0x03, 0xff, 0x3d, 0x3e, 0x03, 0xff,
    0x3c, 0x3e, 0x03, 0xff, 0x3c, 0x3e, 0x03, 0xff, 0x3c, 0x3d, 0x02, 0xff, 0x3c, 0x3d, 0x02, 0xff,
    0x3c, 0x3d, 0x03, 0xff, 0x3c, 0x3d, 0x03, 0xff, 0x20, 0x21, 0x02, 0xff, 0x20, 0x21, 0x02, 0xff,
    0x01, 0x01, 0x01, 0xff, 0x01, 0x01, 0x01, 0xff, 0x00, 0x00, 0x00, 0x00, 0x00, 0x00, 0x00, 0x00,
    0x00, 0x00, 0x00, 0x00, 0x00, 0x00, 0x00, 0x00, 0x00, 0x00, 0x00, 0x00, 0x00, 0x00, 0x00, 0x00,
    0x00, 0x00, 0x00, 0x00, 0x00, 0x00, 0x00, 0x00, 0x00, 0x00, 0x00, 0x00, 0x00, 0x00, 0x00, 0x00,
    0x00, 0x00, 0x00, 0x00, 0x00, 0x00, 0x00, 0x00, 0x21, 0x22, 0x02, 0xff, 0x21, 0x22, 0x02, 0xff,
    0x3c, 0x3c, 0x02, 0xff, 0x3c, 0x3c, 0x02, 0xff, 0x3c, 0x3c, 0x02, 0xff, 0x3c, 0x3c, 0x02, 0xff,
    0x3c, 0x3c, 0x03, 0xff, 0x3c, 0x3c, 0x03, 0xff, 0x3c, 0x3d, 0x02, 0xff, 0x3c, 0x3d, 0x02, 0xff,
    0x3c, 0x3d, 0x02, 0xff, 0x3c, 0x3d, 0x02, 0xff, 0x3c, 0x3d, 0x02, 0xff, 0x3c, 0x3d, 0x02, 0xff,
    0x3d, 0x3d, 0x02, 0xff, 0x3d, 0x3d, 0x02, 0xff, 0x3d, 0x3d, 0x02, 0xff, 0x3d, 0x3d, 0x02, 0xff,
    0x3c, 0x3d, 0x02, 0xff, 0x3c, 0x3d, 0x02, 0xff, 0x1e, 0x1c, 0x02, 0xff, 0x1e, 0x1c, 0x02, 0xff,
    0x1d, 0x1e, 0x03, 0xff, 0x1d, 0x1e, 0x03, 0xff, 0x1e, 0x1d, 0x02, 0xff, 0x1e, 0x1d, 0x02, 0xff,
    0x1e, 0x1d, 0x02, 0xff, 0x1e, 0x1d, 0x02, 0xff, 0x1d, 0x1e, 0x03, 0xff, 0x1d, 0x1e, 0x03, 0xff,
    0x13, 0x14, 0x04, 0xff, 0x13, 0x14, 0x04, 0xff, 0x3b, 0x3c, 0x02, 0xff, 0x3b, 0x3c, 0x02, 0xff,
    0x3d, 0x3d, 0x03, 0xff, 0x3d, 0x3d, 0x03, 0xff, 0x3d, 0x3e, 0x03, 0xff, 0x3d, 0x3e, 0x03, 0xff,
    0x3c, 0x3e, 0x03, 0xff, 0x3c, 0x3e, 0x03, 0xff, 0x3d, 0x3e, 0x03, 0xff, 0x3d, 0x3e, 0x03, 0xff,
    0x3c, 0x3e, 0x03, 0xff, 0x3c, 0x3e, 0x03, 0xff, 0x3c, 0x3d, 0x02, 0xff, 0x3c, 0x3d, 0x02, 0xff,
    0x3c, 0x3d, 0x03, 0xff, 0x3c, 0x3d, 0x03, 0xff, 0x20, 0x21, 0x02, 0xff, 0x20, 0x21, 0x02, 0xff,
    0x01, 0x01, 0x01, 0xff, 0x01, 0x01, 0x01, 0xff, 0x00, 0x00, 0x00, 0x00, 0x00, 0x00, 0x00, 0x00,
    0x00, 0x00, 0x00, 0x00, 0x00, 0x00, 0x00, 0x00, 0x00, 0x00, 0x00, 0x00, 0x00, 0x00, 0x00, 0x00,
    0x00, 0x00, 0x00, 0x00, 0x00, 0x00, 0x00, 0x00, 0x00, 0x00, 0x00, 0x00, 0x00, 0x00, 0x00, 0x00,
    0x00, 0x00, 0x00, 0x00, 0x00, 0x00, 0x00, 0x00, 0x20, 0x21, 0x01, 0xff, 0x20, 0x21, 0x01, 0xff,
    0x5c, 0x60, 0x0a, 0xff, 0x5c, 0x60, 0x0a, 0xff, 0x5d, 0x61, 0x0b, 0xff, 0x5d, 0x61, 0x0b, 0xff,
    0x5e, 0x62, 0x0b, 0xff, 0x5e, 0x62, 0x0b, 0xff, 0x5c, 0x61, 0x0a, 0xff, 0x5c, 0x61, 0x0a, 0xff,
    0x5b, 0x5f, 0x0b, 0xff, 0x5b, 0x5f, 0x0b, 0xff, 0x5d, 0x61, 0x0b, 0xff, 0x5d, 0x61, 0x0b, 0xff,
    0x5d, 0x61, 0x0b, 0xff, 0x5d, 0x61, 0x0b, 0xff, 0x5c, 0x60, 0x0b, 0xff, 0x5c, 0x60, 0x0b, 0xff,
    0x5d, 0x62, 0x0b, 0xff, 0x5d, 0x62, 0x0b, 0xff, 0x3d, 0x3c, 0x03, 0xff, 0x3d, 0x3c, 0x03, 0xff,
    0x3c, 0x3d, 0x02, 0xff, 0x3c, 0x3d, 0x02, 0xff, 0x3c, 0x3c, 0x02, 0xff, 0x3c, 0x3c, 0x02, 0xff,
    0x3b, 0x3c, 0x02, 0xff, 0x3b, 0x3c, 0x02, 0xff, 0x3e, 0x3e, 0x02, 0xff, 0x3e, 0x3e, 0x02, 0xff,
    0x3b, 0x3b, 0x03, 0xff, 0x3b, 0x3b, 0x03, 0xff, 0x5c, 0x61, 0x0a, 0xff, 0x5c, 0x61, 0x0a, 0xff,
    0x5c, 0x61, 0x0a, 0xff, 0x5c, 0x61, 0x0a, 0xff, 0x5b, 0x5f, 0x0a, 0xff, 0x5b, 0x5f, 0x0a, 0xff,
    0x5e, 0x63, 0x0b, 0xff, 0x5e, 0x63, 0x0b, 0xff, 0x5c, 0x61, 0x0a, 0xff, 0x5c, 0x61, 0x0a, 0xff,
    0x5c, 0x61, 0x0b, 0xff, 0x5c, 0x61, 0x0b, 0xff, 0x5d, 0x61, 0x0b, 0xff, 0x5d, 0x61, 0x0b, 0xff,
    0x5c, 0x61, 0x0b, 0xff, 0x5c, 0x61, 0x0b, 0xff, 0x23, 0x24, 0x02, 0xff, 0x23, 0x24, 0x02, 0xff,
    0x00, 0x00, 0x00, 0x00, 0x00, 0x00, 0x00, 0x00, 0x00, 0x00, 0x00, 0x00, 0x00, 0x00, 0x00, 0x00,
    0x00, 0x00, 0x00, 0x00, 0x00, 0x00, 0x00, 0x00, 0x00, 0x00, 0x00, 0x00, 0x00, 0x00, 0x00, 0x00,
    0x00, 0x00, 0x00, 0x00, 0x00, 0x00, 0x00, 0x00, 0x00, 0x00, 0x00, 0x00, 0x00, 0x00, 0x00, 0x00,
    0x00, 0x00, 0x00, 0x00, 0x00, 0x00, 0x00, 0x00, 0x20, 0x21, 0x01, 0xff, 0x20, 0x21, 0x01, 0xff,
    0x5c, 0x60, 0x0a, 0xff, 0x5c, 0x60, 0x0a, 0xff, 0x5d, 0x61, 0x0b, 0xff, 0x5d, 0x61, 0x0b, 0xff,
    0x5e, 0x62, 0x0b, 0xff, 0x5e, 0x62, 0x0b, 0xff, 0x5c, 0x61, 0x0a, 0xff, 0x5c, 0x61, 0x0a, 0xff,
    0x5b, 0x5f, 0x0b, 0xff, 0x5b, 0x5f, 0x0b, 0xff, 0x5d, 0x61, 0x0b, 0xff, 0x5d, 0x61, 0x0b, 0xff,
    0x5d, 0x61, 0x0b, 0xff, 0x5d, 0x61, 0x0b, 0xff, 0x5c, 0x60, 0x0b, 0xff, 0x5c, 0x60, 0x0b, 0xff,
    0x5d, 0x62, 0x0b, 0xff, 0x5d, 0x62, 0x0b, 0xff, 0x3d, 0x3c, 0x03, 0xff, 0x3d, 0x3c, 0x03, 0xff,
    0x3c, 0x3d, 0x02, 0xff, 0x3c, 0x3d, 0x02, 0xff, 0x3c, 0x3c, 0x02, 0xff, 0x3c, 0x3c, 0x02, 0xff,
    0x3b, 0x3c, 0x02, 0xff, 0x3b, 0x3c, 0x02, 0xff, 0x3e, 0x3e, 0x02, 0xff, 0x3e, 0x3e, 0x02, 0xff,
    0x3b, 0x3b, 0x03, 0xff, 0x3b, 0x3b, 0x03, 0xff, 0x5c, 0x61, 0x0a, 0xff, 0x5c, 0x61, 0x0a, 0xff,
    0x5c, 0x61, 0x0a, 0xff, 0x5c, 0x61, 0x0a, 0xff, 0x5b, 0x5f, 0x0a, 0xff, 0x5b, 0x5f, 0x0a, 0xff,
    0x5e, 0x63, 0x0b, 0xff, 0x5e, 0x63, 0x0b, 0xff, 0x5c, 0x61, 0x0a, 0xff, 0x5c, 0x61, 0x0a, 0xff,
    0x5c, 0x61, 0x0b, 0xff, 0x5c, 0x61, 0x0b, 0xff, 0x5d, 0x61, 0x0b, 0xff, 0x5d, 0x61, 0x0b, 0xff,
    0x5c, 0x61, 0x0b, 0xff, 0x5c, 0x61, 0x0b, 0xff, 0x23, 0x24, 0x02, 0xff, 0x23, 0x24, 0x02, 0xff,
    0x00, 0x00, 0x00, 0x00, 0x00, 0x00, 0x00, 0x00, 0x00, 0x00, 0x00, 0x00, 0x00, 0x00, 0x00, 0x00,
    0x00, 0x00, 0x00, 0x00, 0x00, 0x00, 0x00, 0x00, 0x00, 0x00, 0x00, 0x00, 0x00, 0x00, 0x00, 0x00,
    0x00, 0x00, 0x00, 0x00, 0x00, 0x00, 0x00, 0x00, 0x00, 0x00, 0x00, 0x00, 0x00, 0x00, 0x00, 0x00,
    0x00, 0x00, 0x00, 0x00, 0x00, 0x00, 0x00, 0x00, 0x21, 0x21, 0x01, 0xff, 0x21, 0x21, 0x01, 0xff,
    0x5b, 0x5f, 0x0b, 0xff, 0x5b, 0x5f, 0x0b, 0xff, 0x5d, 0x61, 0x0b, 0xff, 0x5d, 0x61, 0x0b, 0xff,
    0x5d, 0x61, 0x0b, 0xff, 0x5d, 0x61, 0x0b, 0xff, 0x5d, 0x61, 0x0b, 0xff, 0x5d, 0x61, 0x0b, 0xff,
    0x5a, 0x5d, 0x0e, 0xff, 0x5a, 0x5d, 0x0e, 0xff, 0x1c, 0x1c, 0x12, 0xff, 0x1c, 0x1c, 0x12, 0xff,
    0x17, 0x16, 0x0d, 0xff, 0x17, 0x16, 0x0d, 0xff, 0x5c, 0x60, 0x0b, 0xff, 0x5c, 0x60, 0x0b, 0xff,
    0x5d, 0x61, 0x0b, 0xff, 0x5d, 0x61, 0x0b, 0xff, 0x5d, 0x62, 0x0b, 0xff, 0x5d, 0x62, 0x0b, 0xff,
    0x5c, 0x60, 0x0a, 0xff, 0x5c, 0x60, 0x0a, 0xff, 0x5d, 0x61, 0x0a, 0xff, 0x5d, 0x61, 0x0a, 0xff,
    0x5d, 0x62, 0x0b, 0xff, 0x5d, 0x62, 0x0b, 0xff, 0x5c, 0x61, 0x0b, 0xff, 0x5c, 0x61, 0x0b, 0xff,
    0x5d, 0x61, 0x0b, 0xff, 0x5d, 0x61, 0x0b, 0xff, 0x5c, 0x5f, 0x0b, 0xff, 0x5c, 0x5f, 0x0b, 0xff,
    0x59, 0x5e, 0x0a, 0xff, 0x59, 0x5e, 0x0a, 0xff, 0x1b, 0x1b, 0x10, 0xff, 0x1b, 0x1b, 0x10, 0xff,
    0x23, 0x24, 0x12, 0xff, 0x23, 0x24, 0x12, 0xff, 0x5d, 0x61, 0x0b, 0xff, 0x5d, 0x61, 0x0b, 0xff,
    0x5d, 0x61, 0x0b, 0xff, 0x5d, 0x61, 0x0b, 0xff, 0x5d, 0x61, 0x0b, 0xff, 0x5d, 0x61, 0x0b, 0xff,
    0x5c, 0x60, 0x0b, 0xff, 0x5c, 0x60, 0x0b, 0xff, 0x23, 0x22, 0x01, 0xff, 0x23, 0x22, 0x01, 0xff,
    0x00, 0x00, 0x00, 0x00, 0x00, 0x00, 0x00, 0x00, 0x00, 0x00, 0x00, 0x00, 0x00, 0x00, 0x00, 0x00,
    0x00, 0x00, 0x00, 0x00, 0x00, 0x00, 0x00, 0x00, 0x00, 0x00, 0x00, 0x00, 0x00, 0x00, 0x00, 0x00,
    0x00, 0x00, 0x00, 0x00, 0x00, 0x00, 0x00, 0x00, 0x00, 0x00, 0x00, 0x00, 0x00, 0x00, 0x00, 0x00,
    0x00, 0x00, 0x00, 0x00, 0x00, 0x00, 0x00, 0x00, 0x21, 0x21, 0x01, 0xff, 0x21, 0x21, 0x01, 0xff,
    0x5b, 0x5f, 0x0b, 0xff, 0x5b, 0x5f, 0x0b, 0xff, 0x5d, 0x61, 0x0b, 0xff, 0x5d, 0x61, 0x0b, 0xff,
    0x5d, 0x61, 0x0b, 0xff, 0x5d, 0x61, 0x0b, 0xff, 0x5d, 0x61, 0x0b, 0xff, 0x5d, 0x61, 0x0b, 0xff,
    0x5a, 0x5d, 0x0e, 0xff, 0x5a, 0x5d, 0x0e, 0xff, 0x1c, 0x1c, 0x12, 0xff, 0x1c, 0x1c, 0x12, 0xff,
    0x17, 0x16, 0x0d, 0xff, 0x17, 0x16, 0x0d, 0xff, 0x5c, 0x60, 0x0b, 0xff, 0x5c, 0x60, 0x0b, 0xff,
    0x5d, 0x61, 0x0b, 0xff, 0x5d, 0x61, 0x0b, 0xff, 0x5d, 0x62, 0x0b, 0xff, 0x5d, 0x62, 0x0b, 0xff,
    0x5c, 0x60, 0x0a, 0xff, 0x5c, 0x60, 0x0a, 0xff, 0x5d, 0x61, 0x0a, 0xff, 0x5d, 0x61, 0x0a, 0xff,
    0x5d, 0x62, 0x0b, 0xff, 0x5d, 0x62, 0x0b, 0xff, 0x5c, 0x61, 0x0b, 0xff, 0x5c, 0x61, 0x0b, 0xff,
    0x5d, 0x61, 0x0b, 0xff, 0x5d, 0x61, 0x0b, 0xff, 0x5c, 0x5f, 0x0b, 0xff, 0x5c, 0x5f, 0x0b, 0xff,
    0x59, 0x5e, 0x0a, 0xff, 0x59, 0x5e, 0x0a, 0xff, 0x1b, 0x1b, 0x10, 0xff, 0x1b, 0x1b, 0x10, 0xff,
    0x23, 0x24, 0x12, 0xff, 0x23, 0x24, 0x12, 0xff, 0x5d, 0x61, 0x0b, 0xff, 0x5d, 0x61, 0x0b, 0xff,
    0x5d, 0x61, 0x0b, 0xff, 0x5d, 0x61, 0x0b, 0xff, 0x5d, 0x61, 0x0b, 0xff, 0x5d, 0x61, 0x0b, 0xff,
    0x5c, 0x60, 0x0b, 0xff, 0x5c, 0x60, 0x0b, 0xff, 0x23, 0x22, 0x01, 0xff, 0x23, 0x22, 0x01, 0xff,
    0x00, 0x00, 0x00, 0x00, 0x00, 0x00, 0x00, 0x00, 0x00, 0x00, 0x00, 0x00, 0x00, 0x00, 0x00, 0x00,
    0x00, 0x00, 0x00, 0x00, 0x00, 0x00, 0x00, 0x00, 0x00, 0x00, 0x00, 0x00, 0x00, 0x00, 0x00, 0x00,
    0x00, 0x00, 0x00, 0x00, 0x00, 0x00, 0x00, 0x00, 0x00, 0x00, 0x00, 0x00, 0x00, 0x00, 0x00, 0x00,
    0x00, 0x00, 0x00, 0x00, 0x00, 0x00, 0x00, 0x00, 0x21, 0x22, 0x01, 0xff, 0x21, 0x22, 0x01, 0xff,
    0x5c, 0x60, 0x0b, 0xff, 0x5c, 0x60, 0x0b, 0xff, 0x5d, 0x60, 0x0b, 0xff, 0x5d, 0x60, 0x0b, 0xff,
    0x5d, 0x61, 0x0b, 0xff, 0x5d, 0x61, 0x0b, 0xff, 0x5c, 0x60, 0x0b, 0xff, 0x5c, 0x60, 0x0b, 0xff,
    0x25, 0x26, 0x16, 0xff, 0x25, 0x26, 0x16, 0xff, 0xe8, 0xf9, 0xfd, 0xff, 0xe8, 0xf9, 0xfd, 0xff,
    0x18, 0x17, 0x0d, 0xff, 0x18, 0x17, 0x0d, 0xff, 0x5b, 0x5d, 0x09, 0xff, 0x5b, 0x5d, 0x09, 0xff,
    0x5d, 0x61, 0x0b, 0xff, 0x5d, 0x61, 0x0b, 0xff, 0x5d, 0x61, 0x0b, 0xff, 0x5d, 0x61, 0x0b, 0xff,
    0x5d, 0x61, 0x0b, 0xff, 0x5d, 0x61, 0x0b, 0xff, 0x5d, 0x60, 0x0b, 0xff, 0x5d, 0x60, 0x0b, 0xff,
    0x5d, 0x61, 0x0b, 0xff, 0x5d, 0x61, 0x0b, 0xff, 0x5d, 0x60, 0x0b, 0xff, 0x5d, 0x60, 0x0b, 0xff,
    0x5d, 0x61, 0x0b, 0xff, 0x5d, 0x61, 0x0b, 0xff, 0x5d, 0x60, 0x0b, 0xff, 0x5d, 0x60, 0x0b, 0xff,
    0x1b, 0x1b, 0x0f, 0xff, 0x1b, 0x1b, 0x0f, 0xff, 0xe8, 0xf9, 0xfd, 0xff, 0xe8, 0xf9, 0xfd, 0xff,
    0x17, 0x17, 0x0e, 0xff, 0x17, 0x17, 0x0e, 0xff, 0x5c, 0x60, 0x0b, 0xff, 0x5c, 0x60, 0x0b, 0xff,
    0x5d, 0x61, 0x0b, 0xff, 0x5d, 0x61, 0x0b, 0xff, 0x5d, 0x61, 0x0b, 0xff, 0x5d, 0x61, 0x0b, 0xff,
    0x5c, 0x60, 0x0b, 0xff, 0x5c, 0x60, 0x0b, 0xff, 0x23, 0x23, 0x02, 0xff, 0x23, 0x23, 0x02, 0xff,
    0x00, 0x00, 0x00, 0x00, 0x00, 0x00, 0x00, 0x00, 0x00, 0x00, 0x00, 0x00, 0x00, 0x00, 0x00, 0x00,
    0x00, 0x00, 0x00, 0x00, 0x00, 0x00, 0x00, 0x00, 0x00, 0x00, 0x00, 0x00, 0x00, 0x00, 0x00, 0x00,
    0x00, 0x00, 0x00, 0x00, 0x00, 0x00, 0x00, 0x00, 0x00, 0x00, 0x00, 0x00, 0x00, 0x00, 0x00, 0x00,
    0x00, 0x00, 0x00, 0x00, 0x00, 0x00, 0x00, 0x00, 0x21, 0x22, 0x01, 0xff, 0x21, 0x22, 0x01, 0xff,
    0x5c, 0x60, 0x0b, 0xff, 0x5c, 0x60, 0x0b, 0xff, 0x5d, 0x60, 0x0b, 0xff, 0x5d, 0x60, 0x0b, 0xff,
    0x5d, 0x61, 0x0b, 0xff, 0x5d, 0x61, 0x0b, 0xff, 0x5c, 0x60, 0x0b, 0xff, 0x5c, 0x60, 0x0b, 0xff,
    0x25, 0x26, 0x16, 0xff, 0x25, 0x26, 0x16, 0xff, 0xe8, 0xf9, 0xfd, 0xff, 0xe8, 0xf9, 0xfd, 0xff,
    0x18, 0x17, 0x0d, 0xff, 0x18, 0x17, 0x0d, 0xff, 0x5b, 0x5d, 0x09, 0xff, 0x5b, 0x5d, 0x09, 0xff,
    0x5d, 0x61, 0x0b, 0xff, 0x5d, 0x61, 0x0b, 0xff, 0x5d, 0x61, 0x0b, 0xff, 0x5d, 0x61, 0x0b, 0xff,
    0x5d, 0x61, 0x0b, 0xff, 0x5d, 0x61, 0x0b, 0xff, 0x5d, 0x60, 0x0b, 0xff, 0x5d, 0x60, 0x0b, 0xff,
    0x5d, 0x61, 0x0b, 0xff, 0x5d, 0x61, 0x0b, 0xff, 0x5d, 0x60, 0x0b, 0xff, 0x5d, 0x60, 0x0b, 0xff,
    0x5d, 0x61, 0x0b, 0xff, 0x5d, 0x61, 0x0b, 0xff, 0x5d, 0x60, 0x0b, 0xff, 0x5d, 0x60, 0x0b, 0xff,
    0x1b, 0x1b, 0x0f, 0xff, 0x1b, 0x1b, 0x0f, 0xff, 0xe8, 0xf9, 0xfd, 0xff, 0xe8, 0xf9, 0xfd, 0xff,
    0x17, 0x17, 0x0e, 0xff, 0x17, 0x17, 0x0e, 0xff, 0x5c, 0x60, 0x0b, 0xff, 0x5c, 0x60, 0x0b, 0xff,
    0x5d, 0x61, 0x0b, 0xff, 0x5d, 0x61, 0x0b, 0xff, 0x5d, 0x61, 0x0b, 0xff, 0x5d, 0x61, 0x0b, 0xff,
    0x5c, 0x60, 0x0b, 0xff, 0x5c, 0x60, 0x0b, 0xff, 0x23, 0x23, 0x02, 0xff, 0x23, 0x23, 0x02, 0xff,
    0x00, 0x00, 0x00, 0x00, 0x00, 0x00, 0x00, 0x00, 0x00, 0x00, 0x00, 0x00, 0x00, 0x00, 0x00, 0x00,
    0x00, 0x00, 0x00, 0x00, 0x00, 0x00, 0x00, 0x00, 0x00, 0x00, 0x00, 0x00, 0x00, 0x00, 0x00, 0x00,
    0x00, 0x00, 0x00, 0x00, 0x00, 0x00, 0x00, 0x00, 0x00, 0x00, 0x00, 0x00, 0x00, 0x00, 0x00, 0x00,
    0x00, 0x00, 0x00, 0x00, 0x00, 0x00, 0x00, 0x00, 0x22, 0x23, 0x02, 0xff, 0x22, 0x23, 0x02, 0xff,
    0x5d, 0x60, 0x0b, 0xff, 0x5d, 0x60, 0x0b, 0xff, 0x5d, 0x61, 0x0b, 0xff, 0x5d, 0x61, 0x0b, 0xff,
    0x5e, 0x61, 0x0c, 0xff, 0x5e, 0x61, 0x0c, 0xff, 0x5c, 0x60, 0x0b, 0xff, 0x5c, 0x60, 0x0b, 0xff,
    0x16, 0x16, 0x0d, 0xff, 0x16, 0x16, 0x0d, 0xff, 0x16, 0x16, 0x0d, 0xff, 0x16, 0x16, 0x0d, 0xff,
    0x15, 0x15, 0x0c, 0xff, 0x15, 0x15, 0x0c, 0xff, 0x5f, 0x63, 0x0a, 0xff, 0x5f, 0x63, 0x0a, 0xff,
    0x5e, 0x62, 0x0c, 0xff, 0x5e, 0x62, 0x0c, 0xff, 0x5c, 0x60, 0x0b, 0xff, 0x5c, 0x60, 0x0b, 0xff,
    0x5d, 0x61, 0x0b, 0xff, 0x5d, 0x61, 0x0b, 0xff, 0x5d, 0x61, 0x0b, 0xff, 0x5d, 0x61, 0x0b, 0xff,
    0x5d, 0x61, 0x0c, 0xff, 0x5d, 0x61, 0x0c, 0xff, 0x5d, 0x61, 0x0b, 0xff, 0x5d, 0x61, 0x0b, 0xff,
    0x5d, 0x61, 0x0b, 0xff, 0x5d, 0x61, 0x0b, 0xff, 0x5d, 0x61, 0x0b, 0xff, 0x5d, 0x61, 0x0b, 0xff,
    0x15, 0x15, 0x0c, 0xff, 0x15, 0x15, 0x0c, 0xff, 0x15, 0x15, 0x0c, 0xff, 0x15, 0x15, 0x0c, 0xff,
    0x14, 0x15, 0x0c, 0xff, 0x14, 0x15, 0x0c, 0xff, 0x5c, 0x60, 0x0b, 0xff, 0x5c, 0x60, 0x0b, 0xff,
    0x5d, 0x61, 0x0c, 0xff, 0x5d, 0x61, 0x0c, 0xff, 0x5d, 0x62, 0x0c, 0xff, 0x5d, 0x62, 0x0c, 0xff,
    0x5c, 0x61, 0x0b, 0xff, 0x5c, 0x61, 0x0b, 0xff, 0x24, 0x23, 0x01, 0xff, 0x24, 0x23, 0x01, 0xff,
    0x00, 0x00, 0x00, 0x00, 0x00, 0x00, 0x00, 0x00, 0x00, 0x00, 0x00, 0x00, 0x00, 0x00, 0x00, 0x00,
    0x00, 0x00, 0x00, 0x00, 0x00, 0x00, 0x00, 0x00, 0x00, 0x00, 0x00, 0x00, 0x00, 0x00, 0x00, 0x00,
    0x00, 0x00, 0x00, 0x00, 0x00, 0x00, 0x00, 0x00, 0x00, 0x00, 0x00, 0x00, 0x00, 0x00, 0x00, 0x00,
    0x00, 0x00, 0x00, 0x00, 0x00, 0x00, 0x00, 0x00, 0x22, 0x23, 0x02, 0xff, 0x22, 0x23, 0x02, 0xff,
    0x5d, 0x60, 0x0b, 0xff, 0x5d, 0x60, 0x0b, 0xff, 0x5d, 0x61, 0x0b, 0xff, 0x5d, 0x61, 0x0b, 0xff,
    0x5e, 0x61, 0x0c, 0xff, 0x5e, 0x61, 0x0c, 0xff, 0x5c, 0x60, 0x0b, 0xff, 0x5c, 0x60, 0x0b, 0xff,
    0x16, 0x16, 0x0d, 0xff, 0x16, 0x16, 0x0d, 0xff, 0x16, 0x16, 0x0d, 0xff, 0x16, 0x16, 0x0d, 0xff,
    0x15, 0x15, 0x0c, 0xff, 0x15, 0x15, 0x0c, 0xff, 0x5f, 0x63, 0x0a, 0xff, 0x5f, 0x63, 0x0a, 0xff,
    0x5e, 0x62, 0x0c, 0xff, 0x5e, 0x62, 0x0c, 0xff, 0x5c, 0x60, 0x0b, 0xff, 0x5c, 0x60, 0x0b, 0xff,
    0x5d, 0x61, 0x0b, 0xff, 0x5d, 0x61, 0x0b, 0xff, 0x5d, 0x61, 0x0b, 0xff, 0x5d, 0x61, 0x0b, 0xff,
    0x5d, 0x61, 0x0c, 0xff, 0x5d, 0x61, 0x0c, 0xff, 0x5d, 0x61, 0x0b, 0xff, 0x5d, 0x61, 0x0b, 0xff,
    0x5d, 0x61, 0x0b, 0xff, 0x5d, 0x61, 0x0b, 0xff, 0x5d, 0x61, 0x0b, 0xff, 0x5d, 0x61, 0x0b, 0xff,
    0x15, 0x15, 0x0c, 0xff, 0x15, 0x15, 0x0c, 0xff, 0x15, 0x15, 0x0c, 0xff, 0x15, 0x15, 0x0c, 0xff,
    0x14, 0x15, 0x0c, 0xff, 0x14, 0x15, 0x0c, 0xff, 0x5c, 0x60, 0x0b, 0xff, 0x5c, 0x60, 0x0b, 0xff,
    0x5d, 0x61, 0x0c, 0xff, 0x5d, 0x61, 0x0c, 0xff, 0x5d, 0x62, 0x0c, 0xff, 0x5d, 0x62, 0x0c, 0xff,
    0x5c, 0x61, 0x0b, 0xff, 0x5c, 0x61, 0x0b, 0xff, 0x24, 0x23, 0x01, 0xff, 0x24, 0x23, 0x01, 0xff,
    0x00, 0x00, 0x00, 0x00, 0x00, 0x00, 0x00, 0x00, 0x00, 0x00, 0x00, 0x00, 0x00, 0x00, 0x00, 0x00,
    0x00, 0x00, 0x00, 0x00, 0x00, 0x00, 0x00, 0x00, 0x00, 0x00, 0x00, 0x00, 0x00, 0x00, 0x00, 0x00,
    0x00, 0x00, 0x00, 0x00, 0x00, 0x00, 0x00, 0x00, 0x00, 0x00, 0x00, 0x00, 0x00, 0x00, 0x00, 0x00,
    0x00, 0x00, 0x00, 0x00, 0x00, 0x00, 0x00, 0x00, 0x21, 0x22, 0x01, 0xff, 0x21, 0x22, 0x01, 0xff,
    0x5c, 0x60, 0x0b, 0xff, 0x5c, 0x60, 0x0b, 0xff, 0x5e, 0x61, 0x0c, 0xff, 0x5e, 0x61, 0x0c, 0xff,
    0x5e, 0x62, 0x0b, 0xff, 0x5e, 0x62, 0x0b, 0xff, 0x5d, 0x61, 0x0b, 0xff, 0x5d, 0x61, 0x0b, 0xff,
    0x58, 0x5d, 0x0c, 0xff, 0x58, 0x5d, 0x0c, 0xff, 0x15, 0x15, 0x0d, 0xff, 0x15, 0x15, 0x0d, 0xff,
    0x16, 0x17, 0x0e, 0xff, 0x16, 0x17, 0x0e, 0xff, 0x60, 0x64, 0x0d, 0xff, 0x60, 0x64, 0x0d, 0xff,
    0x5d, 0x61, 0x0c, 0xff, 0x5d, 0x61, 0x0c, 0xff, 0x1f, 0x1f, 0x02, 0xff, 0x1f, 0x1f, 0x02, 0xff,
    0x5d, 0x61, 0x0b, 0xff, 0x5d, 0x61, 0x0b, 0xff, 0x5e, 0x62, 0x0c, 0xff, 0x5e, 0x62, 0x0c, 0xff,
    0x5e, 0x62, 0x0c, 0xff, 0x5e, 0x62, 0x0c, 0xff, 0x24, 0x24, 0x02, 0xff, 0x24, 0x24, 0x02, 0xff,
    0x5d, 0x60, 0x0b, 0xff, 0x5d, 0x60, 0x0b, 0xff, 0x5e, 0x62, 0x0b, 0xff, 0x5e, 0x62, 0x0b, 0xff,
    0x5d, 0x62, 0x0c, 0xff, 0x5d, 0x62, 0x0c, 0xff, 0x15, 0x15, 0x0c, 0xff, 0x15, 0x15, 0x0c, 0xff,
    0x15, 0x16, 0x0d, 0xff, 0x15, 0x16, 0x0d, 0xff, 0x5d, 0x61, 0x0b, 0xff, 0x5d, 0x61, 0x0b, 0xff,
    0x5e, 0x62, 0x0c, 0xff, 0x5e, 0x62, 0x0c, 0xff, 0x5d, 0x62, 0x0b, 0xff, 0x5d, 0x62, 0x0b, 0xff,
    0x5d, 0x61, 0x0c, 0xff, 0x5d, 0x61, 0x0c, 0xff, 0x23, 0x22, 0x01, 0xff, 0x23, 0x22, 0x01, 0xff,
    0x00, 0x00, 0x00, 0x00, 0x00, 0x00, 0x00, 0x00, 0x00, 0x00, 0x00, 0x00, 0x00, 0x00, 0x00, 0x00,
    0x00, 0x00, 0x00, 0x00, 0x00, 0x00, 0x00, 0x00, 0x00, 0x00, 0x00, 0x00, 0x00, 0x00, 0x00, 0x00,
    0x00, 0x00, 0x00, 0x00, 0x00, 0x00, 0x00, 0x00, 0x00, 0x00, 0x00, 0x00, 0x00, 0x00, 0x00, 0x00,
    0x00, 0x00, 0x00, 0x00, 0x00, 0x00, 0x00, 0x00, 0x21, 0x22, 0x01, 0xff, 0x21, 0x22, 0x01, 0xff,
    0x5c, 0x60, 0x0b, 0xff, 0x5c, 0x60, 0x0b, 0xff, 0x5e, 0x61, 0x0c, 0xff, 0x5e, 0x61, 0x0c, 0xff,
    0x5e, 0x62, 0x0b, 0xff, 0x5e, 0x62, 0x0b, 0xff, 0x5d, 0x61, 0x0b, 0xff, 0x5d, 0x61, 0x0b, 0xff,
    0x58, 0x5d, 0x0c, 0xff, 0x58, 0x5d, 0x0c, 0xff, 0x15, 0x15, 0x0d, 0xff, 0x15, 0x15, 0x0d, 0xff,
    0x16, 0x17, 0x0e, 0xff, 0x16, 0x17, 0x0e, 0xff, 0x60, 0x64, 0x0d, 0xff, 0x60, 0x64, 0x0d, 0xff,
    0x5d, 0x61, 0x0c, 0xff, 0x5d, 0x61, 0x0c, 0xff, 0x1f, 0x1f, 0x02, 0xff, 0x1f, 0x1f, 0x02, 0xff,
    0x5d, 0x61, 0x0b, 0xff, 0x5d, 0x61, 0x0b, 0xff, 0x5e, 0x62, 0x0c, 0xff, 0x5e, 0x62, 0x0c, 0xff,
    0x5e, 0x62, 0x0c, 0xff, 0x5e, 0x62, 0x0c, 0xff, 0x24, 0x24, 0x02, 0xff, 0x24, 0x24, 0x02, 0xff,
    0x5d, 0x60, 0x0b, 0xff, 0x5d, 0x60, 0x0b, 0xff, 0x5e, 0x62, 0x0b, 0xff, 0x5e, 0x62, 0x0b, 0xff,
    0x5d, 0x62, 0x0c, 0xff, 0x5d, 0x62, 0x0c, 0xff, 0x15, 0x15, 0x0c, 0xff, 0x15, 0x15, 0x0c, 0xff,
    0x15, 0x16, 0x0d, 0xff, 0x15, 0x16, 0x0d, 0xff, 0x5d, 0x61, 0x0b, 0xff, 0x5d, 0x61, 0x0b, 0xff,
    0x5e, 0x62, 0x0c, 0xff, 0x5e, 0x62, 0x0c, 0xff, 0x5d, 0x62, 0x0b, 0xff, 0x5d, 0x62, 0x0b, 0xff,
    0x5d, 0x61, 0x0c, 0xff, 0x5d, 0x61, 0x0c, 0xff, 0x23, 0x22, 0x01, 0xff, 0x23, 0x22, 0x01, 0xff,
    0x00, 0x00, 0x00, 0x00, 0x00, 0x00, 0x00, 0x00, 0x00, 0x00, 0x00, 0x00, 0x00, 0x00, 0x00, 0x00,
    0x00, 0x00, 0x00, 0x00, 0x00, 0x00, 0x00, 0x00, 0x00, 0x00, 0x00, 0x00, 0x00, 0x00, 0x00, 0x00,
    0x00, 0x00, 0x00, 0x00, 0x00, 0x00, 0x00, 0x00, 0x00, 0x00, 0x00, 0x00, 0x00, 0x00, 0x00, 0x00,
    0x00, 0x00, 0x00, 0x00, 0x00, 0x00, 0x00, 0x00, 0x22, 0x22, 0x02, 0xff, 0x22, 0x22, 0x02, 0xff,
    0x5c, 0x60, 0x0b, 0xff, 0x5c, 0x60, 0x0b, 0xff, 0x5e, 0x62, 0x0c, 0xff, 0x5e, 0x62, 0x0c, 0xff,
    0x5e, 0x62, 0x0c, 0xff, 0x5e, 0x62, 0x0c, 0xff, 0x5b, 0x60, 0x0b, 0xff, 0x5b, 0x60, 0x0b, 0xff,
    0x57, 0x5c, 0x0a, 0xff, 0x57, 0x5c, 0x0a, 0xff, 0x5d, 0x62, 0x0c, 0xff, 0x5d, 0x62, 0x0c, 0xff,
    0x5c, 0x61, 0x0b, 0xff, 0x5c, 0x61, 0x0b, 0xff, 0x5d, 0x62, 0x0c, 0xff, 0x5d, 0x62, 0x0c, 0xff,
    0x5d, 0x61, 0x0c, 0xff, 0x5d, 0x61, 0x0c, 0xff, 0x20, 0x21, 0x02, 0xff, 0x20, 0x21, 0x02, 0xff,
    0x31, 0x32, 0x02, 0xff, 0x31, 0x32, 0x02, 0xff, 0x5c, 0x5f, 0x0b, 0xff, 0x5c, 0x5f, 0x0b, 0xff,
    0x5b, 0x60, 0x0c, 0xff, 0x5b, 0x60, 0x0c, 0xff, 0x22, 0x23, 0x02, 0xff, 0x22, 0x23, 0x02, 0xff,
    0x5d, 0x60, 0x0b, 0xff, 0x5d, 0x60, 0x0b, 0xff, 0x5e, 0x62, 0x0c, 0xff, 0x5e, 0x62, 0x0c, 0xff,
    0x5e, 0x63, 0x0c, 0xff, 0x5e, 0x63, 0x0c, 0xff, 0x5c, 0x61, 0x0b, 0xff, 0x5c, 0x61, 0x0b, 0xff,
    0x63, 0x6b, 0x12, 0xff, 0x63, 0x6b, 0x12, 0xff, 0x5b, 0x61, 0x09, 0xff, 0x5b, 0x61, 0x09, 0xff,
    0x5d, 0x62, 0x0c, 0xff, 0x5d, 0x62, 0x0c, 0xff, 0x5d, 0x62, 0x0b, 0xff, 0x5d, 0x62, 0x0b, 0xff,
    0x5d, 0x62, 0x0c, 0xff, 0x5d, 0x62, 0x0c, 0xff, 0x22, 0x21, 0x01, 0xff, 0x22, 0x21, 0x01, 0xff,
    0x00, 0x00, 0x00, 0x00, 0x00, 0x00, 0x00, 0x00, 0x00, 0x00, 0x00, 0x00, 0x00, 0x00, 0x00, 0x00,
    0x00, 0x00, 0x00, 0x00, 0x00, 0x00, 0x00, 0x00, 0x00, 0x00, 0x00, 0x00, 0x00, 0x00, 0x00, 0x00,
    0x00, 0x00, 0x00, 0x00, 0x00, 0x00, 0x00, 0x00, 0x00, 0x00, 0x00, 0x00, 0x00, 0x00, 0x00, 0x00,
    0x00, 0x00, 0x00, 0x00, 0x00, 0x00, 0x00, 0x00, 0x22, 0x22, 0x02, 0xff, 0x22, 0x22, 0x02, 0xff,
    0x5c, 0x60, 0x0b, 0xff, 0x5c, 0x60, 0x0b, 0xff, 0x5e, 0x62, 0x0c, 0xff, 0x5e, 0x62, 0x0c, 0xff,
    0x5e, 0x62, 0x0c, 0xff, 0x5e, 0x62, 0x0c, 0xff, 0x5b, 0x60, 0x0b, 0xff, 0x5b, 0x60, 0x0b, 0xff,
    0x57, 0x5c, 0x0a, 0xff, 0x57, 0x5c, 0x0a, 0xff, 0x5d, 0x62, 0x0c, 0xff, 0x5d, 0x62, 0x0c, 0xff,
    0x5c, 0x61, 0x0b, 0xff, 0x5c, 0x61, 0x0b, 0xff, 0x5d, 0x62, 0x0c, 0xff, 0x5d, 0x62, 0x0c, 0xff,
    0x5d, 0x61, 0x0c, 0xff, 0x5d, 0x61, 0x0c, 0xff, 0x20, 0x21, 0x02, 0xff, 0x20, 0x21, 0x02, 0xff,
    0x31, 0x32, 0x02, 0xff, 0x31, 0x32, 0x02, 0xff, 0x5c, 0x5f, 0x0b, 0xff, 0x5c, 0x5f, 0x0b, 0xff,
    0x5b, 0x60, 0x0c, 0xff, 0x5b, 0x60, 0x0c, 0xff, 0x22, 0x23, 0x02, 0xff, 0x22, 0x23, 0x02, 0xff,
    0x5d, 0x60, 0x0b, 0xff, 0x5d, 0x60, 0x0b, 0xff, 0x5e, 0x62, 0x0c, 0xff, 0x5e, 0x62, 0x0c, 0xff,
    0x5e, 0x63, 0x0c, 0xff, 0x5e, 0x63, 0x0c, 0xff, 0x5c, 0x61, 0x0b, 0xff, 0x5c, 0x61, 0x0b, 0xff,
    0x63, 0x6b, 0x12, 0xff, 0x63, 0x6b, 0x12, 0xff, 0x5b, 0x61, 0x09, 0xff, 0x5b, 0x61, 0x09, 0xff,
    0x5d, 0x62, 0x0c, 0xff, 0x5d, 0x62, 0x0c, 0xff, 0x5d, 0x62, 0x0b, 0xff, 0x5d, 0x62, 0x0b, 0xff,
    0x5d, 0x62, 0x0c, 0xff, 0x5d, 0x62, 0x0c, 0xff, 0x22, 0x21, 0x01, 0xff, 0x22, 0x21, 0x01, 0xff,
    0x00, 0x00, 0x00, 0x00, 0x00, 0x00, 0x00, 0x00, 0x00, 0x00, 0x00, 0x00, 0x00, 0x00, 0x00, 0x00,
    0x00, 0x00, 0x00, 0x00, 0x00, 0x00, 0x00, 0x00, 0x00, 0x00, 0x00, 0x00, 0x00, 0x00, 0x00, 0x00,
    0x00, 0x00, 0x00, 0x00, 0x00, 0x00, 0x00, 0x00, 0x00, 0x00, 0x00, 0x00, 0x00, 0x00, 0x00, 0x00,
    0x00, 0x00, 0x00, 0x00, 0x00, 0x00, 0x00, 0x00, 0x21, 0x22, 0x02, 0xff, 0x21, 0x22, 0x02, 0xff,
    0x5c, 0x61, 0x0b, 0xff, 0x5c, 0x61, 0x0b, 0xff, 0x5f, 0x62, 0x0c, 0xff, 0x5f, 0x62, 0x0c, 0xff,
    0x5f, 0x63, 0x0c, 0xff, 0x5f, 0x63, 0x0c, 0xff, 0x5c, 0x60, 0x0a, 0xff, 0x5c, 0x60, 0x0a, 0xff,
    0x76, 0x7e, 0x9a, 0xff, 0x76, 0x7e, 0x9a, 0xff, 0x5d, 0x61, 0x0b, 0xff, 0x5d, 0x61, 0x0b, 0xff,
    0x5d, 0x61, 0x0b, 0xff, 0x5d, 0x61, 0x0b, 0xff, 0x5d, 0x62, 0x0b, 0xff, 0x5d, 0x62, 0x0b, 0xff,
    0x5e, 0x62, 0x0b, 0xff, 0x5e, 0x62, 0x0b, 0xff, 0x61, 0x66, 0x0c, 0xff, 0x61, 0x66, 0x0c, 0xff,
    0x1f, 0x20, 0x01, 0xff, 0x1f, 0x20, 0x01, 0xff, 0x1e, 0x1f, 0x01, 0xff, 0x1e, 0x1f, 0x01, 0xff,
    0x1d, 0x1f, 0x01, 0xff, 0x1d, 0x1f, 0x01, 0xff, 0x59, 0x5d, 0x09, 0xff, 0x59, 0x5d, 0x09, 0xff,
    0x5d, 0x61, 0x0b, 0xff, 0x5d, 0x61, 0x0b, 0xff, 0x5e, 0x62, 0x0c, 0xff, 0x5e, 0x62, 0x0c, 0xff,
    0x5d, 0x61, 0x0c, 0xff, 0x5d, 0x61, 0x0c, 0xff, 0x5e, 0x61, 0x0c, 0xff, 0x5e, 0x61, 0x0c, 0xff,
    0x74, 0x7c, 0x99, 0xff, 0x74, 0x7c, 0x99, 0xff, 0x73, 0x7c, 0x97, 0xff, 0x73, 0x7c, 0x97, 0xff,
    0x5d, 0x61, 0x0b, 0xff, 0x5d, 0x61, 0x0b, 0xff, 0x5e, 0x62, 0x0c, 0xff, 0x5e, 0x62, 0x0c, 0xff,
    0x5d, 0x62, 0x0c, 0xff, 0x5d, 0x62, 0x0c, 0xff, 0x23, 0x23, 0x01, 0xff, 0x23, 0x23, 0x01, 0xff,
    0x00, 0x00, 0x00, 0x00, 0x00, 0x00, 0x00, 0x00, 0x00, 0x00, 0x00, 0x00, 0x00, 0x00, 0x00, 0x00,
    0x00, 0x00, 0x00, 0x00, 0x00, 0x00, 0x00, 0x00, 0x00, 0x00, 0x00, 0x00, 0x00, 0x00, 0x00, 0x00,
    0x00, 0x00, 0x00, 0x00, 0x00, 0x00, 0x00, 0x00, 0x00, 0x00, 0x00, 0x00, 0x00, 0x00, 0x00, 0x00,
    0x00, 0x00, 0x00, 0x00, 0x00, 0x00, 0x00, 0x00, 0x21, 0x22, 0x02, 0xff, 0x21, 0x22, 0x02, 0xff,
    0x5c, 0x61, 0x0b, 0xff, 0x5c, 0x61, 0x0b, 0xff, 0x5f, 0x62, 0x0c, 0xff, 0x5f, 0x62, 0x0c, 0xff,
    0x5f, 0x63, 0x0c, 0xff, 0x5f, 0x63, 0x0c, 0xff, 0x5c, 0x60, 0x0a, 0xff, 0x5c, 0x60, 0x0a, 0xff,
    0x76, 0x7e, 0x9a, 0xff, 0x76, 0x7e, 0x9a, 0xff, 0x5d, 0x61, 0x0b, 0xff, 0x5d, 0x61, 0x0b, 0xff,
    0x5d, 0x61, 0x0b, 0xff, 0x5d, 0x61, 0x0b, 0xff, 0x5d, 0x62, 0x0b, 0xff, 0x5d, 0x62, 0x0b, 0xff,
    0x5e, 0x62, 0x0b, 0xff, 0x5e, 0x62, 0x0b, 0xff, 0x61, 0x66, 0x0c, 0xff, 0x61, 0x66, 0x0c, 0xff,
    0x1f, 0x20, 0x01, 0xff, 0x1f, 0x20, 0x01, 0xff, 0x1e, 0x1f, 0x01, 0xff, 0x1e, 0x1f, 0x01, 0xff,
    0x1d, 0x1f, 0x01, 0xff, 0x1d, 0x1f, 0x01, 0xff, 0x59, 0x5d, 0x09, 0xff, 0x59, 0x5d, 0x09, 0xff,
    0x5d, 0x61, 0x0b, 0xff, 0x5d, 0x61, 0x0b, 0xff, 0x5e, 0x62, 0x0c, 0xff, 0x5e, 0x62, 0x0c, 0xff,
    0x5d, 0x61, 0x0c, 0xff, 0x5d, 0x61, 0x0c, 0xff, 0x5e, 0x61, 0x0c, 0xff, 0x5e, 0x61, 0x0c, 0xff,
    0x74, 0x7c, 0x99, 0xff, 0x74, 0x7c, 0x99, 0xff, 0x73, 0x7c, 0x97, 0xff, 0x73, 0x7c, 0x97, 0xff,
    0x5d, 0x61, 0x0b, 0xff, 0x5d, 0x61, 0x0b, 0xff, 0x5e, 0x62, 0x0c, 0xff, 0x5e, 0x62, 0x0c, 0xff,
    0x5d, 0x62, 0x0c, 0xff, 0x5d, 0x62, 0x0c, 0xff, 0x23, 0x23, 0x01, 0xff, 0x23, 0x23, 0x01, 0xff,
    0x00, 0x00, 0x00, 0x00, 0x00, 0x00, 0x00, 0x00, 0x00, 0x00, 0x00, 0x00, 0x00, 0x00, 0x00, 0x00,
    0x00, 0x00, 0x00, 0x00, 0x00, 0x00, 0x00, 0x00, 0x00, 0x00, 0x00, 0x00, 0x00, 0x00, 0x00, 0x00,
    0x00, 0x00, 0x00, 0x00, 0x00, 0x00, 0x00, 0x00, 0x00, 0x00, 0x00, 0x00, 0x00, 0x00, 0x00, 0x00,
    0x00, 0x00, 0x00, 0x00, 0x00, 0x00, 0x00, 0x00, 0x20, 0x21, 0x01, 0xff, 0x20, 0x21, 0x01, 0xff,
    0x5b, 0x5f, 0x0b, 0xff, 0x5b, 0x5f, 0x0b, 0xff, 0x5e, 0x62, 0x0c, 0xff, 0x5e, 0x62, 0x0c, 0xff,
    0x5e, 0x62, 0x0c, 0xff, 0x5e, 0x62, 0x0c, 0xff, 0x5e, 0x62, 0x0c, 0xff, 0x5e, 0x62, 0x0c, 0xff,
    0x5d, 0x62, 0x0b, 0xff, 0x5d, 0x62, 0x0b, 0xff, 0x5d, 0x61, 0x0c, 0xff, 0x5d, 0x61, 0x0c, 0xff,
    0x5d, 0x61, 0x0c, 0xff, 0x5d, 0x61, 0x0c, 0xff, 0x5d, 0x61, 0x0c, 0xff, 0x5d, 0x61, 0x0c, 0xff,
    0x5d, 0x61, 0x0c, 0xff, 0x5d, 0x61, 0x0c, 0xff, 0x5d, 0x61, 0x0b, 0xff, 0x5d, 0x61, 0x0b, 0xff,
    0x5d, 0x61, 0x0b, 0xff, 0x5d, 0x61, 0x0b, 0xff, 0x5d, 0x62, 0x0b, 0xff, 0x5d, 0x62, 0x0b, 0xff,
    0x5e, 0x63, 0x0b, 0xff, 0x5e, 0x63, 0x0b, 0xff, 0x5d, 0x62, 0x0b, 0xff, 0x5d, 0x62, 0x0b, 0xff,
    0x5e, 0x62, 0x0c, 0xff, 0x5e, 0x62, 0x0c, 0xff, 0x5f, 0x63, 0x0d, 0xff, 0x5f, 0x63, 0x0d, 0xff,
    0x5e, 0x62, 0x0c, 0xff, 0x5e, 0x62, 0x0c, 0xff, 0x5e, 0x62, 0x0c, 0xff, 0x5e, 0x62, 0x0c, 0xff,
    0x5d, 0x61, 0x0c, 0xff, 0x5d, 0x61, 0x0c, 0xff, 0x5d, 0x61, 0x0c, 0xff, 0x5d, 0x61, 0x0c, 0xff,
    0x5e, 0x62, 0x0d, 0xff, 0x5e, 0x62, 0x0d, 0xff, 0x5e, 0x62, 0x0c, 0xff, 0x5e, 0x62, 0x0c, 0xff,
    0x5c, 0x60, 0x0c, 0xff, 0x5c, 0x60, 0x0c, 0xff, 0x24, 0x24, 0x02, 0xff, 0x24, 0x24, 0x02, 0xff,
    0x00, 0x00, 0x00, 0x00, 0x00, 0x00, 0x00, 0x00, 0x00, 0x00, 0x00, 0x00, 0x00, 0x00, 0x00, 0x00,
    0x00, 0x00, 0x00, 0x00, 0x00, 0x00, 0x00, 0x00, 0x00, 0x00, 0x00, 0x00, 0x00, 0x00, 0x00, 0x00,
    0x00, 0x00, 0x00, 0x00, 0x00, 0x00, 0x00, 0x00, 0x00, 0x00, 0x00, 0x00, 0x00, 0x00, 0x00, 0x00,
    0x00, 0x00, 0x00, 0x00, 0x00, 0x00, 0x00, 0x00, 0x20, 0x21, 0x01, 0xff, 0x20, 0x21, 0x01, 0xff,
    0x5b, 0x5f, 0x0b, 0xff, 0x5b, 0x5f, 0x0b, 0xff, 0x5e, 0x62, 0x0c, 0xff, 0x5e, 0x62, 0x0c, 0xff,
    0x5e, 0x62, 0x0c, 0xff, 0x5e, 0x62, 0x0c, 0xff, 0x5e, 0x62, 0x0c, 0xff, 0x5e, 0x62, 0x0c, 0xff,
    0x5d, 0x62, 0x0b, 0xff, 0x5d, 0x62, 0x0b, 0xff, 0x5d, 0x61, 0x0c, 0xff, 0x5d, 0x61, 0x0c, 0xff,
    0x5d, 0x61, 0x0c, 0xff, 0x5d, 0x61, 0x0c, 0xff, 0x5d, 0x61, 0x0c, 0xff, 0x5d, 0x61, 0x0c, 0xff,
    0x5d, 0x61, 0x0c, 0xff, 0x5d, 0x61, 0x0c, 0xff, 0x5d, 0x61, 0x0b, 0xff, 0x5d, 0x61, 0x0b, 0xff,
    0x5d, 0x61, 0x0b, 0xff, 0x5d, 0x61, 0x0b, 0xff, 0x5d, 0x62, 0x0b, 0xff, 0x5d, 0x62, 0x0b, 0xff,
    0x5e, 0x63, 0x0b, 0xff, 0x5e, 0x63, 0x0b, 0xff, 0x5d, 0x62, 0x0b, 0xff, 0x5d, 0x62, 0x0b, 0xff,
    0x5e, 0x62, 0x0c, 0xff, 0x5e, 0x62, 0x0c, 0xff, 0x5f, 0x63, 0x0d, 0xff, 0x5f, 0x63, 0x0d, 0xff,
    0x5e, 0x62, 0x0c, 0xff, 0x5e, 0x62, 0x0c, 0xff, 0x5e, 0x62, 0x0c, 0xff, 0x5e, 0x62, 0x0c, 0xff,
    0x5d, 0x61, 0x0c, 0xff, 0x5d, 0x61, 0x0c, 0xff, 0x5d, 0x61, 0x0c, 0xff, 0x5d, 0x61, 0x0c, 0xff,
    0x5e, 0x62, 0x0d, 0xff, 0x5e, 0x62, 0x0d, 0xff, 0x5e, 0x62, 0x0c, 0xff, 0x5e, 0x62, 0x0c, 0xff,
    0x5c, 0x60, 0x0c, 0xff, 0x5c, 0x60, 0x0c, 0xff, 0x24, 0x24, 0x02, 0xff, 0x24, 0x24, 0x02, 0xff,
    0x00, 0x00, 0x00, 0x00, 0x00, 0x00, 0x00, 0x00, 0x00, 0x00, 0x00, 0x00, 0x00, 0x00, 0x00, 0x00,
    0x00, 0x00, 0x00, 0x00, 0x00, 0x00, 0x00, 0x00, 0x00, 0x00, 0x00, 0x00, 0x00, 0x00, 0x00, 0x00,
    0x00, 0x00, 0x00, 0x00, 0x00, 0x00, 0x00, 0x00, 0x00, 0x00, 0x00, 0x00, 0x00, 0x00, 0x00, 0x00,
    0x00, 0x00, 0x00, 0x00, 0x00, 0x00, 0x00, 0x00, 0x00, 0x00, 0x00, 0x00, 0x00, 0x00, 0x00, 0x00,
    0x22, 0x22, 0x01, 0xff, 0x22, 0x22, 0x01, 0xff, 0x5d, 0x61, 0x0c, 0xff, 0x5d, 0x61, 0x0c, 0xff,
    0x5d, 0x61, 0x0c, 0xff, 0x5d, 0x61, 0x0c, 0xff, 0x5d, 0x61, 0x0c, 0xff, 0x5d, 0x61, 0x0c, 0xff,
    0x5c, 0x60, 0x0c, 0xff, 0x5c, 0x60, 0x0c, 0xff, 0x5d, 0x61, 0x0c, 0xff, 0x5d, 0x61, 0x0c, 0xff,
    0x5c, 0x60, 0x0c, 0xff, 0x5c, 0x60, 0x0c, 0xff, 0x5c, 0x61, 0x0c, 0xff, 0x5c, 0x61, 0x0c, 0xff,
    0x5c, 0x60, 0x0c, 0xff, 0x5c, 0x60, 0x0c, 0xff, 0x5c, 0x61, 0x0b, 0xff, 0x5c, 0x61, 0x0b, 0xff,
    0x5d, 0x61, 0x0c, 0xff, 0x5d, 0x61, 0x0c, 0xff, 0x5c, 0x60, 0x0b, 0xff, 0x5c, 0x60, 0x0b, 0xff,
    0x5c, 0x60, 0x0c, 0xff, 0x5c, 0x60, 0x0c, 0xff, 0x5d, 0x61, 0x0c, 0xff, 0x5d, 0x61, 0x0c, 0xff,
    0x5d, 0x61, 0x0c, 0xff, 0x5d, 0x61, 0x0c, 0xff, 0x5e, 0x62, 0x0c, 0xff, 0x5e, 0x62, 0x0c, 0xff,
    0x5e, 0x62, 0x0d, 0xff, 0x5e, 0x62, 0x0d, 0xff, 0x5d, 0x61, 0x0c, 0xff, 0x5d, 0x61, 0x0c, 0xff,
    0x5b, 0x60, 0x0c, 0xff, 0x5b, 0x60, 0x0c, 0xff, 0x5c, 0x60, 0x0c, 0xff, 0x5c, 0x60, 0x0c, 0xff,
    0x5d, 0x62, 0x0d, 0xff, 0x5d, 0x62, 0x0d, 0xff, 0x5c, 0x61, 0x0d, 0xff, 0x5c, 0x61, 0x0d, 0xff,
    0x5d, 0x63, 0x0d, 0xff, 0x5d, 0x63, 0x0d, 0xff, 0x02, 0x02, 0x01, 0xff, 0x02, 0x02, 0x01, 0xff,
    0x00, 0x00, 0x00, 0x00, 0x00, 0x00, 0x00, 0x00, 0x00, 0x00, 0x00, 0x00, 0x00, 0x00, 0x00, 0x00,
    0x00, 0x00, 0x00, 0x00, 0x00, 0x00, 0x00, 0x00, 0x00, 0x00, 0x00, 0x00, 0x00, 0x00, 0x00, 0x00,
    0x00, 0x00, 0x00, 0x00, 0x00, 0x00, 0x00, 0x00, 0x00, 0x00, 0x00, 0x00, 0x00, 0x00, 0x00, 0x00,
    0x00, 0x00, 0x00, 0x00, 0x00, 0x00, 0x00, 0x00, 0x00, 0x00, 0x00, 0x00, 0x00, 0x00, 0x00, 0x00,
    0x22, 0x22, 0x01, 0xff, 0x22, 0x22, 0x01, 0xff, 0x5d, 0x61, 0x0c, 0xff, 0x5d, 0x61, 0x0c, 0xff,
    0x5d, 0x61, 0x0c, 0xff, 0x5d, 0x61, 0x0c, 0xff, 0x5d, 0x61, 0x0c, 0xff, 0x5d, 0x61, 0x0c, 0xff,
    0x5c, 0x60, 0x0c, 0xff, 0x5c, 0x60, 0x0c, 0xff, 0x5d, 0x61, 0x0c, 0xff, 0x5d, 0x61, 0x0c, 0xff,
    0x5c, 0x60, 0x0c, 0xff, 0x5c, 0x60, 0x0c, 0xff, 0x5c, 0x61, 0x0c, 0xff, 0x5c, 0x61, 0x0c, 0xff,
    0x5c, 0x60, 0x0c, 0xff, 0x5c, 0x60, 0x0c, 0xff, 0x5c, 0x61, 0x0b, 0xff, 0x5c, 0x61, 0x0b, 0xff,
    0x5d, 0x61, 0x0c, 0xff, 0x5d, 0x61, 0x0c, 0xff, 0x5c, 0x60, 0x0b, 0xff, 0x5c, 0x60, 0x0b, 0xff,
    0x5c, 0x60, 0x0c, 0xff, 0x5c, 0x60, 0x0c, 0xff, 0x5d, 0x61, 0x0c, 0xff, 0x5d, 0x61, 0x0c, 0xff,
    0x5d, 0x61, 0x0c, 0xff, 0x5d, 0x61, 0x0c, 0xff, 0x5e, 0x62, 0x0c, 0xff, 0x5e, 0x62, 0x0c, 0xff,
    0x5e, 0x62, 0x0d, 0xff, 0x5e, 0x62, 0x0d, 0xff, 0x5d, 0x61, 0x0c, 0xff, 0x5d, 0x61, 0x0c, 0xff,
    0x5b, 0x60, 0x0c, 0xff, 0x5b, 0x60, 0x0c, 0xff, 0x5c, 0x60, 0x0c, 0xff, 0x5c, 0x60, 0x0c, 0xff,
    0x5d, 0x62, 0x0d, 0xff, 0x5d, 0x62, 0x0d, 0xff, 0x5c, 0x61, 0x0d, 0xff, 0x5c, 0x61, 0x0d, 0xff,
    0x5d, 0x63, 0x0d, 0xff, 0x5d, 0x63, 0x0d, 0xff, 0x02, 0x02, 0x01, 0xff, 0x02, 0x02, 0x01, 0xff,
    0x00, 0x00, 0x00, 0x00, 0x00, 0x00, 0x00, 0x00, 0x00, 0x00, 0x00, 0x00, 0x00, 0x00, 0x00, 0x00,
    0x00, 0x00, 0x00, 0x00, 0x00, 0x00, 0x00, 0x00, 0x00, 0x00, 0x00, 0x00, 0x00, 0x00, 0x00, 0x00,
    0x00, 0x00, 0x00, 0x00, 0x00, 0x00, 0x00, 0x00, 0x00, 0x00, 0x00, 0x00, 0x00, 0x00, 0x00, 0x00,
    0x00, 0x00, 0x00, 0x00, 0x00, 0x00, 0x00, 0x00, 0x00, 0x00, 0x00, 0x00, 0x00, 0x00, 0x00, 0x00,
    0x00, 0x00, 0x00, 0x00, 0x00, 0x00, 0x00, 0x00, 0x21, 0x23, 0x02, 0xff, 0x21, 0x23, 0x02, 0xff,
    0x21, 0x22, 0x02, 0xff, 0x21, 0x22, 0x02, 0xff, 0x21, 0x22, 0x02, 0xff, 0x21, 0x22, 0x02, 0xff,
    0x21, 0x22, 0x02, 0xff, 0x21, 0x22, 0x02, 0xff, 0x21, 0x22, 0x02, 0xff, 0x21, 0x22, 0x02, 0xff,
    0x21, 0x23, 0x02, 0xff, 0x21, 0x23, 0x02, 0xff, 0x22, 0x23, 0x02, 0xff, 0x22, 0x23, 0x02, 0xff,
    0x22, 0x23, 0x02, 0xff, 0x22, 0x23, 0x02, 0xff, 0x21, 0x23, 0x02, 0xff, 0x21, 0x23, 0x02, 0xff,
    0x21, 0x23, 0x02, 0xff, 0x21, 0x23, 0x02, 0xff, 0x22, 0x23, 0x02, 0xff, 0x22, 0x23, 0x02, 0xff,
    0x22, 0x24, 0x02, 0xff, 0x22, 0x24, 0x02, 0xff, 0x22, 0x23, 0x02, 0xff, 0x22, 0x23, 0x02, 0xff,
    0x22, 0x23, 0x02, 0xff, 0x22, 0x23, 0x02, 0xff, 0x21, 0x23, 0x02, 0xff, 0x21, 0x23, 0x02, 0xff,
    0x22, 0x23, 0x02, 0xff, 0x22, 0x23, 0x02, 0xff, 0x22, 0x23, 0x02, 0xff, 0x22, 0x23, 0x02, 0xff,
    0x21, 0x23, 0x02, 0xff, 0x21, 0x23, 0x02, 0xff, 0x22, 0x23, 0x02, 0xff, 0x22, 0x23, 0x02, 0xff,
    0x21, 0x22, 0x02, 0xff, 0x21, 0x22, 0x02, 0xff, 0x21, 0x23, 0x02, 0xff, 0x21, 0x23, 0x02, 0xff,
    0x01, 0x01, 0x01, 0xff, 0x01, 0x01, 0x01, 0xff, 0x00, 0x00, 0x00, 0x00, 0x00, 0x00, 0x00, 0x00,
    0x00, 0x00, 0x00, 0x00, 0x00, 0x00, 0x00, 0x00, 0x00, 0x00, 0x00, 0x00, 0x00, 0x00, 0x00, 0x00,
    0x00, 0x00, 0x00, 0x00, 0x00, 0x00, 0x00, 0x00, 0x00, 0x00, 0x00, 0x00, 0x00, 0x00, 0x00, 0x00,
    0x00, 0x00, 0x00, 0x00, 0x00, 0x00, 0x00, 0x00, 0x00, 0x00, 0x00, 0x00, 0x00, 0x00, 0x00, 0x00,
    0x00, 0x00, 0x00, 0x00, 0x00, 0x00, 0x00, 0x00, 0x00, 0x00, 0x00, 0x00, 0x00, 0x00, 0x00, 0x00,
    0x00, 0x00, 0x00, 0x00, 0x00, 0x00, 0x00, 0x00, 0x21, 0x23, 0x02, 0xff, 0x21, 0x23, 0x02, 0xff,
    0x21, 0x22, 0x02, 0xff, 0x21, 0x22, 0x02, 0xff, 0x21, 0x22, 0x02, 0xff, 0x21, 0x22, 0x02, 0xff,
    0x21, 0x22, 0x02, 0xff, 0x21, 0x22, 0x02, 0xff, 0x21, 0x22, 0x02, 0xff, 0x21, 0x22, 0x02, 0xff,
    0x21, 0x23, 0x02, 0xff, 0x21, 0x23, 0x02, 0xff, 0x22, 0x23, 0x02, 0xff, 0x22, 0x23, 0x02, 0xff,
    0x22, 0x23, 0x02, 0xff, 0x22, 0x23, 0x02, 0xff, 0x21, 0x23, 0x02, 0xff, 0x21, 0x23, 0x02, 0xff,
    0x21, 0x23, 0x02, 0xff, 0x21, 0x23, 0x02, 0xff, 0x22, 0x23, 0x02, 0xff, 0x22, 0x23, 0x02, 0xff,
    0x22, 0x24, 0x02, 0xff, 0x22, 0x24, 0x02, 0xff, 0x22, 0x23, 0x02, 0xff, 0x22, 0x23, 0x02, 0xff,
    0x22, 0x23, 0x02, 0xff, 0x22, 0x23, 0x02, 0xff, 0x21, 0x23, 0x02, 0xff, 0x21, 0x23, 0x02, 0xff,
    0x22, 0x23, 0x02, 0xff, 0x22, 0x23, 0x02, 0xff, 0x22, 0x23, 0x02, 0xff, 0x22, 0x23, 0x02, 0xff,
    0x21, 0x23, 0x02, 0xff, 0x21, 0x23, 0x02, 0xff, 0x22, 0x23, 0x02, 0xff, 0x22, 0x23, 0x02, 0xff,
    0x21, 0x22, 0x02, 0xff, 0x21, 0x22, 0x02, 0xff, 0x21, 0x23, 0x02, 0xff, 0x21, 0x23, 0x02, 0xff,
    0x01, 0x01, 0x01, 0xff, 0x01, 0x01, 0x01, 0xff, 0x00, 0x00, 0x00, 0x00, 0x00, 0x00, 0x00, 0x00,
    0x00, 0x00, 0x00, 0x00, 0x00, 0x00, 0x00, 0x00, 0x00, 0x00, 0x00, 0x00, 0x00, 0x00, 0x00, 0x00,
    0x00, 0x00, 0x00, 0x00, 0x00, 0x00, 0x00, 0x00, 0x00, 0x00, 0x00, 0x00, 0x00, 0x00, 0x00, 0x00,
    0x00, 0x00, 0x00, 0x00, 0x00, 0x00, 0x00, 0x00, 0x00, 0x00, 0x00, 0x00, 0x00, 0x00, 0x00, 0x00,
    0x00, 0x00, 0x00, 0x00, 0x00, 0x00, 0x00, 0x00, 0x00, 0x00, 0x00, 0x00, 0x00, 0x00, 0x00, 0x00,
    0x00, 0x00, 0x00, 0x00, 0x00, 0x00, 0x00, 0x00, 0x00, 0x00, 0x00, 0x00, 0x00, 0x00, 0x00, 0x00,
    0x00, 0x00, 0x00, 0x00, 0x00, 0x00, 0x00, 0x00, 0x00, 0x00, 0x00, 0x00, 0x00, 0x00, 0x00, 0x00,
    0x00, 0x00, 0x00, 0x00, 0x00, 0x00, 0x00, 0x00, 0x00, 0x00, 0x00, 0x00, 0x00, 0x00, 0x00, 0x00,
    0x00, 0x00, 0x00, 0x00, 0x00, 0x00, 0x00, 0x00, 0x00, 0x00, 0x00, 0x00, 0x00, 0x00, 0x00, 0x00,
    0x00, 0x00, 0x00, 0x00, 0x00, 0x00, 0x00, 0x00, 0x00, 0x00, 0x00, 0x00, 0x00, 0x00, 0x00, 0x00,
    0x00, 0x00, 0x00, 0x00, 0x00, 0x00, 0x00, 0x00, 0x00, 0x00, 0x00, 0x00, 0x00, 0x00, 0x00, 0x00,
    0x00, 0x00, 0x00, 0x00, 0x00, 0x00, 0x00, 0x00, 0x00, 0x00, 0x00, 0x00, 0x00, 0x00, 0x00, 0x00,
    0x00, 0x00, 0x00, 0x00, 0x00, 0x00, 0x00, 0x00, 0x00, 0x00, 0x00, 0x00, 0x00, 0x00, 0x00, 0x00,
    0x00, 0x00, 0x00, 0x00, 0x00, 0x00, 0x00, 0x00, 0x00, 0x00, 0x00, 0x00, 0x00, 0x00, 0x00, 0x00,
    0x00, 0x00, 0x00, 0x00, 0x00, 0x00, 0x00, 0x00, 0x00, 0x00, 0x00, 0x00, 0x00, 0x00, 0x00, 0x00,
    0x00, 0x00, 0x00, 0x00, 0x00, 0x00, 0x00, 0x00, 0x00, 0x00, 0x00, 0x00, 0x00, 0x00, 0x00, 0x00,
    0x00, 0x00, 0x00, 0x00, 0x00, 0x00, 0x00, 0x00, 0x00, 0x00, 0x00, 0x00, 0x00, 0x00, 0x00, 0x00,
    0x00, 0x00, 0x00, 0x00, 0x00, 0x00, 0x00, 0x00, 0x00, 0x00, 0x00, 0x00, 0x00, 0x00, 0x00, 0x00,
    0x00, 0x00, 0x00, 0x00, 0x00, 0x00, 0x00, 0x00, 0x00, 0x00, 0x00, 0x00, 0x00, 0x00, 0x00, 0x00,
    0x00, 0x00, 0x00, 0x00, 0x00, 0x00, 0x00, 0x00, 0x00, 0x00, 0x00, 0x00, 0x00, 0x00, 0x00, 0x00,
    0x00, 0x00, 0x00, 0x00, 0x00, 0x00, 0x00, 0x00, 0x00, 0x00, 0x00, 0x00, 0x00, 0x00, 0x00, 0x00,
    0x00, 0x00, 0x00, 0x00, 0x00, 0x00, 0x00, 0x00, 0x00, 0x00, 0x00, 0x00, 0x00, 0x00, 0x00, 0x00,
    0x00, 0x00, 0x00, 0x00, 0x00, 0x00, 0x00, 0x00, 0x00, 0x00, 0x00, 0x00, 0x00, 0x00, 0x00, 0x00,
    0x00, 0x00, 0x00, 0x00, 0x00, 0x00, 0x00, 0x00, 0x00, 0x00, 0x00, 0x00, 0x00, 0x00, 0x00, 0x00,
    0x00, 0x00, 0x00, 0x00, 0x00, 0x00, 0x00, 0x00, 0x00, 0x00, 0x00, 0x00, 0x00, 0x00, 0x00, 0x00,
    0x00, 0x00, 0x00, 0x00, 0x00, 0x00, 0x00, 0x00, 0x00, 0x00, 0x00, 0x00, 0x00, 0x00, 0x00, 0x00,
    0x00, 0x00, 0x00, 0x00, 0x00, 0x00, 0x00, 0x00, 0x00, 0x00, 0x00, 0x00, 0x00, 0x00, 0x00, 0x00,
    0x00, 0x00, 0x00, 0x00, 0x00, 0x00, 0x00, 0x00, 0x00, 0x00, 0x00, 0x00, 0x00, 0x00, 0x00, 0x00,
    0x00, 0x00, 0x00, 0x00, 0x00, 0x00, 0x00, 0x00, 0x00, 0x00, 0x00, 0x00, 0x00, 0x00, 0x00, 0x00,
    0x00, 0x00, 0x00, 0x00, 0x00, 0x00, 0x00, 0x00, 0x00, 0x00, 0x00, 0x00, 0x00, 0x00, 0x00, 0x00,
    0x00, 0x00, 0x00, 0x00, 0x00, 0x00, 0x00, 0x00, 0x00, 0x00, 0x00, 0x00, 0x00, 0x00, 0x00, 0x00,
    0x00, 0x00, 0x00, 0x00, 0x00, 0x00, 0x00, 0x00, 0x00, 0x00, 0x00, 0x00, 0x00, 0x00, 0x00, 0x00,
    0x00, 0x00, 0x00, 0x00, 0x00, 0x00, 0x00, 0x00, 0x00, 0x00, 0x00, 0x00, 0x00, 0x00, 0x00, 0x00,
    0x00, 0x00, 0x00, 0x00, 0x00, 0x00, 0x00, 0x00, 0x00, 0x00, 0x00, 0x00, 0x00, 0x00, 0x00, 0x00,
    0x00, 0x00, 0x00, 0x00, 0x00, 0x00, 0x00, 0x00, 0x00, 0x00, 0x00, 0x00, 0x00, 0x00, 0x00, 0x00,
};

const lv_image_dsc_t ui_icon_settings = {
    .header.magic = LV_IMAGE_HEADER_MAGIC,
    .header.cf = LV_COLOR_FORMAT_ARGB8888,
    .header.flags = 0,
    .header.w = 64,
    .header.h = 64,
    .header.stride = 256,
    .data_size = sizeof(ui_icon_settings_map),
    .data = ui_icon_settings_map,
};

static const uint8_t ui_icon_word_bear_map[] = {
    0x00, 0x00, 0x00, 0x00, 0x00, 0x00, 0x00, 0x00, 0x00, 0x00, 0x00, 0x00, 0x00, 0x00, 0x00, 0x00,
    0x00, 0x00, 0x00, 0x00, 0x00, 0x00, 0x00, 0x00, 0x00, 0x00, 0x00, 0x00, 0x00, 0x00, 0x00, 0x00,
    0x00, 0x00, 0x00, 0x00, 0x00, 0x00, 0x00, 0x00, 0x00, 0x00, 0x00, 0x00, 0x00, 0x00, 0x00, 0x00,
    0x00, 0x00, 0x00, 0x00, 0x00, 0x00, 0x00, 0x00, 0x00, 0x00, 0x00, 0x00, 0x00, 0x00, 0x00, 0x00,
    0x00, 0x00, 0x00, 0x00, 0x00, 0x00, 0x00, 0x00, 0x00, 0x00, 0x00, 0x00, 0x00, 0x00, 0x00, 0x00,
    0x00, 0x00, 0x00, 0x00, 0x00, 0x00, 0x00, 0x00, 0x00, 0x00, 0x00, 0x00, 0x00, 0x00, 0x00, 0x00,
    0x00, 0x00, 0x00, 0x00, 0x00, 0x00, 0x00, 0x00, 0x00, 0x00, 0x00, 0x00, 0x00, 0x00, 0x00, 0x00,
    0x00, 0x00, 0x00, 0x00, 0x00, 0x00, 0x00, 0x00, 0x00, 0x00, 0x00, 0x00, 0x00, 0x00, 0x00, 0x00,
    0x00, 0x00, 0x00, 0x00, 0x00, 0x00, 0x00, 0x00, 0x00, 0x00, 0x00, 0x00, 0x00, 0x00, 0x00, 0x00,
    0x00, 0x00, 0x00, 0x00, 0x00, 0x00, 0x00, 0x00, 0x00, 0x00, 0x00, 0x00, 0x00, 0x00, 0x00, 0x00,
    0x00, 0x00, 0x00, 0x00, 0x00, 0x00, 0x00, 0x00, 0x00, 0x00, 0x00, 0x00, 0x00, 0x00, 0x00, 0x00,
    0x00, 0x00, 0x00, 0x00, 0x00, 0x00, 0x00, 0x00, 0x00, 0x00, 0x00, 0x00, 0x00, 0x00, 0x00, 0x00,
    0x00, 0x00, 0x00, 0x00, 0x00, 0x00, 0x00, 0x00, 0x00, 0x00, 0x00, 0x00, 0x00, 0x00, 0x00, 0x00,
    0x00, 0x00, 0x00, 0x00, 0x00, 0x00, 0x00, 0x00, 0x00, 0x00, 0x00, 0x00, 0x00, 0x00, 0x00, 0x00,
    0x00, 0x00, 0x00, 0x00, 0x00, 0x00, 0x00, 0x00, 0x00, 0x00, 0x00, 0x00, 0x00, 0x00, 0x00, 0x00,
    0x00, 0x00, 0x00, 0x00, 0x00, 0x00, 0x00, 0x00, 0x00, 0x00, 0x00, 0x00, 0x00, 0x00, 0x00, 0x00,
    0x00, 0x00, 0x00, 0x00, 0x00, 0x00, 0x00, 0x00, 0x00, 0x00, 0x00, 0x00, 0x00, 0x00, 0x00, 0x00,
    0x00, 0x00, 0x00, 0x00, 0x00, 0x00, 0x00, 0x00, 0x00, 0x00, 0x00, 0x00, 0x00, 0x00, 0x00, 0x00,
    0x00, 0x00, 0x00, 0x00, 0x00, 0x00, 0x00, 0x00, 0x00, 0x00, 0x00, 0x00, 0x00, 0x00, 0x00, 0x00,
    0x00, 0x00, 0x00, 0x00, 0x00, 0x00, 0x00, 0x00, 0x00, 0x00, 0x00, 0x00, 0x00, 0x00, 0x00, 0x00,
    0x00, 0x00, 0x00, 0x00, 0x00, 0x00, 0x00, 0x00, 0x00, 0x00, 0x00, 0x00, 0x00, 0x00, 0x00, 0x00,
    0x00, 0x00, 0x00, 0x00, 0x00, 0x00, 0x00, 0x00, 0x00, 0x00, 0x00, 0x00, 0x00, 0x00, 0x00, 0x00,
    0x00, 0x00, 0x00, 0x00, 0x00, 0x00, 0x00, 0x00, 0x00, 0x00, 0x00, 0x00, 0x00, 0x00, 0x00, 0x00,
    0x00, 0x00, 0x00, 0x00, 0x00, 0x00, 0x00, 0x00, 0x00, 0x00, 0x00, 0x00, 0x00, 0x00, 0x00, 0x00,
    0x00, 0x00, 0x00, 0x00, 0x00, 0x00, 0x00, 0x00, 0x00, 0x00, 0x00, 0x00, 0x00, 0x00, 0x00, 0x00,
    0x00, 0x00, 0x00, 0x00, 0x00, 0x00, 0x00, 0x00, 0x00, 0x00, 0x00, 0x00, 0x00, 0x00, 0x00, 0x00,
    0x00, 0x00, 0x00, 0x00, 0x00, 0x00, 0x00, 0x00, 0x00, 0x00, 0x00, 0x00, 0x00, 0x00, 0x00, 0x00,
    0x00, 0x00, 0x00, 0x00, 0x00, 0x00, 0x00, 0x00, 0x00, 0x00, 0x00, 0x00, 0x00, 0x00, 0x00, 0x00,
    0x00, 0x00, 0x00, 0x00, 0x00, 0x00, 0x00, 0x00, 0x00, 0x00, 0x00, 0x00, 0x00, 0x00, 0x00, 0x00,
    0x00, 0x00, 0x00, 0x00, 0x00, 0x00, 0x00, 0x00, 0x00, 0x00, 0x00, 0x00, 0x00, 0x00, 0x00, 0x00,
    0x00, 0x00, 0x00, 0x00, 0x00, 0x00, 0x00, 0x00, 0x00, 0x00, 0x00, 0x00, 0x00, 0x00, 0x00, 0x00,
    0x00, 0x00, 0x00, 0x00, 0x00, 0x00, 0x00, 0x00, 0x00, 0x00, 0x00, 0x00, 0x00, 0x00, 0x00, 0x00,
    0x00, 0x00, 0x00, 0x00, 0x00, 0x00, 0x00, 0x00, 0x00, 0x00, 0x00, 0x00, 0x00, 0x00, 0x00, 0x00,
    0x00, 0x00, 0x00, 0x00, 0x00, 0x00, 0x00, 0x00, 0x00, 0x00, 0x00, 0x00, 0x00, 0x00, 0x00, 0x00,
    0x00, 0x00, 0x00, 0x00, 0x00, 0x00, 0x00, 0x00, 0x00, 0x00, 0x00, 0x00, 0x00, 0x00, 0x00, 0x00,
    0x00, 0x00, 0x00, 0x00, 0x00, 0x00, 0x00, 0x00, 0x00, 0x00, 0x00, 0x00, 0x00, 0x00, 0x00, 0x00,
    0x00, 0x00, 0x00, 0x00, 0x00, 0x00, 0x00, 0x00, 0x00, 0x00, 0x00, 0x00, 0x00, 0x00, 0x00, 0x00,
    0x00, 0x00, 0x00, 0x00, 0x00, 0x00, 0x00, 0x00, 0x00, 0x00, 0x00, 0x00, 0x00, 0x00, 0x00, 0x00,
    0x00, 0x00, 0x00, 0x00, 0x00, 0x00, 0x00, 0x00, 0x00, 0x00, 0x00, 0x00, 0x00, 0x00, 0x00, 0x00,
    0x00, 0x00, 0x00, 0x00, 0x00, 0x00, 0x00, 0x00, 0x00, 0x00, 0x00, 0x00, 0x00, 0x00, 0x00, 0x00,
    0x00, 0x00, 0x00, 0x00, 0x00, 0x00, 0x00, 0x00, 0x00, 0x00, 0x00, 0x00, 0x00, 0x00, 0x00, 0x00,
    0x00, 0x00, 0x00, 0x00, 0x00, 0x00, 0x00, 0x00, 0x00, 0x00, 0x00, 0x00, 0x00, 0x00, 0x00, 0x00,
    0x00, 0x00, 0x00, 0x00, 0x00, 0x00, 0x00, 0x00, 0x00, 0x00, 0x00, 0x00, 0x00, 0x00, 0x00, 0x00,
    0x00, 0x00, 0x00, 0x00, 0x00, 0x00, 0x00, 0x00, 0x00, 0x00, 0x00, 0x00, 0x00, 0x00, 0x00, 0x00,
    0x00, 0x00, 0x00, 0x00, 0x00, 0x00, 0x00, 0x00, 0x00, 0x00, 0x00, 0x00, 0x00, 0x00, 0x00, 0x00,
    0x00, 0x00, 0x00, 0x00, 0x00, 0x00, 0x00, 0x00, 0x00, 0x00, 0x00, 0x00, 0x00, 0x00, 0x00, 0x00,
    0x00, 0x00, 0x00, 0x00, 0x00, 0x00, 0x00, 0x00, 0x00, 0x00, 0x00, 0x00, 0x00, 0x00, 0x00, 0x00,
    0x00, 0x00, 0x00, 0x00, 0x00, 0x00, 0x00, 0x00, 0x00, 0x00, 0x00, 0x00, 0x00, 0x00, 0x00, 0x00,
    0x00, 0x00, 0x00, 0x00, 0x00, 0x00, 0x00, 0x00, 0x00, 0x00, 0x00, 0x00, 0x00, 0x00, 0x00, 0x00,
    0x00, 0x00, 0x00, 0x00, 0x00, 0x00, 0x00, 0x00, 0x00, 0x00, 0x00, 0x00, 0x00, 0x00, 0x00, 0x00,
    0x00, 0x00, 0x00, 0x00, 0x00, 0x00, 0x00, 0x00, 0x00, 0x00, 0x00, 0x00, 0x00, 0x00, 0x00, 0x00,
    0x00, 0x00, 0x00, 0x00, 0x00, 0x00, 0x00, 0x00, 0x00, 0x00, 0x00, 0x00, 0x00, 0x00, 0x00, 0x00,
    0x00, 0x00, 0x00, 0x00, 0x00, 0x00, 0x00, 0x00, 0x00, 0x00, 0x00, 0x00, 0x00, 0x00, 0x00, 0x00,
    0x00, 0x00, 0x00, 0x00, 0x00, 0x00, 0x00, 0x00, 0x00, 0x00, 0x00, 0x00, 0x00, 0x00, 0x00, 0x00,
    0x00, 0x00, 0x00, 0x00, 0x00, 0x00, 0x00, 0x00, 0x00, 0x00, 0x00, 0x00, 0x00, 0x00, 0x00, 0x00,
    0x00, 0x00, 0x00, 0x00, 0x00, 0x00, 0x00, 0x00, 0x00, 0x00, 0x00, 0x00, 0x00, 0x00, 0x00, 0x00,
    0x00, 0x00, 0x00, 0x00, 0x00, 0x00, 0x00, 0x00, 0x00, 0x00, 0x00, 0x00, 0x00, 0x00, 0x00, 0x00,
    0x00, 0x00, 0x00, 0x00, 0x00, 0x00, 0x00, 0x00, 0x00, 0x00, 0x00, 0x00, 0x00, 0x00, 0x00, 0x00,
    0x00, 0x00, 0x00, 0x00, 0x00, 0x00, 0x00, 0x00, 0x00, 0x00, 0x00, 0x00, 0x00, 0x00, 0x00, 0x00,
    0x00, 0x00, 0x00, 0x00, 0x00, 0x00, 0x00, 0x00, 0x00, 0x00, 0x00, 0x00, 0x00, 0x00, 0x00, 0x00,
    0x00, 0x00, 0x00, 0x00, 0x00, 0x00, 0x00, 0x00, 0x00, 0x00, 0x00, 0x00, 0x00, 0x00, 0x00, 0x00,
    0x00, 0x00, 0x00, 0x00, 0x00, 0x00, 0x00, 0x00, 0x00, 0x00, 0x00, 0x00, 0x00, 0x00, 0x00, 0x00,
    0x00, 0x00, 0x00, 0x00, 0x00, 0x00, 0x00, 0x00, 0x00, 0x00, 0x00, 0x00, 0x00, 0x00, 0x00, 0x00,
    0x00, 0x00, 0x00, 0x00, 0x00, 0x00, 0x00, 0x00, 0x00, 0x00, 0x00, 0x00, 0x00, 0x00, 0x00, 0x00,
    0x00, 0x00, 0x00, 0x00, 0x00, 0x00, 0x00, 0x00, 0x00, 0x00, 0x00, 0x00, 0x00, 0x00, 0x00, 0x00,
    0x00, 0x00, 0x00, 0x00, 0x00, 0x00, 0x00, 0x00, 0x00, 0x00, 0x00, 0x00, 0x00, 0x00, 0x00, 0x00,
    0x00, 0x00, 0x00, 0x00, 0x00, 0x00, 0x00, 0x00, 0x00, 0x00, 0x00, 0x00, 0x00, 0x00, 0x00, 0x00,
    0x00, 0x00, 0x00, 0x00, 0x00, 0x00, 0x00, 0x00, 0x0c, 0x23, 0x67, 0xff, 0x0c, 0x23, 0x67, 0xff,
    0x43, 0x95, 0xee, 0xff, 0x43, 0x95, 0xee, 0xff, 0x47, 0x99, 0xf1, 0xff, 0x47, 0x99, 0xf1, 0xff,
    0x0b, 0x23, 0x67, 0xff, 0x0b, 0x23, 0x67, 0xff, 0x00, 0x00, 0x00, 0x00, 0x00, 0x00, 0x00, 0x00,
    0x00, 0x00, 0x00, 0x00, 0x00, 0x00, 0x00, 0x00, 0x00, 0x00, 0x00, 0x00, 0x00, 0x00, 0x00, 0x00,
    0x00, 0x00, 0x00, 0x00, 0x00, 0x00, 0x00, 0x00, 0x0e, 0x27, 0x6e, 0xff, 0x0e, 0x27, 0x6e, 0xff,
    0x00, 0x00, 0x00, 0x00, 0x00, 0x00, 0x00, 0x00, 0x00, 0x00, 0x00, 0x00, 0x00, 0x00, 0x00, 0x00,
    0x00, 0x00, 0x00, 0x00, 0x00, 0x00, 0x00, 0x00, 0x00, 0x00, 0x00, 0x00, 0x00, 0x00, 0x00, 0x00,
    0x00, 0x00, 0x00, 0x00, 0x00, 0x00, 0x00, 0x00, 0x0c, 0x23, 0x68, 0xff, 0x0c, 0x23, 0x68, 0xff,
    0x47, 0x9a, 0xf1, 0xff, 0x47, 0x9a, 0xf1, 0xff, 0x46, 0x99, 0xf1, 0xff, 0x46, 0x99, 0xf1, 0xff,
    0x0c, 0x26, 0x6e, 0xff, 0x0c, 0x26, 0x6e, 0xff, 0x00, 0x00, 0x00, 0x00, 0x00, 0x00, 0x00, 0x00,
    0x00, 0x00, 0x00, 0x00, 0x00, 0x00, 0x00, 0x00, 0x00, 0x00, 0x00, 0x00, 0x00, 0x00, 0x00, 0x00,
    0x00, 0x00, 0x00, 0x00, 0x00, 0x00, 0x00, 0x00, 0x00, 0x00, 0x00, 0x00, 0x00, 0x00, 0x00, 0x00,
    0x00, 0x00, 0x00, 0x00, 0x00, 0x00, 0x00, 0x00, 0x00, 0x00, 0x00, 0x00, 0x00, 0x00, 0x00, 0x00,
    0x00, 0x00, 0x00, 0x00, 0x00, 0x00, 0x00, 0x00, 0x00, 0x00, 0x00, 0x00, 0x00, 0x00, 0x00, 0x00,
    0x00, 0x00, 0x00, 0x00, 0x00, 0x00, 0x00, 0x00, 0x00, 0x00, 0x00, 0x00, 0x00, 0x00, 0x00, 0x00,
    0x00, 0x00, 0x00, 0x00, 0x00, 0x00, 0x00, 0x00, 0x00, 0x00, 0x00, 0x00, 0x00, 0x00, 0x00, 0x00,
    0x00, 0x00, 0x00, 0x00, 0x00, 0x00, 0x00, 0x00, 0x0c, 0x23, 0x67, 0xff, 0x0c, 0x23, 0x67, 0xff,
    0x43, 0x95, 0xee, 0xff, 0x43, 0x95, 0xee, 0xff, 0x47, 0x99, 0xf1, 0xff, 0x47, 0x99, 0xf1, 0xff,
    0x0b, 0x23, 0x67, 0xff, 0x0b, 0x23, 0x67, 0xff, 0x00, 0x00, 0x00, 0x00, 0x00, 0x00, 0x00, 0x00,
    0x00, 0x00, 0x00, 0x00, 0x00, 0x00, 0x00, 0x00, 0x00, 0x00, 0x00, 0x00, 0x00, 0x00, 0x00, 0x00,
    0x00, 0x00, 0x00, 0x00, 0x00, 0x00, 0x00, 0x00, 0x0e, 0x27, 0x6e, 0xff, 0x0e, 0x27, 0x6e, 0xff,
    0x00, 0x00, 0x00, 0x00, 0x00, 0x00, 0x00, 0x00, 0x00, 0x00, 0x00, 0x00, 0x00, 0x00, 0x00, 0x00,
    0x00, 0x00, 0x00, 0x00, 0x00, 0x00, 0x00, 0x00, 0x00, 0x00, 0x00, 0x00, 0x00, 0x00, 0x00, 0x00,
    0x00, 0x00, 0x00, 0x00, 0x00, 0x00, 0x00, 0x00, 0x0c, 0x23, 0x68, 0xff, 0x0c, 0x23, 0x68, 0xff,
    0x47, 0x9a, 0xf1, 0xff, 0x47, 0x9a, 0xf1, 0xff, 0x46, 0x99, 0xf1, 0xff, 0x46, 0x99, 0xf1, 0xff,
    0x0c, 0x26, 0x6e, 0xff, 0x0c, 0x26, 0x6e, 0xff, 0x00, 0x00, 0x00, 0x00, 0x00, 0x00, 0x00, 0x00,
    0x00, 0x00, 0x00, 0x00, 0x00, 0x00, 0x00, 0x00, 0x00, 0x00, 0x00, 0x00, 0x00, 0x00, 0x00, 0x00,
    0x00, 0x00, 0x00, 0x00, 0x00, 0x00, 0x00, 0x00, 0x00, 0x00, 0x00, 0x00, 0x00, 0x00, 0x00, 0x00,
    0x00, 0x00, 0x00, 0x00, 0x00, 0x00, 0x00, 0x00, 0x00, 0x00, 0x00, 0x00, 0x00, 0x00, 0x00, 0x00,
    0x00, 0x00, 0x00, 0x00, 0x00, 0x00, 0x00, 0x00, 0x00, 0x00, 0x00, 0x00, 0x00, 0x00, 0x00, 0x00,
    0x00, 0x00, 0x00, 0x00, 0x00, 0x00, 0x00, 0x00, 0x00, 0x00, 0x00, 0x00, 0x00, 0x00, 0x00, 0x00,
    0x00, 0x00, 0x00, 0x00, 0x00, 0x00, 0x00, 0x00, 0x00, 0x00, 0x00, 0x00, 0x00, 0x00, 0x00, 0x00,
    0x0c, 0x24, 0x68, 0xff, 0x0c, 0x24, 0x68, 0xff, 0x37, 0x75, 0xd3, 0xff, 0x37, 0x75, 0xd3, 0xff,
    0x38, 0x75, 0xd1, 0xff, 0x38, 0x75, 0xd1, 0xff, 0x38, 0x75, 0xd1, 0xff, 0x38, 0x75, 0xd1, 0xff,
    0x3a, 0x78, 0xd4, 0xff, 0x3a, 0x78, 0xd4, 0xff, 0x0b, 0x24, 0x67, 0xff, 0x0b, 0x24, 0x67, 0xff,
    0x00, 0x00, 0x00, 0x00, 0x00, 0x00, 0x00, 0x00, 0x00, 0x00, 0x00, 0x00, 0x00, 0x00, 0x00, 0x00,
    0x0b, 0x24, 0x6a, 0xff, 0x0b, 0x24, 0x6a, 0xff, 0x0c, 0x23, 0x67, 0xff, 0x0c, 0x23, 0x67, 0xff,
    0x48, 0x98, 0xef, 0xff, 0x48, 0x98, 0xef, 0xff, 0x0b, 0x23, 0x68, 0xff, 0x0b, 0x23, 0x68, 0xff,
    0x00, 0x00, 0x00, 0x00, 0x00, 0x00, 0x00, 0x00, 0x00, 0x00, 0x00, 0x00, 0x00, 0x00, 0x00, 0x00,
    0x0c, 0x23, 0x68, 0xff, 0x0c, 0x23, 0x68, 0xff, 0x38, 0x76, 0xd3, 0xff, 0x38, 0x76, 0xd3, 0xff,
    0x39, 0x77, 0xd2, 0xff, 0x39, 0x77, 0xd2, 0xff, 0x38, 0x75, 0xd1, 0xff, 0x38, 0x75, 0xd1, 0xff,
    0x38, 0x76, 0xd2, 0xff, 0x38, 0x76, 0xd2, 0xff, 0x0d, 0x27, 0x6d, 0xff, 0x0d, 0x27, 0x6d, 0xff,
    0x00, 0x00, 0x00, 0x00, 0x00, 0x00, 0x00, 0x00, 0x00, 0x00, 0x00, 0x00, 0x00, 0x00, 0x00, 0x00,
    0x00, 0x00, 0x00, 0x00, 0x00, 0x00, 0x00, 0x00, 0x00, 0x00, 0x00, 0x00, 0x00, 0x00, 0x00, 0x00,
    0x00, 0x00, 0x00, 0x00, 0x00, 0x00, 0x00, 0x00, 0x00, 0x00, 0x00, 0x00, 0x00, 0x00, 0x00, 0x00,
    0x00, 0x00, 0x00, 0x00, 0x00, 0x00, 0x00, 0x00, 0x00, 0x00, 0x00, 0x00, 0x00, 0x00, 0x00, 0x00,
    0x00, 0x00, 0x00, 0x00, 0x00, 0x00, 0x00, 0x00, 0x00, 0x00, 0x00, 0x00, 0x00, 0x00, 0x00, 0x00,
    0x00, 0x00, 0x00, 0x00, 0x00, 0x00, 0x00, 0x00, 0x00, 0x00, 0x00, 0x00, 0x00, 0x00, 0x00, 0x00,
    0x0c, 0x24, 0x68, 0xff, 0x0c, 0x24, 0x68, 0xff, 0x37, 0x75, 0xd3, 0xff, 0x37, 0x75, 0xd3, 0xff,
    0x38, 0x75, 0xd1, 0xff, 0x38, 0x75, 0xd1, 0xff, 0x38, 0x75, 0xd1, 0xff, 0x38, 0x75, 0xd1, 0xff,
    0x3a, 0x78, 0xd4, 0xff, 0x3a, 0x78, 0xd4, 0xff, 0x0b, 0x24, 0x67, 0xff, 0x0b, 0x24, 0x67, 0xff,
    0x00, 0x00, 0x00, 0x00, 0x00, 0x00, 0x00, 0x00, 0x00, 0x00, 0x00, 0x00, 0x00, 0x00, 0x00, 0x00,
    0x0b, 0x24, 0x6a, 0xff, 0x0b, 0x24, 0x6a, 0xff, 0x0c, 0x23, 0x67, 0xff, 0x0c, 0x23, 0x67, 0xff,
    0x48, 0x98, 0xef, 0xff, 0x48, 0x98, 0xef, 0xff, 0x0b, 0x23, 0x68, 0xff, 0x0b, 0x23, 0x68, 0xff,
    0x00, 0x00, 0x00, 0x00, 0x00, 0x00, 0x00, 0x00, 0x00, 0x00, 0x00, 0x00, 0x00, 0x00, 0x00, 0x00,
    0x0c, 0x23, 0x68, 0xff, 0x0c, 0x23, 0x68, 0xff, 0x38, 0x76, 0xd3, 0xff, 0x38, 0x76, 0xd3, 0xff,
    0x39, 0x77, 0xd2, 0xff, 0x39, 0x77, 0xd2, 0xff, 0x38, 0x75, 0xd1, 0xff, 0x38, 0x75, 0xd1, 0xff,
    0x38, 0x76, 0xd2, 0xff, 0x38, 0x76, 0xd2, 0xff, 0x0d, 0x27, 0x6d, 0xff, 0x0d, 0x27, 0x6d, 0xff,
    0x00, 0x00, 0x00, 0x00, 0x00, 0x00, 0x00, 0x00, 0x00, 0x00, 0x00, 0x00, 0x00, 0x00, 0x00, 0x00,
    0x00, 0x00, 0x00, 0x00, 0x00, 0x00, 0x00, 0x00, 0x00, 0x00, 0x00, 0x00, 0x00, 0x00, 0x00, 0x00,
    0x00, 0x00, 0x00, 0x00, 0x00, 0x00, 0x00, 0x00, 0x00, 0x00, 0x00, 0x00, 0x00, 0x00, 0x00, 0x00,
    0x00, 0x00, 0x00, 0x00, 0x00, 0x00, 0x00, 0x00, 0x00, 0x00, 0x00, 0x00, 0x00, 0x00, 0x00, 0x00,
    0x00, 0x00, 0x00, 0x00, 0x00, 0x00, 0x00, 0x00, 0x00, 0x00, 0x00, 0x00, 0x00, 0x00, 0x00, 0x00,
    0x00, 0x00, 0x00, 0x00, 0x00, 0x00, 0x00, 0x00, 0x0c, 0x24, 0x67, 0xff, 0x0c, 0x24, 0x67, 0xff,
    0x38, 0x74, 0xd1, 0xff, 0x38, 0x74, 0xd1, 0xff, 0x39, 0x75, 0xd1, 0xff, 0x39, 0x75, 0xd1, 0xff,
    0x0c, 0x25, 0x69, 0xff, 0x0c, 0x25, 0x69, 0xff, 0x36, 0x72, 0xcf, 0xff, 0x36, 0x72, 0xcf, 0xff,
    0x37, 0x74, 0xd0, 0xff, 0x37, 0x74, 0xd0, 0xff, 0x39, 0x75, 0xd1, 0xff, 0x39, 0x75, 0xd1, 0xff,
    0x00, 0x00, 0x00, 0x00, 0x00, 0x00, 0x00, 0x00, 0x0b, 0x21, 0x62, 0xff, 0x0b, 0x21, 0x62, 0xff,
    0x3d, 0x82, 0xdc, 0xff, 0x3d, 0x82, 0xdc, 0xff, 0x47, 0x99, 0xf1, 0xff, 0x47, 0x99, 0xf1, 0xff,
    0x39, 0x76, 0xd2, 0xff, 0x39, 0x76, 0xd2, 0xff, 0x48, 0x99, 0xf0, 0xff, 0x48, 0x99, 0xf0, 0xff,
    0x0c, 0x26, 0x6c, 0xff, 0x0c, 0x26, 0x6c, 0xff, 0x00, 0x00, 0x00, 0x00, 0x00, 0x00, 0x00, 0x00,
    0x37, 0x75, 0xd2, 0xff, 0x37, 0x75, 0xd2, 0xff, 0x38, 0x75, 0xd1, 0xff, 0x38, 0x75, 0xd1, 0xff,
    0x2a, 0x5c, 0xba, 0xff, 0x2a, 0x5c, 0xba, 0xff, 0x0c, 0x25, 0x69, 0xff, 0x0c, 0x25, 0x69, 0xff,
    0x35, 0x72, 0xcf, 0xff, 0x35, 0x72, 0xcf, 0xff, 0x39, 0x77, 0xd2, 0xff, 0x39, 0x77, 0xd2, 0xff,
    0x0c, 0x25, 0x69, 0xff, 0x0c, 0x25, 0x69, 0xff, 0x00, 0x00, 0x00, 0x00, 0x00, 0x00, 0x00, 0x00,
    0x00, 0x00, 0x00, 0x00, 0x00, 0x00, 0x00, 0x00, 0x00, 0x00, 0x00, 0x00, 0x00, 0x00, 0x00, 0x00,
    0x00, 0x00, 0x00, 0x00, 0x00, 0x00, 0x00, 0x00, 0x00, 0x00, 0x00, 0x00, 0x00, 0x00, 0x00, 0x00,
    0x00, 0x00, 0x00, 0x00, 0x00, 0x00, 0x00, 0x00, 0x00, 0x00, 0x00, 0x00, 0x00, 0x00, 0x00, 0x00,
    0x00, 0x00, 0x00, 0x00, 0x00, 0x00, 0x00, 0x00, 0x00, 0x00, 0x00, 0x00, 0x00, 0x00, 0x00, 0x00,
    0x00, 0x00, 0x00, 0x00, 0x00, 0x00, 0x00, 0x00, 0x0c, 0x24, 0x67, 0xff, 0x0c, 0x24, 0x67, 0xff,
    0x38, 0x74, 0xd1, 0xff, 0x38, 0x74, 0xd1, 0xff, 0x39, 0x75, 0xd1, 0xff, 0x39, 0x75, 0xd1, 0xff,
    0x0c, 0x25, 0x69, 0xff, 0x0c, 0x25, 0x69, 0xff, 0x36, 0x72, 0xcf, 0xff, 0x36, 0x72, 0xcf, 0xff,
    0x37, 0x74, 0xd0, 0xff, 0x37, 0x74, 0xd0, 0xff, 0x39, 0x75, 0xd1, 0xff, 0x39, 0x75, 0xd1, 0xff,
    0x00, 0x00, 0x00, 0x00, 0x00, 0x00, 0x00, 0x00, 0x0b, 0x21, 0x62, 0xff, 0x0b, 0x21, 0x62, 0xff,
    0x3d, 0x82, 0xdc, 0xff, 0x3d, 0x82, 0xdc, 0xff, 0x47, 0x99, 0xf1, 0xff, 0x47, 0x99, 0xf1, 0xff,
    0x39, 0x76, 0xd2, 0xff, 0x39, 0x76, 0xd2, 0xff, 0x48, 0x99, 0xf0, 0xff, 0x48, 0x99, 0xf0, 0xff,
    0x0c, 0x26, 0x6c, 0xff, 0x0c, 0x26, 0x6c, 0xff, 0x00, 0x00, 0x00, 0x00, 0x00, 0x00, 0x00, 0x00,
    0x37, 0x75, 0xd2, 0xff, 0x37, 0x75, 0xd2, 0xff, 0x38, 0x75, 0xd1, 0xff, 0x38, 0x75, 0xd1, 0xff,
    0x2a, 0x5c, 0xba, 0xff, 0x2a, 0x5c, 0xba, 0xff, 0x0c, 0x25, 0x69, 0xff, 0x0c, 0x25, 0x69, 0xff,
    0x35, 0x72, 0xcf, 0xff, 0x35, 0x72, 0xcf, 0xff, 0x39, 0x77, 0xd2, 0xff, 0x39, 0x77, 0xd2, 0xff,
    0x0c, 0x25, 0x69, 0xff, 0x0c, 0x25, 0x69, 0xff, 0x00, 0x00, 0x00, 0x00, 0x00, 0x00, 0x00, 0x00,
    0x00, 0x00, 0x00, 0x00, 0x00, 0x00, 0x00, 0x00, 0x00, 0x00, 0x00, 0x00, 0x00, 0x00, 0x00, 0x00,
    0x00, 0x00, 0x00, 0x00, 0x00, 0x00, 0x00, 0x00, 0x00, 0x00, 0x00, 0x00, 0x00, 0x00, 0x00, 0x00,
    0x00, 0x00, 0x00, 0x00, 0x00, 0x00, 0x00, 0x00, 0x00, 0x00, 0x00, 0x00, 0x00, 0x00, 0x00, 0x00,
    0x00, 0x00, 0x00, 0x00, 0x00, 0x00, 0x00, 0x00, 0x00, 0x00, 0x00, 0x00, 0x00, 0x00, 0x00, 0x00,
    0x00, 0x00, 0x00, 0x00, 0x00, 0x00, 0x00, 0x00, 0x0b, 0x23, 0x67, 0xff, 0x0b, 0x23, 0x67, 0xff,
    0x39, 0x75, 0xd1, 0xff, 0x39, 0x75, 0xd1, 0xff, 0xcc, 0xea, 0xfc, 0xff, 0xcc, 0xea, 0xfc, 0xff,
    0xd1, 0xeb, 0xfd, 0xff, 0xd1, 0xeb, 0xfd, 0xff, 0xa5, 0xd4, 0xfc, 0xff, 0xa5, 0xd4, 0xfc, 0xff,
    0x0b, 0x24, 0x67, 0xff, 0x0b, 0x24, 0x67, 0xff, 0x0b, 0x23, 0x66, 0xff, 0x0b, 0x23, 0x66, 0xff,
    0x46, 0x95, 0xec, 0xff, 0x46, 0x95, 0xec, 0xff, 0x38, 0x75, 0xd2, 0xff, 0x38, 0x75, 0xd2, 0xff,
    0x47, 0x98, 0xf0, 0xff, 0x47, 0x98, 0xf0, 0xff, 0x38, 0x76, 0xd3, 0xff, 0x38, 0x76, 0xd3, 0xff,
    0x38, 0x76, 0xd2, 0xff, 0x38, 0x76, 0xd2, 0xff, 0x38, 0x76, 0xd2, 0xff, 0x38, 0x76, 0xd2, 0xff,
    0x39, 0x77, 0xd3, 0xff, 0x39, 0x77, 0xd3, 0xff, 0x47, 0x99, 0xf0, 0xff, 0x47, 0x99, 0xf0, 0xff,
    0x0a, 0x20, 0x61, 0xff, 0x0a, 0x20, 0x61, 0xff, 0x0b, 0x22, 0x67, 0xff, 0x0b, 0x22, 0x67, 0xff,
    0xa4, 0xd3, 0xfb, 0xff, 0xa4, 0xd3, 0xfb, 0xff, 0xd1, 0xeb, 0xfc, 0xff, 0xd1, 0xeb, 0xfc, 0xff,
    0xce, 0xeb, 0xfc, 0xff, 0xce, 0xeb, 0xfc, 0xff, 0x39, 0x75, 0xd1, 0xff, 0x39, 0x75, 0xd1, 0xff,
    0x0b, 0x23, 0x68, 0xff, 0x0b, 0x23, 0x68, 0xff, 0x00, 0x00, 0x00, 0x00, 0x00, 0x00, 0x00, 0x00,
    0x00, 0x00, 0x00, 0x00, 0x00, 0x00, 0x00, 0x00, 0x00, 0x00, 0x00, 0x00, 0x00, 0x00, 0x00, 0x00,
    0x00, 0x00, 0x00, 0x00, 0x00, 0x00, 0x00, 0x00, 0x00, 0x00, 0x00, 0x00, 0x00, 0x00, 0x00, 0x00,
    0x00, 0x00, 0x00, 0x00, 0x00, 0x00, 0x00, 0x00, 0x00, 0x00, 0x00, 0x00, 0x00, 0x00, 0x00, 0x00,
    0x00, 0x00, 0x00, 0x00, 0x00, 0x00, 0x00, 0x00, 0x00, 0x00, 0x00, 0x00, 0x00, 0x00, 0x00, 0x00,
    0x00, 0x00, 0x00, 0x00, 0x00, 0x00, 0x00, 0x00, 0x0b, 0x23, 0x67, 0xff, 0x0b, 0x23, 0x67, 0xff,
    0x39, 0x75, 0xd1, 0xff, 0x39, 0x75, 0xd1, 0xff, 0xcc, 0xea, 0xfc, 0xff, 0xcc, 0xea, 0xfc, 0xff,
    0xd1, 0xeb, 0xfd, 0xff, 0xd1, 0xeb, 0xfd, 0xff, 0xa5, 0xd4, 0xfc, 0xff, 0xa5, 0xd4, 0xfc, 0xff,
    0x0b, 0x24, 0x67, 0xff, 0x0b, 0x24, 0x67, 0xff, 0x0b, 0x23, 0x66, 0xff, 0x0b, 0x23, 0x66, 0xff,
    0x46, 0x95, 0xec, 0xff, 0x46, 0x95, 0xec, 0xff, 0x38, 0x75, 0xd2, 0xff, 0x38, 0x75, 0xd2, 0xff,
    0x47, 0x98, 0xf0, 0xff, 0x47, 0x98, 0xf0, 0xff, 0x38, 0x76, 0xd3, 0xff, 0x38, 0x76, 0xd3, 0xff,
    0x38, 0x76, 0xd2, 0xff, 0x38, 0x76, 0xd2, 0xff, 0x38, 0x76, 0xd2, 0xff, 0x38, 0x76, 0xd2, 0xff,
    0x39, 0x77, 0xd3, 0xff, 0x39, 0x77, 0xd3, 0xff, 0x47, 0x99, 0xf0, 0xff, 0x47, 0x99, 0xf0, 0xff,
    0x0a, 0x20, 0x61, 0xff, 0x0a, 0x20, 0x61, 0xff, 0x0b, 0x22, 0x67, 0xff, 0x0b, 0x22, 0x67, 0xff,
    0xa4, 0xd3, 0xfb, 0xff, 0xa4, 0xd3, 0xfb, 0xff, 0xd1, 0xeb, 0xfc, 0xff, 0xd1, 0xeb, 0xfc, 0xff,
    0xce, 0xeb, 0xfc, 0xff, 0xce, 0xeb, 0xfc, 0xff, 0x39, 0x75, 0xd1, 0xff, 0x39, 0x75, 0xd1, 0xff,
    0x0b, 0x23, 0x68, 0xff, 0x0b, 0x23, 0x68, 0xff, 0x00, 0x00, 0x00, 0x00, 0x00, 0x00, 0x00, 0x00,
    0x00, 0x00, 0x00, 0x00, 0x00, 0x00, 0x00, 0x00, 0x00, 0x00, 0x00, 0x00, 0x00, 0x00, 0x00, 0x00,
    0x00, 0x00, 0x00, 0x00, 0x00, 0x00, 0x00, 0x00, 0x00, 0x00, 0x00, 0x00, 0x00, 0x00, 0x00, 0x00,
    0x00, 0x00, 0x00, 0x00, 0x00, 0x00, 0x00, 0x00, 0x00, 0x00, 0x00, 0x00, 0x00, 0x00, 0x00, 0x00,
    0x00, 0x00, 0x00, 0x00, 0x00, 0x00, 0x00, 0x00, 0x00, 0x00, 0x00, 0x00, 0x00, 0x00, 0x00, 0x00,
    0x00, 0x00, 0x00, 0x00, 0x00, 0x00, 0x00, 0x00, 0x47, 0x98, 0xef, 0xff, 0x47, 0x98, 0xef, 0xff,
    0x0a, 0x23, 0x66, 0xff, 0x0a, 0x23, 0x66, 0xff, 0xcf, 0xeb, 0xfc, 0xff, 0xcf, 0xeb, 0xfc, 0xff,
    0xa5, 0xd6, 0xfc, 0xff, 0xa5, 0xd6, 0xfc, 0xff, 0xa4, 0xd5, 0xfc, 0xff, 0xa4, 0xd5, 0xfc, 0xff,
    0x0c, 0x24, 0x67, 0xff, 0x0c, 0x24, 0x67, 0xff, 0x3e, 0x89, 0xe4, 0xff, 0x3e, 0x89, 0xe4, 0xff,
    0x39, 0x76, 0xd3, 0xff, 0x39, 0x76, 0xd3, 0xff, 0x38, 0x77, 0xd2, 0xff, 0x38, 0x77, 0xd2, 0xff,
    0x38, 0x76, 0xd3, 0xff, 0x38, 0x76, 0xd3, 0xff, 0x39, 0x77, 0xd2, 0xff, 0x39, 0x77, 0xd2, 0xff,
    0x38, 0x77, 0xd2, 0xff, 0x38, 0x77, 0xd2, 0xff, 0x38, 0x77, 0xd3, 0xff, 0x38, 0x77, 0xd3, 0xff,
    0x39, 0x77, 0xd3, 0xff, 0x39, 0x77, 0xd3, 0xff, 0x38, 0x76, 0xd2, 0xff, 0x38, 0x76, 0xd2, 0xff,
    0x3e, 0x89, 0xe3, 0xff, 0x3e, 0x89, 0xe3, 0xff, 0x0b, 0x22, 0x67, 0xff, 0x0b, 0x22, 0x67, 0xff,
    0xa2, 0xd4, 0xfc, 0xff, 0xa2, 0xd4, 0xfc, 0xff, 0xa7, 0xd6, 0xfc, 0xff, 0xa7, 0xd6, 0xfc, 0xff,
    0xd1, 0xec, 0xfd, 0xff, 0xd1, 0xec, 0xfd, 0xff, 0x0b, 0x22, 0x67, 0xff, 0x0b, 0x22, 0x67, 0xff,
    0x47, 0x98, 0xef, 0xff, 0x47, 0x98, 0xef, 0xff, 0x00, 0x00, 0x00, 0x00, 0x00, 0x00, 0x00, 0x00,
    0x00, 0x00, 0x00, 0x00, 0x00, 0x00, 0x00, 0x00, 0x00, 0x00, 0x00, 0x00, 0x00, 0x00, 0x00, 0x00,
    0x00, 0x00, 0x00, 0x00, 0x00, 0x00, 0x00, 0x00, 0x00, 0x00, 0x00, 0x00, 0x00, 0x00, 0x00, 0x00,
    0x00, 0x00, 0x00, 0x00, 0x00, 0x00, 0x00, 0x00, 0x00, 0x00, 0x00, 0x00, 0x00, 0x00, 0x00, 0x00,
    0x00, 0x00, 0x00, 0x00, 0x00, 0x00, 0x00, 0x00, 0x00, 0x00, 0x00, 0x00, 0x00, 0x00, 0x00, 0x00,
    0x00, 0x00, 0x00, 0x00, 0x00, 0x00, 0x00, 0x00, 0x47, 0x98, 0xef, 0xff, 0x47, 0x98, 0xef, 0xff,
    0x0a, 0x23, 0x66, 0xff, 0x0a, 0x23, 0x66, 0xff, 0xcf, 0xeb, 0xfc, 0xff, 0xcf, 0xeb, 0xfc, 0xff,
    0xa5, 0xd6, 0xfc, 0xff, 0xa5, 0xd6, 0xfc, 0xff, 0xa4, 0xd5, 0xfc, 0xff, 0xa4, 0xd5, 0xfc, 0xff,
    0x0c, 0x24, 0x67, 0xff, 0x0c, 0x24, 0x67, 0xff, 0x3e, 0x89, 0xe4, 0xff, 0x3e, 0x89, 0xe4, 0xff,
    0x39, 0x76, 0xd3, 0xff, 0x39, 0x76, 0xd3, 0xff, 0x38, 0x77, 0xd2, 0xff, 0x38, 0x77, 0xd2, 0xff,
    0x38, 0x76, 0xd3, 0xff, 0x38, 0x76, 0xd3, 0xff, 0x39, 0x77, 0xd2, 0xff, 0x39, 0x77, 0xd2, 0xff,
    0x38, 0x77, 0xd2, 0xff, 0x38, 0x77, 0xd2, 0xff, 0x38, 0x77, 0xd3, 0xff, 0x38, 0x77, 0xd3, 0xff,
    0x39, 0x77, 0xd3, 0xff, 0x39, 0x77, 0xd3, 0xff, 0x38, 0x76, 0xd2, 0xff, 0x38, 0x76, 0xd2, 0xff,
    0x3e, 0x89, 0xe3, 0xff, 0x3e, 0x89, 0xe3, 0xff, 0x0b, 0x22, 0x67, 0xff, 0x0b, 0x22, 0x67, 0xff,
    0xa2, 0xd4, 0xfc, 0xff, 0xa2, 0xd4, 0xfc, 0xff, 0xa7, 0xd6, 0xfc, 0xff, 0xa7, 0xd6, 0xfc, 0xff,
    0xd1, 0xec, 0xfd, 0xff, 0xd1, 0xec, 0xfd, 0xff, 0x0b, 0x22, 0x67, 0xff, 0x0b, 0x22, 0x67, 0xff,
    0x47, 0x98, 0xef, 0xff, 0x47, 0x98, 0xef, 0xff, 0x00, 0x00, 0x00, 0x00, 0x00, 0x00, 0x00, 0x00,
    0x00, 0x00, 0x00, 0x00, 0x00, 0x00, 0x00, 0x00, 0x00, 0x00, 0x00, 0x00, 0x00, 0x00, 0x00, 0x00,
    0x00, 0x00, 0x00, 0x00, 0x00, 0x00, 0x00, 0x00, 0x00, 0x00, 0x00, 0x00, 0x00, 0x00, 0x00, 0x00,
    0x00, 0x00, 0x00, 0x00, 0x00, 0x00, 0x00, 0x00, 0x00, 0x00, 0x00, 0x00, 0x00, 0x00, 0x00, 0x00,
    0x00, 0x00, 0x00, 0x00, 0x00, 0x00, 0x00, 0x00, 0x00, 0x00, 0x00, 0x00, 0x00, 0x00, 0x00, 0x00,
    0x00, 0x00, 0x00, 0x00, 0x00, 0x00, 0x00, 0x00, 0x35, 0x72, 0xcf, 0xff, 0x35, 0x72, 0xcf, 0xff,
    0x0b, 0x23, 0x67, 0xff, 0x0b, 0x23, 0x67, 0xff, 0xd0, 0xeb, 0xfd, 0xff, 0xd0, 0xeb, 0xfd, 0xff,
    0xa8, 0xd6, 0xfc, 0xff, 0xa8, 0xd6, 0xfc, 0xff, 0x44, 0x94, 0xee, 0xff, 0x44, 0x94, 0xee, 0xff,
    0x39, 0x77, 0xd4, 0xff, 0x39, 0x77, 0xd4, 0xff, 0x38, 0x76, 0xd2, 0xff, 0x38, 0x76, 0xd2, 0xff,
    0x38, 0x77, 0xd2, 0xff, 0x38, 0x77, 0xd2, 0xff, 0x39, 0x78, 0xd3, 0xff, 0x39, 0x78, 0xd3, 0xff,
    0x39, 0x78, 0xd3, 0xff, 0x39, 0x78, 0xd3, 0xff, 0x39, 0x77, 0xd3, 0xff, 0x39, 0x77, 0xd3, 0xff,
    0x39, 0x77, 0xd3, 0xff, 0x39, 0x77, 0xd3, 0xff, 0x38, 0x77, 0xd3, 0xff, 0x38, 0x77, 0xd3, 0xff,
    0x39, 0x77, 0xd2, 0xff, 0x39, 0x77, 0xd2, 0xff, 0x38, 0x76, 0xd3, 0xff, 0x38, 0x76, 0xd3, 0xff,
    0x38, 0x77, 0xd2, 0xff, 0x38, 0x77, 0xd2, 0xff, 0x38, 0x76, 0xd2, 0xff, 0x38, 0x76, 0xd2, 0xff,
    0x47, 0x99, 0xf1, 0xff, 0x47, 0x99, 0xf1, 0xff, 0xa9, 0xd8, 0xfc, 0xff, 0xa9, 0xd8, 0xfc, 0xff,
    0xd0, 0xeb, 0xfd, 0xff, 0xd0, 0xeb, 0xfd, 0xff, 0x0b, 0x24, 0x69, 0xff, 0x0b, 0x24, 0x69, 0xff,
    0x36, 0x72, 0xcf, 0xff, 0x36, 0x72, 0xcf, 0xff, 0x00, 0x00, 0x00, 0x00, 0x00, 0x00, 0x00, 0x00,
    0x00, 0x00, 0x00, 0x00, 0x00, 0x00, 0x00, 0x00, 0x00, 0x00, 0x00, 0x00, 0x00, 0x00, 0x00, 0x00,
    0x00, 0x00, 0x00, 0x00, 0x00, 0x00, 0x00, 0x00, 0x00, 0x00, 0x00, 0x00, 0x00, 0x00, 0x00, 0x00,
    0x00, 0x00, 0x00, 0x00, 0x00, 0x00, 0x00, 0x00, 0x00, 0x00, 0x00, 0x00, 0x00, 0x00, 0x00, 0x00,
    0x00, 0x00, 0x00, 0x00, 0x00, 0x00, 0x00, 0x00, 0x00, 0x00, 0x00, 0x00, 0x00, 0x00, 0x00, 0x00,
    0x00, 0x00, 0x00, 0x00, 0x00, 0x00, 0x00, 0x00, 0x35, 0x72, 0xcf, 0xff, 0x35, 0x72, 0xcf, 0xff,
    0x0b, 0x23, 0x67, 0xff, 0x0b, 0x23, 0x67, 0xff, 0xd0, 0xeb, 0xfd, 0xff, 0xd0, 0xeb, 0xfd, 0xff,
    0xa8, 0xd6, 0xfc, 0xff, 0xa8, 0xd6, 0xfc, 0xff, 0x44, 0x94, 0xee, 0xff, 0x44, 0x94, 0xee, 0xff,
    0x39, 0x77, 0xd4, 0xff, 0x39, 0x77, 0xd4, 0xff, 0x38, 0x76, 0xd2, 0xff, 0x38, 0x76, 0xd2, 0xff,
    0x38, 0x77, 0xd2, 0xff, 0x38, 0x77, 0xd2, 0xff, 0x39, 0x78, 0xd3, 0xff, 0x39, 0x78, 0xd3, 0xff,
    0x39, 0x78, 0xd3, 0xff, 0x39, 0x78, 0xd3, 0xff, 0x39, 0x77, 0xd3, 0xff, 0x39, 0x77, 0xd3, 0xff,
    0x39, 0x77, 0xd3, 0xff, 0x39, 0x77, 0xd3, 0xff, 0x38, 0x77, 0xd3, 0xff, 0x38, 0x77, 0xd3, 0xff,
    0x39, 0x77, 0xd2, 0xff, 0x39, 0x77, 0xd2, 0xff, 0x38, 0x76, 0xd3, 0xff, 0x38, 0x76, 0xd3, 0xff,
    0x38, 0x77, 0xd2, 0xff, 0x38, 0x77, 0xd2, 0xff, 0x38, 0x76, 0xd2, 0xff, 0x38, 0x76, 0xd2, 0xff,
    0x47, 0x99, 0xf1, 0xff, 0x47, 0x99, 0xf1, 0xff, 0xa9, 0xd8, 0xfc, 0xff, 0xa9, 0xd8, 0xfc, 0xff,
    0xd0, 0xeb, 0xfd, 0xff, 0xd0, 0xeb, 0xfd, 0xff, 0x0b, 0x24, 0x69, 0xff, 0x0b, 0x24, 0x69, 0xff,
    0x36, 0x72, 0xcf, 0xff, 0x36, 0x72, 0xcf, 0xff, 0x00, 0x00, 0x00, 0x00, 0x00, 0x00, 0x00, 0x00,
    0x00, 0x00, 0x00, 0x00, 0x00, 0x00, 0x00, 0x00, 0x00, 0x00, 0x00, 0x00, 0x00, 0x00, 0x00, 0x00,
    0x00, 0x00, 0x00, 0x00, 0x00, 0x00, 0x00, 0x00, 0x00, 0x00, 0x00, 0x00, 0x00, 0x00, 0x00, 0x00,
    0x00, 0x00, 0x00, 0x00, 0x00, 0x00, 0x00, 0x00, 0x00, 0x00, 0x00, 0x00, 0x00, 0x00, 0x00, 0x00,
    0x00, 0x00, 0x00, 0x00, 0x00, 0x00, 0x00, 0x00, 0x00, 0x00, 0x00, 0x00, 0x00, 0x00, 0x00, 0x00,
    0x00, 0x00, 0x00, 0x00, 0x00, 0x00, 0x00, 0x00, 0x0b, 0x24, 0x68, 0xff, 0x0b, 0x24, 0x68, 0xff,
    0x36, 0x72, 0xce, 0xff, 0x36, 0x72, 0xce, 0xff, 0xa3, 0xd4, 0xfc, 0xff, 0xa3, 0xd4, 0xfc, 0xff,
    0x0c, 0x24, 0x68, 0xff, 0x0c, 0x24, 0x68, 0xff, 0x37, 0x75, 0xd2, 0xff, 0x37, 0x75, 0xd2, 0xff,
    0x38, 0x77, 0xd2, 0xff, 0x38, 0x77, 0xd2, 0xff, 0x38, 0x76, 0xd2, 0xff, 0x38, 0x76, 0xd2, 0xff,
    0x39, 0x77, 0xd3, 0xff, 0x39, 0x77, 0xd3, 0xff, 0x39, 0x77, 0xd3, 0xff, 0x39, 0x77, 0xd3, 0xff,
    0x39, 0x78, 0xd2, 0xff, 0x39, 0x78, 0xd2, 0xff, 0x39, 0x77, 0xd2, 0xff, 0x39, 0x77, 0xd2, 0xff,
    0x38, 0x76, 0xd2, 0xff, 0x38, 0x76, 0xd2, 0xff, 0x38, 0x77, 0xd2, 0xff, 0x38, 0x77, 0xd2, 0xff,
    0x39, 0x77, 0xd2, 0xff, 0x39, 0x77, 0xd2, 0xff, 0x39, 0x78, 0xd3, 0xff, 0x39, 0x78, 0xd3, 0xff,
    0x39, 0x77, 0xd3, 0xff, 0x39, 0x77, 0xd3, 0xff, 0x39, 0x77, 0xd2, 0xff, 0x39, 0x77, 0xd2, 0xff,
    0x38, 0x77, 0xd3, 0xff, 0x38, 0x77, 0xd3, 0xff, 0x0b, 0x23, 0x67, 0xff, 0x0b, 0x23, 0x67, 0xff,
    0xac, 0xd9, 0xfc, 0xff, 0xac, 0xd9, 0xfc, 0xff, 0x37, 0x72, 0xcf, 0xff, 0x37, 0x72, 0xcf, 0xff,
    0x0b, 0x23, 0x69, 0xff, 0x0b, 0x23, 0x69, 0xff, 0x00, 0x00, 0x00, 0x00, 0x00, 0x00, 0x00, 0x00,
    0x00, 0x00, 0x00, 0x00, 0x00, 0x00, 0x00, 0x00, 0x00, 0x00, 0x00, 0x00, 0x00, 0x00, 0x00, 0x00,
    0x00, 0x00, 0x00, 0x00, 0x00, 0x00, 0x00, 0x00, 0x00, 0x00, 0x00, 0x00, 0x00, 0x00, 0x00, 0x00,
    0x00, 0x00, 0x00, 0x00, 0x00, 0x00, 0x00, 0x00, 0x00, 0x00, 0x00, 0x00, 0x00, 0x00, 0x00, 0x00,
    0x00, 0x00, 0x00, 0x00, 0x00, 0x00, 0x00, 0x00, 0x00, 0x00, 0x00, 0x00, 0x00, 0x00, 0x00, 0x00,
    0x00, 0x00, 0x00, 0x00, 0x00, 0x00, 0x00, 0x00, 0x0b, 0x24, 0x68, 0xff, 0x0b, 0x24, 0x68, 0xff,
    0x36, 0x72, 0xce, 0xff, 0x36, 0x72, 0xce, 0xff, 0xa3, 0xd4, 0xfc, 0xff, 0xa3, 0xd4, 0xfc, 0xff,
    0x0c, 0x24, 0x68, 0xff, 0x0c, 0x24, 0x68, 0xff, 0x37, 0x75, 0xd2, 0xff, 0x37, 0x75, 0xd2, 0xff,
    0x38, 0x77, 0xd2, 0xff, 0x38, 0x77, 0xd2, 0xff, 0x38, 0x76, 0xd2, 0xff, 0x38, 0x76, 0xd2, 0xff,
    0x39, 0x77, 0xd3, 0xff, 0x39, 0x77, 0xd3, 0xff, 0x39, 0x77, 0xd3, 0xff, 0x39, 0x77, 0xd3, 0xff,
    0x39, 0x78, 0xd2, 0xff, 0x39, 0x78, 0xd2, 0xff, 0x39, 0x77, 0xd2, 0xff, 0x39, 0x77, 0xd2, 0xff,
    0x38, 0x76, 0xd2, 0xff, 0x38, 0x76, 0xd2, 0xff, 0x38, 0x77, 0xd2, 0xff, 0x38, 0x77, 0xd2, 0xff,
    0x39, 0x77, 0xd2, 0xff, 0x39, 0x77, 0xd2, 0xff, 0x39, 0x78, 0xd3, 0xff, 0x39, 0x78, 0xd3, 0xff,
    0x39, 0x77, 0xd3, 0xff, 0x39, 0x77, 0xd3, 0xff, 0x39, 0x77, 0xd2, 0xff, 0x39, 0x77, 0xd2, 0xff,
    0x38, 0x77, 0xd3, 0xff, 0x38, 0x77, 0xd3, 0xff, 0x0b, 0x23, 0x67, 0xff, 0x0b, 0x23, 0x67, 0xff,
    0xac, 0xd9, 0xfc, 0xff, 0xac, 0xd9, 0xfc, 0xff, 0x37, 0x72, 0xcf, 0xff, 0x37, 0x72, 0xcf, 0xff,
    0x0b, 0x23, 0x69, 0xff, 0x0b, 0x23, 0x69, 0xff, 0x00, 0x00, 0x00, 0x00, 0x00, 0x00, 0x00, 0x00,
    0x00, 0x00, 0x00, 0x00, 0x00, 0x00, 0x00, 0x00, 0x00, 0x00, 0x00, 0x00, 0x00, 0x00, 0x00, 0x00,
    0x00, 0x00, 0x00, 0x00, 0x00, 0x00, 0x00, 0x00, 0x00, 0x00, 0x00, 0x00, 0x00, 0x00, 0x00, 0x00,
    0x00, 0x00, 0x00, 0x00, 0x00, 0x00, 0x00, 0x00, 0x00, 0x00, 0x00, 0x00, 0x00, 0x00, 0x00, 0x00,
    0x00, 0x00, 0x00, 0x00, 0x00, 0x00, 0x00, 0x00, 0x00, 0x00, 0x00, 0x00, 0x00, 0x00, 0x00, 0x00,
    0x00, 0x00, 0x00, 0x00, 0x00, 0x00, 0x00, 0x00, 0x00, 0x00, 0x00, 0x00, 0x00, 0x00, 0x00, 0x00,
    0x0a, 0x23, 0x68, 0xff, 0x0a, 0x23, 0x68, 0xff, 0x2c, 0x61, 0xbf, 0xff, 0x2c, 0x61, 0xbf, 0xff,
    0x44, 0x95, 0xee, 0xff, 0x44, 0x95, 0xee, 0xff, 0x37, 0x75, 0xd2, 0xff, 0x37, 0x75, 0xd2, 0xff,
    0x39, 0x77, 0xd3, 0xff, 0x39, 0x77, 0xd3, 0xff, 0x09, 0x20, 0x61, 0xff, 0x09, 0x20, 0x61, 0xff,
    0x0a, 0x22, 0x66, 0xff, 0x0a, 0x22, 0x66, 0xff, 0x39, 0x76, 0xd2, 0xff, 0x39, 0x76, 0xd2, 0xff,
    0x39, 0x77, 0xd2, 0xff, 0x39, 0x77, 0xd2, 0xff, 0x38, 0x76, 0xd1, 0xff, 0x38, 0x76, 0xd1, 0xff,
    0x37, 0x76, 0xd1, 0xff, 0x37, 0x76, 0xd1, 0xff, 0x37, 0x76, 0xd1, 0xff, 0x37, 0x76, 0xd1, 0xff,
    0x3a, 0x76, 0xd2, 0xff, 0x3a, 0x76, 0xd2, 0xff, 0x0b, 0x23, 0x66, 0xff, 0x0b, 0x23, 0x66, 0xff,
    0x09, 0x20, 0x62, 0xff, 0x09, 0x20, 0x62, 0xff, 0x38, 0x76, 0xd2, 0xff, 0x38, 0x76, 0xd2, 0xff,
    0x38, 0x76, 0xd2, 0xff, 0x38, 0x76, 0xd2, 0xff, 0x47, 0x98, 0xef, 0xff, 0x47, 0x98, 0xef, 0xff,
    0x29, 0x5b, 0xbb, 0xff, 0x29, 0x5b, 0xbb, 0xff, 0x0b, 0x24, 0x69, 0xff, 0x0b, 0x24, 0x69, 0xff,
    0x00, 0x00, 0x00, 0x00, 0x00, 0x00, 0x00, 0x00, 0x00, 0x00, 0x00, 0x00, 0x00, 0x00, 0x00, 0x00,
    0x00, 0x00, 0x00, 0x00, 0x00, 0x00, 0x00, 0x00, 0x00, 0x00, 0x00, 0x00, 0x00, 0x00, 0x00, 0x00,
    0x00, 0x00, 0x00, 0x00, 0x00, 0x00, 0x00, 0x00, 0x00, 0x00, 0x00, 0x00, 0x00, 0x00, 0x00, 0x00,
    0x00, 0x00, 0x00, 0x00, 0x00, 0x00, 0x00, 0x00, 0x00, 0x00, 0x00, 0x00, 0x00, 0x00, 0x00, 0x00,
    0x00, 0x00, 0x00, 0x00, 0x00, 0x00, 0x00, 0x00, 0x00, 0x00, 0x00, 0x00, 0x00, 0x00, 0x00, 0x00,
    0x00, 0x00, 0x00, 0x00, 0x00, 0x00, 0x00, 0x00, 0x00, 0x00, 0x00, 0x00, 0x00, 0x00, 0x00, 0x00,
    0x0a, 0x23, 0x68, 0xff, 0x0a, 0x23, 0x68, 0xff, 0x2c, 0x61, 0xbf, 0xff, 0x2c, 0x61, 0xbf, 0xff,
    0x44, 0x95, 0xee, 0xff, 0x44, 0x95, 0xee, 0xff, 0x37, 0x75, 0xd2, 0xff, 0x37, 0x75, 0xd2, 0xff,
    0x39, 0x77, 0xd3, 0xff, 0x39, 0x77, 0xd3, 0xff, 0x09, 0x20, 0x61, 0xff, 0x09, 0x20, 0x61, 0xff,
    0x0a, 0x22, 0x66, 0xff, 0x0a, 0x22, 0x66, 0xff, 0x39, 0x76, 0xd2, 0xff, 0x39, 0x76, 0xd2, 0xff,
    0x39, 0x77, 0xd2, 0xff, 0x39, 0x77, 0xd2, 0xff, 0x38, 0x76, 0xd1, 0xff, 0x38, 0x76, 0xd1, 0xff,
    0x37, 0x76, 0xd1, 0xff, 0x37, 0x76, 0xd1, 0xff, 0x37, 0x76, 0xd1, 0xff, 0x37, 0x76, 0xd1, 0xff,
    0x3a, 0x76, 0xd2, 0xff, 0x3a, 0x76, 0xd2, 0xff, 0x0b, 0x23, 0x66, 0xff, 0x0b, 0x23, 0x66, 0xff,
    0x09, 0x20, 0x62, 0xff, 0x09, 0x20, 0x62, 0xff, 0x38, 0x76, 0xd2, 0xff, 0x38, 0x76, 0xd2, 0xff,
    0x38, 0x76, 0xd2, 0xff, 0x38, 0x76, 0xd2, 0xff, 0x47, 0x98, 0xef, 0xff, 0x47, 0x98, 0xef, 0xff,
    0x29, 0x5b, 0xbb, 0xff, 0x29, 0x5b, 0xbb, 0xff, 0x0b, 0x24, 0x69, 0xff, 0x0b, 0x24, 0x69, 0xff,
    0x00, 0x00, 0x00, 0x00, 0x00, 0x00, 0x00, 0x00, 0x00, 0x00, 0x00, 0x00, 0x00, 0x00, 0x00, 0x00,
    0x00, 0x00, 0x00, 0x00, 0x00, 0x00, 0x00, 0x00, 0x00, 0x00, 0x00, 0x00, 0x00, 0x00, 0x00, 0x00,
    0x00, 0x00, 0x00, 0x00, 0x00, 0x00, 0x00, 0x00, 0x00, 0x00, 0x00, 0x00, 0x00, 0x00, 0x00, 0x00,
    0x00, 0x00, 0x00, 0x00, 0x00, 0x00, 0x00, 0x00, 0x00, 0x00, 0x00, 0x00, 0x00, 0x00, 0x00, 0x00,
    0x00, 0x00, 0x00, 0x00, 0x00, 0x00, 0x00, 0x00, 0x00, 0x00, 0x00, 0x00, 0x00, 0x00, 0x00, 0x00,
    0x00, 0x00, 0x00, 0x00, 0x00, 0x00, 0x00, 0x00, 0x00, 0x00, 0x00, 0x00, 0x00, 0x00, 0x00, 0x00,
    0x00, 0x00, 0x00, 0x00, 0x00, 0x00, 0x00, 0x00, 0x0c, 0x24, 0x68, 0xff, 0x0c, 0x24, 0x68, 0xff,
    0x39, 0x76, 0xd2, 0xff, 0x39, 0x76, 0xd2, 0xff, 0x38, 0x77, 0xd3, 0xff, 0x38, 0x77, 0xd3, 0xff,
    0x39, 0x77, 0xd3, 0xff, 0x39, 0x77, 0xd3, 0xff, 0x38, 0x76, 0xd1, 0xff, 0x38, 0x76, 0xd1, 0xff,
    0x3a, 0x78, 0xd3, 0xff, 0x3a, 0x78, 0xd3, 0xff, 0x38, 0x76, 0xd1, 0xff, 0x38, 0x76, 0xd1, 0xff,
    0x38, 0x77, 0xd2, 0xff, 0x38, 0x77, 0xd2, 0xff, 0x38, 0x77, 0xd2, 0xff, 0x38, 0x77, 0xd2, 0xff,
    0x38, 0x76, 0xd2, 0xff, 0x38, 0x76, 0xd2, 0xff, 0x38, 0x76, 0xd1, 0xff, 0x38, 0x76, 0xd1, 0xff,
    0x39, 0x77, 0xd2, 0xff, 0x39, 0x77, 0xd2, 0xff, 0x38, 0x75, 0xd1, 0xff, 0x38, 0x75, 0xd1, 0xff,
    0x38, 0x76, 0xd1, 0xff, 0x38, 0x76, 0xd1, 0xff, 0x38, 0x75, 0xd1, 0xff, 0x38, 0x75, 0xd1, 0xff,
    0x38, 0x76, 0xd2, 0xff, 0x38, 0x76, 0xd2, 0xff, 0x38, 0x75, 0xd2, 0xff, 0x38, 0x75, 0xd2, 0xff,
    0x0b, 0x24, 0x69, 0xff, 0x0b, 0x24, 0x69, 0xff, 0x00, 0x00, 0x00, 0x00, 0x00, 0x00, 0x00, 0x00,
    0x00, 0x00, 0x00, 0x00, 0x00, 0x00, 0x00, 0x00, 0x00, 0x00, 0x00, 0x00, 0x00, 0x00, 0x00, 0x00,
    0x00, 0x00, 0x00, 0x00, 0x00, 0x00, 0x00, 0x00, 0x00, 0x00, 0x00, 0x00, 0x00, 0x00, 0x00, 0x00,
    0x00, 0x00, 0x00, 0x00, 0x00, 0x00, 0x00, 0x00, 0x00, 0x00, 0x00, 0x00, 0x00, 0x00, 0x00, 0x00,
    0x00, 0x00, 0x00, 0x00, 0x00, 0x00, 0x00, 0x00, 0x00, 0x00, 0x00, 0x00, 0x00, 0x00, 0x00, 0x00,
    0x00, 0x00, 0x00, 0x00, 0x00, 0x00, 0x00, 0x00, 0x00, 0x00, 0x00, 0x00, 0x00, 0x00, 0x00, 0x00,
    0x00, 0x00, 0x00, 0x00, 0x00, 0x00, 0x00, 0x00, 0x00, 0x00, 0x00, 0x00, 0x00, 0x00, 0x00, 0x00,
    0x00, 0x00, 0x00, 0x00, 0x00, 0x00, 0x00, 0x00, 0x0c, 0x24, 0x68, 0xff, 0x0c, 0x24, 0x68, 0xff,
    0x39, 0x76, 0xd2, 0xff, 0x39, 0x76, 0xd2, 0xff, 0x38, 0x77, 0xd3, 0xff, 0x38, 0x77, 0xd3, 0xff,
    0x39, 0x77, 0xd3, 0xff, 0x39, 0x77, 0xd3, 0xff, 0x38, 0x76, 0xd1, 0xff, 0x38, 0x76, 0xd1, 0xff,
    0x3a, 0x78, 0xd3, 0xff, 0x3a, 0x78, 0xd3, 0xff, 0x38, 0x76, 0xd1, 0xff, 0x38, 0x76, 0xd1, 0xff,
    0x38, 0x77, 0xd2, 0xff, 0x38, 0x77, 0xd2, 0xff, 0x38, 0x77, 0xd2, 0xff, 0x38, 0x77, 0xd2, 0xff,
    0x38, 0x76, 0xd2, 0xff, 0x38, 0x76, 0xd2, 0xff, 0x38, 0x76, 0xd1, 0xff, 0x38, 0x76, 0xd1, 0xff,
    0x39, 0x77, 0xd2, 0xff, 0x39, 0x77, 0xd2, 0xff, 0x38, 0x75, 0xd1, 0xff, 0x38, 0x75, 0xd1, 0xff,
    0x38, 0x76, 0xd1, 0xff, 0x38, 0x76, 0xd1, 0xff, 0x38, 0x75, 0xd1, 0xff, 0x38, 0x75, 0xd1, 0xff,
    0x38, 0x76, 0xd2, 0xff, 0x38, 0x76, 0xd2, 0xff, 0x38, 0x75, 0xd2, 0xff, 0x38, 0x75, 0xd2, 0xff,
    0x0b, 0x24, 0x69, 0xff, 0x0b, 0x24, 0x69, 0xff, 0x00, 0x00, 0x00, 0x00, 0x00, 0x00, 0x00, 0x00,
    0x00, 0x00, 0x00, 0x00, 0x00, 0x00, 0x00, 0x00, 0x00, 0x00, 0x00, 0x00, 0x00, 0x00, 0x00, 0x00,
    0x00, 0x00, 0x00, 0x00, 0x00, 0x00, 0x00, 0x00, 0x00, 0x00, 0x00, 0x00, 0x00, 0x00, 0x00, 0x00,
    0x00, 0x00, 0x00, 0x00, 0x00, 0x00, 0x00, 0x00, 0x00, 0x00, 0x00, 0x00, 0x00, 0x00, 0x00, 0x00,
    0x00, 0x00, 0x00, 0x00, 0x00, 0x00, 0x00, 0x00, 0x00, 0x00, 0x00, 0x00, 0x00, 0x00, 0x00, 0x00,
    0x00, 0x00, 0x00, 0x00, 0x00, 0x00, 0x00, 0x00, 0x00, 0x00, 0x00, 0x00, 0x00, 0x00, 0x00, 0x00,
    0x00, 0x00, 0x00, 0x00, 0x00, 0x00, 0x00, 0x00, 0x00, 0x00, 0x00, 0x00, 0x00, 0x00, 0x00, 0x00,
    0x00, 0x00, 0x00, 0x00, 0x00, 0x00, 0x00, 0x00, 0x0c, 0x24, 0x66, 0xff, 0x0c, 0x24, 0x66, 0xff,
    0x37, 0x75, 0xd1, 0xff, 0x37, 0x75, 0xd1, 0xff, 0x38, 0x76, 0xd2, 0xff, 0x38, 0x76, 0xd2, 0xff,
    0x38, 0x75, 0xd0, 0xff, 0x38, 0x75, 0xd0, 0xff, 0x08, 0x07, 0x28, 0xff, 0x08, 0x07, 0x28, 0xff,
    0x06, 0x06, 0x24, 0xff, 0x06, 0x06, 0x24, 0xff, 0x39, 0x77, 0xd2, 0xff, 0x39, 0x77, 0xd2, 0xff,
    0x38, 0x76, 0xd1, 0xff, 0x38, 0x76, 0xd1, 0xff, 0x38, 0x76, 0xd2, 0xff, 0x38, 0x76, 0xd2, 0xff,
    0x38, 0x75, 0xd2, 0xff, 0x38, 0x75, 0xd2, 0xff, 0x38, 0x76, 0xd1, 0xff, 0x38, 0x76, 0xd1, 0xff,
    0x39, 0x77, 0xd1, 0xff, 0x39, 0x77, 0xd1, 0xff, 0x07, 0x06, 0x25, 0xff, 0x07, 0x06, 0x25, 0xff,
    0x06, 0x05, 0x26, 0xff, 0x06, 0x05, 0x26, 0xff, 0x38, 0x76, 0xd1, 0xff, 0x38, 0x76, 0xd1, 0xff,
    0x38, 0x77, 0xd2, 0xff, 0x38, 0x77, 0xd2, 0xff, 0x38, 0x76, 0xd1, 0xff, 0x38, 0x76, 0xd1, 0xff,
    0x0b, 0x23, 0x68, 0xff, 0x0b, 0x23, 0x68, 0xff, 0x00, 0x00, 0x00, 0x00, 0x00, 0x00, 0x00, 0x00,
    0x00, 0x00, 0x00, 0x00, 0x00, 0x00, 0x00, 0x00, 0x00, 0x00, 0x00, 0x00, 0x00, 0x00, 0x00, 0x00,
    0x00, 0x00, 0x00, 0x00, 0x00, 0x00, 0x00, 0x00, 0x00, 0x00, 0x00, 0x00, 0x00, 0x00, 0x00, 0x00,
    0x00, 0x00, 0x00, 0x00, 0x00, 0x00, 0x00, 0x00, 0x00, 0x00, 0x00, 0x00, 0x00, 0x00, 0x00, 0x00,
    0x00, 0x00, 0x00, 0x00, 0x00, 0x00, 0x00, 0x00, 0x00, 0x00, 0x00, 0x00, 0x00, 0x00, 0x00, 0x00,
    0x00, 0x00, 0x00, 0x00, 0x00, 0x00, 0x00, 0x00, 0x00, 0x00, 0x00, 0x00, 0x00, 0x00, 0x00, 0x00,
    0x00, 0x00, 0x00, 0x00, 0x00, 0x00, 0x00, 0x00, 0x00, 0x00, 0x00, 0x00, 0x00, 0x00, 0x00, 0x00,
    0x00, 0x00, 0x00, 0x00, 0x00, 0x00, 0x00, 0x00, 0x0c, 0x24, 0x66, 0xff, 0x0c, 0x24, 0x66, 0xff,
    0x37, 0x75, 0xd1, 0xff, 0x37, 0x75, 0xd1, 0xff, 0x38, 0x76, 0xd2, 0xff, 0x38, 0x76, 0xd2, 0xff,
    0x38, 0x75, 0xd0, 0xff, 0x38, 0x75, 0xd0, 0xff, 0x08, 0x07, 0x28, 0xff, 0x08, 0x07, 0x28, 0xff,
    0x06, 0x06, 0x24, 0xff, 0x06, 0x06, 0x24, 0xff, 0x39, 0x77, 0xd2, 0xff, 0x39, 0x77, 0xd2, 0xff,
    0x38, 0x76, 0xd1, 0xff, 0x38, 0x76, 0xd1, 0xff, 0x38, 0x76, 0xd2, 0xff, 0x38, 0x76, 0xd2, 0xff,
    0x38, 0x75, 0xd2, 0xff, 0x38, 0x75, 0xd2, 0xff, 0x38, 0x76, 0xd1, 0xff, 0x38, 0x76, 0xd1, 0xff,
    0x39, 0x77, 0xd1, 0xff, 0x39, 0x77, 0xd1, 0xff, 0x07, 0x06, 0x25, 0xff, 0x07, 0x06, 0x25, 0xff,
    0x06, 0x05, 0x26, 0xff, 0x06, 0x05, 0x26, 0xff, 0x38, 0x76, 0xd1, 0xff, 0x38, 0x76, 0xd1, 0xff,
    0x38, 0x77, 0xd2, 0xff, 0x38, 0x77, 0xd2, 0xff, 0x38, 0x76, 0xd1, 0xff, 0x38, 0x76, 0xd1, 0xff,
    0x0b, 0x23, 0x68, 0xff, 0x0b, 0x23, 0x68, 0xff, 0x00, 0x00, 0x00, 0x00, 0x00, 0x00, 0x00, 0x00,
    0x00, 0x00, 0x00, 0x00, 0x00, 0x00, 0x00, 0x00, 0x00, 0x00, 0x00, 0x00, 0x00, 0x00, 0x00, 0x00,
    0x00, 0x00, 0x00, 0x00, 0x00, 0x00, 0x00, 0x00, 0x00, 0x00, 0x00, 0x00, 0x00, 0x00, 0x00, 0x00,
    0x00, 0x00, 0x00, 0x00, 0x00, 0x00, 0x00, 0x00, 0x00, 0x00, 0x00, 0x00, 0x00, 0x00, 0x00, 0x00,
    0x00, 0x00, 0x00, 0x00, 0x00, 0x00, 0x00, 0x00, 0x00, 0x00, 0x00, 0x00, 0x00, 0x00, 0x00, 0x00,
    0x00, 0x00, 0x00, 0x00, 0x00, 0x00, 0x00, 0x00, 0x00, 0x00, 0x00, 0x00, 0x00, 0x00, 0x00, 0x00,
    0x00, 0x00, 0x00, 0x00, 0x00, 0x00, 0x00, 0x00, 0x00, 0x00, 0x00, 0x00, 0x00, 0x00, 0x00, 0x00,
    0x00, 0x00, 0x00, 0x00, 0x00, 0x00, 0x00, 0x00, 0x47, 0x98, 0xef, 0xff, 0x47, 0x98, 0xef, 0xff,
    0x39, 0x76, 0xd2, 0xff, 0x39, 0x76, 0xd2, 0xff, 0x38, 0x75, 0xd1, 0xff, 0x38, 0x75, 0xd1, 0xff,
    0x06, 0x05, 0x24, 0xff, 0x06, 0x05, 0x24, 0xff, 0xf7, 0xf9, 0xfa, 0xff, 0xf7, 0xf9, 0xfa, 0xff,
    0xfb, 0xfb, 0xfb, 0xff, 0xfb, 0xfb, 0xfb, 0xff, 0x06, 0x06, 0x26, 0xff, 0x06, 0x06, 0x26, 0xff,
    0x38, 0x75, 0xd1, 0xff, 0x38, 0x75, 0xd1, 0xff, 0x38, 0x75, 0xd1, 0xff, 0x38, 0x75, 0xd1, 0xff,
    0x37, 0x75, 0xd0, 0xff, 0x37, 0x75, 0xd0, 0xff, 0x38, 0x75, 0xd0, 0xff, 0x38, 0x75, 0xd0, 0xff,
    0x06, 0x06, 0x26, 0xff, 0x06, 0x06, 0x26, 0xff, 0xfa, 0xfa, 0xfb, 0xff, 0xfa, 0xfa, 0xfb, 0xff,
    0xf7, 0xf8, 0xf9, 0xff, 0xf7, 0xf8, 0xf9, 0xff, 0x06, 0x06, 0x26, 0xff, 0x06, 0x06, 0x26, 0xff,
    0x38, 0x76, 0xd1, 0xff, 0x38, 0x76, 0xd1, 0xff, 0x38, 0x76, 0xd1, 0xff, 0x38, 0x76, 0xd1, 0xff,
    0x48, 0x99, 0xf0, 0xff, 0x48, 0x99, 0xf0, 0xff, 0x00, 0x00, 0x00, 0x00, 0x00, 0x00, 0x00, 0x00,
    0x00, 0x00, 0x00, 0x00, 0x00, 0x00, 0x00, 0x00, 0x00, 0x00, 0x00, 0x00, 0x00, 0x00, 0x00, 0x00,
    0x00, 0x00, 0x00, 0x00, 0x00, 0x00, 0x00, 0x00, 0x00, 0x00, 0x00, 0x00, 0x00, 0x00, 0x00, 0x00,
    0x00, 0x00, 0x00, 0x00, 0x00, 0x00, 0x00, 0x00, 0x00, 0x00, 0x00, 0x00, 0x00, 0x00, 0x00, 0x00,
    0x00, 0x00, 0x00, 0x00, 0x00, 0x00, 0x00, 0x00, 0x00, 0x00, 0x00, 0x00, 0x00, 0x00, 0x00, 0x00,
    0x00, 0x00, 0x00, 0x00, 0x00, 0x00, 0x00, 0x00, 0x00, 0x00, 0x00, 0x00, 0x00, 0x00, 0x00, 0x00,
    0x00, 0x00, 0x00, 0x00, 0x00, 0x00, 0x00, 0x00, 0x00, 0x00, 0x00, 0x00, 0x00, 0x00, 0x00, 0x00,
    0x00, 0x00, 0x00, 0x00, 0x00, 0x00, 0x00, 0x00, 0x47, 0x98, 0xef, 0xff, 0x47, 0x98, 0xef, 0xff,
    0x39, 0x76, 0xd2, 0xff, 0x39, 0x76, 0xd2, 0xff, 0x38, 0x75, 0xd1, 0xff, 0x38, 0x75, 0xd1, 0xff,
    0x06, 0x05, 0x24, 0xff, 0x06, 0x05, 0x24, 0xff, 0xf7, 0xf9, 0xfa, 0xff, 0xf7, 0xf9, 0xfa, 0xff,
    0xfb, 0xfb, 0xfb, 0xff, 0xfb, 0xfb, 0xfb, 0xff, 0x06, 0x06, 0x26, 0xff, 0x06, 0x06, 0x26, 0xff,
    0x38, 0x75, 0xd1, 0xff, 0x38, 0x75, 0xd1, 0xff, 0x38, 0x75, 0xd1, 0xff, 0x38, 0x75, 0xd1, 0xff,
    0x37, 0x75, 0xd0, 0xff, 0x37, 0x75, 0xd0, 0xff, 0x38, 0x75, 0xd0, 0xff, 0x38, 0x75, 0xd0, 0xff,
    0x06, 0x06, 0x26, 0xff, 0x06, 0x06, 0x26, 0xff, 0xfa, 0xfa, 0xfb, 0xff, 0xfa, 0xfa, 0xfb, 0xff,
    0xf7, 0xf8, 0xf9, 0xff, 0xf7, 0xf8, 0xf9, 0xff, 0x06, 0x06, 0x26, 0xff, 0x06, 0x06, 0x26, 0xff,
    0x38, 0x76, 0xd1, 0xff, 0x38, 0x76, 0xd1, 0xff, 0x38, 0x76, 0xd1, 0xff, 0x38, 0x76, 0xd1, 0xff,
    0x48, 0x99, 0xf0, 0xff, 0x48, 0x99, 0xf0, 0xff, 0x00, 0x00, 0x00, 0x00, 0x00, 0x00, 0x00, 0x00,
    0x00, 0x00, 0x00, 0x00, 0x00, 0x00, 0x00, 0x00, 0x00, 0x00, 0x00, 0x00, 0x00, 0x00, 0x00, 0x00,
    0x00, 0x00, 0x00, 0x00, 0x00, 0x00, 0x00, 0x00, 0x00, 0x00, 0x00, 0x00, 0x00, 0x00, 0x00, 0x00,
    0x00, 0x00, 0x00, 0x00, 0x00, 0x00, 0x00, 0x00, 0x00, 0x00, 0x00, 0x00, 0x00, 0x00, 0x00, 0x00,
    0x00, 0x00, 0x00, 0x00, 0x00, 0x00, 0x00, 0x00, 0x00, 0x00, 0x00, 0x00, 0x00, 0x00, 0x00, 0x00,
    0x00, 0x00, 0x00, 0x00, 0x00, 0x00, 0x00, 0x00, 0x00, 0x00, 0x00, 0x00, 0x00, 0x00, 0x00, 0x00,
    0x00, 0x00, 0x00, 0x00, 0x00, 0x00, 0x00, 0x00, 0x00, 0x00, 0x00, 0x00, 0x00, 0x00, 0x00, 0x00,
    0x0c, 0x24, 0x69, 0xff, 0x0c, 0x24, 0x69, 0xff, 0x38, 0x75, 0xd1, 0xff, 0x38, 0x75, 0xd1, 0xff,
    0x39, 0x77, 0xd2, 0xff, 0x39, 0x77, 0xd2, 0xff, 0x39, 0x76, 0xd2, 0xff, 0x39, 0x76, 0xd2, 0xff,
    0xf9, 0xfb, 0xfc, 0xff, 0xf9, 0xfb, 0xfc, 0xff, 0x07, 0x06, 0x25, 0xff, 0x07, 0x06, 0x25, 0xff,
    0x07, 0x06, 0x25, 0xff, 0x07, 0x06, 0x25, 0xff, 0x07, 0x06, 0x25, 0xff, 0x07, 0x06, 0x25, 0xff,
    0x3a, 0x77, 0xd2, 0xff, 0x3a, 0x77, 0xd2, 0xff, 0xce, 0xea, 0xfc, 0xff, 0xce, 0xea, 0xfc, 0xff,
    0xcf, 0xeb, 0xfd, 0xff, 0xcf, 0xeb, 0xfd, 0xff, 0x35, 0x73, 0xcf, 0xff, 0x35, 0x73, 0xcf, 0xff,
    0x06, 0x06, 0x26, 0xff, 0x06, 0x06, 0x26, 0xff, 0x08, 0x07, 0x26, 0xff, 0x08, 0x07, 0x26, 0xff,
    0x07, 0x05, 0x24, 0xff, 0x07, 0x05, 0x24, 0xff, 0xf6, 0xf9, 0xfa, 0xff, 0xf6, 0xf9, 0xfa, 0xff,
    0x38, 0x75, 0xd1, 0xff, 0x38, 0x75, 0xd1, 0xff, 0x38, 0x76, 0xd2, 0xff, 0x38, 0x76, 0xd2, 0xff,
    0x38, 0x75, 0xd1, 0xff, 0x38, 0x75, 0xd1, 0xff, 0x0c, 0x26, 0x6d, 0xff, 0x0c, 0x26, 0x6d, 0xff,
    0x00, 0x00, 0x00, 0x00, 0x00, 0x00, 0x00, 0x00, 0x00, 0x00, 0x00, 0x00, 0x00, 0x00, 0x00, 0x00,
    0x00, 0x00, 0x00, 0x00, 0x00, 0x00, 0x00, 0x00, 0x00, 0x00, 0x00, 0x00, 0x00, 0x00, 0x00, 0x00,
    0x00, 0x00, 0x00, 0x00, 0x00, 0x00, 0x00, 0x00, 0x00, 0x00, 0x00, 0x00, 0x00, 0x00, 0x00, 0x00,
    0x00, 0x00, 0x00, 0x00, 0x00, 0x00, 0x00, 0x00, 0x00, 0x00, 0x00, 0x00, 0x00, 0x00, 0x00, 0x00,
    0x00, 0x00, 0x00, 0x00, 0x00, 0x00, 0x00, 0x00, 0x00, 0x00, 0x00, 0x00, 0x00, 0x00, 0x00, 0x00,
    0x00, 0x00, 0x00, 0x00, 0x00, 0x00, 0x00, 0x00, 0x00, 0x00, 0x00, 0x00, 0x00, 0x00, 0x00, 0x00,
    0x0c, 0x24, 0x69, 0xff, 0x0c, 0x24, 0x69, 0xff, 0x38, 0x75, 0xd1, 0xff, 0x38, 0x75, 0xd1, 0xff,
    0x39, 0x77, 0xd2, 0xff, 0x39, 0x77, 0xd2, 0xff, 0x39, 0x76, 0xd2, 0xff, 0x39, 0x76, 0xd2, 0xff,
    0xf9, 0xfb, 0xfc, 0xff, 0xf9, 0xfb, 0xfc, 0xff, 0x07, 0x06, 0x25, 0xff, 0x07, 0x06, 0x25, 0xff,
    0x07, 0x06, 0x25, 0xff, 0x07, 0x06, 0x25, 0xff, 0x07, 0x06, 0x25, 0xff, 0x07, 0x06, 0x25, 0xff,
    0x3a, 0x77, 0xd2, 0xff, 0x3a, 0x77, 0xd2, 0xff, 0xce, 0xea, 0xfc, 0xff, 0xce, 0xea, 0xfc, 0xff,
    0xcf, 0xeb, 0xfd, 0xff, 0xcf, 0xeb, 0xfd, 0xff, 0x35, 0x73, 0xcf, 0xff, 0x35, 0x73, 0xcf, 0xff,
    0x06, 0x06, 0x26, 0xff, 0x06, 0x06, 0x26, 0xff, 0x08, 0x07, 0x26, 0xff, 0x08, 0x07, 0x26, 0xff,
    0x07, 0x05, 0x24, 0xff, 0x07, 0x05, 0x24, 0xff, 0xf6, 0xf9, 0xfa, 0xff, 0xf6, 0xf9, 0xfa, 0xff,
    0x38, 0x75, 0xd1, 0xff, 0x38, 0x75, 0xd1, 0xff, 0x38, 0x76, 0xd2, 0xff, 0x38, 0x76, 0xd2, 0xff,
    0x38, 0x75, 0xd1, 0xff, 0x38, 0x75, 0xd1, 0xff, 0x0c, 0x26, 0x6d, 0xff, 0x0c, 0x26, 0x6d, 0xff,
    0x00, 0x00, 0x00, 0x00, 0x00, 0x00, 0x00, 0x00, 0x00, 0x00, 0x00, 0x00, 0x00, 0x00, 0x00, 0x00,
    0x00, 0x00, 0x00, 0x00, 0x00, 0x00, 0x00, 0x00, 0x00, 0x00, 0x00, 0x00, 0x00, 0x00, 0x00, 0x00,
    0x00, 0x00, 0x00, 0x00, 0x00, 0x00, 0x00, 0x00, 0x00, 0x00, 0x00, 0x00, 0x00, 0x00, 0x00, 0x00,
    0x00, 0x00, 0x00, 0x00, 0x00, 0x00, 0x00, 0x00, 0x00, 0x00, 0x00, 0x00, 0x00, 0x00, 0x00, 0x00,
    0x00, 0x00, 0x00, 0x00, 0x00, 0x00, 0x00, 0x00, 0x00, 0x00, 0x00, 0x00, 0x00, 0x00, 0x00, 0x00,
    0x00, 0x00, 0x00, 0x00, 0x00, 0x00, 0x00, 0x00, 0x00, 0x00, 0x00, 0x00, 0x00, 0x00, 0x00, 0x00,
    0x0c, 0x26, 0x6c, 0xff, 0x0c, 0x26, 0x6c, 0xff, 0x38, 0x76, 0xd2, 0xff, 0x38, 0x76, 0xd2, 0xff,
    0x39, 0x75, 0xd1, 0xff, 0x39, 0x75, 0xd1, 0xff, 0x39, 0x76, 0xd2, 0xff, 0x39, 0x76, 0xd2, 0xff,
    0xfa, 0xfb, 0xfb, 0xff, 0xfa, 0xfb, 0xfb, 0xff, 0x06, 0x07, 0x23, 0xff, 0x06, 0x07, 0x23, 0xff,
    0x05, 0x05, 0x23, 0xff, 0x05, 0x05, 0x23, 0xff, 0x06, 0x05, 0x23, 0xff, 0x06, 0x05, 0x23, 0xff,
    0xcf, 0xea, 0xfc, 0xff, 0xcf, 0xea, 0xfc, 0xff, 0xf9, 0xfa, 0xfb, 0xff, 0xf9, 0xfa, 0xfb, 0xff,
    0x07, 0x06, 0x24, 0xff, 0x07, 0x06, 0x24, 0xff, 0xcf, 0xeb, 0xfd, 0xff, 0xcf, 0xeb, 0xfd, 0xff,
    0x06, 0x06, 0x23, 0xff, 0x06, 0x06, 0x23, 0xff, 0x06, 0x05, 0x24, 0xff, 0x06, 0x05, 0x24, 0xff,
    0x07, 0x07, 0x25, 0xff, 0x07, 0x07, 0x25, 0xff, 0xf7, 0xf9, 0xfa, 0xff, 0xf7, 0xf9, 0xfa, 0xff,
    0x38, 0x74, 0xd1, 0xff, 0x38, 0x74, 0xd1, 0xff, 0x38, 0x75, 0xd1, 0xff, 0x38, 0x75, 0xd1, 0xff,
    0x39, 0x76, 0xd2, 0xff, 0x39, 0x76, 0xd2, 0xff, 0x0b, 0x24, 0x6a, 0xff, 0x0b, 0x24, 0x6a, 0xff,
    0x00, 0x00, 0x00, 0x00, 0x00, 0x00, 0x00, 0x00, 0x00, 0x00, 0x00, 0x00, 0x00, 0x00, 0x00, 0x00,
    0x00, 0x00, 0x00, 0x00, 0x00, 0x00, 0x00, 0x00, 0x00, 0x00, 0x00, 0x00, 0x00, 0x00, 0x00, 0x00,
    0x00, 0x00, 0x00, 0x00, 0x00, 0x00, 0x00, 0x00, 0x00, 0x00, 0x00, 0x00, 0x00, 0x00, 0x00, 0x00,
    0x00, 0x00, 0x00, 0x00, 0x00, 0x00, 0x00, 0x00, 0x00, 0x00, 0x00, 0x00, 0x00, 0x00, 0x00, 0x00,
    0x00, 0x00, 0x00, 0x00, 0x00, 0x00, 0x00, 0x00, 0x00, 0x00, 0x00, 0x00, 0x00, 0x00, 0x00, 0x00,
    0x00, 0x00, 0x00, 0x00, 0x00, 0x00, 0x00, 0x00, 0x00, 0x00, 0x00, 0x00, 0x00, 0x00, 0x00, 0x00,
    0x0c, 0x26, 0x6c, 0xff, 0x0c, 0x26, 0x6c, 0xff, 0x38, 0x76, 0xd2, 0xff, 0x38, 0x76, 0xd2, 0xff,
    0x39, 0x75, 0xd1, 0xff, 0x39, 0x75, 0xd1, 0xff, 0x39, 0x76, 0xd2, 0xff, 0x39, 0x76, 0xd2, 0xff,
    0xfa, 0xfb, 0xfb, 0xff, 0xfa, 0xfb, 0xfb, 0xff, 0x06, 0x07, 0x23, 0xff, 0x06, 0x07, 0x23, 0xff,
    0x05, 0x05, 0x23, 0xff, 0x05, 0x05, 0x23, 0xff, 0x06, 0x05, 0x23, 0xff, 0x06, 0x05, 0x23, 0xff,
    0xcf, 0xea, 0xfc, 0xff, 0xcf, 0xea, 0xfc, 0xff, 0xf9, 0xfa, 0xfb, 0xff, 0xf9, 0xfa, 0xfb, 0xff,
    0x07, 0x06, 0x24, 0xff, 0x07, 0x06, 0x24, 0xff, 0xcf, 0xeb, 0xfd, 0xff, 0xcf, 0xeb, 0xfd, 0xff,
    0x06, 0x06, 0x23, 0xff, 0x06, 0x06, 0x23, 0xff, 0x06, 0x05, 0x24, 0xff, 0x06, 0x05, 0x24, 0xff,
    0x07, 0x07, 0x25, 0xff, 0x07, 0x07, 0x25, 0xff, 0xf7, 0xf9, 0xfa, 0xff, 0xf7, 0xf9, 0xfa, 0xff,
    0x38, 0x74, 0xd1, 0xff, 0x38, 0x74, 0xd1, 0xff, 0x38, 0x75, 0xd1, 0xff, 0x38, 0x75, 0xd1, 0xff,
    0x39, 0x76, 0xd2, 0xff, 0x39, 0x76, 0xd2, 0xff, 0x0b, 0x24, 0x6a, 0xff, 0x0b, 0x24, 0x6a, 0xff,
    0x00, 0x00, 0x00, 0x00, 0x00, 0x00, 0x00, 0x00, 0x00, 0x00, 0x00, 0x00, 0x00, 0x00, 0x00, 0x00,
    0x00, 0x00, 0x00, 0x00, 0x00, 0x00, 0x00, 0x00, 0x00, 0x00, 0x00, 0x00, 0x00, 0x00, 0x00, 0x00,
    0x00, 0x00, 0x00, 0x00, 0x00, 0x00, 0x00, 0x00, 0x00, 0x00, 0x00, 0x00, 0x00, 0x00, 0x00, 0x00,
    0x00, 0x00, 0x00, 0x00, 0x00, 0x00, 0x00, 0x00, 0x00, 0x00, 0x00, 0x00, 0x00, 0x00, 0x00, 0x00,
    0x00, 0x00, 0x00, 0x00, 0x00, 0x00, 0x00, 0x00, 0x00, 0x00, 0x00, 0x00, 0x00, 0x00, 0x00, 0x00,
    0x00, 0x00, 0x00, 0x00, 0x00, 0x00, 0x00, 0x00, 0x00, 0x00, 0x00, 0x00, 0x00, 0x00, 0x00, 0x00,
    0x00, 0x00, 0x00, 0x00, 0x00, 0x00, 0x00, 0x00, 0x36, 0x73, 0xd0, 0xff, 0x36, 0x73, 0xd0, 0xff,
    0x37, 0x73, 0xd0, 0xff, 0x37, 0x73, 0xd0, 0xff, 0x6b, 0x8e, 0xfd, 0xff, 0x6b, 0x8e, 0xfd, 0xff,
    0x5c, 0x7f, 0xfc, 0xff, 0x5c, 0x7f, 0xfc, 0xff, 0xf6, 0xfb, 0xfc, 0xff, 0xf6, 0xfb, 0xfc, 0xff,
    0x06, 0x06, 0x28, 0xff, 0x06, 0x06, 0x28, 0xff, 0xcd, 0xea, 0xfd, 0xff, 0xcd, 0xea, 0xfd, 0xff,
    0xce, 0xea, 0xfc, 0xff, 0xce, 0xea, 0xfc, 0xff, 0x07, 0x06, 0x25, 0xff, 0x07, 0x06, 0x25, 0xff,
    0x07, 0x06, 0x21, 0xff, 0x07, 0x06, 0x21, 0xff, 0xcf, 0xea, 0xfc, 0xff, 0xcf, 0xea, 0xfc, 0xff,
    0xd0, 0xeb, 0xfd, 0xff, 0xd0, 0xeb, 0xfd, 0xff, 0x06, 0x07, 0x27, 0xff, 0x06, 0x07, 0x27, 0xff,
    0xf5, 0xfa, 0xfc, 0xff, 0xf5, 0xfa, 0xfc, 0xff, 0x5e, 0x81, 0xfd, 0xff, 0x5e, 0x81, 0xfd, 0xff,
    0x6c, 0x91, 0xfc, 0xff, 0x6c, 0x91, 0xfc, 0xff, 0x37, 0x73, 0xd0, 0xff, 0x37, 0x73, 0xd0, 0xff,
    0x39, 0x76, 0xd1, 0xff, 0x39, 0x76, 0xd1, 0xff, 0x00, 0x00, 0x00, 0x00, 0x00, 0x00, 0x00, 0x00,
    0x00, 0x00, 0x00, 0x00, 0x00, 0x00, 0x00, 0x00, 0x00, 0x00, 0x00, 0x00, 0x00, 0x00, 0x00, 0x00,
    0x00, 0x00, 0x00, 0x00, 0x00, 0x00, 0x00, 0x00, 0x00, 0x00, 0x00, 0x00, 0x00, 0x00, 0x00, 0x00,
    0x00, 0x00, 0x00, 0x00, 0x00, 0x00, 0x00, 0x00, 0x00, 0x00, 0x00, 0x00, 0x00, 0x00, 0x00, 0x00,
    0x00, 0x00, 0x00, 0x00, 0x00, 0x00, 0x00, 0x00, 0x00, 0x00, 0x00, 0x00, 0x00, 0x00, 0x00, 0x00,
    0x00, 0x00, 0x00, 0x00, 0x00, 0x00, 0x00, 0x00, 0x00, 0x00, 0x00, 0x00, 0x00, 0x00, 0x00, 0x00,
    0x00, 0x00, 0x00, 0x00, 0x00, 0x00, 0x00, 0x00, 0x00, 0x00, 0x00, 0x00, 0x00, 0x00, 0x00, 0x00,
    0x00, 0x00, 0x00, 0x00, 0x00, 0x00, 0x00, 0x00, 0x36, 0x73, 0xd0, 0xff, 0x36, 0x73, 0xd0, 0xff,
    0x37, 0x73, 0xd0, 0xff, 0x37, 0x73, 0xd0, 0xff, 0x6b, 0x8e, 0xfd, 0xff, 0x6b, 0x8e, 0xfd, 0xff,
    0x5c, 0x7f, 0xfc, 0xff, 0x5c, 0x7f, 0xfc, 0xff, 0xf6, 0xfb, 0xfc, 0xff, 0xf6, 0xfb, 0xfc, 0xff,
    0x06, 0x06, 0x28, 0xff, 0x06, 0x06, 0x28, 0xff, 0xcd, 0xea, 0xfd, 0xff, 0xcd, 0xea, 0xfd, 0xff,
    0xce, 0xea, 0xfc, 0xff, 0xce, 0xea, 0xfc, 0xff, 0x07, 0x06, 0x25, 0xff, 0x07, 0x06, 0x25, 0xff,
    0x07, 0x06, 0x21, 0xff, 0x07, 0x06, 0x21, 0xff, 0xcf, 0xea, 0xfc, 0xff, 0xcf, 0xea, 0xfc, 0xff,
    0xd0, 0xeb, 0xfd, 0xff, 0xd0, 0xeb, 0xfd, 0xff, 0x06, 0x07, 0x27, 0xff, 0x06, 0x07, 0x27, 0xff,
    0xf5, 0xfa, 0xfc, 0xff, 0xf5, 0xfa, 0xfc, 0xff, 0x5e, 0x81, 0xfd, 0xff, 0x5e, 0x81, 0xfd, 0xff,
    0x6c, 0x91, 0xfc, 0xff, 0x6c, 0x91, 0xfc, 0xff, 0x37, 0x73, 0xd0, 0xff, 0x37, 0x73, 0xd0, 0xff,
    0x39, 0x76, 0xd1, 0xff, 0x39, 0x76, 0xd1, 0xff, 0x00, 0x00, 0x00, 0x00, 0x00, 0x00, 0x00, 0x00,
    0x00, 0x00, 0x00, 0x00, 0x00, 0x00, 0x00, 0x00, 0x00, 0x00, 0x00, 0x00, 0x00, 0x00, 0x00, 0x00,
    0x00, 0x00, 0x00, 0x00, 0x00, 0x00, 0x00, 0x00, 0x00, 0x00, 0x00, 0x00, 0x00, 0x00, 0x00, 0x00,
    0x00, 0x00, 0x00, 0x00, 0x00, 0x00, 0x00, 0x00, 0x00, 0x00, 0x00, 0x00, 0x00, 0x00, 0x00, 0x00,
    0x00, 0x00, 0x00, 0x00, 0x00, 0x00, 0x00, 0x00, 0x00, 0x00, 0x00, 0x00, 0x00, 0x00, 0x00, 0x00,
    0x00, 0x00, 0x00, 0x00, 0x00, 0x00, 0x00, 0x00, 0x00, 0x00, 0x00, 0x00, 0x00, 0x00, 0x00, 0x00,
    0x00, 0x00, 0x00, 0x00, 0x00, 0x00, 0x00, 0x00, 0x00, 0x00, 0x00, 0x00, 0x00, 0x00, 0x00, 0x00,
    0x00, 0x00, 0x00, 0x00, 0x00, 0x00, 0x00, 0x00, 0x0c, 0x24, 0x68, 0xff, 0x0c, 0x24, 0x68, 0xff,
    0x39, 0x76, 0xd2, 0xff, 0x39, 0x76, 0xd2, 0xff, 0x36, 0x74, 0xd0, 0xff, 0x36, 0x74, 0xd0, 0xff,
    0x38, 0x75, 0xd1, 0xff, 0x38, 0x75, 0xd1, 0xff, 0x38, 0x76, 0xd1, 0xff, 0x38, 0x76, 0xd1, 0xff,
    0x38, 0x75, 0xd1, 0xff, 0x38, 0x75, 0xd1, 0xff, 0xce, 0xea, 0xfc, 0xff, 0xce, 0xea, 0xfc, 0xff,
    0xcf, 0xea, 0xfc, 0xff, 0xcf, 0xea, 0xfc, 0xff, 0x07, 0x08, 0x23, 0xff, 0x07, 0x08, 0x23, 0xff,
    0x05, 0x06, 0x22, 0xff, 0x05, 0x06, 0x22, 0xff, 0xd0, 0xeb, 0xfd, 0xff, 0xd0, 0xeb, 0xfd, 0xff,
    0xd0, 0xeb, 0xfd, 0xff, 0xd0, 0xeb, 0xfd, 0xff, 0x39, 0x76, 0xd1, 0xff, 0x39, 0x76, 0xd1, 0xff,
    0x38, 0x75, 0xd1, 0xff, 0x38, 0x75, 0xd1, 0xff, 0x38, 0x76, 0xd2, 0xff, 0x38, 0x76, 0xd2, 0xff,
    0x37, 0x75, 0xd1, 0xff, 0x37, 0x75, 0xd1, 0xff, 0x36, 0x72, 0xd0, 0xff, 0x36, 0x72, 0xd0, 0xff,
    0x0b, 0x22, 0x67, 0xff, 0x0b, 0x22, 0x67, 0xff, 0x00, 0x00, 0x00, 0x00, 0x00, 0x00, 0x00, 0x00,
    0x00, 0x00, 0x00, 0x00, 0x00, 0x00, 0x00, 0x00, 0x00, 0x00, 0x00, 0x00, 0x00, 0x00, 0x00, 0x00,
    0x00, 0x00, 0x00, 0x00, 0x00, 0x00, 0x00, 0x00, 0x00, 0x00, 0x00, 0x00, 0x00, 0x00, 0x00, 0x00,
    0x00, 0x00, 0x00, 0x00, 0x00, 0x00, 0x00, 0x00, 0x00, 0x00, 0x00, 0x00, 0x00, 0x00, 0x00, 0x00,
    0x00, 0x00, 0x00, 0x00, 0x00, 0x00, 0x00, 0x00, 0x00, 0x00, 0x00, 0x00, 0x00, 0x00, 0x00, 0x00,
    0x00, 0x00, 0x00, 0x00, 0x00, 0x00, 0x00, 0x00, 0x00, 0x00, 0x00, 0x00, 0x00, 0x00, 0x00, 0x00,
    0x00, 0x00, 0x00, 0x00, 0x00, 0x00, 0x00, 0x00, 0x00, 0x00, 0x00, 0x00, 0x00, 0x00, 0x00, 0x00,
    0x00, 0x00, 0x00, 0x00, 0x00, 0x00, 0x00, 0x00, 0x0c, 0x24, 0x68, 0xff, 0x0c, 0x24, 0x68, 0xff,
    0x39, 0x76, 0xd2, 0xff, 0x39, 0x76, 0xd2, 0xff, 0x36, 0x74, 0xd0, 0xff, 0x36, 0x74, 0xd0, 0xff,
    0x38, 0x75, 0xd1, 0xff, 0x38, 0x75, 0xd1, 0xff, 0x38, 0x76, 0xd1, 0xff, 0x38, 0x76, 0xd1, 0xff,
    0x38, 0x75, 0xd1, 0xff, 0x38, 0x75, 0xd1, 0xff, 0xce, 0xea, 0xfc, 0xff, 0xce, 0xea, 0xfc, 0xff,
    0xcf, 0xea, 0xfc, 0xff, 0xcf, 0xea, 0xfc, 0xff, 0x07, 0x08, 0x23, 0xff, 0x07, 0x08, 0x23, 0xff,
    0x05, 0x06, 0x22, 0xff, 0x05, 0x06, 0x22, 0xff, 0xd0, 0xeb, 0xfd, 0xff, 0xd0, 0xeb, 0xfd, 0xff,
    0xd0, 0xeb, 0xfd, 0xff, 0xd0, 0xeb, 0xfd, 0xff, 0x39, 0x76, 0xd1, 0xff, 0x39, 0x76, 0xd1, 0xff,
    0x38, 0x75, 0xd1, 0xff, 0x38, 0x75, 0xd1, 0xff, 0x38, 0x76, 0xd2, 0xff, 0x38, 0x76, 0xd2, 0xff,
    0x37, 0x75, 0xd1, 0xff, 0x37, 0x75, 0xd1, 0xff, 0x36, 0x72, 0xd0, 0xff, 0x36, 0x72, 0xd0, 0xff,
    0x0b, 0x22, 0x67, 0xff, 0x0b, 0x22, 0x67, 0xff, 0x00, 0x00, 0x00, 0x00, 0x00, 0x00, 0x00, 0x00,
    0x00, 0x00, 0x00, 0x00, 0x00, 0x00, 0x00, 0x00, 0x00, 0x00, 0x00, 0x00, 0x00, 0x00, 0x00, 0x00,
    0x00, 0x00, 0x00, 0x00, 0x00, 0x00, 0x00, 0x00, 0x00, 0x00, 0x00, 0x00, 0x00, 0x00, 0x00, 0x00,
    0x00, 0x00, 0x00, 0x00, 0x00, 0x00, 0x00, 0x00, 0x00, 0x00, 0x00, 0x00, 0x00, 0x00, 0x00, 0x00,
    0x00, 0x00, 0x00, 0x00, 0x00, 0x00, 0x00, 0x00, 0x00, 0x00, 0x00, 0x00, 0x00, 0x00, 0x00, 0x00,
    0x00, 0x00, 0x00, 0x00, 0x00, 0x00, 0x00, 0x00, 0x00, 0x00, 0x00, 0x00, 0x00, 0x00, 0x00, 0x00,
    0x00, 0x00, 0x00, 0x00, 0x00, 0x00, 0x00, 0x00, 0x00, 0x00, 0x00, 0x00, 0x00, 0x00, 0x00, 0x00,
    0x00, 0x00, 0x00, 0x00, 0x00, 0x00, 0x00, 0x00, 0x00, 0x00, 0x00, 0x00, 0x00, 0x00, 0x00, 0x00,
    0x1f, 0x4b, 0xa9, 0xff, 0x1f, 0x4b, 0xa9, 0xff, 0x21, 0x4c, 0xa8, 0xff, 0x21, 0x4c, 0xa8, 0xff,
    0x39, 0x76, 0xd1, 0xff, 0x39, 0x76, 0xd1, 0xff, 0x39, 0x76, 0xd1, 0xff, 0x39, 0x76, 0xd1, 0xff,
    0x38, 0x75, 0xd0, 0xff, 0x38, 0x75, 0xd0, 0xff, 0x37, 0x73, 0xcc, 0xff, 0x37, 0x73, 0xcc, 0xff,
    0x22, 0x33, 0x03, 0xff, 0x22, 0x33, 0x03, 0xff, 0xce, 0xea, 0xfc, 0xff, 0xce, 0xea, 0xfc, 0xff,
    0xcf, 0xea, 0xfc, 0xff, 0xcf, 0xea, 0xfc, 0xff, 0xcf, 0xeb, 0xfd, 0xff, 0xcf, 0xeb, 0xfd, 0xff,
    0x39, 0x75, 0xd1, 0xff, 0x39, 0x75, 0xd1, 0xff, 0x38, 0x75, 0xd1, 0xff, 0x38, 0x75, 0xd1, 0xff,
    0x38, 0x76, 0xd1, 0xff, 0x38, 0x76, 0xd1, 0xff, 0x39, 0x76, 0xd2, 0xff, 0x39, 0x76, 0xd2, 0xff,
    0x1f, 0x4a, 0xa7, 0xff, 0x1f, 0x4a, 0xa7, 0xff, 0x20, 0x4a, 0xa6, 0xff, 0x20, 0x4a, 0xa6, 0xff,
    0x00, 0x00, 0x00, 0x00, 0x00, 0x00, 0x00, 0x00, 0x00, 0x00, 0x00, 0x00, 0x00, 0x00, 0x00, 0x00,
    0x00, 0x00, 0x00, 0x00, 0x00, 0x00, 0x00, 0x00, 0x00, 0x00, 0x00, 0x00, 0x00, 0x00, 0x00, 0x00,
    0x00, 0x00, 0x00, 0x00, 0x00, 0x00, 0x00, 0x00, 0x00, 0x00, 0x00, 0x00, 0x00, 0x00, 0x00, 0x00,
    0x00, 0x00, 0x00, 0x00, 0x00, 0x00, 0x00, 0x00, 0x00, 0x00, 0x00, 0x00, 0x00, 0x00, 0x00, 0x00,
    0x00, 0x00, 0x00, 0x00, 0x00, 0x00, 0x00, 0x00, 0x00, 0x00, 0x00, 0x00, 0x00, 0x00, 0x00, 0x00,
    0x00, 0x00, 0x00, 0x00, 0x00, 0x00, 0x00, 0x00, 0x00, 0x00, 0x00, 0x00, 0x00, 0x00, 0x00, 0x00,
    0x00, 0x00, 0x00, 0x00, 0x00, 0x00, 0x00, 0x00, 0x00, 0x00, 0x00, 0x00, 0x00, 0x00, 0x00, 0x00,
    0x00, 0x00, 0x00, 0x00, 0x00, 0x00, 0x00, 0x00, 0x00, 0x00, 0x00, 0x00, 0x00, 0x00, 0x00, 0x00,
    0x1f, 0x4b, 0xa9, 0xff, 0x1f, 0x4b, 0xa9, 0xff, 0x21, 0x4c, 0xa8, 0xff, 0x21, 0x4c, 0xa8, 0xff,
    0x39, 0x76, 0xd1, 0xff, 0x39, 0x76, 0xd1, 0xff, 0x39, 0x76, 0xd1, 0xff, 0x39, 0x76, 0xd1, 0xff,
    0x38, 0x75, 0xd0, 0xff, 0x38, 0x75, 0xd0, 0xff, 0x37, 0x73, 0xcc, 0xff, 0x37, 0x73, 0xcc, 0xff,
    0x22, 0x33, 0x03, 0xff, 0x22, 0x33, 0x03, 0xff, 0xce, 0xea, 0xfc, 0xff, 0xce, 0xea, 0xfc, 0xff,
    0xcf, 0xea, 0xfc, 0xff, 0xcf, 0xea, 0xfc, 0xff, 0xcf, 0xeb, 0xfd, 0xff, 0xcf, 0xeb, 0xfd, 0xff,
    0x39, 0x75, 0xd1, 0xff, 0x39, 0x75, 0xd1, 0xff, 0x38, 0x75, 0xd1, 0xff, 0x38, 0x75, 0xd1, 0xff,
    0x38, 0x76, 0xd1, 0xff, 0x38, 0x76, 0xd1, 0xff, 0x39, 0x76, 0xd2, 0xff, 0x39, 0x76, 0xd2, 0xff,
    0x1f, 0x4a, 0xa7, 0xff, 0x1f, 0x4a, 0xa7, 0xff, 0x20, 0x4a, 0xa6, 0xff, 0x20, 0x4a, 0xa6, 0xff,
    0x00, 0x00, 0x00, 0x00, 0x00, 0x00, 0x00, 0x00, 0x00, 0x00, 0x00, 0x00, 0x00, 0x00, 0x00, 0x00,
    0x00, 0x00, 0x00, 0x00, 0x00, 0x00, 0x00, 0x00, 0x00, 0x00, 0x00, 0x00, 0x00, 0x00, 0x00, 0x00,
    0x00, 0x00, 0x00, 0x00, 0x00, 0x00, 0x00, 0x00, 0x00, 0x00, 0x00, 0x00, 0x00, 0x00, 0x00, 0x00,
    0x00, 0x00, 0x00, 0x00, 0x00, 0x00, 0x00, 0x00, 0x00, 0x00, 0x00, 0x00, 0x00, 0x00, 0x00, 0x00,
    0x00, 0x00, 0x00, 0x00, 0x00, 0x00, 0x00, 0x00, 0x00, 0x00, 0x00, 0x00, 0x00, 0x00, 0x00, 0x00,
    0x00, 0x00, 0x00, 0x00, 0x00, 0x00, 0x00, 0x00, 0x00, 0x00, 0x00, 0x00, 0x00, 0x00, 0x00, 0x00,
    0x00, 0x00, 0x00, 0x00, 0x00, 0x00, 0x00, 0x00, 0x00, 0x00, 0x00, 0x00, 0x00, 0x00, 0x00, 0x00,
    0x00, 0x00, 0x00, 0x00, 0x00, 0x00, 0x00, 0x00, 0x00, 0x00, 0x00, 0x00, 0x00, 0x00, 0x00, 0x00,
    0x00, 0x00, 0x00, 0x00, 0x00, 0x00, 0x00, 0x00, 0x20, 0x4b, 0xa8, 0xff, 0x20, 0x4b, 0xa8, 0xff,
    0x20, 0x4b, 0xa8, 0xff, 0x20, 0x4b, 0xa8, 0xff, 0x20, 0x4b, 0xa8, 0xff, 0x20, 0x4b, 0xa8, 0xff,
    0x37, 0x72, 0xcc, 0xff, 0x37, 0x72, 0xcc, 0xff, 0x1f, 0x2c, 0x02, 0xff, 0x1f, 0x2c, 0x02, 0xff,
    0x3a, 0xf9, 0xba, 0xff, 0x3a, 0xf9, 0xba, 0xff, 0x24, 0x35, 0x03, 0xff, 0x24, 0x35, 0x03, 0xff,
    0x22, 0x31, 0x04, 0xff, 0x22, 0x31, 0x04, 0xff, 0x3c, 0x78, 0xd0, 0xff, 0x3c, 0x78, 0xd0, 0xff,
    0x37, 0x74, 0xcf, 0xff, 0x37, 0x74, 0xcf, 0xff, 0x39, 0x75, 0xd1, 0xff, 0x39, 0x75, 0xd1, 0xff,
    0x21, 0x4d, 0xa8, 0xff, 0x21, 0x4d, 0xa8, 0xff, 0x21, 0x4d, 0xa9, 0xff, 0x21, 0x4d, 0xa9, 0xff,
    0x1f, 0x4b, 0xa7, 0xff, 0x1f, 0x4b, 0xa7, 0xff, 0x00, 0x00, 0x00, 0x00, 0x00, 0x00, 0x00, 0x00,
    0x00, 0x00, 0x00, 0x00, 0x00, 0x00, 0x00, 0x00, 0x00, 0x00, 0x00, 0x00, 0x00, 0x00, 0x00, 0x00,
    0x00, 0x00, 0x00, 0x00, 0x00, 0x00, 0x00, 0x00, 0x00, 0x00, 0x00, 0x00, 0x00, 0x00, 0x00, 0x00,
    0x00, 0x00, 0x00, 0x00, 0x00, 0x00, 0x00, 0x00, 0x00, 0x00, 0x00, 0x00, 0x00, 0x00, 0x00, 0x00,
    0x00, 0x00, 0x00, 0x00, 0x00, 0x00, 0x00, 0x00, 0x00, 0x00, 0x00, 0x00, 0x00, 0x00, 0x00, 0x00,
    0x00, 0x00, 0x00, 0x00, 0x00, 0x00, 0x00, 0x00, 0x00, 0x00, 0x00, 0x00, 0x00, 0x00, 0x00, 0x00,
    0x00, 0x00, 0x00, 0x00, 0x00, 0x00, 0x00, 0x00, 0x00, 0x00, 0x00, 0x00, 0x00, 0x00, 0x00, 0x00,
    0x00, 0x00, 0x00, 0x00, 0x00, 0x00, 0x00, 0x00, 0x00, 0x00, 0x00, 0x00, 0x00, 0x00, 0x00, 0x00,
    0x00, 0x00, 0x00, 0x00, 0x00, 0x00, 0x00, 0x00, 0x00, 0x00, 0x00, 0x00, 0x00, 0x00, 0x00, 0x00,
    0x00, 0x00, 0x00, 0x00, 0x00, 0x00, 0x00, 0x00, 0x20, 0x4b, 0xa8, 0xff, 0x20, 0x4b, 0xa8, 0xff,
    0x20, 0x4b, 0xa8, 0xff, 0x20, 0x4b, 0xa8, 0xff, 0x20, 0x4b, 0xa8, 0xff, 0x20, 0x4b, 0xa8, 0xff,
    0x37, 0x72, 0xcc, 0xff, 0x37, 0x72, 0xcc, 0xff, 0x1f, 0x2c, 0x02, 0xff, 0x1f, 0x2c, 0x02, 0xff,
    0x3a, 0xf9, 0xba, 0xff, 0x3a, 0xf9, 0xba, 0xff, 0x24, 0x35, 0x03, 0xff, 0x24, 0x35, 0x03, 0xff,
    0x22, 0x31, 0x04, 0xff, 0x22, 0x31, 0x04, 0xff, 0x3c, 0x78, 0xd0, 0xff, 0x3c, 0x78, 0xd0, 0xff,
    0x37, 0x74, 0xcf, 0xff, 0x37, 0x74, 0xcf, 0xff, 0x39, 0x75, 0xd1, 0xff, 0x39, 0x75, 0xd1, 0xff,
    0x21, 0x4d, 0xa8, 0xff, 0x21, 0x4d, 0xa8, 0xff, 0x21, 0x4d, 0xa9, 0xff, 0x21, 0x4d, 0xa9, 0xff,
    0x1f, 0x4b, 0xa7, 0xff, 0x1f, 0x4b, 0xa7, 0xff, 0x00, 0x00, 0x00, 0x00, 0x00, 0x00, 0x00, 0x00,
    0x00, 0x00, 0x00, 0x00, 0x00, 0x00, 0x00, 0x00, 0x00, 0x00, 0x00, 0x00, 0x00, 0x00, 0x00, 0x00,
    0x00, 0x00, 0x00, 0x00, 0x00, 0x00, 0x00, 0x00, 0x00, 0x00, 0x00, 0x00, 0x00, 0x00, 0x00, 0x00,
    0x00, 0x00, 0x00, 0x00, 0x00, 0x00, 0x00, 0x00, 0x00, 0x00, 0x00, 0x00, 0x00, 0x00, 0x00, 0x00,
    0x00, 0x00, 0x00, 0x00, 0x00, 0x00, 0x00, 0x00, 0x00, 0x00, 0x00, 0x00, 0x00, 0x00, 0x00, 0x00,
    0x00, 0x00, 0x00, 0x00, 0x00, 0x00, 0x00, 0x00, 0x00, 0x00, 0x00, 0x00, 0x00, 0x00, 0x00, 0x00,
    0x00, 0x00, 0x00, 0x00, 0x00, 0x00, 0x00, 0x00, 0x00, 0x00, 0x00, 0x00, 0x00, 0x00, 0x00, 0x00,
    0x00, 0x00, 0x00, 0x00, 0x00, 0x00, 0x00, 0x00, 0x00, 0x00, 0x00, 0x00, 0x00, 0x00, 0x00, 0x00,
    0x00, 0x00, 0x00, 0x00, 0x00, 0x00, 0x00, 0x00, 0x00, 0x00, 0x00, 0x00, 0x00, 0x00, 0x00, 0x00,
    0x00, 0x00, 0x00, 0x00, 0x00, 0x00, 0x00, 0x00, 0x00, 0x00, 0x00, 0x00, 0x00, 0x00, 0x00, 0x00,
    0x0a, 0x23, 0x68, 0xff, 0x0a, 0x23, 0x68, 0xff, 0x1f, 0x4a, 0xa7, 0xff, 0x1f, 0x4a, 0xa7, 0xff,
    0x23, 0x31, 0x03, 0xff, 0x23, 0x31, 0x03, 0xff, 0xd0, 0xfa, 0xa0, 0xff, 0xd0, 0xfa, 0xa0, 0xff,
    0x5a, 0x78, 0x0a, 0xff, 0x5a, 0x78, 0x0a, 0xff, 0x5a, 0x79, 0x0e, 0xff, 0x5a, 0x79, 0x0e, 0xff,
    0xfc, 0xfc, 0xfb, 0xff, 0xfc, 0xfc, 0xfb, 0xff, 0xfc, 0xfc, 0xfc, 0xff, 0xfc, 0xfc, 0xfc, 0xff,
    0xfc, 0xfd, 0xfc, 0xff, 0xfc, 0xfd, 0xfc, 0xff, 0x23, 0x32, 0x04, 0xff, 0x23, 0x32, 0x04, 0xff,
    0x21, 0x4d, 0xaa, 0xff, 0x21, 0x4d, 0xaa, 0xff, 0x0a, 0x22, 0x68, 0xff, 0x0a, 0x22, 0x68, 0xff,
    0x00, 0x00, 0x00, 0x00, 0x00, 0x00, 0x00, 0x00, 0x00, 0x00, 0x00, 0x00, 0x00, 0x00, 0x00, 0x00,
    0x00, 0x00, 0x00, 0x00, 0x00, 0x00, 0x00, 0x00, 0x00, 0x00, 0x00, 0x00, 0x00, 0x00, 0x00, 0x00,
    0x00, 0x00, 0x00, 0x00, 0x00, 0x00, 0x00, 0x00, 0x00, 0x00, 0x00, 0x00, 0x00, 0x00, 0x00, 0x00,
    0x00, 0x00, 0x00, 0x00, 0x00, 0x00, 0x00, 0x00, 0x00, 0x00, 0x00, 0x00, 0x00, 0x00, 0x00, 0x00,
    0x00, 0x00, 0x00, 0x00, 0x00, 0x00, 0x00, 0x00, 0x00, 0x00, 0x00, 0x00, 0x00, 0x00, 0x00, 0x00,
    0x00, 0x00, 0x00, 0x00, 0x00, 0x00, 0x00, 0x00, 0x00, 0x00, 0x00, 0x00, 0x00, 0x00, 0x00, 0x00,
    0x00, 0x00, 0x00, 0x00, 0x00, 0x00, 0x00, 0x00, 0x00, 0x00, 0x00, 0x00, 0x00, 0x00, 0x00, 0x00,
    0x00, 0x00, 0x00, 0x00, 0x00, 0x00, 0x00, 0x00, 0x00, 0x00, 0x00, 0x00, 0x00, 0x00, 0x00, 0x00,
    0x00, 0x00, 0x00, 0x00, 0x00, 0x00, 0x00, 0x00, 0x00, 0x00, 0x00, 0x00, 0x00, 0x00, 0x00, 0x00,
    0x00, 0x00, 0x00, 0x00, 0x00, 0x00, 0x00, 0x00, 0x00, 0x00, 0x00, 0x00, 0x00, 0x00, 0x00, 0x00,
    0x0a, 0x23, 0x68, 0xff, 0x0a, 0x23, 0x68, 0xff, 0x1f, 0x4a, 0xa7, 0xff, 0x1f, 0x4a, 0xa7, 0xff,
    0x23, 0x31, 0x03, 0xff, 0x23, 0x31, 0x03, 0xff, 0xd0, 0xfa, 0xa0, 0xff, 0xd0, 0xfa, 0xa0, 0xff,
    0x5a, 0x78, 0x0a, 0xff, 0x5a, 0x78, 0x0a, 0xff, 0x5a, 0x79, 0x0e, 0xff, 0x5a, 0x79, 0x0e, 0xff,
    0xfc, 0xfc, 0xfb, 0xff, 0xfc, 0xfc, 0xfb, 0xff, 0xfc, 0xfc, 0xfc, 0xff, 0xfc, 0xfc, 0xfc, 0xff,
    0xfc, 0xfd, 0xfc, 0xff, 0xfc, 0xfd, 0xfc, 0xff, 0x23, 0x32, 0x04, 0xff, 0x23, 0x32, 0x04, 0xff,
    0x21, 0x4d, 0xaa, 0xff, 0x21, 0x4d, 0xaa, 0xff, 0x0a, 0x22, 0x68, 0xff, 0x0a, 0x22, 0x68, 0xff,
    0x00, 0x00, 0x00, 0x00, 0x00, 0x00, 0x00, 0x00, 0x00, 0x00, 0x00, 0x00, 0x00, 0x00, 0x00, 0x00,
    0x00, 0x00, 0x00, 0x00, 0x00, 0x00, 0x00, 0x00, 0x00, 0x00, 0x00, 0x00, 0x00, 0x00, 0x00, 0x00,
    0x00, 0x00, 0x00, 0x00, 0x00, 0x00, 0x00, 0x00, 0x00, 0x00, 0x00, 0x00, 0x00, 0x00, 0x00, 0x00,
    0x00, 0x00, 0x00, 0x00, 0x00, 0x00, 0x00, 0x00, 0x00, 0x00, 0x00, 0x00, 0x00, 0x00, 0x00, 0x00,
    0x00, 0x00, 0x00, 0x00, 0x00, 0x00, 0x00, 0x00, 0x00, 0x00, 0x00, 0x00, 0x00, 0x00, 0x00, 0x00,
    0x00, 0x00, 0x00, 0x00, 0x00, 0x00, 0x00, 0x00, 0x00, 0x00, 0x00, 0x00, 0x00, 0x00, 0x00, 0x00,
    0x00, 0x00, 0x00, 0x00, 0x00, 0x00, 0x00, 0x00, 0x00, 0x00, 0x00, 0x00, 0x00, 0x00, 0x00, 0x00,
    0x00, 0x00, 0x00, 0x00, 0x00, 0x00, 0x00, 0x00, 0x00, 0x00, 0x00, 0x00, 0x00, 0x00, 0x00, 0x00,
    0x00, 0x00, 0x00, 0x00, 0x00, 0x00, 0x00, 0x00, 0x00, 0x00, 0x00, 0x00, 0x00, 0x00, 0x00, 0x00,
    0x00, 0x00, 0x00, 0x00, 0x00, 0x00, 0x00, 0x00, 0x47, 0x99, 0xf0, 0xff, 0x47, 0x99, 0xf0, 0xff,
    0x39, 0x76, 0xd2, 0xff, 0x39, 0x76, 0xd2, 0xff, 0x35, 0x6f, 0xcc, 0xff, 0x35, 0x6f, 0xcc, 0xff,
    0x22, 0x30, 0x03, 0xff, 0x22, 0x30, 0x03, 0xff, 0xce, 0xf9, 0x9f, 0xff, 0xce, 0xf9, 0x9f, 0xff,
    0xce, 0xf9, 0x9f, 0xff, 0xce, 0xf9, 0x9f, 0xff, 0xce, 0xf9, 0xa2, 0xff, 0xce, 0xf9, 0xa2, 0xff,
    0xcf, 0xf8, 0xa5, 0xff, 0xcf, 0xf8, 0xa5, 0xff, 0xd2, 0xf9, 0xa3, 0xff, 0xd2, 0xf9, 0xa3, 0xff,
    0x23, 0x31, 0x04, 0xff, 0x23, 0x31, 0x04, 0xff, 0x26, 0x34, 0x03, 0xff, 0x26, 0x34, 0x03, 0xff,
    0x2a, 0x5f, 0xbe, 0xff, 0x2a, 0x5f, 0xbe, 0xff, 0x39, 0x76, 0xd2, 0xff, 0x39, 0x76, 0xd2, 0xff,
    0x49, 0x98, 0xef, 0xff, 0x49, 0x98, 0xef, 0xff, 0x00, 0x00, 0x00, 0x00, 0x00, 0x00, 0x00, 0x00,
    0x00, 0x00, 0x00, 0x00, 0x00, 0x00, 0x00, 0x00, 0x00, 0x00, 0x00, 0x00, 0x00, 0x00, 0x00, 0x00,
    0x00, 0x00, 0x00, 0x00, 0x00, 0x00, 0x00, 0x00, 0x00, 0x00, 0x00, 0x00, 0x00, 0x00, 0x00, 0x00,
    0x00, 0x00, 0x00, 0x00, 0x00, 0x00, 0x00, 0x00, 0x00, 0x00, 0x00, 0x00, 0x00, 0x00, 0x00, 0x00,
    0x00, 0x00, 0x00, 0x00, 0x00, 0x00, 0x00, 0x00, 0x00, 0x00, 0x00, 0x00, 0x00, 0x00, 0x00, 0x00,
    0x00, 0x00, 0x00, 0x00, 0x00, 0x00, 0x00, 0x00, 0x00, 0x00, 0x00, 0x00, 0x00, 0x00, 0x00, 0x00,
    0x00, 0x00, 0x00, 0x00, 0x00, 0x00, 0x00, 0x00, 0x00, 0x00, 0x00, 0x00, 0x00, 0x00, 0x00, 0x00,
    0x00, 0x00, 0x00, 0x00, 0x00, 0x00, 0x00, 0x00, 0x00, 0x00, 0x00, 0x00, 0x00, 0x00, 0x00, 0x00,
    0x00, 0x00, 0x00, 0x00, 0x00, 0x00, 0x00, 0x00, 0x00, 0x00, 0x00, 0x00, 0x00, 0x00, 0x00, 0x00,
    0x00, 0x00, 0x00, 0x00, 0x00, 0x00, 0x00, 0x00, 0x47, 0x99, 0xf0, 0xff, 0x47, 0x99, 0xf0, 0xff,
    0x39, 0x76, 0xd2, 0xff, 0x39, 0x76, 0xd2, 0xff, 0x35, 0x6f, 0xcc, 0xff, 0x35, 0x6f, 0xcc, 0xff,
    0x22, 0x30, 0x03, 0xff, 0x22, 0x30, 0x03, 0xff, 0xce, 0xf9, 0x9f, 0xff, 0xce, 0xf9, 0x9f, 0xff,
    0xce, 0xf9, 0x9f, 0xff, 0xce, 0xf9, 0x9f, 0xff, 0xce, 0xf9, 0xa2, 0xff, 0xce, 0xf9, 0xa2, 0xff,
    0xcf, 0xf8, 0xa5, 0xff, 0xcf, 0xf8, 0xa5, 0xff, 0xd2, 0xf9, 0xa3, 0xff, 0xd2, 0xf9, 0xa3, 0xff,
    0x23, 0x31, 0x04, 0xff, 0x23, 0x31, 0x04, 0xff, 0x26, 0x34, 0x03, 0xff, 0x26, 0x34, 0x03, 0xff,
    0x2a, 0x5f, 0xbe, 0xff, 0x2a, 0x5f, 0xbe, 0xff, 0x39, 0x76, 0xd2, 0xff, 0x39, 0x76, 0xd2, 0xff,
    0x49, 0x98, 0xef, 0xff, 0x49, 0x98, 0xef, 0xff, 0x00, 0x00, 0x00, 0x00, 0x00, 0x00, 0x00, 0x00,
    0x00, 0x00, 0x00, 0x00, 0x00, 0x00, 0x00, 0x00, 0x00, 0x00, 0x00, 0x00, 0x00, 0x00, 0x00, 0x00,
    0x00, 0x00, 0x00, 0x00, 0x00, 0x00, 0x00, 0x00, 0x00, 0x00, 0x00, 0x00, 0x00, 0x00, 0x00, 0x00,
    0x00, 0x00, 0x00, 0x00, 0x00, 0x00, 0x00, 0x00, 0x00, 0x00, 0x00, 0x00, 0x00, 0x00, 0x00, 0x00,
    0x00, 0x00, 0x00, 0x00, 0x00, 0x00, 0x00, 0x00, 0x00, 0x00, 0x00, 0x00, 0x00, 0x00, 0x00, 0x00,
    0x00, 0x00, 0x00, 0x00, 0x00, 0x00, 0x00, 0x00, 0x00, 0x00, 0x00, 0x00, 0x00, 0x00, 0x00, 0x00,
    0x00, 0x00, 0x00, 0x00, 0x00, 0x00, 0x00, 0x00, 0x00, 0x00, 0x00, 0x00, 0x00, 0x00, 0x00, 0x00,
    0x00, 0x00, 0x00, 0x00, 0x00, 0x00, 0x00, 0x00, 0x00, 0x00, 0x00, 0x00, 0x00, 0x00, 0x00, 0x00,
    0x00, 0x00, 0x00, 0x00, 0x00, 0x00, 0x00, 0x00, 0x00, 0x00, 0x00, 0x00, 0x00, 0x00, 0x00, 0x00,
    0x0c, 0x23, 0x68, 0xff, 0x0c, 0x23, 0x68, 0xff, 0x38, 0x75, 0xd1, 0xff, 0x38, 0x75, 0xd1, 0xff,
    0x3b, 0x78, 0xd3, 0xff, 0x3b, 0x78, 0xd3, 0xff, 0x44, 0x94, 0xed, 0xff, 0x44, 0x94, 0xed, 0xff,
    0x09, 0x1a, 0x4d, 0xff, 0x09, 0x1a, 0x4d, 0xff, 0xce, 0xf9, 0xa1, 0xff, 0xce, 0xf9, 0xa1, 0xff,
    0xa6, 0xc9, 0x47, 0xff, 0xa6, 0xc9, 0x47, 0xff, 0xa6, 0xc9, 0x49, 0xff, 0xa6, 0xc9, 0x49, 0xff,
    0xa5, 0xc9, 0x48, 0xff, 0xa5, 0xc9, 0x48, 0xff, 0xd0, 0xf9, 0xa2, 0xff, 0xd0, 0xf9, 0xa2, 0xff,
    0x23, 0x32, 0x02, 0xff, 0x23, 0x32, 0x02, 0xff, 0x08, 0x1e, 0x5c, 0xff, 0x08, 0x1e, 0x5c, 0xff,
    0x44, 0x95, 0xed, 0xff, 0x44, 0x95, 0xed, 0xff, 0x38, 0x76, 0xd3, 0xff, 0x38, 0x76, 0xd3, 0xff,
    0x3a, 0x77, 0xd3, 0xff, 0x3a, 0x77, 0xd3, 0xff, 0x0b, 0x23, 0x67, 0xff, 0x0b, 0x23, 0x67, 0xff,
    0x00, 0x00, 0x00, 0x00, 0x00, 0x00, 0x00, 0x00, 0x00, 0x00, 0x00, 0x00, 0x00, 0x00, 0x00, 0x00,
    0x00, 0x00, 0x00, 0x00, 0x00, 0x00, 0x00, 0x00, 0x00, 0x00, 0x00, 0x00, 0x00, 0x00, 0x00, 0x00,
    0x00, 0x00, 0x00, 0x00, 0x00, 0x00, 0x00, 0x00, 0x00, 0x00, 0x00, 0x00, 0x00, 0x00, 0x00, 0x00,
    0x00, 0x00, 0x00, 0x00, 0x00, 0x00, 0x00, 0x00, 0x00, 0x00, 0x00, 0x00, 0x00, 0x00, 0x00, 0x00,
    0x00, 0x00, 0x00, 0x00, 0x00, 0x00, 0x00, 0x00, 0x00, 0x00, 0x00, 0x00, 0x00, 0x00, 0x00, 0x00,
    0x00, 0x00, 0x00, 0x00, 0x00, 0x00, 0x00, 0x00, 0x00, 0x00, 0x00, 0x00, 0x00, 0x00, 0x00, 0x00,
    0x00, 0x00, 0x00, 0x00, 0x00, 0x00, 0x00, 0x00, 0x00, 0x00, 0x00, 0x00, 0x00, 0x00, 0x00, 0x00,
    0x00, 0x00, 0x00, 0x00, 0x00, 0x00, 0x00, 0x00, 0x00, 0x00, 0x00, 0x00, 0x00, 0x00, 0x00, 0x00,
    0x0c, 0x23, 0x68, 0xff, 0x0c, 0x23, 0x68, 0xff, 0x38, 0x75, 0xd1, 0xff, 0x38, 0x75, 0xd1, 0xff,
    0x3b, 0x78, 0xd3, 0xff, 0x3b, 0x78, 0xd3, 0xff, 0x44, 0x94, 0xed, 0xff, 0x44, 0x94, 0xed, 0xff,
    0x09, 0x1a, 0x4d, 0xff, 0x09, 0x1a, 0x4d, 0xff, 0xce, 0xf9, 0xa1, 0xff, 0xce, 0xf9, 0xa1, 0xff,
    0xa6, 0xc9, 0x47, 0xff, 0xa6, 0xc9, 0x47, 0xff, 0xa6, 0xc9, 0x49, 0xff, 0xa6, 0xc9, 0x49, 0xff,
    0xa5, 0xc9, 0x48, 0xff, 0xa5, 0xc9, 0x48, 0xff, 0xd0, 0xf9, 0xa2, 0xff, 0xd0, 0xf9, 0xa2, 0xff,
    0x23, 0x32, 0x02, 0xff, 0x23, 0x32, 0x02, 0xff, 0x08, 0x1e, 0x5c, 0xff, 0x08, 0x1e, 0x5c, 0xff,
    0x44, 0x95, 0xed, 0xff, 0x44, 0x95, 0xed, 0xff, 0x38, 0x76, 0xd3, 0xff, 0x38, 0x76, 0xd3, 0xff,
    0x3a, 0x77, 0xd3, 0xff, 0x3a, 0x77, 0xd3, 0xff, 0x0b, 0x23, 0x67, 0xff, 0x0b, 0x23, 0x67, 0xff,
    0x00, 0x00, 0x00, 0x00, 0x00, 0x00, 0x00, 0x00, 0x00, 0x00, 0x00, 0x00, 0x00, 0x00, 0x00, 0x00,
    0x00, 0x00, 0x00, 0x00, 0x00, 0x00, 0x00, 0x00, 0x00, 0x00, 0x00, 0x00, 0x00, 0x00, 0x00, 0x00,
    0x00, 0x00, 0x00, 0x00, 0x00, 0x00, 0x00, 0x00, 0x00, 0x00, 0x00, 0x00, 0x00, 0x00, 0x00, 0x00,
    0x00, 0x00, 0x00, 0x00, 0x00, 0x00, 0x00, 0x00, 0x00, 0x00, 0x00, 0x00, 0x00, 0x00, 0x00, 0x00,
    0x00, 0x00, 0x00, 0x00, 0x00, 0x00, 0x00, 0x00, 0x00, 0x00, 0x00, 0x00, 0x00, 0x00, 0x00, 0x00,
    0x00, 0x00, 0x00, 0x00, 0x00, 0x00, 0x00, 0x00, 0x00, 0x00, 0x00, 0x00, 0x00, 0x00, 0x00, 0x00,
    0x00, 0x00, 0x00, 0x00, 0x00, 0x00, 0x00, 0x00, 0x00, 0x00, 0x00, 0x00, 0x00, 0x00, 0x00, 0x00,
    0x00, 0x00, 0x00, 0x00, 0x00, 0x00, 0x00, 0x00, 0x00, 0x00, 0x00, 0x00, 0x00, 0x00, 0x00, 0x00,
    0x34, 0x71, 0xcf, 0xff, 0x34, 0x71, 0xcf, 0xff, 0x38, 0x75, 0xd1, 0xff, 0x38, 0x75, 0xd1, 0xff,
    0x38, 0x76, 0xd2, 0xff, 0x38, 0x76, 0xd2, 0xff, 0x38, 0x75, 0xd2, 0xff, 0x38, 0x75, 0xd2, 0xff,
    0x39, 0x77, 0xd3, 0xff, 0x39, 0x77, 0xd3, 0xff, 0x08, 0x1a, 0x51, 0xff, 0x08, 0x1a, 0x51, 0xff,
    0xce, 0xf9, 0x9f, 0xff, 0xce, 0xf9, 0x9f, 0xff, 0xa4, 0xc7, 0x48, 0xff, 0xa4, 0xc7, 0x48, 0xff,
    0xa4, 0xc8, 0x46, 0xff, 0xa4, 0xc8, 0x46, 0xff, 0xd0, 0xf9, 0xa2, 0xff, 0xd0, 0xf9, 0xa2, 0xff,
    0x25, 0x34, 0x04, 0xff, 0x25, 0x34, 0x04, 0xff, 0x38, 0x76, 0xd2, 0xff, 0x38, 0x76, 0xd2, 0xff,
    0x38, 0x76, 0xd2, 0xff, 0x38, 0x76, 0xd2, 0xff, 0x39, 0x76, 0xd2, 0xff, 0x39, 0x76, 0xd2, 0xff,
    0x38, 0x75, 0xd1, 0xff, 0x38, 0x75, 0xd1, 0xff, 0x3a, 0x78, 0xd5, 0xff, 0x3a, 0x78, 0xd5, 0xff,
    0x00, 0x00, 0x00, 0x00, 0x00, 0x00, 0x00, 0x00, 0x00, 0x00, 0x00, 0x00, 0x00, 0x00, 0x00, 0x00,
    0x00, 0x00, 0x00, 0x00, 0x00, 0x00, 0x00, 0x00, 0x00, 0x00, 0x00, 0x00, 0x00, 0x00, 0x00, 0x00,
    0x00, 0x00, 0x00, 0x00, 0x00, 0x00, 0x00, 0x00, 0x00, 0x00, 0x00, 0x00, 0x00, 0x00, 0x00, 0x00,
    0x00, 0x00, 0x00, 0x00, 0x00, 0x00, 0x00, 0x00, 0x00, 0x00, 0x00, 0x00, 0x00, 0x00, 0x00, 0x00,
    0x00, 0x00, 0x00, 0x00, 0x00, 0x00, 0x00, 0x00, 0x00, 0x00, 0x00, 0x00, 0x00, 0x00, 0x00, 0x00,
    0x00, 0x00, 0x00, 0x00, 0x00, 0x00, 0x00, 0x00, 0x00, 0x00, 0x00, 0x00, 0x00, 0x00, 0x00, 0x00,
    0x00, 0x00, 0x00, 0x00, 0x00, 0x00, 0x00, 0x00, 0x00, 0x00, 0x00, 0x00, 0x00, 0x00, 0x00, 0x00,
    0x00, 0x00, 0x00, 0x00, 0x00, 0x00, 0x00, 0x00, 0x00, 0x00, 0x00, 0x00, 0x00, 0x00, 0x00, 0x00,
    0x34, 0x71, 0xcf, 0xff, 0x34, 0x71, 0xcf, 0xff, 0x38, 0x75, 0xd1, 0xff, 0x38, 0x75, 0xd1, 0xff,
    0x38, 0x76, 0xd2, 0xff, 0x38, 0x76, 0xd2, 0xff, 0x38, 0x75, 0xd2, 0xff, 0x38, 0x75, 0xd2, 0xff,
    0x39, 0x77, 0xd3, 0xff, 0x39, 0x77, 0xd3, 0xff, 0x08, 0x1a, 0x51, 0xff, 0x08, 0x1a, 0x51, 0xff,
    0xce, 0xf9, 0x9f, 0xff, 0xce, 0xf9, 0x9f, 0xff, 0xa4, 0xc7, 0x48, 0xff, 0xa4, 0xc7, 0x48, 0xff,
    0xa4, 0xc8, 0x46, 0xff, 0xa4, 0xc8, 0x46, 0xff, 0xd0, 0xf9, 0xa2, 0xff, 0xd0, 0xf9, 0xa2, 0xff,
    0x25, 0x34, 0x04, 0xff, 0x25, 0x34, 0x04, 0xff, 0x38, 0x76, 0xd2, 0xff, 0x38, 0x76, 0xd2, 0xff,
    0x38, 0x76, 0xd2, 0xff, 0x38, 0x76, 0xd2, 0xff, 0x39, 0x76, 0xd2, 0xff, 0x39, 0x76, 0xd2, 0xff,
    0x38, 0x75, 0xd1, 0xff, 0x38, 0x75, 0xd1, 0xff, 0x3a, 0x78, 0xd5, 0xff, 0x3a, 0x78, 0xd5, 0xff,
    0x00, 0x00, 0x00, 0x00, 0x00, 0x00, 0x00, 0x00, 0x00, 0x00, 0x00, 0x00, 0x00, 0x00, 0x00, 0x00,
    0x00, 0x00, 0x00, 0x00, 0x00, 0x00, 0x00, 0x00, 0x00, 0x00, 0x00, 0x00, 0x00, 0x00, 0x00, 0x00,
    0x00, 0x00, 0x00, 0x00, 0x00, 0x00, 0x00, 0x00, 0x00, 0x00, 0x00, 0x00, 0x00, 0x00, 0x00, 0x00,
    0x00, 0x00, 0x00, 0x00, 0x00, 0x00, 0x00, 0x00, 0x00, 0x00, 0x00, 0x00, 0x00, 0x00, 0x00, 0x00,
    0x00, 0x00, 0x00, 0x00, 0x00, 0x00, 0x00, 0x00, 0x00, 0x00, 0x00, 0x00, 0x00, 0x00, 0x00, 0x00,
    0x00, 0x00, 0x00, 0x00, 0x00, 0x00, 0x00, 0x00, 0x00, 0x00, 0x00, 0x00, 0x00, 0x00, 0x00, 0x00,
    0x00, 0x00, 0x00, 0x00, 0x00, 0x00, 0x00, 0x00, 0x00, 0x00, 0x00, 0x00, 0x00, 0x00, 0x00, 0x00,
    0x00, 0x00, 0x00, 0x00, 0x00, 0x00, 0x00, 0x00, 0x00, 0x00, 0x00, 0x00, 0x00, 0x00, 0x00, 0x00,
    0x0c, 0x24, 0x69, 0xff, 0x0c, 0x24, 0x69, 0xff, 0x1f, 0x4b, 0xa8, 0xff, 0x1f, 0x4b, 0xa8, 0xff,
    0x37, 0x75, 0xd2, 0xff, 0x37, 0x75, 0xd2, 0xff, 0x38, 0x76, 0xd2, 0xff, 0x38, 0x76, 0xd2, 0xff,
    0x1e, 0x4a, 0xaa, 0xff, 0x1e, 0x4a, 0xaa, 0xff, 0x08, 0x1a, 0x54, 0xff, 0x08, 0x1a, 0x54, 0xff,
    0xcd, 0xf9, 0x9f, 0xff, 0xcd, 0xf9, 0x9f, 0xff, 0xce, 0xf8, 0x9e, 0xff, 0xce, 0xf8, 0x9e, 0xff,
    0xcf, 0xf9, 0xa0, 0xff, 0xcf, 0xf9, 0xa0, 0xff, 0xfb, 0xfc, 0xfb, 0xff, 0xfb, 0xfc, 0xfb, 0xff,
    0x08, 0x1a, 0x51, 0xff, 0x08, 0x1a, 0x51, 0xff, 0x1e, 0x4a, 0xa8, 0xff, 0x1e, 0x4a, 0xa8, 0xff,
    0x37, 0x76, 0xd3, 0xff, 0x37, 0x76, 0xd3, 0xff, 0x3a, 0x77, 0xd3, 0xff, 0x3a, 0x77, 0xd3, 0xff,
    0x1f, 0x4a, 0xa7, 0xff, 0x1f, 0x4a, 0xa7, 0xff, 0x0a, 0x23, 0x67, 0xff, 0x0a, 0x23, 0x67, 0xff,
    0x00, 0x00, 0x00, 0x00, 0x00, 0x00, 0x00, 0x00, 0x00, 0x00, 0x00, 0x00, 0x00, 0x00, 0x00, 0x00,
    0x00, 0x00, 0x00, 0x00, 0x00, 0x00, 0x00, 0x00, 0x00, 0x00, 0x00, 0x00, 0x00, 0x00, 0x00, 0x00,
    0x00, 0x00, 0x00, 0x00, 0x00, 0x00, 0x00, 0x00, 0x00, 0x00, 0x00, 0x00, 0x00, 0x00, 0x00, 0x00,
    0x00, 0x00, 0x00, 0x00, 0x00, 0x00, 0x00, 0x00, 0x00, 0x00, 0x00, 0x00, 0x00, 0x00, 0x00, 0x00,
    0x00, 0x00, 0x00, 0x00, 0x00, 0x00, 0x00, 0x00, 0x00, 0x00, 0x00, 0x00, 0x00, 0x00, 0x00, 0x00,
    0x00, 0x00, 0x00, 0x00, 0x00, 0x00, 0x00, 0x00, 0x00, 0x00, 0x00, 0x00, 0x00, 0x00, 0x00, 0x00,
    0x00, 0x00, 0x00, 0x00, 0x00, 0x00, 0x00, 0x00, 0x00, 0x00, 0x00, 0x00, 0x00, 0x00, 0x00, 0x00,
    0x00, 0x00, 0x00, 0x00, 0x00, 0x00, 0x00, 0x00, 0x00, 0x00, 0x00, 0x00, 0x00, 0x00, 0x00, 0x00,
    0x0c, 0x24, 0x69, 0xff, 0x0c, 0x24, 0x69, 0xff, 0x1f, 0x4b, 0xa8, 0xff, 0x1f, 0x4b, 0xa8, 0xff,
    0x37, 0x75, 0xd2, 0xff, 0x37, 0x75, 0xd2, 0xff, 0x38, 0x76, 0xd2, 0xff, 0x38, 0x76, 0xd2, 0xff,
    0x1e, 0x4a, 0xaa, 0xff, 0x1e, 0x4a, 0xaa, 0xff, 0x08, 0x1a, 0x54, 0xff, 0x08, 0x1a, 0x54, 0xff,
    0xcd, 0xf9, 0x9f, 0xff, 0xcd, 0xf9, 0x9f, 0xff, 0xce, 0xf8, 0x9e, 0xff, 0xce, 0xf8, 0x9e, 0xff,
    0xcf, 0xf9, 0xa0, 0xff, 0xcf, 0xf9, 0xa0, 0xff, 0xfb, 0xfc, 0xfb, 0xff, 0xfb, 0xfc, 0xfb, 0xff,
    0x08, 0x1a, 0x51, 0xff, 0x08, 0x1a, 0x51, 0xff, 0x1e, 0x4a, 0xa8, 0xff, 0x1e, 0x4a, 0xa8, 0xff,
    0x37, 0x76, 0xd3, 0xff, 0x37, 0x76, 0xd3, 0xff, 0x3a, 0x77, 0xd3, 0xff, 0x3a, 0x77, 0xd3, 0xff,
    0x1f, 0x4a, 0xa7, 0xff, 0x1f, 0x4a, 0xa7, 0xff, 0x0a, 0x23, 0x67, 0xff, 0x0a, 0x23, 0x67, 0xff,
    0x00, 0x00, 0x00, 0x00, 0x00, 0x00, 0x00, 0x00, 0x00, 0x00, 0x00, 0x00, 0x00, 0x00, 0x00, 0x00,
    0x00, 0x00, 0x00, 0x00, 0x00, 0x00, 0x00, 0x00, 0x00, 0x00, 0x00, 0x00, 0x00, 0x00, 0x00, 0x00,
    0x00, 0x00, 0x00, 0x00, 0x00, 0x00, 0x00, 0x00, 0x00, 0x00, 0x00, 0x00, 0x00, 0x00, 0x00, 0x00,
    0x00, 0x00, 0x00, 0x00, 0x00, 0x00, 0x00, 0x00, 0x00, 0x00, 0x00, 0x00, 0x00, 0x00, 0x00, 0x00,
    0x00, 0x00, 0x00, 0x00, 0x00, 0x00, 0x00, 0x00, 0x00, 0x00, 0x00, 0x00, 0x00, 0x00, 0x00, 0x00,
    0x00, 0x00, 0x00, 0x00, 0x00, 0x00, 0x00, 0x00, 0x00, 0x00, 0x00, 0x00, 0x00, 0x00, 0x00, 0x00,
    0x00, 0x00, 0x00, 0x00, 0x00, 0x00, 0x00, 0x00, 0x00, 0x00, 0x00, 0x00, 0x00, 0x00, 0x00, 0x00,
    0x00, 0x00, 0x00, 0x00, 0x00, 0x00, 0x00, 0x00, 0x00, 0x00, 0x00, 0x00, 0x00, 0x00, 0x00, 0x00,
    0x0b, 0x24, 0x68, 0xff, 0x0b, 0x24, 0x68, 0xff, 0x48, 0x9a, 0xf1, 0xff, 0x48, 0x9a, 0xf1, 0xff,
    0x09, 0x20, 0x62, 0xff, 0x09, 0x20, 0x62, 0xff, 0x2c, 0x5f, 0xbd, 0xff, 0x2c, 0x5f, 0xbd, 0xff,
    0x07, 0x1c, 0x5d, 0xff, 0x07, 0x1c, 0x5d, 0xff, 0xcc, 0xf9, 0x9f, 0xff, 0xcc, 0xf9, 0x9f, 0xff,
    0xce, 0xf9, 0x9f, 0xff, 0xce, 0xf9, 0x9f, 0xff, 0xce, 0xf8, 0x9f, 0xff, 0xce, 0xf8, 0x9f, 0xff,
    0xce, 0xf9, 0xa0, 0xff, 0xce, 0xf9, 0xa0, 0xff, 0xfb, 0xfc, 0xfb, 0xff, 0xfb, 0xfc, 0xfb, 0xff,
    0xfb, 0xfc, 0xfb, 0xff, 0xfb, 0xfc, 0xfb, 0xff, 0x1e, 0x47, 0xa4, 0xff, 0x1e, 0x47, 0xa4, 0xff,
    0x2c, 0x61, 0xbf, 0xff, 0x2c, 0x61, 0xbf, 0xff, 0x0a, 0x20, 0x63, 0xff, 0x0a, 0x20, 0x63, 0xff,
    0x47, 0x98, 0xef, 0xff, 0x47, 0x98, 0xef, 0xff, 0x0c, 0x24, 0x67, 0xff, 0x0c, 0x24, 0x67, 0xff,
    0x00, 0x00, 0x00, 0x00, 0x00, 0x00, 0x00, 0x00, 0x00, 0x00, 0x00, 0x00, 0x00, 0x00, 0x00, 0x00,
    0x00, 0x00, 0x00, 0x00, 0x00, 0x00, 0x00, 0x00, 0x00, 0x00, 0x00, 0x00, 0x00, 0x00, 0x00, 0x00,
    0x00, 0x00, 0x00, 0x00, 0x00, 0x00, 0x00, 0x00, 0x00, 0x00, 0x00, 0x00, 0x00, 0x00, 0x00, 0x00,
    0x00, 0x00, 0x00, 0x00, 0x00, 0x00, 0x00, 0x00, 0x00, 0x00, 0x00, 0x00, 0x00, 0x00, 0x00, 0x00,
    0x00, 0x00, 0x00, 0x00, 0x00, 0x00, 0x00, 0x00, 0x00, 0x00, 0x00, 0x00, 0x00, 0x00, 0x00, 0x00,
    0x00, 0x00, 0x00, 0x00, 0x00, 0x00, 0x00, 0x00, 0x00, 0x00, 0x00, 0x00, 0x00, 0x00, 0x00, 0x00,
    0x00, 0x00, 0x00, 0x00, 0x00, 0x00, 0x00, 0x00, 0x00, 0x00, 0x00, 0x00, 0x00, 0x00, 0x00, 0x00,
    0x00, 0x00, 0x00, 0x00, 0x00, 0x00, 0x00, 0x00, 0x00, 0x00, 0x00, 0x00, 0x00, 0x00, 0x00, 0x00,
    0x0b, 0x24, 0x68, 0xff, 0x0b, 0x24, 0x68, 0xff, 0x48, 0x9a, 0xf1, 0xff, 0x48, 0x9a, 0xf1, 0xff,
    0x09, 0x20, 0x62, 0xff, 0x09, 0x20, 0x62, 0xff, 0x2c, 0x5f, 0xbd, 0xff, 0x2c, 0x5f, 0xbd, 0xff,
    0x07, 0x1c, 0x5d, 0xff, 0x07, 0x1c, 0x5d, 0xff, 0xcc, 0xf9, 0x9f, 0xff, 0xcc, 0xf9, 0x9f, 0xff,
    0xce, 0xf9, 0x9f, 0xff, 0xce, 0xf9, 0x9f, 0xff, 0xce, 0xf8, 0x9f, 0xff, 0xce, 0xf8, 0x9f, 0xff,
    0xce, 0xf9, 0xa0, 0xff, 0xce, 0xf9, 0xa0, 0xff, 0xfb, 0xfc, 0xfb, 0xff, 0xfb, 0xfc, 0xfb, 0xff,
    0xfb, 0xfc, 0xfb, 0xff, 0xfb, 0xfc, 0xfb, 0xff, 0x1e, 0x47, 0xa4, 0xff, 0x1e, 0x47, 0xa4, 0xff,
    0x2c, 0x61, 0xbf, 0xff, 0x2c, 0x61, 0xbf, 0xff, 0x0a, 0x20, 0x63, 0xff, 0x0a, 0x20, 0x63, 0xff,
    0x47, 0x98, 0xef, 0xff, 0x47, 0x98, 0xef, 0xff, 0x0c, 0x24, 0x67, 0xff, 0x0c, 0x24, 0x67, 0xff,
    0x00, 0x00, 0x00, 0x00, 0x00, 0x00, 0x00, 0x00, 0x00, 0x00, 0x00, 0x00, 0x00, 0x00, 0x00, 0x00,
    0x00, 0x00, 0x00, 0x00, 0x00, 0x00, 0x00, 0x00, 0x00, 0x00, 0x00, 0x00, 0x00, 0x00, 0x00, 0x00,
    0x00, 0x00, 0x00, 0x00, 0x00, 0x00, 0x00, 0x00, 0x00, 0x00, 0x00, 0x00, 0x00, 0x00, 0x00, 0x00,
    0x00, 0x00, 0x00, 0x00, 0x00, 0x00, 0x00, 0x00, 0x00, 0x00, 0x00, 0x00, 0x00, 0x00, 0x00, 0x00,
    0x00, 0x00, 0x00, 0x00, 0x00, 0x00, 0x00, 0x00, 0x00, 0x00, 0x00, 0x00, 0x00, 0x00, 0x00, 0x00,
    0x00, 0x00, 0x00, 0x00, 0x00, 0x00, 0x00, 0x00, 0x00, 0x00, 0x00, 0x00, 0x00, 0x00, 0x00, 0x00,
    0x00, 0x00, 0x00, 0x00, 0x00, 0x00, 0x00, 0x00, 0x00, 0x00, 0x00, 0x00, 0x00, 0x00, 0x00, 0x00,
    0x00, 0x00, 0x00, 0x00, 0x00, 0x00, 0x00, 0x00, 0x0b, 0x23, 0x69, 0xff, 0x0b, 0x23, 0x69, 0xff,
    0x38, 0x76, 0xd3, 0xff, 0x38, 0x76, 0xd3, 0xff, 0x39, 0x77, 0xd3, 0xff, 0x39, 0x77, 0xd3, 0xff,
    0x38, 0x75, 0xd2, 0xff, 0x38, 0x75, 0xd2, 0xff, 0x0a, 0x1f, 0x60, 0xff, 0x0a, 0x1f, 0x60, 0xff,
    0x21, 0x4c, 0xa9, 0xff, 0x21, 0x4c, 0xa9, 0xff, 0x22, 0x31, 0x03, 0xff, 0x22, 0x31, 0x03, 0xff,
    0xcd, 0xf3, 0x9e, 0xff, 0xcd, 0xf3, 0x9e, 0xff, 0xce, 0xf8, 0x9e, 0xff, 0xce, 0xf8, 0x9e, 0xff,
    0xce, 0xf9, 0xa0, 0xff, 0xce, 0xf9, 0xa0, 0xff, 0x23, 0x32, 0x03, 0xff, 0x23, 0x32, 0x03, 0xff,
    0x25, 0x35, 0x03, 0xff, 0x25, 0x35, 0x03, 0xff, 0x20, 0x4d, 0xac, 0xff, 0x20, 0x4d, 0xac, 0xff,
    0x09, 0x1e, 0x5d, 0xff, 0x09, 0x1e, 0x5d, 0xff, 0x36, 0x73, 0xd0, 0xff, 0x36, 0x73, 0xd0, 0xff,
    0x3b, 0x78, 0xd3, 0xff, 0x3b, 0x78, 0xd3, 0xff, 0x36, 0x73, 0xd0, 0xff, 0x36, 0x73, 0xd0, 0xff,
    0x0c, 0x24, 0x67, 0xff, 0x0c, 0x24, 0x67, 0xff, 0x00, 0x00, 0x00, 0x00, 0x00, 0x00, 0x00, 0x00,
    0x00, 0x00, 0x00, 0x00, 0x00, 0x00, 0x00, 0x00, 0x00, 0x00, 0x00, 0x00, 0x00, 0x00, 0x00, 0x00,
    0x00, 0x00, 0x00, 0x00, 0x00, 0x00, 0x00, 0x00, 0x00, 0x00, 0x00, 0x00, 0x00, 0x00, 0x00, 0x00,
    0x00, 0x00, 0x00, 0x00, 0x00, 0x00, 0x00, 0x00, 0x00, 0x00, 0x00, 0x00, 0x00, 0x00, 0x00, 0x00,
    0x00, 0x00, 0x00, 0x00, 0x00, 0x00, 0x00, 0x00, 0x00, 0x00, 0x00, 0x00, 0x00, 0x00, 0x00, 0x00,
    0x00, 0x00, 0x00, 0x00, 0x00, 0x00, 0x00, 0x00, 0x00, 0x00, 0x00, 0x00, 0x00, 0x00, 0x00, 0x00,
    0x00, 0x00, 0x00, 0x00, 0x00, 0x00, 0x00, 0x00, 0x00, 0x00, 0x00, 0x00, 0x00, 0x00, 0x00, 0x00,
    0x00, 0x00, 0x00, 0x00, 0x00, 0x00, 0x00, 0x00, 0x0b, 0x23, 0x69, 0xff, 0x0b, 0x23, 0x69, 0xff,
    0x38, 0x76, 0xd3, 0xff, 0x38, 0x76, 0xd3, 0xff, 0x39, 0x77, 0xd3, 0xff, 0x39, 0x77, 0xd3, 0xff,
    0x38, 0x75, 0xd2, 0xff, 0x38, 0x75, 0xd2, 0xff, 0x0a, 0x1f, 0x60, 0xff, 0x0a, 0x1f, 0x60, 0xff,
    0x21, 0x4c, 0xa9, 0xff, 0x21, 0x4c, 0xa9, 0xff, 0x22, 0x31, 0x03, 0xff, 0x22, 0x31, 0x03, 0xff,
    0xcd, 0xf3, 0x9e, 0xff, 0xcd, 0xf3, 0x9e, 0xff, 0xce, 0xf8, 0x9e, 0xff, 0xce, 0xf8, 0x9e, 0xff,
    0xce, 0xf9, 0xa0, 0xff, 0xce, 0xf9, 0xa0, 0xff, 0x23, 0x32, 0x03, 0xff, 0x23, 0x32, 0x03, 0xff,
    0x25, 0x35, 0x03, 0xff, 0x25, 0x35, 0x03, 0xff, 0x20, 0x4d, 0xac, 0xff, 0x20, 0x4d, 0xac, 0xff,
    0x09, 0x1e, 0x5d, 0xff, 0x09, 0x1e, 0x5d, 0xff, 0x36, 0x73, 0xd0, 0xff, 0x36, 0x73, 0xd0, 0xff,
    0x3b, 0x78, 0xd3, 0xff, 0x3b, 0x78, 0xd3, 0xff, 0x36, 0x73, 0xd0, 0xff, 0x36, 0x73, 0xd0, 0xff,
    0x0c, 0x24, 0x67, 0xff, 0x0c, 0x24, 0x67, 0xff, 0x00, 0x00, 0x00, 0x00, 0x00, 0x00, 0x00, 0x00,
    0x00, 0x00, 0x00, 0x00, 0x00, 0x00, 0x00, 0x00, 0x00, 0x00, 0x00, 0x00, 0x00, 0x00, 0x00, 0x00,
    0x00, 0x00, 0x00, 0x00, 0x00, 0x00, 0x00, 0x00, 0x00, 0x00, 0x00, 0x00, 0x00, 0x00, 0x00, 0x00,
    0x00, 0x00, 0x00, 0x00, 0x00, 0x00, 0x00, 0x00, 0x00, 0x00, 0x00, 0x00, 0x00, 0x00, 0x00, 0x00,
    0x00, 0x00, 0x00, 0x00, 0x00, 0x00, 0x00, 0x00, 0x00, 0x00, 0x00, 0x00, 0x00, 0x00, 0x00, 0x00,
    0x00, 0x00, 0x00, 0x00, 0x00, 0x00, 0x00, 0x00, 0x00, 0x00, 0x00, 0x00, 0x00, 0x00, 0x00, 0x00,
    0x00, 0x00, 0x00, 0x00, 0x00, 0x00, 0x00, 0x00, 0x00, 0x00, 0x00, 0x00, 0x00, 0x00, 0x00, 0x00,
    0x00, 0x00, 0x00, 0x00, 0x00, 0x00, 0x00, 0x00, 0x38, 0x76, 0xd2, 0xff, 0x38, 0x76, 0xd2, 0xff,
    0xd1, 0xec, 0xfc, 0xff, 0xd1, 0xec, 0xfc, 0xff, 0x0b, 0x20, 0x61, 0xff, 0x0b, 0x20, 0x61, 0xff,
    0xd1, 0xec, 0xfd, 0xff, 0xd1, 0xec, 0xfd, 0xff, 0x39, 0x76, 0xd3, 0xff, 0x39, 0x76, 0xd3, 0xff,
    0x09, 0x1e, 0x5e, 0xff, 0x09, 0x1e, 0x5e, 0xff, 0xa5, 0xd6, 0xfd, 0xff, 0xa5, 0xd6, 0xfd, 0xff,
    0xc5, 0xe6, 0xfd, 0xff, 0xc5, 0xe6, 0xfd, 0xff, 0xa3, 0xd4, 0xfb, 0xff, 0xa3, 0xd4, 0xfb, 0xff,
    0x23, 0x32, 0x02, 0xff, 0x23, 0x32, 0x02, 0xff, 0xa0, 0xd0, 0xf9, 0xff, 0xa0, 0xd0, 0xf9, 0xff,
    0xa2, 0xd3, 0xfc, 0xff, 0xa2, 0xd3, 0xfc, 0xff, 0x23, 0x4e, 0xab, 0xff, 0x23, 0x4e, 0xab, 0xff,
    0x38, 0x75, 0xd1, 0xff, 0x38, 0x75, 0xd1, 0xff, 0xcf, 0xeb, 0xfc, 0xff, 0xcf, 0xeb, 0xfc, 0xff,
    0x0b, 0x1f, 0x5f, 0xff, 0x0b, 0x1f, 0x5f, 0xff, 0xd2, 0xec, 0xfd, 0xff, 0xd2, 0xec, 0xfd, 0xff,
    0x37, 0x76, 0xd2, 0xff, 0x37, 0x76, 0xd2, 0xff, 0x00, 0x00, 0x00, 0x00, 0x00, 0x00, 0x00, 0x00,
    0x00, 0x00, 0x00, 0x00, 0x00, 0x00, 0x00, 0x00, 0x00, 0x00, 0x00, 0x00, 0x00, 0x00, 0x00, 0x00,
    0x00, 0x00, 0x00, 0x00, 0x00, 0x00, 0x00, 0x00, 0x00, 0x00, 0x00, 0x00, 0x00, 0x00, 0x00, 0x00,
    0x00, 0x00, 0x00, 0x00, 0x00, 0x00, 0x00, 0x00, 0x00, 0x00, 0x00, 0x00, 0x00, 0x00, 0x00, 0x00,
    0x00, 0x00, 0x00, 0x00, 0x00, 0x00, 0x00, 0x00, 0x00, 0x00, 0x00, 0x00, 0x00, 0x00, 0x00, 0x00,
    0x00, 0x00, 0x00, 0x00, 0x00, 0x00, 0x00, 0x00, 0x00, 0x00, 0x00, 0x00, 0x00, 0x00, 0x00, 0x00,
    0x00, 0x00, 0x00, 0x00, 0x00, 0x00, 0x00, 0x00, 0x00, 0x00, 0x00, 0x00, 0x00, 0x00, 0x00, 0x00,
    0x00, 0x00, 0x00, 0x00, 0x00, 0x00, 0x00, 0x00, 0x38, 0x76, 0xd2, 0xff, 0x38, 0x76, 0xd2, 0xff,
    0xd1, 0xec, 0xfc, 0xff, 0xd1, 0xec, 0xfc, 0xff, 0x0b, 0x20, 0x61, 0xff, 0x0b, 0x20, 0x61, 0xff,
    0xd1, 0xec, 0xfd, 0xff, 0xd1, 0xec, 0xfd, 0xff, 0x39, 0x76, 0xd3, 0xff, 0x39, 0x76, 0xd3, 0xff,
    0x09, 0x1e, 0x5e, 0xff, 0x09, 0x1e, 0x5e, 0xff, 0xa5, 0xd6, 0xfd, 0xff, 0xa5, 0xd6, 0xfd, 0xff,
    0xc5, 0xe6, 0xfd, 0xff, 0xc5, 0xe6, 0xfd, 0xff, 0xa3, 0xd4, 0xfb, 0xff, 0xa3, 0xd4, 0xfb, 0xff,
    0x23, 0x32, 0x02, 0xff, 0x23, 0x32, 0x02, 0xff, 0xa0, 0xd0, 0xf9, 0xff, 0xa0, 0xd0, 0xf9, 0xff,
    0xa2, 0xd3, 0xfc, 0xff, 0xa2, 0xd3, 0xfc, 0xff, 0x23, 0x4e, 0xab, 0xff, 0x23, 0x4e, 0xab, 0xff,
    0x38, 0x75, 0xd1, 0xff, 0x38, 0x75, 0xd1, 0xff, 0xcf, 0xeb, 0xfc, 0xff, 0xcf, 0xeb, 0xfc, 0xff,
    0x0b, 0x1f, 0x5f, 0xff, 0x0b, 0x1f, 0x5f, 0xff, 0xd2, 0xec, 0xfd, 0xff, 0xd2, 0xec, 0xfd, 0xff,
    0x37, 0x76, 0xd2, 0xff, 0x37, 0x76, 0xd2, 0xff, 0x00, 0x00, 0x00, 0x00, 0x00, 0x00, 0x00, 0x00,
    0x00, 0x00, 0x00, 0x00, 0x00, 0x00, 0x00, 0x00, 0x00, 0x00, 0x00, 0x00, 0x00, 0x00, 0x00, 0x00,
    0x00, 0x00, 0x00, 0x00, 0x00, 0x00, 0x00, 0x00, 0x00, 0x00, 0x00, 0x00, 0x00, 0x00, 0x00, 0x00,
    0x00, 0x00, 0x00, 0x00, 0x00, 0x00, 0x00, 0x00, 0x00, 0x00, 0x00, 0x00, 0x00, 0x00, 0x00, 0x00,
    0x00, 0x00, 0x00, 0x00, 0x00, 0x00, 0x00, 0x00, 0x00, 0x00, 0x00, 0x00, 0x00, 0x00, 0x00, 0x00,
    0x00, 0x00, 0x00, 0x00, 0x00, 0x00, 0x00, 0x00, 0x00, 0x00, 0x00, 0x00, 0x00, 0x00, 0x00, 0x00,
    0x00, 0x00, 0x00, 0x00, 0x00, 0x00, 0x00, 0x00, 0x00, 0x00, 0x00, 0x00, 0x00, 0x00, 0x00, 0x00,
    0x0b, 0x23, 0x66, 0xff, 0x0b, 0x23, 0x66, 0xff, 0x20, 0x4c, 0xa9, 0xff, 0x20, 0x4c, 0xa9, 0xff,
    0x0c, 0x22, 0x62, 0xff, 0x0c, 0x22, 0x62, 0xff, 0xcf, 0xeb, 0xfd, 0xff, 0xcf, 0xeb, 0xfd, 0xff,
    0x0b, 0x20, 0x60, 0xff, 0x0b, 0x20, 0x60, 0xff, 0x36, 0x72, 0xcf, 0xff, 0x36, 0x72, 0xcf, 0xff,
    0x36, 0x70, 0xce, 0xff, 0x36, 0x70, 0xce, 0xff, 0x1f, 0x4a, 0xa8, 0xff, 0x1f, 0x4a, 0xa8, 0xff,
    0xa6, 0xd6, 0xfd, 0xff, 0xa6, 0xd6, 0xfd, 0xff, 0xa7, 0xd6, 0xfc, 0xff, 0xa7, 0xd6, 0xfc, 0xff,
    0xa5, 0xd5, 0xfc, 0xff, 0xa5, 0xd5, 0xfc, 0xff, 0xa1, 0xd4, 0xfd, 0xff, 0xa1, 0xd4, 0xfd, 0xff,
    0x20, 0x4c, 0xab, 0xff, 0x20, 0x4c, 0xab, 0xff, 0x36, 0x71, 0xcf, 0xff, 0x36, 0x71, 0xcf, 0xff,
    0x36, 0x73, 0xd1, 0xff, 0x36, 0x73, 0xd1, 0xff, 0x0a, 0x1e, 0x5c, 0xff, 0x0a, 0x1e, 0x5c, 0xff,
    0xcf, 0xeb, 0xfc, 0xff, 0xcf, 0xeb, 0xfc, 0xff, 0x0b, 0x20, 0x60, 0xff, 0x0b, 0x20, 0x60, 0xff,
    0x1e, 0x4b, 0xa9, 0xff, 0x1e, 0x4b, 0xa9, 0xff, 0x0b, 0x23, 0x68, 0xff, 0x0b, 0x23, 0x68, 0xff,
    0x00, 0x00, 0x00, 0x00, 0x00, 0x00, 0x00, 0x00, 0x00, 0x00, 0x00, 0x00, 0x00, 0x00, 0x00, 0x00,
    0x00, 0x00, 0x00, 0x00, 0x00, 0x00, 0x00, 0x00, 0x00, 0x00, 0x00, 0x00, 0x00, 0x00, 0x00, 0x00,
    0x00, 0x00, 0x00, 0x00, 0x00, 0x00, 0x00, 0x00, 0x00, 0x00, 0x00, 0x00, 0x00, 0x00, 0x00, 0x00,
    0x00, 0x00, 0x00, 0x00, 0x00, 0x00, 0x00, 0x00, 0x00, 0x00, 0x00, 0x00, 0x00, 0x00, 0x00, 0x00,
    0x00, 0x00, 0x00, 0x00, 0x00, 0x00, 0x00, 0x00, 0x00, 0x00, 0x00, 0x00, 0x00, 0x00, 0x00, 0x00,
    0x00, 0x00, 0x00, 0x00, 0x00, 0x00, 0x00, 0x00, 0x00, 0x00, 0x00, 0x00, 0x00, 0x00, 0x00, 0x00,
    0x0b, 0x23, 0x66, 0xff, 0x0b, 0x23, 0x66, 0xff, 0x20, 0x4c, 0xa9, 0xff, 0x20, 0x4c, 0xa9, 0xff,
    0x0c, 0x22, 0x62, 0xff, 0x0c, 0x22, 0x62, 0xff, 0xcf, 0xeb, 0xfd, 0xff, 0xcf, 0xeb, 0xfd, 0xff,
    0x0b, 0x20, 0x60, 0xff, 0x0b, 0x20, 0x60, 0xff, 0x36, 0x72, 0xcf, 0xff, 0x36, 0x72, 0xcf, 0xff,
    0x36, 0x70, 0xce, 0xff, 0x36, 0x70, 0xce, 0xff, 0x1f, 0x4a, 0xa8, 0xff, 0x1f, 0x4a, 0xa8, 0xff,
    0xa6, 0xd6, 0xfd, 0xff, 0xa6, 0xd6, 0xfd, 0xff, 0xa7, 0xd6, 0xfc, 0xff, 0xa7, 0xd6, 0xfc, 0xff,
    0xa5, 0xd5, 0xfc, 0xff, 0xa5, 0xd5, 0xfc, 0xff, 0xa1, 0xd4, 0xfd, 0xff, 0xa1, 0xd4, 0xfd, 0xff,
    0x20, 0x4c, 0xab, 0xff, 0x20, 0x4c, 0xab, 0xff, 0x36, 0x71, 0xcf, 0xff, 0x36, 0x71, 0xcf, 0xff,
    0x36, 0x73, 0xd1, 0xff, 0x36, 0x73, 0xd1, 0xff, 0x0a, 0x1e, 0x5c, 0xff, 0x0a, 0x1e, 0x5c, 0xff,
    0xcf, 0xeb, 0xfc, 0xff, 0xcf, 0xeb, 0xfc, 0xff, 0x0b, 0x20, 0x60, 0xff, 0x0b, 0x20, 0x60, 0xff,
    0x1e, 0x4b, 0xa9, 0xff, 0x1e, 0x4b, 0xa9, 0xff, 0x0b, 0x23, 0x68, 0xff, 0x0b, 0x23, 0x68, 0xff,
    0x00, 0x00, 0x00, 0x00, 0x00, 0x00, 0x00, 0x00, 0x00, 0x00, 0x00, 0x00, 0x00, 0x00, 0x00, 0x00,
    0x00, 0x00, 0x00, 0x00, 0x00, 0x00, 0x00, 0x00, 0x00, 0x00, 0x00, 0x00, 0x00, 0x00, 0x00, 0x00,
    0x00, 0x00, 0x00, 0x00, 0x00, 0x00, 0x00, 0x00, 0x00, 0x00, 0x00, 0x00, 0x00, 0x00, 0x00, 0x00,
    0x00, 0x00, 0x00, 0x00, 0x00, 0x00, 0x00, 0x00, 0x00, 0x00, 0x00, 0x00, 0x00, 0x00, 0x00, 0x00,
    0x00, 0x00, 0x00, 0x00, 0x00, 0x00, 0x00, 0x00, 0x00, 0x00, 0x00, 0x00, 0x00, 0x00, 0x00, 0x00,
    0x00, 0x00, 0x00, 0x00, 0x00, 0x00, 0x00, 0x00, 0x00, 0x00, 0x00, 0x00, 0x00, 0x00, 0x00, 0x00,
    0x00, 0x00, 0x00, 0x00, 0x00, 0x00, 0x00, 0x00, 0x1e, 0x48, 0xa4, 0xff, 0x1e, 0x48, 0xa4, 0xff,
    0xcf, 0xeb, 0xfc, 0xff, 0xcf, 0xeb, 0xfc, 0xff, 0x0b, 0x21, 0x63, 0xff, 0x0b, 0x21, 0x63, 0xff,
    0x0b, 0x21, 0x60, 0xff, 0x0b, 0x21, 0x60, 0xff, 0xd1, 0xeb, 0xfc, 0xff, 0xd1, 0xeb, 0xfc, 0xff,
    0x37, 0x72, 0xcf, 0xff, 0x37, 0x72, 0xcf, 0xff, 0x1f, 0x4a, 0xa7, 0xff, 0x1f, 0x4a, 0xa7, 0xff,
    0x1f, 0x4a, 0xa8, 0xff, 0x1f, 0x4a, 0xa8, 0xff, 0xa4, 0xd6, 0xfc, 0xff, 0xa4, 0xd6, 0xfc, 0xff,
    0xa5, 0xd5, 0xfc, 0xff, 0xa5, 0xd5, 0xfc, 0xff, 0x20, 0x4b, 0xa8, 0xff, 0x20, 0x4b, 0xa8, 0xff,
    0x21, 0x4d, 0xaa, 0xff, 0x21, 0x4d, 0xaa, 0xff, 0x35, 0x71, 0xce, 0xff, 0x35, 0x71, 0xce, 0xff,
    0xd0, 0xeb, 0xfc, 0xff, 0xd0, 0xeb, 0xfc, 0xff, 0x0b, 0x20, 0x60, 0xff, 0x0b, 0x20, 0x60, 0xff,
    0x0b, 0x20, 0x61, 0xff, 0x0b, 0x20, 0x61, 0xff, 0xcd, 0xea, 0xfc, 0xff, 0xcd, 0xea, 0xfc, 0xff,
    0x1f, 0x49, 0xa7, 0xff, 0x1f, 0x49, 0xa7, 0xff, 0x00, 0x00, 0x00, 0x00, 0x00, 0x00, 0x00, 0x00,
    0x00, 0x00, 0x00, 0x00, 0x00, 0x00, 0x00, 0x00, 0x00, 0x00, 0x00, 0x00, 0x00, 0x00, 0x00, 0x00,
    0x00, 0x00, 0x00, 0x00, 0x00, 0x00, 0x00, 0x00, 0x00, 0x00, 0x00, 0x00, 0x00, 0x00, 0x00, 0x00,
    0x00, 0x00, 0x00, 0x00, 0x00, 0x00, 0x00, 0x00, 0x00, 0x00, 0x00, 0x00, 0x00, 0x00, 0x00, 0x00,
    0x00, 0x00, 0x00, 0x00, 0x00, 0x00, 0x00, 0x00, 0x00, 0x00, 0x00, 0x00, 0x00, 0x00, 0x00, 0x00,
    0x00, 0x00, 0x00, 0x00, 0x00, 0x00, 0x00, 0x00, 0x00, 0x00, 0x00, 0x00, 0x00, 0x00, 0x00, 0x00,
    0x00, 0x00, 0x00, 0x00, 0x00, 0x00, 0x00, 0x00, 0x00, 0x00, 0x00, 0x00, 0x00, 0x00, 0x00, 0x00,
    0x00, 0x00, 0x00, 0x00, 0x00, 0x00, 0x00, 0x00, 0x1e, 0x48, 0xa4, 0xff, 0x1e, 0x48, 0xa4, 0xff,
    0xcf, 0xeb, 0xfc, 0xff, 0xcf, 0xeb, 0xfc, 0xff, 0x0b, 0x21, 0x63, 0xff, 0x0b, 0x21, 0x63, 0xff,
    0x0b, 0x21, 0x60, 0xff, 0x0b, 0x21, 0x60, 0xff, 0xd1, 0xeb, 0xfc, 0xff, 0xd1, 0xeb, 0xfc, 0xff,
    0x37, 0x72, 0xcf, 0xff, 0x37, 0x72, 0xcf, 0xff, 0x1f, 0x4a, 0xa7, 0xff, 0x1f, 0x4a, 0xa7, 0xff,
    0x1f, 0x4a, 0xa8, 0xff, 0x1f, 0x4a, 0xa8, 0xff, 0xa4, 0xd6, 0xfc, 0xff, 0xa4, 0xd6, 0xfc, 0xff,
    0xa5, 0xd5, 0xfc, 0xff, 0xa5, 0xd5, 0xfc, 0xff, 0x20, 0x4b, 0xa8, 0xff, 0x20, 0x4b, 0xa8, 0xff,
    0x21, 0x4d, 0xaa, 0xff, 0x21, 0x4d, 0xaa, 0xff, 0x35, 0x71, 0xce, 0xff, 0x35, 0x71, 0xce, 0xff,
    0xd0, 0xeb, 0xfc, 0xff, 0xd0, 0xeb, 0xfc, 0xff, 0x0b, 0x20, 0x60, 0xff, 0x0b, 0x20, 0x60, 0xff,
    0x0b, 0x20, 0x61, 0xff, 0x0b, 0x20, 0x61, 0xff, 0xcd, 0xea, 0xfc, 0xff, 0xcd, 0xea, 0xfc, 0xff,
    0x1f, 0x49, 0xa7, 0xff, 0x1f, 0x49, 0xa7, 0xff, 0x00, 0x00, 0x00, 0x00, 0x00, 0x00, 0x00, 0x00,
    0x00, 0x00, 0x00, 0x00, 0x00, 0x00, 0x00, 0x00, 0x00, 0x00, 0x00, 0x00, 0x00, 0x00, 0x00, 0x00,
    0x00, 0x00, 0x00, 0x00, 0x00, 0x00, 0x00, 0x00, 0x00, 0x00, 0x00, 0x00, 0x00, 0x00, 0x00, 0x00,
    0x00, 0x00, 0x00, 0x00, 0x00, 0x00, 0x00, 0x00, 0x00, 0x00, 0x00, 0x00, 0x00, 0x00, 0x00, 0x00,
    0x00, 0x00, 0x00, 0x00, 0x00, 0x00, 0x00, 0x00, 0x00, 0x00, 0x00, 0x00, 0x00, 0x00, 0x00, 0x00,
    0x00, 0x00, 0x00, 0x00, 0x00, 0x00, 0x00, 0x00, 0x00, 0x00, 0x00, 0x00, 0x00, 0x00, 0x00, 0x00,
    0x00, 0x00, 0x00, 0x00, 0x00, 0x00, 0x00, 0x00, 0x00, 0x00, 0x00, 0x00, 0x00, 0x00, 0x00, 0x00,
    0x00, 0x00, 0x00, 0x00, 0x00, 0x00, 0x00, 0x00, 0x0a, 0x22, 0x67, 0xff, 0x0a, 0x22, 0x67, 0xff,
    0xca, 0xe9, 0xfd, 0xff, 0xca, 0xe9, 0xfd, 0xff, 0x0c, 0x23, 0x65, 0xff, 0x0c, 0x23, 0x65, 0xff,
    0x0b, 0x21, 0x62, 0xff, 0x0b, 0x21, 0x62, 0xff, 0xcd, 0xea, 0xfc, 0xff, 0xcd, 0xea, 0xfc, 0xff,
    0x1f, 0x49, 0xa8, 0xff, 0x1f, 0x49, 0xa8, 0xff, 0x20, 0x4c, 0xaa, 0xff, 0x20, 0x4c, 0xaa, 0xff,
    0x20, 0x4b, 0xa9, 0xff, 0x20, 0x4b, 0xa9, 0xff, 0x21, 0x4c, 0xaa, 0xff, 0x21, 0x4c, 0xaa, 0xff,
    0x20, 0x4d, 0xab, 0xff, 0x20, 0x4d, 0xab, 0xff, 0x21, 0x4e, 0xaa, 0xff, 0x21, 0x4e, 0xaa, 0xff,
    0x20, 0x4c, 0xab, 0xff, 0x20, 0x4c, 0xab, 0xff, 0x21, 0x4c, 0xab, 0xff, 0x21, 0x4c, 0xab, 0xff,
    0xca, 0xe8, 0xfd, 0xff, 0xca, 0xe8, 0xfd, 0xff, 0x0c, 0x21, 0x61, 0xff, 0x0c, 0x21, 0x61, 0xff,
    0x0c, 0x21, 0x61, 0xff, 0x0c, 0x21, 0x61, 0xff, 0xcb, 0xe8, 0xfc, 0xff, 0xcb, 0xe8, 0xfc, 0xff,
    0x0a, 0x22, 0x67, 0xff, 0x0a, 0x22, 0x67, 0xff, 0x00, 0x00, 0x00, 0x00, 0x00, 0x00, 0x00, 0x00,
    0x00, 0x00, 0x00, 0x00, 0x00, 0x00, 0x00, 0x00, 0x00, 0x00, 0x00, 0x00, 0x00, 0x00, 0x00, 0x00,
    0x00, 0x00, 0x00, 0x00, 0x00, 0x00, 0x00, 0x00, 0x00, 0x00, 0x00, 0x00, 0x00, 0x00, 0x00, 0x00,
    0x00, 0x00, 0x00, 0x00, 0x00, 0x00, 0x00, 0x00, 0x00, 0x00, 0x00, 0x00, 0x00, 0x00, 0x00, 0x00,
    0x00, 0x00, 0x00, 0x00, 0x00, 0x00, 0x00, 0x00, 0x00, 0x00, 0x00, 0x00, 0x00, 0x00, 0x00, 0x00,
    0x00, 0x00, 0x00, 0x00, 0x00, 0x00, 0x00, 0x00, 0x00, 0x00, 0x00, 0x00, 0x00, 0x00, 0x00, 0x00,
    0x00, 0x00, 0x00, 0x00, 0x00, 0x00, 0x00, 0x00, 0x00, 0x00, 0x00, 0x00, 0x00, 0x00, 0x00, 0x00,
    0x00, 0x00, 0x00, 0x00, 0x00, 0x00, 0x00, 0x00, 0x0a, 0x22, 0x67, 0xff, 0x0a, 0x22, 0x67, 0xff,
    0xca, 0xe9, 0xfd, 0xff, 0xca, 0xe9, 0xfd, 0xff, 0x0c, 0x23, 0x65, 0xff, 0x0c, 0x23, 0x65, 0xff,
    0x0b, 0x21, 0x62, 0xff, 0x0b, 0x21, 0x62, 0xff, 0xcd, 0xea, 0xfc, 0xff, 0xcd, 0xea, 0xfc, 0xff,
    0x1f, 0x49, 0xa8, 0xff, 0x1f, 0x49, 0xa8, 0xff, 0x20, 0x4c, 0xaa, 0xff, 0x20, 0x4c, 0xaa, 0xff,
    0x20, 0x4b, 0xa9, 0xff, 0x20, 0x4b, 0xa9, 0xff, 0x21, 0x4c, 0xaa, 0xff, 0x21, 0x4c, 0xaa, 0xff,
    0x20, 0x4d, 0xab, 0xff, 0x20, 0x4d, 0xab, 0xff, 0x21, 0x4e, 0xaa, 0xff, 0x21, 0x4e, 0xaa, 0xff,
    0x20, 0x4c, 0xab, 0xff, 0x20, 0x4c, 0xab, 0xff, 0x21, 0x4c, 0xab, 0xff, 0x21, 0x4c, 0xab, 0xff,
    0xca, 0xe8, 0xfd, 0xff, 0xca, 0xe8, 0xfd, 0xff, 0x0c, 0x21, 0x61, 0xff, 0x0c, 0x21, 0x61, 0xff,
    0x0c, 0x21, 0x61, 0xff, 0x0c, 0x21, 0x61, 0xff, 0xcb, 0xe8, 0xfc, 0xff, 0xcb, 0xe8, 0xfc, 0xff,
    0x0a, 0x22, 0x67, 0xff, 0x0a, 0x22, 0x67, 0xff, 0x00, 0x00, 0x00, 0x00, 0x00, 0x00, 0x00, 0x00,
    0x00, 0x00, 0x00, 0x00, 0x00, 0x00, 0x00, 0x00, 0x00, 0x00, 0x00, 0x00, 0x00, 0x00, 0x00, 0x00,
    0x00, 0x00, 0x00, 0x00, 0x00, 0x00, 0x00, 0x00, 0x00, 0x00, 0x00, 0x00, 0x00, 0x00, 0x00, 0x00,
    0x00, 0x00, 0x00, 0x00, 0x00, 0x00, 0x00, 0x00, 0x00, 0x00, 0x00, 0x00, 0x00, 0x00, 0x00, 0x00,
    0x00, 0x00, 0x00, 0x00, 0x00, 0x00, 0x00, 0x00, 0x00, 0x00, 0x00, 0x00, 0x00, 0x00, 0x00, 0x00,
    0x00, 0x00, 0x00, 0x00, 0x00, 0x00, 0x00, 0x00, 0x00, 0x00, 0x00, 0x00, 0x00, 0x00, 0x00, 0x00,
    0x00, 0x00, 0x00, 0x00, 0x00, 0x00, 0x00, 0x00, 0x00, 0x00, 0x00, 0x00, 0x00, 0x00, 0x00, 0x00,
    0x00, 0x00, 0x00, 0x00, 0x00, 0x00, 0x00, 0x00, 0x00, 0x00, 0x00, 0x00, 0x00, 0x00, 0x00, 0x00,
    0x0a, 0x23, 0x68, 0xff, 0x0a, 0x23, 0x68, 0xff, 0xa9, 0xd7, 0xfb, 0xff, 0xa9, 0xd7, 0xfb, 0xff,
    0xb0, 0xda, 0xfb, 0xff, 0xb0, 0xda, 0xfb, 0xff, 0x20, 0x4b, 0xa8, 0xff, 0x20, 0x4b, 0xa8, 0xff,
    0x09, 0x21, 0x68, 0xff, 0x09, 0x21, 0x68, 0xff, 0x00, 0x00, 0x00, 0x00, 0x00, 0x00, 0x00, 0x00,
    0x00, 0x00, 0x00, 0x00, 0x00, 0x00, 0x00, 0x00, 0x00, 0x00, 0x00, 0x00, 0x00, 0x00, 0x00, 0x00,
    0x00, 0x00, 0x00, 0x00, 0x00, 0x00, 0x00, 0x00, 0x00, 0x00, 0x00, 0x00, 0x00, 0x00, 0x00, 0x00,
    0x00, 0x00, 0x00, 0x00, 0x00, 0x00, 0x00, 0x00, 0x0a, 0x21, 0x67, 0xff, 0x0a, 0x21, 0x67, 0xff,
    0x20, 0x4a, 0xa8, 0xff, 0x20, 0x4a, 0xa8, 0xff, 0xaf, 0xda, 0xfc, 0xff, 0xaf, 0xda, 0xfc, 0xff,
    0xab, 0xd7, 0xfa, 0xff, 0xab, 0xd7, 0xfa, 0xff, 0x0b, 0x22, 0x67, 0xff, 0x0b, 0x22, 0x67, 0xff,
    0x00, 0x00, 0x00, 0x00, 0x00, 0x00, 0x00, 0x00, 0x00, 0x00, 0x00, 0x00, 0x00, 0x00, 0x00, 0x00,
    0x00, 0x00, 0x00, 0x00, 0x00, 0x00, 0x00, 0x00, 0x00, 0x00, 0x00, 0x00, 0x00, 0x00, 0x00, 0x00,
    0x00, 0x00, 0x00, 0x00, 0x00, 0x00, 0x00, 0x00, 0x00, 0x00, 0x00, 0x00, 0x00, 0x00, 0x00, 0x00,
    0x00, 0x00, 0x00, 0x00, 0x00, 0x00, 0x00, 0x00, 0x00, 0x00, 0x00, 0x00, 0x00, 0x00, 0x00, 0x00,
    0x00, 0x00, 0x00, 0x00, 0x00, 0x00, 0x00, 0x00, 0x00, 0x00, 0x00, 0x00, 0x00, 0x00, 0x00, 0x00,
    0x00, 0x00, 0x00, 0x00, 0x00, 0x00, 0x00, 0x00, 0x00, 0x00, 0x00, 0x00, 0x00, 0x00, 0x00, 0x00,
    0x00, 0x00, 0x00, 0x00, 0x00, 0x00, 0x00, 0x00, 0x00, 0x00, 0x00, 0x00, 0x00, 0x00, 0x00, 0x00,
    0x00, 0x00, 0x00, 0x00, 0x00, 0x00, 0x00, 0x00, 0x00, 0x00, 0x00, 0x00, 0x00, 0x00, 0x00, 0x00,
    0x0a, 0x23, 0x68, 0xff, 0x0a, 0x23, 0x68, 0xff, 0xa9, 0xd7, 0xfb, 0xff, 0xa9, 0xd7, 0xfb, 0xff,
    0xb0, 0xda, 0xfb, 0xff, 0xb0, 0xda, 0xfb, 0xff, 0x20, 0x4b, 0xa8, 0xff, 0x20, 0x4b, 0xa8, 0xff,
    0x09, 0x21, 0x68, 0xff, 0x09, 0x21, 0x68, 0xff, 0x00, 0x00, 0x00, 0x00, 0x00, 0x00, 0x00, 0x00,
    0x00, 0x00, 0x00, 0x00, 0x00, 0x00, 0x00, 0x00, 0x00, 0x00, 0x00, 0x00, 0x00, 0x00, 0x00, 0x00,
    0x00, 0x00, 0x00, 0x00, 0x00, 0x00, 0x00, 0x00, 0x00, 0x00, 0x00, 0x00, 0x00, 0x00, 0x00, 0x00,
    0x00, 0x00, 0x00, 0x00, 0x00, 0x00, 0x00, 0x00, 0x0a, 0x21, 0x67, 0xff, 0x0a, 0x21, 0x67, 0xff,
    0x20, 0x4a, 0xa8, 0xff, 0x20, 0x4a, 0xa8, 0xff, 0xaf, 0xda, 0xfc, 0xff, 0xaf, 0xda, 0xfc, 0xff,
    0xab, 0xd7, 0xfa, 0xff, 0xab, 0xd7, 0xfa, 0xff, 0x0b, 0x22, 0x67, 0xff, 0x0b, 0x22, 0x67, 0xff,
    0x00, 0x00, 0x00, 0x00, 0x00, 0x00, 0x00, 0x00, 0x00, 0x00, 0x00, 0x00, 0x00, 0x00, 0x00, 0x00,
    0x00, 0x00, 0x00, 0x00, 0x00, 0x00, 0x00, 0x00, 0x00, 0x00, 0x00, 0x00, 0x00, 0x00, 0x00, 0x00,
    0x00, 0x00, 0x00, 0x00, 0x00, 0x00, 0x00, 0x00, 0x00, 0x00, 0x00, 0x00, 0x00, 0x00, 0x00, 0x00,
    0x00, 0x00, 0x00, 0x00, 0x00, 0x00, 0x00, 0x00, 0x00, 0x00, 0x00, 0x00, 0x00, 0x00, 0x00, 0x00,
    0x00, 0x00, 0x00, 0x00, 0x00, 0x00, 0x00, 0x00, 0x00, 0x00, 0x00, 0x00, 0x00, 0x00, 0x00, 0x00,
    0x00, 0x00, 0x00, 0x00, 0x00, 0x00, 0x00, 0x00, 0x00, 0x00, 0x00, 0x00, 0x00, 0x00, 0x00, 0x00,
    0x00, 0x00, 0x00, 0x00, 0x00, 0x00, 0x00, 0x00, 0x00, 0x00, 0x00, 0x00, 0x00, 0x00, 0x00, 0x00,
    0x00, 0x00, 0x00, 0x00, 0x00, 0x00, 0x00, 0x00, 0x00, 0x00, 0x00, 0x00, 0x00, 0x00, 0x00, 0x00,
    0x00, 0x00, 0x00, 0x00, 0x00, 0x00, 0x00, 0x00, 0x00, 0x00, 0x00, 0x00, 0x00, 0x00, 0x00, 0x00,
    0x00, 0x00, 0x00, 0x00, 0x00, 0x00, 0x00, 0x00, 0x00, 0x00, 0x00, 0x00, 0x00, 0x00, 0x00, 0x00,
    0x00, 0x00, 0x00, 0x00, 0x00, 0x00, 0x00, 0x00, 0x00, 0x00, 0x00, 0x00, 0x00, 0x00, 0x00, 0x00,
    0x00, 0x00, 0x00, 0x00, 0x00, 0x00, 0x00, 0x00, 0x00, 0x00, 0x00, 0x00, 0x00, 0x00, 0x00, 0x00,
    0x00, 0x00, 0x00, 0x00, 0x00, 0x00, 0x00, 0x00, 0x00, 0x00, 0x00, 0x00, 0x00, 0x00, 0x00, 0x00,
    0x00, 0x00, 0x00, 0x00, 0x00, 0x00, 0x00, 0x00, 0x00, 0x00, 0x00, 0x00, 0x00, 0x00, 0x00, 0x00,
    0x00, 0x00, 0x00, 0x00, 0x00, 0x00, 0x00, 0x00, 0x00, 0x00, 0x00, 0x00, 0x00, 0x00, 0x00, 0x00,
    0x00, 0x00, 0x00, 0x00, 0x00, 0x00, 0x00, 0x00, 0x00, 0x00, 0x00, 0x00, 0x00, 0x00, 0x00, 0x00,
    0x00, 0x00, 0x00, 0x00, 0x00, 0x00, 0x00, 0x00, 0x00, 0x00, 0x00, 0x00, 0x00, 0x00, 0x00, 0x00,
    0x00, 0x00, 0x00, 0x00, 0x00, 0x00, 0x00, 0x00, 0x00, 0x00, 0x00, 0x00, 0x00, 0x00, 0x00, 0x00,
    0x00, 0x00, 0x00, 0x00, 0x00, 0x00, 0x00, 0x00, 0x00, 0x00, 0x00, 0x00, 0x00, 0x00, 0x00, 0x00,
    0x00, 0x00, 0x00, 0x00, 0x00, 0x00, 0x00, 0x00, 0x00, 0x00, 0x00, 0x00, 0x00, 0x00, 0x00, 0x00,
    0x00, 0x00, 0x00, 0x00, 0x00, 0x00, 0x00, 0x00, 0x00, 0x00, 0x00, 0x00, 0x00, 0x00, 0x00, 0x00,
    0x00, 0x00, 0x00, 0x00, 0x00, 0x00, 0x00, 0x00, 0x00, 0x00, 0x00, 0x00, 0x00, 0x00, 0x00, 0x00,
    0x00, 0x00, 0x00, 0x00, 0x00, 0x00, 0x00, 0x00, 0x00, 0x00, 0x00, 0x00, 0x00, 0x00, 0x00, 0x00,
    0x00, 0x00, 0x00, 0x00, 0x00, 0x00, 0x00, 0x00, 0x00, 0x00, 0x00, 0x00, 0x00, 0x00, 0x00, 0x00,
    0x00, 0x00, 0x00, 0x00, 0x00, 0x00, 0x00, 0x00, 0x00, 0x00, 0x00, 0x00, 0x00, 0x00, 0x00, 0x00,
    0x00, 0x00, 0x00, 0x00, 0x00, 0x00, 0x00, 0x00, 0x00, 0x00, 0x00, 0x00, 0x00, 0x00, 0x00, 0x00,
    0x00, 0x00, 0x00, 0x00, 0x00, 0x00, 0x00, 0x00, 0x00, 0x00, 0x00, 0x00, 0x00, 0x00, 0x00, 0x00,
    0x00, 0x00, 0x00, 0x00, 0x00, 0x00, 0x00, 0x00, 0x00, 0x00, 0x00, 0x00, 0x00, 0x00, 0x00, 0x00,
    0x00, 0x00, 0x00, 0x00, 0x00, 0x00, 0x00, 0x00, 0x00, 0x00, 0x00, 0x00, 0x00, 0x00, 0x00, 0x00,
    0x00, 0x00, 0x00, 0x00, 0x00, 0x00, 0x00, 0x00, 0x00, 0x00, 0x00, 0x00, 0x00, 0x00, 0x00, 0x00,
    0x00, 0x00, 0x00, 0x00, 0x00, 0x00, 0x00, 0x00, 0x00, 0x00, 0x00, 0x00, 0x00, 0x00, 0x00, 0x00,
    0x00, 0x00, 0x00, 0x00, 0x00, 0x00, 0x00, 0x00, 0x00, 0x00, 0x00, 0x00, 0x00, 0x00, 0x00, 0x00,
    0x00, 0x00, 0x00, 0x00, 0x00, 0x00, 0x00, 0x00, 0x00, 0x00, 0x00, 0x00, 0x00, 0x00, 0x00, 0x00,
    0x00, 0x00, 0x00, 0x00, 0x00, 0x00, 0x00, 0x00, 0x00, 0x00, 0x00, 0x00, 0x00, 0x00, 0x00, 0x00,
    0x00, 0x00, 0x00, 0x00, 0x00, 0x00, 0x00, 0x00, 0x00, 0x00, 0x00, 0x00, 0x00, 0x00, 0x00, 0x00,
    0x00, 0x00, 0x00, 0x00, 0x00, 0x00, 0x00, 0x00, 0x00, 0x00, 0x00, 0x00, 0x00, 0x00, 0x00, 0x00,
};

const lv_image_dsc_t ui_icon_word_bear = {
    .header.magic = LV_IMAGE_HEADER_MAGIC,
    .header.cf = LV_COLOR_FORMAT_ARGB8888,
    .header.flags = 0,
    .header.w = 64,
    .header.h = 64,
    .header.stride = 256,
    .data_size = sizeof(ui_icon_word_bear_map),
    .data = ui_icon_word_bear_map,
};
