#include "ui_menu_chrome.h"

static const uint8_t ui_menu_chrome_map[] = {
    0x00, 0x00, 0x00, 0x00, 0x00, 0x00, 0x00, 0x00, 0x00, 0x00, 0x00, 0x00, 0x00, 0x00, 0x00, 0x00,
    0x00, 0x00, 0x00, 0x00, 0x00, 0x00, 0x00, 0x00, 0x00, 0x00, 0x00, 0x00, 0x00, 0x00, 0x00, 0x00,
    0x00, 0x00, 0x00, 0x00, 0x00, 0x00, 0x00, 0x00, 0x00, 0x00, 0x00, 0x00, 0x00, 0x00, 0x00, 0x00,
    0x00, 0x00, 0x00, 0x00, 0x00, 0x00, 0x00, 0x00, 0x00, 0x00, 0x00, 0x00, 0x00, 0x00, 0x00, 0x00,
    0x00, 0x00, 0x00, 0x00, 0x00, 0x00, 0x00, 0x00, 0x00, 0x00, 0x00, 0x00, 0x00, 0x00, 0x00, 0x00,
    0x00, 0x00, 0x00, 0x00, 0x00, 0x00, 0x00, 0x00, 0x00, 0x00, 0x00, 0x00, 0x00, 0x00, 0x00, 0x00,
    0x00, 0x00, 0x00, 0x00, 0x00, 0x00, 0x00, 0x00, 0x00, 0x00, 0x00, 0x00, 0x00, 0x00, 0x00, 0x00,
    0x00, 0x00, 0x00, 0x00, 0x00, 0x00, 0x00, 0x00, 0x00, 0x00, 0x00, 0x00, 0x00, 0x00, 0x00, 0x00,
    0x00, 0x00, 0x00, 0x00, 0x00, 0x00, 0x00, 0x00, 0x00, 0x00, 0x00, 0x00, 0x00, 0x00, 0x00, 0x00,
    0x00, 0x00, 0x00, 0x00, 0x00, 0x00, 0x00, 0x00, 0x00, 0x00, 0x00, 0x00, 0x00, 0x00, 0x00, 0x00,
    0x00, 0x00, 0x00, 0x00, 0x00, 0x00, 0x00, 0x00, 0x00, 0x00, 0x00, 0x00, 0x00, 0x00, 0x00, 0x00,
    0x00, 0x00, 0x00, 0x00, 0x00, 0x00, 0x00, 0x00, 0x00, 0x00, 0x00, 0x00, 0x00, 0x00, 0x00, 0x00,
    0x00, 0x00, 0x00, 0x00, 0x00, 0x00, 0x00, 0x00, 0x00, 0x00, 0x00, 0x00, 0x00, 0x00, 0x00, 0x00,
    0x00, 0x00, 0x00, 0x00, 0x00, 0x00, 0x00, 0x00, 0x00, 0x00, 0x00, 0x00, 0x00, 0x00, 0x00, 0x00,
    0x00, 0x00, 0x00, 0x00, 0x00, 0x00, 0x00, 0x00, 0x00, 0x00, 0x00, 0x00, 0x00, 0x00, 0x00, 0x00,
    0x00, 0x00, 0x00, 0x00, 0x00, 0x00, 0x00, 0x00, 0x00, 0x00, 0x00, 0x00, 0x00, 0x00, 0x00, 0x00,
    0x00, 0x00, 0x00, 0x00, 0x00, 0x00, 0x00, 0x00, 0x00, 0x00, 0x00, 0x00, 0x00, 0x00, 0x00, 0x00,
    0x00, 0x00, 0x00, 0x00, 0x00, 0x00, 0x00, 0x00, 0x00, 0x00, 0x00, 0x00, 0x00, 0x00, 0x00, 0x00,
    0x00, 0x00, 0x00, 0x00, 0x00, 0x00, 0x00, 0x00, 0x00, 0x00, 0x00, 0x00, 0x00, 0x00, 0x00, 0x00,
    0x00, 0x00, 0x00, 0x00, 0x00, 0x00, 0x00, 0x00, 0x00, 0x00, 0x00, 0x00, 0x00, 0x00, 0x00, 0x00,
    0x00, 0x00, 0x00, 0x00, 0x00, 0x00, 0x00, 0x00, 0x00, 0x00, 0x00, 0x00, 0x00, 0x00, 0x00, 0x00,
    0x00, 0x00, 0x00, 0x00, 0x00, 0x00, 0x00, 0x00, 0x00, 0x00, 0x00, 0x00, 0x00, 0x00, 0x00, 0x00,
    0x00, 0x00, 0x00, 0x00, 0x00, 0x00, 0x00, 0x00, 0x00, 0x00, 0x00, 0x00, 0x00, 0x00, 0x00, 0x00,
    0x00, 0x00, 0x00, 0x00, 0x00, 0x00, 0x00, 0x00, 0x00, 0x00, 0x00, 0x00, 0x00, 0x00, 0x00, 0x00,
    0x00, 0x00, 0x00, 0x00, 0x00, 0x00, 0x00, 0x00, 0x00, 0x00, 0x00, 0x00, 0x00, 0x00, 0x00, 0x00,
    0x00, 0x00, 0x00, 0x00, 0x00, 0x00, 0x00, 0x00, 0x00, 0x00, 0x00, 0x00, 0x00, 0x00, 0x00, 0x00,
    0x00, 0x00, 0x00, 0x00, 0x00, 0x00, 0x00, 0x00, 0x00, 0x00, 0x00, 0x00, 0x00, 0x00, 0x00, 0x00,
    0x00, 0x00, 0x00, 0x00, 0x00, 0x00, 0x00, 0x00, 0x00, 0x00, 0x00, 0x00, 0x00, 0x00, 0x00, 0x00,
    0x00, 0x00, 0x00, 0x00, 0x00, 0x00, 0x00, 0x00, 0x00, 0x00, 0x00, 0x00, 0x00, 0x00, 0x00, 0x00,
    0x00, 0x00, 0x00, 0x00, 0x00, 0x00, 0x00, 0x00, 0x00, 0x00, 0x00, 0x00, 0x00, 0x00, 0x00, 0x00,
    0x00, 0x00, 0x00, 0x00, 0x00, 0x00, 0x00, 0x00, 0x00, 0x00, 0x00, 0x00, 0x00, 0x00, 0x00, 0x00,
    0x00, 0x00, 0x00, 0x00, 0x00, 0x00, 0x00, 0x00, 0x00, 0x00, 0x00, 0x00, 0x00, 0x00, 0x00, 0x00,
    0x00, 0x00, 0x00, 0x00, 0x00, 0x00, 0x00, 0x00, 0x00, 0x00, 0x00, 0x00, 0x00, 0x00, 0x00, 0x00,
    0x00, 0x00, 0x00, 0x00, 0x00, 0x00, 0x00, 0x00, 0x00, 0x00, 0x00, 0x00, 0x00, 0x00, 0x00, 0x00,
    0x00, 0x00, 0x00, 0x00, 0x00, 0x00, 0x00, 0x00, 0x00, 0x00, 0x00, 0x00, 0x00, 0x00, 0x00, 0x00,
    0x00, 0x00, 0x00, 0x00, 0x00, 0x00, 0x00, 0x00, 0x00, 0x00, 0x00, 0x00, 0x00, 0x00, 0x00, 0x00,
    0x00, 0x00, 0x00, 0x00, 0x00, 0x00, 0x00, 0x00, 0x00, 0x00, 0x00, 0x00, 0x00, 0x00, 0x00, 0x00,
    0x00, 0x00, 0x00, 0x00, 0x00, 0x00, 0x00, 0x00, 0x00, 0x00, 0x00, 0x00, 0x00, 0x00, 0x00, 0x00,
    0x00, 0x00, 0x00, 0x00, 0x00, 0x00, 0x00, 0x00, 0x00, 0x00, 0x00, 0x00, 0x00, 0x00, 0x00, 0x00,
    0x00, 0x00, 0x00, 0x00, 0x00, 0x00, 0x00, 0x00, 0x00, 0x00, 0x00, 0x00, 0x00, 0x00, 0x00, 0x00,
    0x00, 0x00, 0x00, 0x00, 0x00, 0x00, 0x00, 0x00, 0x00, 0x00, 0x00, 0x00, 0x00, 0x00, 0x00, 0x00,
    0x00, 0x00, 0x00, 0x00, 0x00, 0x00, 0x00, 0x00, 0x00, 0x00, 0x00, 0x00, 0x00, 0x00, 0x00, 0x00,
    0x00, 0x00, 0x00, 0x00, 0x00, 0x00, 0x00, 0x00, 0x00, 0x00, 0x00, 0x00, 0x00, 0x00, 0x00, 0x00,
    0x00, 0x00, 0x00, 0x00, 0x00, 0x00, 0x00, 0x00, 0x00, 0x00, 0x00, 0x00, 0x00, 0x00, 0x00, 0x00,
    0x00, 0x00, 0x00, 0x00, 0x00, 0x00, 0x00, 0x00, 0x00, 0x00, 0x00, 0x00, 0x00, 0x00, 0x00, 0x00,
    0x00, 0x00, 0x00, 0x00, 0x00, 0x00, 0x00, 0x00, 0x00, 0x00, 0x00, 0x00, 0x00, 0x00, 0x00, 0x00,
    0x00, 0x00, 0x00, 0x00, 0x00, 0x00, 0x00, 0x00, 0x00, 0x00, 0x00, 0x00, 0x00, 0x00, 0x00, 0x00,
    0x00, 0x00, 0x00, 0x00, 0x00, 0x00, 0x00, 0x00, 0x00, 0x00, 0x00, 0x00, 0x00, 0x00, 0x00, 0x00,
    0x00, 0x00, 0x00, 0x00, 0x00, 0x00, 0x00, 0x00, 0x00, 0x00, 0x00, 0x00, 0x00, 0x00, 0x00, 0x00,
    0x00, 0x00, 0x00, 0x00, 0x00, 0x00, 0x00, 0x00, 0x00, 0x00, 0x00, 0x00, 0x00, 0x00, 0x00, 0x00,
    0x00, 0x00, 0x00, 0x00, 0x00, 0x00, 0x00, 0x00, 0x00, 0x00, 0x00, 0x00, 0x00, 0x00, 0x00, 0x00,
    0x00, 0x00, 0x00, 0x00, 0x00, 0x00, 0x00, 0x00, 0x00, 0x00, 0x00, 0x00, 0x00, 0x00, 0x00, 0x00,
    0x00, 0x00, 0x00, 0x00, 0x00, 0x00, 0x00, 0x00, 0x00, 0x00, 0x00, 0x00, 0x00, 0x00, 0x00, 0x00,
    0x00, 0x00, 0x00, 0x00, 0x00, 0x00, 0x00, 0x00, 0x00, 0x00, 0x00, 0x00, 0x00, 0x00, 0x00, 0x00,
    0x00, 0x00, 0x00, 0x00, 0x00, 0x00, 0x00, 0x00, 0x00, 0x00, 0x00, 0x00, 0x00, 0x00, 0x00, 0x00,
    0x00, 0x00, 0x00, 0x00, 0x00, 0x00, 0x00, 0x00, 0x00, 0x00, 0x00, 0x00, 0x00, 0x00, 0x00, 0x00,
    0x00, 0x00, 0x00, 0x00, 0x00, 0x00, 0x00, 0x00, 0x00, 0x00, 0x00, 0x00, 0x00, 0x00, 0x00, 0x00,
    0x00, 0x00, 0x00, 0x00, 0x00, 0x00, 0x00, 0x00, 0x00, 0x00, 0x00, 0x00, 0x00, 0x00, 0x00, 0x00,
    0x00, 0x00, 0x00, 0x00, 0x00, 0x00, 0x00, 0x00, 0x00, 0x00, 0x00, 0x00, 0x00, 0x00, 0x00, 0x00,
    0x00, 0x00, 0x00, 0x00, 0x00, 0x00, 0x00, 0x00, 0x00, 0x00, 0x00, 0x00, 0x00, 0x00, 0x00, 0x00,
    0x00, 0x00, 0x00, 0x00, 0x00, 0x00, 0x00, 0x00, 0x00, 0x00, 0x00, 0x00, 0x00, 0x00, 0x00, 0x00,
    0x00, 0x00, 0x00, 0x00, 0x00, 0x00, 0x00, 0x00, 0x00, 0x00, 0x00, 0x00, 0x00, 0x00, 0x00, 0x00,
    0x00, 0x00, 0x00, 0x00, 0x00, 0x00, 0x00, 0x00, 0x00, 0x00, 0x00, 0x00, 0x00, 0x00, 0x00, 0x00,
    0x00, 0x00, 0x00, 0x00, 0x00, 0x00, 0x00, 0x00, 0x00, 0x00, 0x00, 0x00, 0x00, 0x00, 0x00, 0x00,
    0x00, 0x00, 0x00, 0x00, 0x00, 0x00, 0x00, 0x00, 0x00, 0x00, 0x00, 0x00, 0x00, 0x00, 0x00, 0x00,
    0x00, 0x00, 0x00, 0x00, 0x00, 0x00, 0x00, 0x00, 0x00, 0x00, 0x00, 0x00, 0x00, 0x00, 0x00, 0x00,
    0x00, 0x00, 0x00, 0x00, 0x00, 0x00, 0x00, 0x00, 0x00, 0x00, 0x00, 0x00, 0x00, 0x00, 0x00, 0x00,
    0x00, 0x00, 0x00, 0x00, 0x00, 0x00, 0x00, 0x00, 0x00, 0x00, 0x00, 0x00, 0x00, 0x00, 0x00, 0x00,
    0x00, 0x00, 0x00, 0x00, 0x00, 0x00, 0x00, 0x00, 0x00, 0x00, 0x00, 0x00, 0x00, 0x00, 0x00, 0x00,
    0x00, 0x00, 0x00, 0x00, 0x00, 0x00, 0x00, 0x00, 0x00, 0x00, 0x00, 0x00, 0x00, 0x00, 0x00, 0x00,
    0x00, 0x00, 0x00, 0x00, 0x00, 0x00, 0x00, 0x00, 0x00, 0x00, 0x00, 0x00, 0x00, 0x00, 0x00, 0x00,
    0x00, 0x00, 0x00, 0x00, 0x00, 0x00, 0x00, 0x00, 0x00, 0x00, 0x00, 0x00, 0x00, 0x00, 0x00, 0x00,
    0x00, 0x00, 0x00, 0x00, 0x00, 0x00, 0x00, 0x00, 0x00, 0x00, 0x00, 0x00, 0x00, 0x00, 0x00, 0x00,
    0x00, 0x00, 0x00, 0x00, 0x00, 0x00, 0x00, 0x00, 0x00, 0x00, 0x00, 0x00, 0x00, 0x00, 0x00, 0x00,
    0x00, 0x00, 0x00, 0x00, 0x00, 0x00, 0x00, 0x00, 0x00, 0x00, 0x00, 0x00, 0x00, 0x00, 0x00, 0x00,
    0x00, 0x00, 0x00, 0x00, 0x00, 0x00, 0x00, 0x00, 0x00, 0x00, 0x00, 0x00, 0x00, 0x00, 0x00, 0x00,
    0x00, 0x00, 0x00, 0x00, 0x00, 0x00, 0x00, 0x00, 0x00, 0x00, 0x00, 0x00, 0x00, 0x00, 0x00, 0x00,
    0x00, 0x00, 0x00, 0x00, 0x00, 0x00, 0x00, 0x00, 0x00, 0x00, 0x00, 0x00, 0x00, 0x00, 0x00, 0x00,
    0x00, 0x00, 0x00, 0x00, 0x00, 0x00, 0x00, 0x00, 0x00, 0x00, 0x00, 0x00, 0x00, 0x00, 0x00, 0x00,
    0x00, 0x00, 0x00, 0x00, 0x00, 0x00, 0x00, 0x00, 0x00, 0x00, 0x00, 0x00, 0x00, 0x00, 0x00, 0x00,
    0x00, 0x00, 0x00, 0x00, 0x00, 0x00, 0x00, 0x00, 0x00, 0x00, 0x00, 0x00, 0x00, 0x00, 0x00, 0x00,
    0x00, 0x00, 0x00, 0x00, 0x00, 0x00, 0x00, 0x00, 0x00, 0x00, 0x00, 0x00, 0x00, 0x00, 0x00, 0x00,
    0x00, 0x00, 0x00, 0x00, 0x00, 0x00, 0x00, 0x00, 0x00, 0x00, 0x00, 0x00, 0x00, 0x00, 0x00, 0x00,
    0x00, 0x00, 0x00, 0x00, 0x00, 0x00, 0x00, 0x00, 0x00, 0x00, 0x00, 0x00, 0x00, 0x00, 0x00, 0x00,
    0x00, 0x00, 0x00, 0x00, 0x00, 0x00, 0x00, 0x00, 0x00, 0x00, 0x00, 0x00, 0x00, 0x00, 0x00, 0x00,
    0x00, 0x00, 0x00, 0x00, 0x00, 0x00, 0x00, 0x00, 0x00, 0x00, 0x00, 0x00, 0x00, 0x00, 0x00, 0x00,
    0x00, 0x00, 0x00, 0x00, 0x00, 0x00, 0x00, 0x00, 0x00, 0x00, 0x00, 0x00, 0x00, 0x00, 0x00, 0x00,
    0x00, 0x00, 0x00, 0x00, 0x00, 0x00, 0x00, 0x00, 0x00, 0x00, 0x00, 0x00, 0x00, 0x00, 0x00, 0x00,
    0x00, 0x00, 0x00, 0x00, 0x00, 0x00, 0x00, 0x00, 0x00, 0x00, 0x00, 0x00, 0x00, 0x00, 0x00, 0x00,
    0x00, 0x00, 0x00, 0x00, 0x00, 0x00, 0x00, 0x00, 0x00, 0x00, 0x00, 0x00, 0x00, 0x00, 0x00, 0x00,
    0x00, 0x00, 0x00, 0x00, 0x00, 0x00, 0x00, 0x00, 0x00, 0x00, 0x00, 0x00, 0x00, 0x00, 0x00, 0x00,
    0x00, 0x00, 0x00, 0x00, 0x00, 0x00, 0x00, 0x00, 0x00, 0x00, 0x00, 0x00, 0x00, 0x00, 0x00, 0x00,
    0x00, 0x00, 0x00, 0x00, 0x00, 0x00, 0x00, 0x00, 0x00, 0x00, 0x00, 0x00, 0x00, 0x00, 0x00, 0x00,
    0x00, 0x00, 0x00, 0x00, 0x00, 0x00, 0x00, 0x00, 0x00, 0x00, 0x00, 0x00, 0x00, 0x00, 0x00, 0x00,
    0x00, 0x00, 0x00, 0x00, 0x00, 0x00, 0x00, 0x00, 0x00, 0x00, 0x00, 0x00, 0x00, 0x00, 0x00, 0x00,
    0x00, 0x00, 0x00, 0x00, 0x00, 0x00, 0x00, 0x00, 0x00, 0x00, 0x00, 0x00, 0x00, 0x00, 0x00, 0x00,
    0x00, 0x00, 0x00, 0x00, 0x00, 0x00, 0x00, 0x00, 0x00, 0x00, 0x00, 0x00, 0x00, 0x00, 0x00, 0x00,
    0x00, 0x00, 0x00, 0x00, 0x00, 0x00, 0x00, 0x00, 0x00, 0x00, 0x00, 0x00, 0x00, 0x00, 0x00, 0x00,
    0x00, 0x00, 0x00, 0x00, 0x00, 0x00, 0x00, 0x00, 0x00, 0x00, 0x00, 0x00, 0x00, 0x00, 0x00, 0x00,
    0x00, 0x00, 0x00, 0x00, 0x00, 0x00, 0x00, 0x00, 0x00, 0x00, 0x00, 0x00, 0x00, 0x00, 0x00, 0x00,
    0x00, 0x00, 0x00, 0x00, 0x00, 0x00, 0x00, 0x00, 0x00, 0x00, 0x00, 0x00, 0x00, 0x00, 0x00, 0x00,
    0x00, 0x00, 0x00, 0x00, 0x00, 0x00, 0x00, 0x00, 0x00, 0x00, 0x00, 0x00, 0x00, 0x00, 0x00, 0x00,
    0x00, 0x00, 0x00, 0x00, 0x00, 0x00, 0x00, 0x00, 0x00, 0x00, 0x00, 0x00, 0x00, 0x00, 0x00, 0x00,
    0x00, 0x00, 0x00, 0x00, 0x00, 0x00, 0x00, 0x00, 0x00, 0x00, 0x00, 0x00, 0x00, 0x00, 0x00, 0x00,
    0x00, 0x00, 0x00, 0x00, 0x00, 0x00, 0x00, 0x00, 0x00, 0x00, 0x00, 0x00, 0x00, 0x00, 0x00, 0x00,
    0x00, 0x00, 0x00, 0x00, 0x00, 0x00, 0x00, 0x00, 0x00, 0x00, 0x00, 0x00, 0x00, 0x00, 0x00, 0x00,
    0x00, 0x00, 0x00, 0x00, 0x00, 0x00, 0x00, 0x00, 0x00, 0x00, 0x00, 0x00, 0x00, 0x00, 0x00, 0x00,
    0x00, 0x00, 0x00, 0x00, 0x00, 0x00, 0x00, 0x00, 0x00, 0x00, 0x00, 0x00, 0x00, 0x00, 0x00, 0x00,
    0x00, 0x00, 0x00, 0x00, 0x00, 0x00, 0x00, 0x00, 0x00, 0x00, 0x00, 0x00, 0x00, 0x00, 0x00, 0x00,
    0x00, 0x00, 0x00, 0x00, 0x00, 0x00, 0x00, 0x00, 0x00, 0x00, 0x00, 0x00, 0x00, 0x00, 0x00, 0x00,
    0x00, 0x00, 0x00, 0x00, 0x00, 0x00, 0x00, 0x00, 0x00, 0x00, 0x00, 0x00, 0x00, 0x00, 0x00, 0x00,
    0x00, 0x00, 0x00, 0x00, 0x00, 0x00, 0x00, 0x00, 0x00, 0x00, 0x00, 0x00, 0x00, 0x00, 0x00, 0x00,
    0x00, 0x00, 0x00, 0x00, 0x00, 0x00, 0x00, 0x00, 0x00, 0x00, 0x00, 0x00, 0x00, 0x00, 0x00, 0x00,
    0x00, 0x00, 0x00, 0x00, 0x00, 0x00, 0x00, 0x00, 0x00, 0x00, 0x00, 0x00, 0x00, 0x00, 0x00, 0x00,
    0x00, 0x00, 0x00, 0x00, 0x00, 0x00, 0x00, 0x00, 0x00, 0x00, 0x00, 0x00, 0x00, 0x00, 0x00, 0x00,
    0x00, 0x00, 0x00, 0x00, 0x00, 0x00, 0x00, 0x00, 0x00, 0x00, 0x00, 0x00, 0x00, 0x00, 0x00, 0x00,
    0x00, 0x00, 0x00, 0x00, 0x00, 0x00, 0x00, 0x00, 0x00, 0x00, 0x00, 0x00, 0x00, 0x00, 0x00, 0x00,
    0x00, 0x00, 0x00, 0x00, 0x00, 0x00, 0x00, 0x00, 0x00, 0x00, 0x00, 0x00, 0x00, 0x00, 0x00, 0x00,
    0x00, 0x00, 0x00, 0x00, 0x00, 0x00, 0x00, 0x00, 0x00, 0x00, 0x00, 0x00, 0x00, 0x00, 0x00, 0x00,
    0x00, 0x00, 0x00, 0x00, 0x00, 0x00, 0x00, 0x00, 0x00, 0x00, 0x00, 0x00, 0x00, 0x00, 0x00, 0x00,
    0x00, 0x00, 0x00, 0x00, 0x00, 0x00, 0x00, 0x00, 0x00, 0x00, 0x00, 0x00, 0x00, 0x00, 0x00, 0x00,
    0x00, 0x00, 0x00, 0x00, 0x00, 0x00, 0x00, 0x00, 0x00, 0x00, 0x00, 0x00, 0x00, 0x00, 0x00, 0x00,
    0x00, 0x00, 0x00, 0x00, 0x00, 0x00, 0x00, 0x00, 0x00, 0x00, 0x00, 0x00, 0x00, 0x00, 0x00, 0x00,
    0x00, 0x00, 0x00, 0x00, 0x00, 0x00, 0x00, 0x00, 0x00, 0x00, 0x00, 0x00, 0x00, 0x00, 0x00, 0x00,
    0x00, 0x00, 0x00, 0x00, 0x00, 0x00, 0x00, 0x00, 0x00, 0x00, 0x00, 0x00, 0x00, 0x00, 0x00, 0x00,
    0x00, 0x00, 0x00, 0x00, 0x00, 0x00, 0x00, 0x00, 0x00, 0x00, 0x00, 0x00, 0x00, 0x00, 0x00, 0x00,
    0x00, 0x00, 0x00, 0x00, 0x00, 0x00, 0x00, 0x00, 0x00, 0x00, 0x00, 0x00, 0x00, 0x00, 0x00, 0x00,
    0x00, 0x00, 0x00, 0x00, 0x00, 0x00, 0x00, 0x00, 0x00, 0x00, 0x00, 0x00, 0x00, 0x00, 0x00, 0x00,
    0x00, 0x00, 0x00, 0x00, 0x00, 0x00, 0x00, 0x00, 0x00, 0x00, 0x00, 0x00, 0x00, 0x00, 0x00, 0x00,
    0x00, 0x00, 0x00, 0x00, 0x00, 0x00, 0x00, 0x00, 0x00, 0x00, 0x00, 0x00, 0x00, 0x00, 0x00, 0x00,
    0x00, 0x00, 0x00, 0x00, 0x00, 0x00, 0x00, 0x00, 0x00, 0x00, 0x00, 0x00, 0x00, 0x00, 0x00, 0x00,
    0x00, 0x00, 0x00, 0x00, 0x00, 0x00, 0x00, 0x00, 0x00, 0x00, 0x00, 0x00, 0x00, 0x00, 0x00, 0x00,
    0x00, 0x00, 0x00, 0x00, 0x00, 0x00, 0x00, 0x00, 0x00, 0x00, 0x00, 0x00, 0x00, 0x00, 0x00, 0x00,
    0x00, 0x00, 0x00, 0x00, 0x00, 0x00, 0x00, 0x00, 0x00, 0x00, 0x00, 0x00, 0x00, 0x00, 0x00, 0x00,
    0x00, 0x00, 0x00, 0x00, 0x00, 0x00, 0x00, 0x00, 0x00, 0x00, 0x00, 0x00, 0x00, 0x00, 0x00, 0x00,
    0x00, 0x00, 0x00, 0x00, 0x00, 0x00, 0x00, 0x00, 0x00, 0x00, 0x00, 0x00, 0x00, 0x00, 0x00, 0x00,
    0x00, 0x00, 0x00, 0x00, 0x00, 0x00, 0x00, 0x00, 0x00, 0x00, 0x00, 0x00, 0x00, 0x00, 0x00, 0x00,
    0x00, 0x00, 0x00, 0x00, 0x00, 0x00, 0x00, 0x00, 0x00, 0x00, 0x00, 0x00, 0x00, 0x00, 0x00, 0x00,
    0x00, 0x00, 0x00, 0x00, 0x00, 0x00, 0x00, 0x00, 0x00, 0x00, 0x00, 0x00, 0x00, 0x00, 0x00, 0x00,
    0x00, 0x00, 0x00, 0x00, 0x00, 0x00, 0x00, 0x00, 0x00, 0x00, 0x00, 0x00, 0x00, 0x00, 0x00, 0x00,
    0x00, 0x00, 0x00, 0x00, 0x00, 0x00, 0x00, 0x00, 0x00, 0x00, 0x00, 0x00, 0x00, 0x00, 0x00, 0x00,
    0x00, 0x00, 0x00, 0x00, 0x00, 0x00, 0x00, 0x00, 0x00, 0x00, 0x00, 0x00, 0x00, 0x00, 0x00, 0x00,
    0x00, 0x00, 0x00, 0x00, 0x00, 0x00, 0x00, 0x00, 0x00, 0x00, 0x00, 0x00, 0x00, 0x00, 0x00, 0x00,
    0x00, 0x00, 0x00, 0x00, 0x00, 0x00, 0x00, 0x00, 0x00, 0x00, 0x00, 0x00, 0x00, 0x00, 0x00, 0x00,
    0x00, 0x00, 0x00, 0x00, 0x00, 0x00, 0x00, 0x00, 0x00, 0x00, 0x00, 0x00, 0x00, 0x00, 0x00, 0x00,
    0x00, 0x00, 0x00, 0x00, 0x00, 0x00, 0x00, 0x00, 0x00, 0x00, 0x00, 0x00, 0x00, 0x00, 0x00, 0x00,
    0x00, 0x00, 0x00, 0x00, 0x00, 0x00, 0x00, 0x00, 0x00, 0x00, 0x00, 0x00, 0x00, 0x00, 0x00, 0x00,
    0x00, 0x00, 0x00, 0x00, 0x00, 0x00, 0x00, 0x00, 0x00, 0x00, 0x00, 0x00, 0x00, 0x00, 0x00, 0x00,
    0x00, 0x00, 0x00, 0x00, 0x00, 0x00, 0x00, 0x00, 0x00, 0x00, 0x00, 0x00, 0x00, 0x00, 0x00, 0x00,
    0x00, 0x00, 0x00, 0x00, 0x00, 0x00, 0x00, 0x00, 0x00, 0x00, 0x00, 0x00, 0x00, 0x00, 0x00, 0x00,
    0x00, 0x00, 0x00, 0x00, 0x00, 0x00, 0x00, 0x00, 0x00, 0x00, 0x00, 0x00, 0x00, 0x00, 0x00, 0x00,
    0x00, 0x00, 0x00, 0x00, 0x00, 0x00, 0x00, 0x00, 0x00, 0x00, 0x00, 0x00, 0x00, 0x00, 0x00, 0x00,
    0x00, 0x00, 0x00, 0x00, 0x00, 0x00, 0x00, 0x00, 0x00, 0x00, 0x00, 0x00, 0x00, 0x00, 0x00, 0x00,
    0x00, 0x00, 0x00, 0x00, 0x00, 0x00, 0x00, 0x00, 0x00, 0x00, 0x00, 0x00, 0x00, 0x00, 0x00, 0x00,
    0x00, 0x00, 0x00, 0x00, 0x00, 0x00, 0x00, 0x00, 0x00, 0x00, 0x00, 0x00, 0x00, 0x00, 0x00, 0x00,
    0x00, 0x00, 0x00, 0x00, 0x00, 0x00, 0x00, 0x00, 0x00, 0x00, 0x00, 0x00, 0x00, 0x00, 0x00, 0x00,
    0x00, 0x00, 0x00, 0x00, 0x00, 0x00, 0x00, 0x00, 0x00, 0x00, 0x00, 0x00, 0x00, 0x00, 0x00, 0x00,
    0x00, 0x00, 0x00, 0x00, 0x00, 0x00, 0x00, 0x00, 0x00, 0x00, 0x00, 0x00, 0x00, 0x00, 0x00, 0x00,
    0x00, 0x00, 0x00, 0x00, 0x00, 0x00, 0x00, 0x00, 0x00, 0x00, 0x00, 0x00, 0x00, 0x00, 0x00, 0x00,
    0x00, 0x00, 0x00, 0x00, 0x00, 0x00, 0x00, 0x00, 0x00, 0x00, 0x00, 0x00, 0x00, 0x00, 0x00, 0x00,
    0x00, 0x00, 0x00, 0x00, 0x00, 0x00, 0x00, 0x00, 0x00, 0x00, 0x00, 0x00, 0x00, 0x00, 0x00, 0x00,
    0x00, 0x00, 0x00, 0x00, 0x00, 0x00, 0x00, 0x00, 0x00, 0x00, 0x00, 0x00, 0x00, 0x00, 0x00, 0x00,
    0x00, 0x00, 0x00, 0x00, 0x00, 0x00, 0x00, 0x00, 0x00, 0x00, 0x00, 0x00, 0x00, 0x00, 0x00, 0x00,
    0x00, 0x00, 0x00, 0x00, 0x00, 0x00, 0x00, 0x00, 0x00, 0x00, 0x00, 0x00, 0x00, 0x00, 0x00, 0x00,
    0x00, 0x00, 0x00, 0x00, 0x00, 0x00, 0x00, 0x00, 0x00, 0x00, 0x00, 0x00, 0x00, 0x00, 0x00, 0x00,
    0x00, 0x00, 0x00, 0x00, 0x00, 0x00, 0x00, 0x00, 0x00, 0x00, 0x00, 0x00, 0x00, 0x00, 0x00, 0x00,
    0x00, 0x00, 0x00, 0x00, 0x00, 0x00, 0x00, 0x00, 0x00, 0x00, 0x00, 0x00, 0x00, 0x00, 0x00, 0x00,
    0x00, 0x00, 0x00, 0x00, 0x00, 0x00, 0x00, 0x00, 0x00, 0x00, 0x00, 0x00, 0x00, 0x00, 0x00, 0x00,
    0x00, 0x00, 0x00, 0x00, 0x00, 0x00, 0x00, 0x00, 0x00, 0x00, 0x00, 0x00, 0x00, 0x00, 0x00, 0x00,
    0x00, 0x00, 0x00, 0x00, 0x00, 0x00, 0x00, 0x00, 0x00, 0x00, 0x00, 0x00, 0x00, 0x00, 0x00, 0x00,
    0x00, 0x00, 0x00, 0x00, 0x00, 0x00, 0x00, 0x00, 0x00, 0x00, 0x00, 0x00, 0x00, 0x00, 0x00, 0x00,
    0x00, 0x00, 0x00, 0x00, 0x00, 0x00, 0x00, 0x00, 0x00, 0x00, 0x00, 0x00, 0x00, 0x00, 0x00, 0x00,
    0x00, 0x00, 0x00, 0x00, 0x00, 0x00, 0x00, 0x00, 0x00, 0x00, 0x00, 0x00, 0x00, 0x00, 0x00, 0x00,
    0x00, 0x00, 0x00, 0x00, 0x00, 0x00, 0x00, 0x00, 0x00, 0x00, 0x00, 0x00, 0x00, 0x00, 0x00, 0x00,
    0x00, 0x00, 0x00, 0x00, 0x00, 0x00, 0x00, 0x00, 0x00, 0x00, 0x00, 0x00, 0x00, 0x00, 0x00, 0x00,
    0x00, 0x00, 0x00, 0x00, 0x00, 0x00, 0x00, 0x00, 0x00, 0x00, 0x00, 0x00, 0x00, 0x00, 0x00, 0x00,
    0x00, 0x00, 0x00, 0x00, 0x00, 0x00, 0x00, 0x00, 0x00, 0x00, 0x00, 0x00, 0x00, 0x00, 0x00, 0x00,
    0x00, 0x00, 0x00, 0x00, 0x00, 0x00, 0x00, 0x00, 0x00, 0x00, 0x00, 0x00, 0x00, 0x00, 0x00, 0x00,
    0x00, 0x00, 0x00, 0x00, 0x00, 0x00, 0x00, 0x00, 0x00, 0x00, 0x00, 0x00, 0x00, 0x00, 0x00, 0x00,
    0x00, 0x00, 0x00, 0x00, 0x00, 0x00, 0x00, 0x00, 0x00, 0x00, 0x00, 0x00, 0x00, 0x00, 0x00, 0x00,
    0x00, 0x00, 0x00, 0x00, 0x00, 0x00, 0x00, 0x00, 0x00, 0x00, 0x00, 0x00, 0x00, 0x00, 0x00, 0x00,
    0x00, 0x00, 0x0c, 0x01, 0x0c, 0x01, 0x8a, 0x00, 0x8a, 0x00, 0x8a, 0x00, 0x8a, 0x00, 0x8a, 0x00,
    0x8a, 0x00, 0x8a, 0x00, 0x8a, 0x00, 0x8a, 0x00, 0x8a, 0x00, 0x8a, 0x00, 0x8a, 0x00, 0x8a, 0x00,
    0x8a, 0x00, 0x8a, 0x00, 0x8a, 0x00, 0x8a, 0x00, 0x8a, 0x00, 0x8a, 0x00, 0x8a, 0x00, 0x8a, 0x00,
    0x8a, 0x00, 0x8a, 0x00, 0x8a, 0x00, 0x8a, 0x00, 0x8a, 0x00, 0x8a, 0x00, 0x8a, 0x00, 0x8a, 0x00,
    0x8a, 0x00, 0x8a, 0x00, 0x8a, 0x00, 0x8a, 0x00, 0x8a, 0x00, 0x8a, 0x00, 0x8a, 0x00, 0x8a, 0x00,
    0x8a, 0x00, 0x8a, 0x00, 0x8a, 0x00, 0x8a, 0x00, 0x8a, 0x00, 0x8a, 0x00, 0x8a, 0x00, 0x8a, 0x00,
    0x8a, 0x00, 0x8a, 0x00, 0x8a, 0x00, 0x8a, 0x00, 0x8a, 0x00, 0x8a, 0x00, 0x8a, 0x00, 0x8a, 0x00,
    0x8a, 0x00, 0x8a, 0x00, 0x8a, 0x00, 0x8a, 0x00, 0x8a, 0x00, 0x8a, 0x00, 0x8a, 0x00, 0x8a, 0x00,
    0x8a, 0x00, 0x8a, 0x00, 0x8a, 0x00, 0x8a, 0x00, 0x8a, 0x00, 0x8a, 0x00, 0x8a, 0x00, 0x8a, 0x00,
    0x8a, 0x00, 0x8a, 0x00, 0x8a, 0x00, 0x8a, 0x00, 0x8a, 0x00, 0x8a, 0x00, 0x8a, 0x00, 0x8a, 0x00,
    0x8a, 0x00, 0x8a, 0x00, 0x8a, 0x00, 0x8a, 0x00, 0x8a, 0x00, 0x8a, 0x00, 0x8a, 0x00, 0x8a, 0x00,
    0x8a, 0x00, 0x8a, 0x00, 0x8a, 0x00, 0x8a, 0x00, 0x8a, 0x00, 0x8a, 0x00, 0x8a, 0x00, 0x8a, 0x00,
    0x8a, 0x00, 0x8a, 0x00, 0x8a, 0x00, 0x8a, 0x00, 0x8a, 0x00, 0x8a, 0x00, 0x8a, 0x00, 0x8a, 0x00,
    0x8a, 0x00, 0x8a, 0x00, 0x8a, 0x00, 0x8a, 0x00, 0x8a, 0x00, 0x8a, 0x00, 0x8a, 0x00, 0x8a, 0x00,
    0x8a, 0x00, 0x8a, 0x00, 0x8a, 0x00, 0x8a, 0x00, 0x8a, 0x00, 0x8a, 0x00, 0x8a, 0x00, 0x8a, 0x00,
    0x8a, 0x00, 0x8a, 0x00, 0x8a, 0x00, 0x8a, 0x00, 0x8a, 0x00, 0x8a, 0x00, 0x8a, 0x00, 0x8a, 0x00,
    0x8a, 0x00, 0x8a, 0x00, 0x8a, 0x00, 0x8a, 0x00, 0x8a, 0x00, 0x8a, 0x00, 0x8a, 0x00, 0x8a, 0x00,
    0x8a, 0x00, 0x8a, 0x00, 0x8a, 0x00, 0x8a, 0x00, 0x8a, 0x00, 0x8a, 0x00, 0x8a, 0x00, 0x8a, 0x00,
    0x8a, 0x00, 0x8a, 0x00, 0x8a, 0x00, 0x8a, 0x00, 0x8a, 0x00, 0x8a, 0x00, 0x8a, 0x00, 0x8a, 0x00,
    0x8a, 0x00, 0x8a, 0x00, 0x8a, 0x00, 0x8a, 0x00, 0x8a, 0x00, 0x8a, 0x00, 0x8a, 0x00, 0x8a, 0x00,
    0x8a, 0x00, 0x8a, 0x00, 0x8a, 0x00, 0x8a, 0x00, 0x8a, 0x00, 0x8a, 0x00, 0x8a, 0x00, 0x8a, 0x00,
    0x8a, 0x00, 0x8a, 0x00, 0x8a, 0x00, 0x8a, 0x00, 0x8a, 0x00, 0x8a, 0x00, 0x8a, 0x00, 0x8a, 0x00,
    0x8a, 0x00, 0x8a, 0x00, 0x8a, 0x00, 0x8a, 0x00, 0x8a, 0x00, 0x8a, 0x00, 0x8a, 0x00, 0x8a, 0x00,
    0x8a, 0x00, 0x8a, 0x00, 0x8a, 0x00, 0x8a, 0x00, 0x8a, 0x00, 0x8a, 0x00, 0x8a, 0x00, 0x8a, 0x00,
    0x8a, 0x00, 0x8a, 0x00, 0x8a, 0x00, 0x8a, 0x00, 0x8a, 0x00, 0x8a, 0x00, 0x8a, 0x00, 0x8a, 0x00,
    0x8a, 0x00, 0x8a, 0x00, 0x8a, 0x00, 0x8a, 0x00, 0x8a, 0x00, 0x8a, 0x00, 0x8a, 0x00, 0x8a, 0x00,
    0x8a, 0x00, 0x8a, 0x00, 0x8a, 0x00, 0x8a, 0x00, 0x8a, 0x00, 0x8a, 0x00, 0x8a, 0x00, 0x8a, 0x00,
    0x8a, 0x00, 0x8a, 0x00, 0x8a, 0x00, 0x8a, 0x00, 0x8a, 0x00, 0x0c, 0x01, 0x0c, 0x01, 0x00, 0x00,
    0x00, 0x00, 0x00, 0x00, 0x00, 0x00, 0x00, 0x00, 0x00, 0x00, 0x00, 0x00, 0x00, 0x00, 0x00, 0x00,
    0x00, 0x00, 0x00, 0x00, 0x00, 0x00, 0x00, 0x00, 0x00, 0x00, 0x00, 0x00, 0x00, 0x00, 0x00, 0x00,
    0x00, 0x00, 0x33, 0x01, 0x51, 0x01, 0xef, 0x00, 0xef, 0x00, 0xef, 0x00, 0xef, 0x00, 0xef, 0x00,
    0xef, 0x00, 0xef, 0x00, 0xef, 0x00, 0xef, 0x00, 0xef, 0x00, 0xef, 0x00, 0xef, 0x00, 0xef, 0x00,
    0xef, 0x00, 0xef, 0x00, 0xef, 0x00, 0xef, 0x00, 0xef, 0x00, 0xef, 0x00, 0xef, 0x00, 0xef, 0x00,
    0xef, 0x00, 0xef, 0x00, 0xef, 0x00, 0xef, 0x00, 0xef, 0x00, 0xef, 0x00, 0xef, 0x00, 0xef, 0x00,
    0xef, 0x00, 0xef, 0x00, 0xef, 0x00, 0xef, 0x00, 0xef, 0x00, 0xef, 0x00, 0xef, 0x00, 0xef, 0x00,
    0xef, 0x00, 0xef, 0x00, 0xef, 0x00, 0xef, 0x00, 0xef, 0x00, 0xef, 0x00, 0xef, 0x00, 0xef, 0x00,
    0xef, 0x00, 0xef, 0x00, 0xef, 0x00, 0xef, 0x00, 0xef, 0x00, 0xef, 0x00, 0xef, 0x00, 0xef, 0x00,
    0xef, 0x00, 0xef, 0x00, 0xef, 0x00, 0xef, 0x00, 0xef, 0x00, 0xef, 0x00, 0xef, 0x00, 0xef, 0x00,
    0xef, 0x00, 0xef, 0x00, 0xef, 0x00, 0xef, 0x00, 0xef, 0x00, 0xef, 0x00, 0xef, 0x00, 0xef, 0x00,
    0xef, 0x00, 0xef, 0x00, 0xef, 0x00, 0xef, 0x00, 0xef, 0x00, 0xef, 0x00, 0xef, 0x00, 0xef, 0x00,
    0xef, 0x00, 0xef, 0x00, 0xef, 0x00, 0xef, 0x00, 0xef, 0x00, 0xef, 0x00, 0xef, 0x00, 0xef, 0x00,
    0xef, 0x00, 0xef, 0x00, 0xef, 0x00, 0xef, 0x00, 0xef, 0x00, 0xef, 0x00, 0xef, 0x00, 0xef, 0x00,
    0xef, 0x00, 0xef, 0x00, 0xef, 0x00, 0xef, 0x00, 0xef, 0x00, 0xef, 0x00, 0xef, 0x00, 0xef, 0x00,
    0xef, 0x00, 0xef, 0x00, 0xef, 0x00, 0xef, 0x00, 0xef, 0x00, 0xef, 0x00, 0xef, 0x00, 0xef, 0x00,
    0xef, 0x00, 0xef, 0x00, 0xef, 0x00, 0xef, 0x00, 0xef, 0x00, 0xef, 0x00, 0xef, 0x00, 0xef, 0x00,
    0xef, 0x00, 0xef, 0x00, 0xef, 0x00, 0xef, 0x00, 0xef, 0x00, 0xef, 0x00, 0xef, 0x00, 0xef, 0x00,
    0xef, 0x00, 0xef, 0x00, 0xef, 0x00, 0xef, 0x00, 0xef, 0x00, 0xef, 0x00, 0xef, 0x00, 0xef, 0x00,
    0xef, 0x00, 0xef, 0x00, 0xef, 0x00, 0xef, 0x00, 0xef, 0x00, 0xef, 0x00, 0xef, 0x00, 0xef, 0x00,
    0xef, 0x00, 0xef, 0x00, 0xef, 0x00, 0xef, 0x00, 0xef, 0x00, 0xef, 0x00, 0xef, 0x00, 0xef, 0x00,
    0xef, 0x00, 0xef, 0x00, 0xef, 0x00, 0xef, 0x00, 0xef, 0x00, 0xef, 0x00, 0xef, 0x00, 0xef, 0x00,
    0xef, 0x00, 0xef, 0x00, 0xef, 0x00, 0xef, 0x00, 0xef, 0x00, 0xef, 0x00, 0xef, 0x00, 0xef, 0x00,
    0xef, 0x00, 0xef, 0x00, 0xef, 0x00, 0xef, 0x00, 0xef, 0x00, 0xef, 0x00, 0xef, 0x00, 0xef, 0x00,
    0xef, 0x00, 0xef, 0x00, 0xef, 0x00, 0xef, 0x00, 0xef, 0x00, 0xef, 0x00, 0xef, 0x00, 0xef, 0x00,
    0xef, 0x00, 0xef, 0x00, 0xef, 0x00, 0xef, 0x00, 0xef, 0x00, 0xef, 0x00, 0xef, 0x00, 0xef, 0x00,
    0xef, 0x00, 0xef, 0x00, 0xef, 0x00, 0xef, 0x00, 0xef, 0x00, 0xef, 0x00, 0xef, 0x00, 0xef, 0x00,
    0xef, 0x00, 0xef, 0x00, 0xef, 0x00, 0xef, 0x00, 0xef, 0x00, 0xef, 0x00, 0xef, 0x00, 0xef, 0x00,
    0xef, 0x00, 0xef, 0x00, 0xef, 0x00, 0xef, 0x00, 0xef, 0x00, 0xef, 0x00, 0xef, 0x00, 0xef, 0x00,
    0xef, 0x00, 0xef, 0x00, 0xef, 0x00, 0xef, 0x00, 0xef, 0x00, 0x51, 0x01, 0x51, 0x01, 0x00, 0x00,
    0x00, 0x00, 0x00, 0x00, 0x00, 0x00, 0x00, 0x00, 0x00, 0x00, 0x00, 0x00, 0x00, 0x00, 0x00, 0x00,
    0x00, 0x00, 0x00, 0x00, 0x00, 0x00, 0x00, 0x00, 0x00, 0x00, 0x00, 0x00, 0x00, 0x00, 0x8a, 0x00,
    0x0c, 0x01, 0x51, 0x01, 0x51, 0x01, 0xe8, 0x00, 0xe8, 0x00, 0xe8, 0x00, 0x46, 0x00, 0x46, 0x00,
    0x46, 0x00, 0x46, 0x00, 0x46, 0x00, 0x46, 0x00, 0x46, 0x00, 0x46, 0x00, 0x46, 0x00, 0x46, 0x00,
    0x46, 0x00, 0x46, 0x00, 0x46, 0x00, 0x46, 0x00, 0x46, 0x00, 0x46, 0x00, 0x46, 0x00, 0x46, 0x00,
    0x46, 0x00, 0x46, 0x00, 0x46, 0x00, 0x46, 0x00, 0x46, 0x00, 0x46, 0x00, 0x46, 0x00, 0x46, 0x00,
    0x46, 0x00, 0x46, 0x00, 0x46, 0x00, 0x46, 0x00, 0x46, 0x00, 0x46, 0x00, 0x46, 0x00, 0x46, 0x00,
    0x46, 0x00, 0x46, 0x00, 0x46, 0x00, 0x46, 0x00, 0x46, 0x00, 0x46, 0x00, 0x46, 0x00, 0x46, 0x00,
    0x46, 0x00, 0x46, 0x00, 0x46, 0x00, 0x46, 0x00, 0x46, 0x00, 0x46, 0x00, 0x46, 0x00, 0x46, 0x00,
    0x46, 0x00, 0x46, 0x00, 0x46, 0x00, 0x46, 0x00, 0x46, 0x00, 0x46, 0x00, 0x46, 0x00, 0x46, 0x00,
    0x46, 0x00, 0x46, 0x00, 0x46, 0x00, 0x46, 0x00, 0x46, 0x00, 0x46, 0x00, 0x46, 0x00, 0x46, 0x00,
    0x46, 0x00, 0x46, 0x00, 0x46, 0x00, 0x46, 0x00, 0x46, 0x00, 0x46, 0x00, 0x46, 0x00, 0x46, 0x00,
    0x46, 0x00, 0x46, 0x00, 0x46, 0x00, 0x46, 0x00, 0x46, 0x00, 0x46, 0x00, 0x46, 0x00, 0x46, 0x00,
    0x46, 0x00, 0x46, 0x00, 0x46, 0x00, 0x46, 0x00, 0x46, 0x00, 0x46, 0x00, 0x46, 0x00, 0x46, 0x00,
    0x46, 0x00, 0x46, 0x00, 0x46, 0x00, 0x46, 0x00, 0x46, 0x00, 0x46, 0x00, 0x46, 0x00, 0x46, 0x00,
    0x46, 0x00, 0x46, 0x00, 0x46, 0x00, 0x46, 0x00, 0x46, 0x00, 0x46, 0x00, 0x46, 0x00, 0x46, 0x00,
    0x46, 0x00, 0x46, 0x00, 0x46, 0x00, 0x46, 0x00, 0x46, 0x00, 0x46, 0x00, 0x46, 0x00, 0x46, 0x00,
    0x46, 0x00, 0x46, 0x00, 0x46, 0x00, 0x46, 0x00, 0x46, 0x00, 0x46, 0x00, 0x46, 0x00, 0x46, 0x00,
    0x46, 0x00, 0x46, 0x00, 0x46, 0x00, 0x46, 0x00, 0x46, 0x00, 0x46, 0x00, 0x46, 0x00, 0x46, 0x00,
    0x46, 0x00, 0x46, 0x00, 0x46, 0x00, 0x46, 0x00, 0x46, 0x00, 0x46, 0x00, 0x46, 0x00, 0x46, 0x00,
    0x46, 0x00, 0x46, 0x00, 0x46, 0x00, 0x46, 0x00, 0x46, 0x00, 0x46, 0x00, 0x46, 0x00, 0x46, 0x00,
    0x46, 0x00, 0x46, 0x00, 0x46, 0x00, 0x46, 0x00, 0x46, 0x00, 0x46, 0x00, 0x46, 0x00, 0x46, 0x00,
    0x46, 0x00, 0x46, 0x00, 0xe8, 0x00, 0xe8, 0x00, 0x46, 0x00, 0x46, 0x00, 0x46, 0x00, 0x46, 0x00,
    0x46, 0x00, 0x46, 0x00, 0x46, 0x00, 0x46, 0x00, 0x46, 0x00, 0x46, 0x00, 0x46, 0x00, 0x46, 0x00,
    0x46, 0x00, 0x46, 0x00, 0x46, 0x00, 0x46, 0x00, 0x46, 0x00, 0x46, 0x00, 0x46, 0x00, 0x46, 0x00,
    0x46, 0x00, 0x46, 0x00, 0x46, 0x00, 0x46, 0x00, 0x46, 0x00, 0x46, 0x00, 0x46, 0x00, 0x46, 0x00,
    0x46, 0x00, 0x46, 0x00, 0xe8, 0x00, 0x46, 0x00, 0x46, 0x00, 0x46, 0x00, 0x46, 0x00, 0x46, 0x00,
    0x46, 0x00, 0x46, 0x00, 0x46, 0x00, 0x46, 0x00, 0x46, 0x00, 0x46, 0x00, 0x46, 0x00, 0x46, 0x00,
    0x46, 0x00, 0x46, 0x00, 0x46, 0x00, 0x46, 0x00, 0x46, 0x00, 0x46, 0x00, 0x46, 0x00, 0x46, 0x00,
    0x46, 0x00, 0x46, 0x00, 0xe8, 0x00, 0xe8, 0x00, 0xe8, 0x00, 0x33, 0x01, 0x33, 0x01, 0xef, 0x00,
    0x8a, 0x00, 0x00, 0x00, 0x00, 0x00, 0x00, 0x00, 0x00, 0x00, 0x00, 0x00, 0x00, 0x00, 0x00, 0x00,
    0x00, 0x00, 0x00, 0x00, 0x00, 0x00, 0x00, 0x00, 0x00, 0x00, 0x00, 0x00, 0x00, 0x00, 0x51, 0x01,
    0x51, 0x01, 0xef, 0x00, 0xef, 0x00, 0x23, 0x00, 0x23, 0x00, 0x23, 0x00, 0x23, 0x00, 0x23, 0x00,
    0x23, 0x00, 0x23, 0x00, 0x23, 0x00, 0x23, 0x00, 0x23, 0x00, 0x23, 0x00, 0x23, 0x00, 0x23, 0x00,
    0x23, 0x00, 0x23, 0x00, 0x23, 0x00, 0x23, 0x00, 0x23, 0x00, 0x23, 0x00, 0x23, 0x00, 0x23, 0x00,
    0x23, 0x00, 0x23, 0x00, 0x23, 0x00, 0x23, 0x00, 0x23, 0x00, 0x23, 0x00, 0x23, 0x00, 0x23, 0x00,
    0x23, 0x00, 0x23, 0x00, 0x23, 0x00, 0x23, 0x00, 0x23, 0x00, 0x23, 0x00, 0x23, 0x00, 0x23, 0x00,
    0x23, 0x00, 0x23, 0x00, 0x23, 0x00, 0x23, 0x00, 0x23, 0x00, 0x23, 0x00, 0x23, 0x00, 0x23, 0x00,
    0x23, 0x00, 0x23, 0x00, 0x23, 0x00, 0x23, 0x00, 0x23, 0x00, 0x23, 0x00, 0x23, 0x00, 0x23, 0x00,
    0x23, 0x00, 0x23, 0x00, 0x23, 0x00, 0x23, 0x00, 0x23, 0x00, 0x23, 0x00, 0x23, 0x00, 0x23, 0x00,
    0x23, 0x00, 0x23, 0x00, 0x23, 0x00, 0x23, 0x00, 0x23, 0x00, 0x23, 0x00, 0x23, 0x00, 0x23, 0x00,
    0x23, 0x00, 0x23, 0x00, 0x23, 0x00, 0x23, 0x00, 0x23, 0x00, 0x23, 0x00, 0x23, 0x00, 0x23, 0x00,
    0x23, 0x00, 0x23, 0x00, 0x23, 0x00, 0x23, 0x00, 0x23, 0x00, 0x23, 0x00, 0x23, 0x00, 0x23, 0x00,
    0x23, 0x00, 0x23, 0x00, 0x23, 0x00, 0x23, 0x00, 0x23, 0x00, 0x23, 0x00, 0x23, 0x00, 0x23, 0x00,
    0x23, 0x00, 0x23, 0x00, 0x23, 0x00, 0x23, 0x00, 0x23, 0x00, 0x23, 0x00, 0x23, 0x00, 0x23, 0x00,
    0x23, 0x00, 0x23, 0x00, 0x23, 0x00, 0x23, 0x00, 0x23, 0x00, 0x23, 0x00, 0x23, 0x00, 0x23, 0x00,
    0x23, 0x00, 0x23, 0x00, 0x23, 0x00, 0x23, 0x00, 0x23, 0x00, 0x23, 0x00, 0x23, 0x00, 0x23, 0x00,
    0x23, 0x00, 0x23, 0x00, 0x23, 0x00, 0x23, 0x00, 0x23, 0x00, 0x23, 0x00, 0x23, 0x00, 0x23, 0x00,
    0x23, 0x00, 0x23, 0x00, 0x23, 0x00, 0x23, 0x00, 0x23, 0x00, 0x23, 0x00, 0x23, 0x00, 0x23, 0x00,
    0x23, 0x00, 0x23, 0x00, 0x23, 0x00, 0x23, 0x00, 0x23, 0x00, 0x23, 0x00, 0x23, 0x00, 0x23, 0x00,
    0x23, 0x00, 0x23, 0x00, 0x23, 0x00, 0x23, 0x00, 0x23, 0x00, 0x23, 0x00, 0x23, 0x00, 0x23, 0x00,
    0x23, 0x00, 0x23, 0x00, 0x23, 0x00, 0x23, 0x00, 0x23, 0x00, 0x23, 0x00, 0x23, 0x00, 0x23, 0x00,
    0x23, 0x00, 0x23, 0x00, 0x23, 0x00, 0x23, 0x00, 0x23, 0x00, 0x23, 0x00, 0x23, 0x00, 0x23, 0x00,
    0x23, 0x00, 0x23, 0x00, 0x23, 0x00, 0x23, 0x00, 0x23, 0x00, 0x23, 0x00, 0x23, 0x00, 0x23, 0x00,
    0x23, 0x00, 0x23, 0x00, 0x23, 0x00, 0x23, 0x00, 0x23, 0x00, 0x23, 0x00, 0x23, 0x00, 0x23, 0x00,
    0x23, 0x00, 0x23, 0x00, 0x23, 0x00, 0x23, 0x00, 0x23, 0x00, 0x23, 0x00, 0x23, 0x00, 0x23, 0x00,
    0x23, 0x00, 0x23, 0x00, 0x23, 0x00, 0x23, 0x00, 0x23, 0x00, 0x23, 0x00, 0x23, 0x00, 0x23, 0x00,
    0x23, 0x00, 0x23, 0x00, 0x23, 0x00, 0x23, 0x00, 0x23, 0x00, 0x23, 0x00, 0x23, 0x00, 0x23, 0x00,
    0x23, 0x00, 0x23, 0x00, 0x23, 0x00, 0x23, 0x00, 0x23, 0x00, 0x23, 0x00, 0x23, 0x00, 0x23, 0x00,
    0x23, 0x00, 0x23, 0x00, 0x23, 0x00, 0x23, 0x00, 0x23, 0x00, 0x51, 0x01, 0x51, 0x01, 0x33, 0x01,
    0xef, 0x00, 0x00, 0x00, 0x00, 0x00, 0x00, 0x00, 0x00, 0x00, 0x00, 0x00, 0x00, 0x00, 0x00, 0x00,
    0x00, 0x00, 0x00, 0x00, 0x00, 0x00, 0x00, 0x00, 0x00, 0x00, 0x8a, 0x00, 0x8a, 0x00, 0x33, 0x01,
    0x33, 0x01, 0x8a, 0x00, 0xe8, 0x00, 0xf1, 0x01, 0xf1, 0x01, 0x46, 0x00, 0x23, 0x00, 0x23, 0x00,
    0x23, 0x00, 0x23, 0x00, 0x23, 0x00, 0x23, 0x00, 0x23, 0x00, 0x23, 0x00, 0x23, 0x00, 0x23, 0x00,
    0x23, 0x00, 0x23, 0x00, 0x23, 0x00, 0x23, 0x00, 0x23, 0x00, 0x23, 0x00, 0x23, 0x00, 0x23, 0x00,
    0x23, 0x00, 0x23, 0x00, 0x23, 0x00, 0x23, 0x00, 0x23, 0x00, 0x23, 0x00, 0x23, 0x00, 0x23, 0x00,
    0x23, 0x00, 0x23, 0x00, 0x23, 0x00, 0x23, 0x00, 0x23, 0x00, 0x23, 0x00, 0x23, 0x00, 0x23, 0x00,
    0x23, 0x00, 0x23, 0x00, 0x23, 0x00, 0x23, 0x00, 0x23, 0x00, 0x23, 0x00, 0x23, 0x00, 0x23, 0x00,
    0x23, 0x00, 0x23, 0x00, 0x23, 0x00, 0x23, 0x00, 0x23, 0x00, 0x23, 0x00, 0x23, 0x00, 0x23, 0x00,
    0x23, 0x00, 0x23, 0x00, 0x23, 0x00, 0x23, 0x00, 0x23, 0x00, 0x23, 0x00, 0x23, 0x00, 0x23, 0x00,
    0x23, 0x00, 0x23, 0x00, 0x23, 0x00, 0x23, 0x00, 0x23, 0x00, 0x23, 0x00, 0x23, 0x00, 0x23, 0x00,
    0x23, 0x00, 0x23, 0x00, 0x23, 0x00, 0x23, 0x00, 0x23, 0x00, 0x23, 0x00, 0x23, 0x00, 0x23, 0x00,
    0x23, 0x00, 0x23, 0x00, 0x23, 0x00, 0x23, 0x00, 0x23, 0x00, 0x23, 0x00, 0x23, 0x00, 0x23, 0x00,
    0x23, 0x00, 0x23, 0x00, 0x23, 0x00, 0x23, 0x00, 0x23, 0x00, 0x23, 0x00, 0x23, 0x00, 0x23, 0x00,
    0x23, 0x00, 0x23, 0x00, 0x23, 0x00, 0x23, 0x00, 0x23, 0x00, 0x23, 0x00, 0x23, 0x00, 0x23, 0x00,
    0x23, 0x00, 0x23, 0x00, 0x23, 0x00, 0x23, 0x00, 0x23, 0x00, 0x23, 0x00, 0x23, 0x00, 0x23, 0x00,
    0x23, 0x00, 0x23, 0x00, 0x23, 0x00, 0x23, 0x00, 0x23, 0x00, 0x23, 0x00, 0x23, 0x00, 0x23, 0x00,
    0x23, 0x00, 0x23, 0x00, 0x23, 0x00, 0x23, 0x00, 0x23, 0x00, 0x23, 0x00, 0x23, 0x00, 0x23, 0x00,
    0x23, 0x00, 0x23, 0x00, 0x23, 0x00, 0x23, 0x00, 0x23, 0x00, 0x23, 0x00, 0x23, 0x00, 0x23, 0x00,
    0x23, 0x00, 0x23, 0x00, 0x23, 0x00, 0x23, 0x00, 0x23, 0x00, 0x23, 0x00, 0x23, 0x00, 0x23, 0x00,
    0x23, 0x00, 0x23, 0x00, 0x23, 0x00, 0x23, 0x00, 0x23, 0x00, 0x23, 0x00, 0x23, 0x00, 0x23, 0x00,
    0x23, 0x00, 0x23, 0x00, 0x23, 0x00, 0x23, 0x00, 0x23, 0x00, 0x23, 0x00, 0x23, 0x00, 0x23, 0x00,
    0x23, 0x00, 0x23, 0x00, 0x23, 0x00, 0x23, 0x00, 0x23, 0x00, 0x23, 0x00, 0x23, 0x00, 0x23, 0x00,
    0x23, 0x00, 0x23, 0x00, 0x23, 0x00, 0x23, 0x00, 0x23, 0x00, 0x23, 0x00, 0x23, 0x00, 0x23, 0x00,
    0x23, 0x00, 0x23, 0x00, 0x23, 0x00, 0x23, 0x00, 0x23, 0x00, 0x23, 0x00, 0x23, 0x00, 0x23, 0x00,
    0x23, 0x00, 0x23, 0x00, 0x23, 0x00, 0x23, 0x00, 0x23, 0x00, 0x23, 0x00, 0x23, 0x00, 0x23, 0x00,
    0x23, 0x00, 0x23, 0x00, 0x23, 0x00, 0x23, 0x00, 0x23, 0x00, 0x23, 0x00, 0x23, 0x00, 0x23, 0x00,
    0x23, 0x00, 0x23, 0x00, 0x23, 0x00, 0x23, 0x00, 0x23, 0x00, 0x23, 0x00, 0x23, 0x00, 0x23, 0x00,
    0x23, 0x00, 0x23, 0x00, 0x23, 0x00, 0x23, 0x00, 0x23, 0x00, 0x23, 0x00, 0x23, 0x00, 0x23, 0x00,
    0x23, 0x00, 0x23, 0x00, 0x51, 0x01, 0xf1, 0x01, 0x51, 0x01, 0x8a, 0x00, 0x0c, 0x01, 0x33, 0x01,
    0x51, 0x01, 0x8a, 0x00, 0x46, 0x00, 0x00, 0x00, 0x00, 0x00, 0x00, 0x00, 0x00, 0x00, 0x00, 0x00,
    0x00, 0x00, 0x00, 0x00, 0x00, 0x00, 0x00, 0x00, 0x00, 0x00, 0xef, 0x00, 0xef, 0x00, 0x51, 0x01,
    0x33, 0x01, 0x46, 0x00, 0x23, 0x00, 0xdf, 0x02, 0xdf, 0x02, 0x0c, 0x01, 0x23, 0x00, 0x23, 0x00,
    0x23, 0x00, 0x23, 0x00, 0x23, 0x00, 0x23, 0x00, 0x23, 0x00, 0x23, 0x00, 0x23, 0x00, 0x23, 0x00,
    0x23, 0x00, 0x23, 0x00, 0x23, 0x00, 0x23, 0x00, 0x23, 0x00, 0x23, 0x00, 0x23, 0x00, 0x23, 0x00,
    0x23, 0x00, 0x23, 0x00, 0x23, 0x00, 0x23, 0x00, 0x23, 0x00, 0x23, 0x00, 0x23, 0x00, 0x23, 0x00,
    0x23, 0x00, 0x23, 0x00, 0x23, 0x00, 0x23, 0x00, 0x23, 0x00, 0x23, 0x00, 0x23, 0x00, 0x23, 0x00,
    0x23, 0x00, 0x23, 0x00, 0x23, 0x00, 0x23, 0x00, 0x23, 0x00, 0x23, 0x00, 0x23, 0x00, 0x23, 0x00,
    0x23, 0x00, 0x23, 0x00, 0x23, 0x00, 0x23, 0x00, 0x23, 0x00, 0x23, 0x00, 0x23, 0x00, 0x23, 0x00,
    0x23, 0x00, 0x23, 0x00, 0x23, 0x00, 0x23, 0x00, 0x23, 0x00, 0x23, 0x00, 0x23, 0x00, 0x23, 0x00,
    0x23, 0x00, 0x23, 0x00, 0x23, 0x00, 0x23, 0x00, 0x23, 0x00, 0x23, 0x00, 0x23, 0x00, 0x23, 0x00,
    0x23, 0x00, 0x23, 0x00, 0x23, 0x00, 0x23, 0x00, 0x23, 0x00, 0x23, 0x00, 0x23, 0x00, 0x23, 0x00,
    0x23, 0x00, 0x23, 0x00, 0x23, 0x00, 0x23, 0x00, 0x23, 0x00, 0x23, 0x00, 0x23, 0x00, 0x23, 0x00,
    0x23, 0x00, 0x23, 0x00, 0x23, 0x00, 0x23, 0x00, 0x23, 0x00, 0x23, 0x00, 0x23, 0x00, 0x23, 0x00,
    0x23, 0x00, 0x23, 0x00, 0x23, 0x00, 0x23, 0x00, 0x23, 0x00, 0x23, 0x00, 0x23, 0x00, 0x23, 0x00,
    0x23, 0x00, 0x23, 0x00, 0x23, 0x00, 0x23, 0x00, 0x23, 0x00, 0x23, 0x00, 0x23, 0x00, 0x23, 0x00,
    0x23, 0x00, 0x23, 0x00, 0x23, 0x00, 0x23, 0x00, 0x23, 0x00, 0x23, 0x00, 0x23, 0x00, 0x23, 0x00,
    0x23, 0x00, 0x23, 0x00, 0x23, 0x00, 0x23, 0x00, 0x23, 0x00, 0x23, 0x00, 0x23, 0x00, 0x23, 0x00,
    0x23, 0x00, 0x23, 0x00, 0x23, 0x00, 0x23, 0x00, 0x23, 0x00, 0x23, 0x00, 0x23, 0x00, 0x23, 0x00,
    0x23, 0x00, 0x23, 0x00, 0x23, 0x00, 0x23, 0x00, 0x23, 0x00, 0x23, 0x00, 0x23, 0x00, 0x23, 0x00,
    0x23, 0x00, 0x23, 0x00, 0x23, 0x00, 0x23, 0x00, 0x23, 0x00, 0x23, 0x00, 0x23, 0x00, 0x23, 0x00,
    0x23, 0x00, 0x23, 0x00, 0x23, 0x00, 0x23, 0x00, 0x23, 0x00, 0x23, 0x00, 0x23, 0x00, 0x23, 0x00,
    0x23, 0x00, 0x23, 0x00, 0x23, 0x00, 0x23, 0x00, 0x23, 0x00, 0x23, 0x00, 0x23, 0x00, 0x23, 0x00,
    0x23, 0x00, 0x23, 0x00, 0x23, 0x00, 0x23, 0x00, 0x23, 0x00, 0x23, 0x00, 0x23, 0x00, 0x23, 0x00,
    0x23, 0x00, 0x23, 0x00, 0x23, 0x00, 0x23, 0x00, 0x23, 0x00, 0x23, 0x00, 0x23, 0x00, 0x23, 0x00,
    0x23, 0x00, 0x23, 0x00, 0x23, 0x00, 0x23, 0x00, 0x23, 0x00, 0x23, 0x00, 0x23, 0x00, 0x23, 0x00,
    0x23, 0x00, 0x23, 0x00, 0x23, 0x00, 0x23, 0x00, 0x23, 0x00, 0x23, 0x00, 0x23, 0x00, 0x23, 0x00,
    0x23, 0x00, 0x23, 0x00, 0x23, 0x00, 0x23, 0x00, 0x23, 0x00, 0x23, 0x00, 0x23, 0x00, 0x23, 0x00,
    0x23, 0x00, 0x23, 0x00, 0x23, 0x00, 0x23, 0x00, 0x23, 0x00, 0x23, 0x00, 0x23, 0x00, 0x23, 0x00,
    0x23, 0x00, 0x23, 0x00, 0xdf, 0x02, 0x3f, 0x02, 0xdf, 0x02, 0x23, 0x00, 0x46, 0x00, 0x33, 0x01,
    0x51, 0x01, 0x51, 0x01, 0x0c, 0x01, 0x00, 0x00, 0x00, 0x00, 0x00, 0x00, 0x00, 0x00, 0x00, 0x00,
    0x00, 0x00, 0x00, 0x00, 0x00, 0x00, 0x00, 0x00, 0x00, 0x00, 0xef, 0x00, 0x51, 0x01, 0x8a, 0x00,
    0x46, 0x00, 0x23, 0x00, 0x46, 0x00, 0xdf, 0x02, 0xdf, 0x03, 0x0c, 0x01, 0x23, 0x00, 0x23, 0x00,
    0x23, 0x00, 0x23, 0x00, 0x23, 0x00, 0x23, 0x00, 0x23, 0x00, 0x23, 0x00, 0x23, 0x00, 0x23, 0x00,
    0x23, 0x00, 0x23, 0x00, 0x23, 0x00, 0x23, 0x00, 0x23, 0x00, 0x23, 0x00, 0x23, 0x00, 0x23, 0x00,
    0x23, 0x00, 0x23, 0x00, 0x23, 0x00, 0x23, 0x00, 0x23, 0x00, 0x23, 0x00, 0x23, 0x00, 0x23, 0x00,
    0x23, 0x00, 0x23, 0x00, 0x23, 0x00, 0x23, 0x00, 0x23, 0x00, 0x23, 0x00, 0x23, 0x00, 0x23, 0x00,
    0x23, 0x00, 0x23, 0x00, 0x23, 0x00, 0x23, 0x00, 0x23, 0x00, 0x23, 0x00, 0x23, 0x00, 0x23, 0x00,
    0x23, 0x00, 0x23, 0x00, 0x23, 0x00, 0x23, 0x00, 0x23, 0x00, 0x23, 0x00, 0x23, 0x00, 0x23, 0x00,
    0x23, 0x00, 0x23, 0x00, 0x23, 0x00, 0x23, 0x00, 0x23, 0x00, 0x23, 0x00, 0x23, 0x00, 0x23, 0x00,
    0x23, 0x00, 0x23, 0x00, 0x23, 0x00, 0x23, 0x00, 0x23, 0x00, 0x23, 0x00, 0x23, 0x00, 0x23, 0x00,
    0x23, 0x00, 0x23, 0x00, 0x23, 0x00, 0x23, 0x00, 0x23, 0x00, 0x23, 0x00, 0x23, 0x00, 0x23, 0x00,
    0x23, 0x00, 0x23, 0x00, 0x23, 0x00, 0x23, 0x00, 0x23, 0x00, 0x23, 0x00, 0x23, 0x00, 0x23, 0x00,
    0x23, 0x00, 0x23, 0x00, 0x23, 0x00, 0x23, 0x00, 0x23, 0x00, 0x23, 0x00, 0x23, 0x00, 0x23, 0x00,
    0x23, 0x00, 0x23, 0x00, 0x23, 0x00, 0x23, 0x00, 0x23, 0x00, 0x23, 0x00, 0x23, 0x00, 0x23, 0x00,
    0x23, 0x00, 0x23, 0x00, 0x23, 0x00, 0x23, 0x00, 0x23, 0x00, 0x23, 0x00, 0x23, 0x00, 0x23, 0x00,
    0x23, 0x00, 0x23, 0x00, 0x23, 0x00, 0x23, 0x00, 0x23, 0x00, 0x23, 0x00, 0x23, 0x00, 0x23, 0x00,
    0x23, 0x00, 0x23, 0x00, 0x23, 0x00, 0x23, 0x00, 0x23, 0x00, 0x23, 0x00, 0x23, 0x00, 0x23, 0x00,
    0x23, 0x00, 0x23, 0x00, 0x23, 0x00, 0x23, 0x00, 0x23, 0x00, 0x23, 0x00, 0x23, 0x00, 0x23, 0x00,
    0x23, 0x00, 0x23, 0x00, 0x23, 0x00, 0x23, 0x00, 0x23, 0x00, 0x23, 0x00, 0x23, 0x00, 0x23, 0x00,
    0x23, 0x00, 0x23, 0x00, 0x23, 0x00, 0x23, 0x00, 0x23, 0x00, 0x23, 0x00, 0x23, 0x00, 0x23, 0x00,
    0x23, 0x00, 0x23, 0x00, 0x23, 0x00, 0x23, 0x00, 0x23, 0x00, 0x23, 0x00, 0x23, 0x00, 0x23, 0x00,
    0x23, 0x00, 0x23, 0x00, 0x23, 0x00, 0x23, 0x00, 0x23, 0x00, 0x23, 0x00, 0x23, 0x00, 0x23, 0x00,
    0x23, 0x00, 0x23, 0x00, 0x23, 0x00, 0x23, 0x00, 0x23, 0x00, 0x23, 0x00, 0x23, 0x00, 0x23, 0x00,
    0x23, 0x00, 0x23, 0x00, 0x23, 0x00, 0x23, 0x00, 0x23, 0x00, 0x23, 0x00, 0x23, 0x00, 0x23, 0x00,
    0x23, 0x00, 0x23, 0x00, 0x23, 0x00, 0x23, 0x00, 0x23, 0x00, 0x23, 0x00, 0x23, 0x00, 0x23, 0x00,
    0x23, 0x00, 0x23, 0x00, 0x23, 0x00, 0x23, 0x00, 0x23, 0x00, 0x23, 0x00, 0x23, 0x00, 0x23, 0x00,
    0x23, 0x00, 0x23, 0x00, 0x23, 0x00, 0x23, 0x00, 0x23, 0x00, 0x23, 0x00, 0x23, 0x00, 0x23, 0x00,
    0x23, 0x00, 0x23, 0x00, 0x23, 0x00, 0x23, 0x00, 0x23, 0x00, 0x23, 0x00, 0x23, 0x00, 0x23, 0x00,
    0x23, 0x00, 0x23, 0x00, 0xdf, 0x02, 0xdf, 0x02, 0xdf, 0x03, 0x23, 0x00, 0x23, 0x00, 0x46, 0x00,
    0x0c, 0x01, 0x51, 0x01, 0x0c, 0x01, 0x00, 0x00, 0x00, 0x00, 0x00, 0x00, 0x00, 0x00, 0x00, 0x00,
    0x00, 0x00, 0x00, 0x00, 0x00, 0x00, 0x00, 0x00, 0x00, 0x00, 0xef, 0x00, 0x33, 0x01, 0xe8, 0x00,
    0x23, 0x00, 0x23, 0x00, 0x23, 0x00, 0x23, 0x00, 0x46, 0x00, 0x23, 0x00, 0x23, 0x00, 0x23, 0x00,
    0x23, 0x00, 0x23, 0x00, 0x23, 0x00, 0x23, 0x00, 0x23, 0x00, 0x23, 0x00, 0x23, 0x00, 0x23, 0x00,
    0x23, 0x00, 0x23, 0x00, 0x23, 0x00, 0x23, 0x00, 0x23, 0x00, 0x23, 0x00, 0x23, 0x00, 0x23, 0x00,
    0x23, 0x00, 0x23, 0x00, 0x23, 0x00, 0x23, 0x00, 0x23, 0x00, 0x23, 0x00, 0x23, 0x00, 0x23, 0x00,
    0x23, 0x00, 0x23, 0x00, 0x23, 0x00, 0x23, 0x00, 0x23, 0x00, 0x23, 0x00, 0x23, 0x00, 0x23, 0x00,
    0x23, 0x00, 0x23, 0x00, 0x23, 0x00, 0x23, 0x00, 0x23, 0x00, 0x23, 0x00, 0x23, 0x00, 0x23, 0x00,
    0x23, 0x00, 0x23, 0x00, 0x23, 0x00, 0x23, 0x00, 0x23, 0x00, 0x23, 0x00, 0x23, 0x00, 0x23, 0x00,
    0x23, 0x00, 0x23, 0x00, 0x23, 0x00, 0x23, 0x00, 0x23, 0x00, 0x23, 0x00, 0x23, 0x00, 0x23, 0x00,
    0x23, 0x00, 0x23, 0x00, 0x23, 0x00, 0x23, 0x00, 0x23, 0x00, 0x23, 0x00, 0x23, 0x00, 0x23, 0x00,
    0x23, 0x00, 0x23, 0x00, 0x23, 0x00, 0x23, 0x00, 0x23, 0x00, 0x23, 0x00, 0x23, 0x00, 0x23, 0x00,
    0x23, 0x00, 0x23, 0x00, 0x23, 0x00, 0x23, 0x00, 0x23, 0x00, 0x23, 0x00, 0x23, 0x00, 0x23, 0x00,
    0x23, 0x00, 0x23, 0x00, 0x23, 0x00, 0x23, 0x00, 0x23, 0x00, 0x23, 0x00, 0x23, 0x00, 0x23, 0x00,
    0x23, 0x00, 0x23, 0x00, 0x23, 0x00, 0x23, 0x00, 0x23, 0x00, 0x23, 0x00, 0x23, 0x00, 0x23, 0x00,
    0x23, 0x00, 0x23, 0x00, 0x23, 0x00, 0x23, 0x00, 0x23, 0x00, 0x23, 0x00, 0x23, 0x00, 0x23, 0x00,
    0x23, 0x00, 0x23, 0x00, 0x23, 0x00, 0x23, 0x00, 0x23, 0x00, 0x23, 0x00, 0x23, 0x00, 0x23, 0x00,
    0x23, 0x00, 0x23, 0x00, 0x23, 0x00, 0x23, 0x00, 0x23, 0x00, 0x23, 0x00, 0x23, 0x00, 0x23, 0x00,
    0x23, 0x00, 0x23, 0x00, 0x23, 0x00, 0x23, 0x00, 0x23, 0x00, 0x23, 0x00, 0x23, 0x00, 0x23, 0x00,
    0x23, 0x00, 0x23, 0x00, 0x23, 0x00, 0x23, 0x00, 0x23, 0x00, 0x23, 0x00, 0x23, 0x00, 0x23, 0x00,
    0x23, 0x00, 0x23, 0x00, 0x23, 0x00, 0x23, 0x00, 0x23, 0x00, 0x23, 0x00, 0x23, 0x00, 0x23, 0x00,
    0x23, 0x00, 0x23, 0x00, 0x23, 0x00, 0x23, 0x00, 0x23, 0x00, 0x23, 0x00, 0x23, 0x00, 0x23, 0x00,
    0x23, 0x00, 0x23, 0x00, 0x23, 0x00, 0x23, 0x00, 0x23, 0x00, 0x23, 0x00, 0x23, 0x00, 0x23, 0x00,
    0x23, 0x00, 0x23, 0x00, 0x23, 0x00, 0x23, 0x00, 0x23, 0x00, 0x23, 0x00, 0x23, 0x00, 0x23, 0x00,
    0x23, 0x00, 0x23, 0x00, 0x23, 0x00, 0x23, 0x00, 0x23, 0x00, 0x23, 0x00, 0x23, 0x00, 0x23, 0x00,
    0x23, 0x00, 0x23, 0x00, 0x23, 0x00, 0x23, 0x00, 0x23, 0x00, 0x23, 0x00, 0x23, 0x00, 0x23, 0x00,
    0x23, 0x00, 0x23, 0x00, 0x23, 0x00, 0x23, 0x00, 0x23, 0x00, 0x23, 0x00, 0x23, 0x00, 0x23, 0x00,
    0x23, 0x00, 0x23, 0x00, 0x23, 0x00, 0x23, 0x00, 0x23, 0x00, 0x23, 0x00, 0x23, 0x00, 0x23, 0x00,
    0x23, 0x00, 0x23, 0x00, 0x23, 0x00, 0x23, 0x00, 0x23, 0x00, 0x23, 0x00, 0x23, 0x00, 0x23, 0x00,
    0x23, 0x00, 0x23, 0x00, 0xce, 0x01, 0xf1, 0x01, 0xce, 0x01, 0x23, 0x00, 0x23, 0x00, 0x23, 0x00,
    0x8a, 0x00, 0x33, 0x01, 0x0c, 0x01, 0x00, 0x00, 0x00, 0x00, 0x00, 0x00, 0x00, 0x00, 0x00, 0x00,
    0x00, 0x00, 0x00, 0x00, 0x00, 0x00, 0x00, 0x00, 0x00, 0x00, 0xef, 0x00, 0x33, 0x01, 0x46, 0x00,
    0x23, 0x00, 0x23, 0x00, 0x23, 0x00, 0x23, 0x00, 0x23, 0x00, 0x23, 0x00, 0x23, 0x00, 0x23, 0x00,
    0x23, 0x00, 0x23, 0x00, 0x23, 0x00, 0x23, 0x00, 0x23, 0x00, 0x23, 0x00, 0x23, 0x00, 0x23, 0x00,
    0x23, 0x00, 0x23, 0x00, 0x23, 0x00, 0x23, 0x00, 0x23, 0x00, 0x23, 0x00, 0x23, 0x00, 0x23, 0x00,
    0x23, 0x00, 0x23, 0x00, 0x23, 0x00, 0x23, 0x00, 0x23, 0x00, 0x23, 0x00, 0x23, 0x00, 0x23, 0x00,
    0x23, 0x00, 0x23, 0x00, 0x23, 0x00, 0x23, 0x00, 0x23, 0x00, 0x23, 0x00, 0x23, 0x00, 0x23, 0x00,
    0x23, 0x00, 0x23, 0x00, 0x23, 0x00, 0x23, 0x00, 0x23, 0x00, 0x23, 0x00, 0x23, 0x00, 0x23, 0x00,
    0x23, 0x00, 0x23, 0x00, 0x23, 0x00, 0x23, 0x00, 0x23, 0x00, 0x23, 0x00, 0x23, 0x00, 0x23, 0x00,
    0x23, 0x00, 0x23, 0x00, 0x23, 0x00, 0x23, 0x00, 0x23, 0x00, 0x23, 0x00, 0x23, 0x00, 0x23, 0x00,
    0x23, 0x00, 0x23, 0x00, 0x23, 0x00, 0x23, 0x00, 0x23, 0x00, 0x23, 0x00, 0x23, 0x00, 0x23, 0x00,
    0x23, 0x00, 0x23, 0x00, 0x23, 0x00, 0x23, 0x00, 0x23, 0x00, 0x23, 0x00, 0x23, 0x00, 0x23, 0x00,
    0x23, 0x00, 0x23, 0x00, 0x23, 0x00, 0x23, 0x00, 0x23, 0x00, 0x23, 0x00, 0x23, 0x00, 0x23, 0x00,
    0x23, 0x00, 0x23, 0x00, 0x23, 0x00, 0x23, 0x00, 0x23, 0x00, 0x23, 0x00, 0x23, 0x00, 0x23, 0x00,
    0x23, 0x00, 0x23, 0x00, 0x23, 0x00, 0x23, 0x00, 0x23, 0x00, 0x23, 0x00, 0x23, 0x00, 0x23, 0x00,
    0x23, 0x00, 0x23, 0x00, 0x23, 0x00, 0x23, 0x00, 0x23, 0x00, 0x23, 0x00, 0x23, 0x00, 0x23, 0x00,
    0x23, 0x00, 0x23, 0x00, 0x23, 0x00, 0x23, 0x00, 0x23, 0x00, 0x23, 0x00, 0x23, 0x00, 0x23, 0x00,
    0x23, 0x00, 0x23, 0x00, 0x23, 0x00, 0x23, 0x00, 0x23, 0x00, 0x23, 0x00, 0x23, 0x00, 0x23, 0x00,
    0x23, 0x00, 0x23, 0x00, 0x23, 0x00, 0x23, 0x00, 0x23, 0x00, 0x23, 0x00, 0x23, 0x00, 0x23, 0x00,
    0x23, 0x00, 0x23, 0x00, 0x23, 0x00, 0x23, 0x00, 0x23, 0x00, 0x23, 0x00, 0x23, 0x00, 0x23, 0x00,
    0x23, 0x00, 0x23, 0x00, 0x23, 0x00, 0x23, 0x00, 0x23, 0x00, 0x23, 0x00, 0x23, 0x00, 0x23, 0x00,
    0x23, 0x00, 0x23, 0x00, 0x23, 0x00, 0x23, 0x00, 0x23, 0x00, 0x23, 0x00, 0x23, 0x00, 0x23, 0x00,
    0x23, 0x00, 0x23, 0x00, 0x23, 0x00, 0x23, 0x00, 0x23, 0x00, 0x23, 0x00, 0x23, 0x00, 0x23, 0x00,
    0x23, 0x00, 0x23, 0x00, 0x23, 0x00, 0x23, 0x00, 0x23, 0x00, 0x23, 0x00, 0x23, 0x00, 0x23, 0x00,
    0x23, 0x00, 0x23, 0x00, 0x23, 0x00, 0x23, 0x00, 0x23, 0x00, 0x23, 0x00, 0x23, 0x00, 0x23, 0x00,
    0x23, 0x00, 0x23, 0x00, 0x23, 0x00, 0x23, 0x00, 0x23, 0x00, 0x23, 0x00, 0x23, 0x00, 0x23, 0x00,
    0x23, 0x00, 0x23, 0x00, 0x23, 0x00, 0x23, 0x00, 0x23, 0x00, 0x23, 0x00, 0x23, 0x00, 0x23, 0x00,
    0x23, 0x00, 0x23, 0x00, 0x23, 0x00, 0x23, 0x00, 0x23, 0x00, 0x23, 0x00, 0x23, 0x00, 0x23, 0x00,
    0x23, 0x00, 0x23, 0x00, 0x23, 0x00, 0x23, 0x00, 0x23, 0x00, 0x23, 0x00, 0x23, 0x00, 0x23, 0x00,
    0x23, 0x00, 0x23, 0x00, 0x23, 0x00, 0x23, 0x00, 0x23, 0x00, 0x23, 0x00, 0x23, 0x00, 0x23, 0x00,
    0x8a, 0x00, 0x33, 0x01, 0x0c, 0x01, 0x00, 0x00, 0x00, 0x00, 0x00, 0x00, 0x00, 0x00, 0x00, 0x00,
    0x00, 0x00, 0x00, 0x00, 0x00, 0x00, 0x00, 0x00, 0x00, 0x00, 0x51, 0x01, 0x33, 0x01, 0xe8, 0x00,
    0x23, 0x00, 0x23, 0x00, 0x23, 0x00, 0x23, 0x00, 0x23, 0x00, 0x23, 0x00, 0x23, 0x00, 0x23, 0x00,
    0x23, 0x00, 0x23, 0x00, 0x23, 0x00, 0x23, 0x00, 0x23, 0x00, 0x23, 0x00, 0x23, 0x00, 0x23, 0x00,
    0x23, 0x00, 0x23, 0x00, 0x23, 0x00, 0x23, 0x00, 0x23, 0x00, 0x23, 0x00, 0x23, 0x00, 0x23, 0x00,
    0x23, 0x00, 0x23, 0x00, 0x23, 0x00, 0x23, 0x00, 0x23, 0x00, 0x23, 0x00, 0x23, 0x00, 0x23, 0x00,
    0x23, 0x00, 0x23, 0x00, 0x23, 0x00, 0x23, 0x00, 0x23, 0x00, 0x23, 0x00, 0x23, 0x00, 0x23, 0x00,
    0x23, 0x00, 0x23, 0x00, 0x23, 0x00, 0x23, 0x00, 0x23, 0x00, 0x23, 0x00, 0x23, 0x00, 0x23, 0x00,
    0x23, 0x00, 0x23, 0x00, 0x23, 0x00, 0x23, 0x00, 0x23, 0x00, 0x23, 0x00, 0x23, 0x00, 0x23, 0x00,
    0x23, 0x00, 0x23, 0x00, 0x23, 0x00, 0x23, 0x00, 0x23, 0x00, 0x23, 0x00, 0x23, 0x00, 0x23, 0x00,
    0x23, 0x00, 0x23, 0x00, 0x23, 0x00, 0x23, 0x00, 0x23, 0x00, 0x23, 0x00, 0x23, 0x00, 0x23, 0x00,
    0x23, 0x00, 0x23, 0x00, 0x23, 0x00, 0x23, 0x00, 0x23, 0x00, 0x23, 0x00, 0x23, 0x00, 0x23, 0x00,
    0x23, 0x00, 0x23, 0x00, 0x23, 0x00, 0x23, 0x00, 0x23, 0x00, 0x23, 0x00, 0x23, 0x00, 0x23, 0x00,
    0x23, 0x00, 0x23, 0x00, 0x23, 0x00, 0x23, 0x00, 0x23, 0x00, 0x23, 0x00, 0x23, 0x00, 0xe8, 0x00,
    0x8a, 0x00, 0x23, 0x00, 0x23, 0x00, 0x46, 0x00, 0x8a, 0x00, 0x8a, 0x00, 0x23, 0x00, 0x23, 0x00,
    0x23, 0x00, 0x23, 0x00, 0x23, 0x00, 0x23, 0x00, 0x23, 0x00, 0x46, 0x00, 0xe8, 0x00, 0xe8, 0x00,
    0xe8, 0x00, 0x8a, 0x00, 0x8a, 0x00, 0x8a, 0x00, 0x8a, 0x00, 0x8a, 0x00, 0x8a, 0x00, 0x8a, 0x00,
    0x8a, 0x00, 0x8a, 0x00, 0x8a, 0x00, 0xe8, 0x00, 0x8a, 0x00, 0xe8, 0x00, 0x8a, 0x00, 0x8a, 0x00,
    0x8a, 0x00, 0xe8, 0x00, 0x8a, 0x00, 0x23, 0x00, 0x23, 0x00, 0x23, 0x00, 0x23, 0x00, 0x23, 0x00,
    0x23, 0x00, 0x23, 0x00, 0x23, 0x00, 0x23, 0x00, 0x23, 0x00, 0x23, 0x00, 0x23, 0x00, 0x23, 0x00,
    0x23, 0x00, 0x23, 0x00, 0x23, 0x00, 0x23, 0x00, 0x23, 0x00, 0x23, 0x00, 0x23, 0x00, 0x23, 0x00,
    0x23, 0x00, 0x23, 0x00, 0x23, 0x00, 0x23, 0x00, 0x23, 0x00, 0x23, 0x00, 0x23, 0x00, 0x23, 0x00,
    0x23, 0x00, 0x23, 0x00, 0x23, 0x00, 0x23, 0x00, 0x23, 0x00, 0x23, 0x00, 0x23, 0x00, 0x23, 0x00,
    0x23, 0x00, 0x23, 0x00, 0x23, 0x00, 0x23, 0x00, 0x23, 0x00, 0x23, 0x00, 0x23, 0x00, 0x23, 0x00,
    0x23, 0x00, 0x23, 0x00, 0x23, 0x00, 0x23, 0x00, 0x23, 0x00, 0x23, 0x00, 0x23, 0x00, 0x23, 0x00,
    0x23, 0x00, 0x23, 0x00, 0x23, 0x00, 0x23, 0x00, 0x23, 0x00, 0x23, 0x00, 0x23, 0x00, 0x23, 0x00,
    0x23, 0x00, 0x23, 0x00, 0x23, 0x00, 0x23, 0x00, 0x23, 0x00, 0x23, 0x00, 0x23, 0x00, 0x23, 0x00,
    0x23, 0x00, 0x23, 0x00, 0x23, 0x00, 0x23, 0x00, 0x23, 0x00, 0x23, 0x00, 0x23, 0x00, 0x23, 0x00,
    0x23, 0x00, 0x23, 0x00, 0x23, 0x00, 0x23, 0x00, 0x23, 0x00, 0x23, 0x00, 0x23, 0x00, 0x23, 0x00,
    0x23, 0x00, 0x23, 0x00, 0x23, 0x00, 0x23, 0x00, 0x23, 0x00, 0x23, 0x00, 0x23, 0x00, 0x23, 0x00,
    0x8a, 0x00, 0x33, 0x01, 0x0c, 0x01, 0x00, 0x00, 0x00, 0x00, 0x00, 0x00, 0x00, 0x00, 0x00, 0x00,
    0x00, 0x00, 0x00, 0x00, 0x00, 0x00, 0x00, 0x00, 0x00, 0x00, 0x51, 0x01, 0x33, 0x01, 0x46, 0x00,
    0x23, 0x00, 0x23, 0x00, 0x23, 0x00, 0x23, 0x00, 0x23, 0x00, 0x23, 0x00, 0x23, 0x00, 0x23, 0x00,
    0x23, 0x00, 0x23, 0x00, 0x23, 0x00, 0x23, 0x00, 0x23, 0x00, 0x23, 0x00, 0x23, 0x00, 0x23, 0x00,
    0x23, 0x00, 0x23, 0x00, 0x23, 0x00, 0x23, 0x00, 0x23, 0x00, 0x23, 0x00, 0x23, 0x00, 0x23, 0x00,
    0x23, 0x00, 0x23, 0x00, 0x23, 0x00, 0x23, 0x00, 0x23, 0x00, 0x23, 0x00, 0x23, 0x00, 0x23, 0x00,
    0x23, 0x00, 0x23, 0x00, 0x23, 0x00, 0x23, 0x00, 0x23, 0x00, 0x23, 0x00, 0x23, 0x00, 0x23, 0x00,
    0x23, 0x00, 0x23, 0x00, 0x23, 0x00, 0x23, 0x00, 0x23, 0x00, 0x23, 0x00, 0x23, 0x00, 0x23, 0x00,
    0x23, 0x00, 0x23, 0x00, 0x23, 0x00, 0x23, 0x00, 0x23, 0x00, 0x23, 0x00, 0x23, 0x00, 0x23, 0x00,
    0x23, 0x00, 0x23, 0x00, 0x23, 0x00, 0x23, 0x00, 0x23, 0x00, 0x23, 0x00, 0x23, 0x00, 0x23, 0x00,
    0x23, 0x00, 0x23, 0x00, 0x23, 0x00, 0x23, 0x00, 0x23, 0x00, 0x23, 0x00, 0x23, 0x00, 0x23, 0x00,
    0x23, 0x00, 0x23, 0x00, 0x23, 0x00, 0x23, 0x00, 0x23, 0x00, 0x23, 0x00, 0x23, 0x00, 0x23, 0x00,
    0x23, 0x00, 0x23, 0x00, 0x23, 0x00, 0x23, 0x00, 0x23, 0x00, 0x23, 0x00, 0x23, 0x00, 0x23, 0x00,
    0x23, 0x00, 0x23, 0x00, 0x23, 0x00, 0x23, 0x00, 0x23, 0x00, 0x23, 0x00, 0x46, 0x00, 0x8a, 0x00,
    0x8a, 0x00, 0x23, 0x00, 0x23, 0x00, 0x46, 0x00, 0xe8, 0x00, 0x8a, 0x00, 0x23, 0x00, 0x23, 0x00,
    0x23, 0x00, 0x23, 0x00, 0x23, 0x00, 0x23, 0x00, 0x23, 0x00, 0x23, 0x00, 0x46, 0x00, 0x46, 0x00,
    0x46, 0x00, 0x46, 0x00, 0x46, 0x00, 0x46, 0x00, 0x46, 0x00, 0x46, 0x00, 0x46, 0x00, 0x46, 0x00,
    0x46, 0x00, 0x46, 0x00, 0x46, 0x00, 0x46, 0x00, 0x46, 0x00, 0x46, 0x00, 0x46, 0x00, 0x46, 0x00,
    0x46, 0x00, 0x46, 0x00, 0x46, 0x00, 0xe8, 0x00, 0x23, 0x00, 0x23, 0x00, 0x23, 0x00, 0x23, 0x00,
    0x23, 0x00, 0x23, 0x00, 0x23, 0x00, 0x23, 0x00, 0x23, 0x00, 0x23, 0x00, 0x23, 0x00, 0x23, 0x00,
    0x23, 0x00, 0x23, 0x00, 0x23, 0x00, 0x23, 0x00, 0x23, 0x00, 0x23, 0x00, 0x23, 0x00, 0x23, 0x00,
    0x23, 0x00, 0x23, 0x00, 0x23, 0x00, 0x23, 0x00, 0x23, 0x00, 0x23, 0x00, 0x23, 0x00, 0x23, 0x00,
    0x23, 0x00, 0x23, 0x00, 0x23, 0x00, 0x23, 0x00, 0x23, 0x00, 0x23, 0x00, 0x23, 0x00, 0x23, 0x00,
    0x23, 0x00, 0x23, 0x00, 0x23, 0x00, 0x23, 0x00, 0x23, 0x00, 0x23, 0x00, 0x23, 0x00, 0x23, 0x00,
    0x23, 0x00, 0x23, 0x00, 0x23, 0x00, 0x23, 0x00, 0x23, 0x00, 0x23, 0x00, 0x23, 0x00, 0x23, 0x00,
    0x23, 0x00, 0x23, 0x00, 0x23, 0x00, 0x23, 0x00, 0x23, 0x00, 0x23, 0x00, 0x23, 0x00, 0x23, 0x00,
    0x23, 0x00, 0x23, 0x00, 0x23, 0x00, 0x23, 0x00, 0x23, 0x00, 0x23, 0x00, 0x23, 0x00, 0x23, 0x00,
    0x23, 0x00, 0x23, 0x00, 0x23, 0x00, 0x23, 0x00, 0x23, 0x00, 0x23, 0x00, 0x23, 0x00, 0x23, 0x00,
    0x23, 0x00, 0x23, 0x00, 0x23, 0x00, 0x23, 0x00, 0x23, 0x00, 0x23, 0x00, 0x23, 0x00, 0x23, 0x00,
    0x23, 0x00, 0x23, 0x00, 0x23, 0x00, 0x23, 0x00, 0x23, 0x00, 0x23, 0x00, 0x23, 0x00, 0x23, 0x00,
    0x8a, 0x00, 0x33, 0x01, 0x0c, 0x01, 0x00, 0x00, 0x00, 0x00, 0x00, 0x00, 0x00, 0x00, 0x00, 0x00,
    0x00, 0x00, 0x00, 0x00, 0x00, 0x00, 0x00, 0x00, 0x00, 0x00, 0x51, 0x01, 0x33, 0x01, 0x46, 0x00,
    0x23, 0x00, 0x23, 0x00, 0x23, 0x00, 0x23, 0x00, 0x23, 0x00, 0x23, 0x00, 0x23, 0x00, 0x23, 0x00,
    0x23, 0x00, 0x23, 0x00, 0x23, 0x00, 0x23, 0x00, 0x23, 0x00, 0x23, 0x00, 0x23, 0x00, 0x23, 0x00,
    0x23, 0x00, 0x23, 0x00, 0x23, 0x00, 0x23, 0x00, 0x23, 0x00, 0x23, 0x00, 0x23, 0x00, 0x23, 0x00,
    0x23, 0x00, 0x23, 0x00, 0x23, 0x00, 0x23, 0x00, 0x23, 0x00, 0x23, 0x00, 0x23, 0x00, 0x23, 0x00,
    0x23, 0x00, 0x23, 0x00, 0x23, 0x00, 0x23, 0x00, 0x23, 0x00, 0x23, 0x00, 0x23, 0x00, 0x23, 0x00,
    0x23, 0x00, 0x23, 0x00, 0x23, 0x00, 0x23, 0x00, 0x23, 0x00, 0x23, 0x00, 0x23, 0x00, 0x23, 0x00,
    0x23, 0x00, 0x23, 0x00, 0x23, 0x00, 0x23, 0x00, 0x23, 0x00, 0x23, 0x00, 0x23, 0x00, 0x23, 0x00,
    0x23, 0x00, 0x23, 0x00, 0x23, 0x00, 0x23, 0x00, 0x23, 0x00, 0x23, 0x00, 0x23, 0x00, 0x23, 0x00,
    0x23, 0x00, 0x23, 0x00, 0x23, 0x00, 0x23, 0x00, 0x23, 0x00, 0x23, 0x00, 0x23, 0x00, 0x23, 0x00,
    0x23, 0x00, 0x23, 0x00, 0x23, 0x00, 0x23, 0x00, 0x23, 0x00, 0x23, 0x00, 0x23, 0x00, 0x23, 0x00,
    0x23, 0x00, 0x23, 0x00, 0x23, 0x00, 0x23, 0x00, 0x23, 0x00, 0x23, 0x00, 0x23, 0x00, 0x23, 0x00,
    0x23, 0x00, 0x23, 0x00, 0x23, 0x00, 0x23, 0x00, 0x23, 0x00, 0x23, 0x00, 0x23, 0x00, 0x23, 0x00,
    0x23, 0x00, 0x23, 0x00, 0x23, 0x00, 0x23, 0x00, 0x23, 0x00, 0x23, 0x00, 0x23, 0x00, 0x23, 0x00,
    0x23, 0x00, 0x23, 0x00, 0x23, 0x00, 0x23, 0x00, 0x23, 0x00, 0x23, 0x00, 0x23, 0x00, 0x23, 0x00,
    0x23, 0x00, 0x23, 0x00, 0x23, 0x00, 0x23, 0x00, 0x23, 0x00, 0x23, 0x00, 0x23, 0x00, 0x23, 0x00,
    0x23, 0x00, 0x23, 0x00, 0x23, 0x00, 0x23, 0x00, 0x23, 0x00, 0x23, 0x00, 0x23, 0x00, 0x23, 0x00,
    0x23, 0x00, 0x23, 0x00, 0x23, 0x00, 0x46, 0x00, 0xe8, 0x00, 0x23, 0x00, 0x23, 0x00, 0x23, 0x00,
    0x23, 0x00, 0x23, 0x00, 0x23, 0x00, 0x23, 0x00, 0x23, 0x00, 0x23, 0x00, 0x23, 0x00, 0x23, 0x00,
    0x23, 0x00, 0x23, 0x00, 0x23, 0x00, 0x23, 0x00, 0x23, 0x00, 0x23, 0x00, 0x23, 0x00, 0x23, 0x00,
    0x23, 0x00, 0x23, 0x00, 0x23, 0x00, 0x23, 0x00, 0x23, 0x00, 0x23, 0x00, 0x23, 0x00, 0x23, 0x00,
    0x23, 0x00, 0x23, 0x00, 0x23, 0x00, 0x23, 0x00, 0x23, 0x00, 0x23, 0x00, 0x23, 0x00, 0x23, 0x00,
    0x23, 0x00, 0x23, 0x00, 0x23, 0x00, 0x23, 0x00, 0x23, 0x00, 0x23, 0x00, 0x23, 0x00, 0x23, 0x00,
    0x23, 0x00, 0x23, 0x00, 0x23, 0x00, 0x23, 0x00, 0x23, 0x00, 0x23, 0x00, 0x23, 0x00, 0x23, 0x00,
    0x23, 0x00, 0x23, 0x00, 0x23, 0x00, 0x23, 0x00, 0x23, 0x00, 0x23, 0x00, 0x23, 0x00, 0x23, 0x00,
    0x23, 0x00, 0x23, 0x00, 0x23, 0x00, 0x23, 0x00, 0x23, 0x00, 0x23, 0x00, 0x23, 0x00, 0x23, 0x00,
    0x23, 0x00, 0x23, 0x00, 0x23, 0x00, 0x23, 0x00, 0x23, 0x00, 0x23, 0x00, 0x23, 0x00, 0x23, 0x00,
    0x23, 0x00, 0x23, 0x00, 0x23, 0x00, 0x23, 0x00, 0x23, 0x00, 0x23, 0x00, 0x23, 0x00, 0x23, 0x00,
    0x23, 0x00, 0x23, 0x00, 0x23, 0x00, 0x23, 0x00, 0x23, 0x00, 0x23, 0x00, 0x23, 0x00, 0x23, 0x00,
    0x8a, 0x00, 0x51, 0x01, 0x0c, 0x01, 0x00, 0x00, 0x00, 0x00, 0x00, 0x00, 0x00, 0x00, 0x00, 0x00,
    0x00, 0x00, 0x00, 0x00, 0x00, 0x00, 0x00, 0x00, 0x00, 0x00, 0xef, 0x00, 0x33, 0x01, 0x46, 0x00,
    0x23, 0x00, 0x23, 0x00, 0x23, 0x00, 0x23, 0x00, 0x23, 0x00, 0x23, 0x00, 0x23, 0x00, 0x23, 0x00,
    0x23, 0x00, 0x23, 0x00, 0x23, 0x00, 0x23, 0x00, 0x23, 0x00, 0x23, 0x00, 0x23, 0x00, 0x23, 0x00,
    0x23, 0x00, 0x23, 0x00, 0x23, 0x00, 0x23, 0x00, 0x23, 0x00, 0x23, 0x00, 0x23, 0x00, 0x23, 0x00,
    0x23, 0x00, 0x23, 0x00, 0x23, 0x00, 0x23, 0x00, 0x23, 0x00, 0x23, 0x00, 0x23, 0x00, 0x23, 0x00,
    0x23, 0x00, 0x23, 0x00, 0x23, 0x00, 0x23, 0x00, 0x23, 0x00, 0x23, 0x00, 0x23, 0x00, 0x23, 0x00,
    0x23, 0x00, 0x23, 0x00, 0x23, 0x00, 0x23, 0x00, 0x23, 0x00, 0x23, 0x00, 0x23, 0x00, 0x23, 0x00,
    0x23, 0x00, 0x23, 0x00, 0x23, 0x00, 0x23, 0x00, 0x23, 0x00, 0x23, 0x00, 0x23, 0x00, 0x23, 0x00,
    0x23, 0x00, 0x23, 0x00, 0x23, 0x00, 0x23, 0x00, 0x23, 0x00, 0x23, 0x00, 0x23, 0x00, 0x23, 0x00,
    0x23, 0x00, 0x23, 0x00, 0x23, 0x00, 0x23, 0x00, 0x23, 0x00, 0x23, 0x00, 0x23, 0x00, 0x23, 0x00,
    0x23, 0x00, 0x23, 0x00, 0x23, 0x00, 0x23, 0x00, 0x23, 0x00, 0x23, 0x00, 0x23, 0x00, 0x23, 0x00,
    0x23, 0x00, 0x23, 0x00, 0x23, 0x00, 0x23, 0x00, 0x23, 0x00, 0x23, 0x00, 0x23, 0x00, 0x23, 0x00,
    0x23, 0x00, 0x23, 0x00, 0x23, 0x00, 0x23, 0x00, 0x23, 0x00, 0x23, 0x00, 0x23, 0x00, 0x23, 0x00,
    0x23, 0x00, 0x23, 0x00, 0x23, 0x00, 0x23, 0x00, 0x23, 0x00, 0x23, 0x00, 0x23, 0x00, 0x23, 0x00,
    0x23, 0x00, 0x23, 0x00, 0x23, 0x00, 0x23, 0x00, 0x23, 0x00, 0x23, 0x00, 0x23, 0x00, 0x23, 0x00,
    0x23, 0x00, 0x23, 0x00, 0x23, 0x00, 0x23, 0x00, 0x23, 0x00, 0x23, 0x00, 0x23, 0x00, 0x23, 0x00,
    0x23, 0x00, 0x23, 0x00, 0x23, 0x00, 0x23, 0x00, 0x23, 0x00, 0x23, 0x00, 0x23, 0x00, 0x23, 0x00,
    0x23, 0x00, 0x23, 0x00, 0x23, 0x00, 0x23, 0x00, 0xe8, 0x00, 0x46, 0x00, 0x23, 0x00, 0x23, 0x00,
    0x23, 0x00, 0x23, 0x00, 0x23, 0x00, 0x23, 0x00, 0x23, 0x00, 0x23, 0x00, 0x23, 0x00, 0x23, 0x00,
    0x23, 0x00, 0x23, 0x00, 0x23, 0x00, 0x23, 0x00, 0x23, 0x00, 0x23, 0x00, 0x23, 0x00, 0x23, 0x00,
    0x23, 0x00, 0x23, 0x00, 0x23, 0x00, 0x23, 0x00, 0x23, 0x00, 0x23, 0x00, 0x23, 0x00, 0x23, 0x00,
    0x23, 0x00, 0x23, 0x00, 0x23, 0x00, 0x23, 0x00, 0x23, 0x00, 0x23, 0x00, 0x23, 0x00, 0x23, 0x00,
    0x23, 0x00, 0x23, 0x00, 0x23, 0x00, 0x23, 0x00, 0x23, 0x00, 0x23, 0x00, 0x23, 0x00, 0x23, 0x00,
    0x23, 0x00, 0x23, 0x00, 0x23, 0x00, 0x23, 0x00, 0x23, 0x00, 0x23, 0x00, 0x23, 0x00, 0x23, 0x00,
    0x23, 0x00, 0x23, 0x00, 0x23, 0x00, 0x23, 0x00, 0x23, 0x00, 0x23, 0x00, 0x23, 0x00, 0x23, 0x00,
    0x23, 0x00, 0x23, 0x00, 0x23, 0x00, 0x23, 0x00, 0x23, 0x00, 0x23, 0x00, 0x23, 0x00, 0x23, 0x00,
    0x23, 0x00, 0x23, 0x00, 0x23, 0x00, 0x23, 0x00, 0x23, 0x00, 0x23, 0x00, 0x23, 0x00, 0x23, 0x00,
    0x23, 0x00, 0x23, 0x00, 0x23, 0x00, 0x23, 0x00, 0x23, 0x00, 0x23, 0x00, 0x23, 0x00, 0x23, 0x00,
    0x23, 0x00, 0x23, 0x00, 0x23, 0x00, 0x23, 0x00, 0x23, 0x00, 0x23, 0x00, 0x23, 0x00, 0x23, 0x00,
    0x8a, 0x00, 0x51, 0x01, 0x0c, 0x01, 0x00, 0x00, 0x00, 0x00, 0x00, 0x00, 0x00, 0x00, 0x00, 0x00,
    0x00, 0x00, 0x00, 0x00, 0x00, 0x00, 0x00, 0x00, 0x00, 0x00, 0x51, 0x01, 0x51, 0x01, 0x46, 0x00,
    0x23, 0x00, 0x23, 0x00, 0x23, 0x00, 0x23, 0x00, 0x23, 0x00, 0x23, 0x00, 0x23, 0x00, 0x23, 0x00,
    0x23, 0x00, 0x23, 0x00, 0x23, 0x00, 0x23, 0x00, 0x23, 0x00, 0x23, 0x00, 0x23, 0x00, 0x23, 0x00,
    0x23, 0x00, 0x23, 0x00, 0x23, 0x00, 0x23, 0x00, 0x23, 0x00, 0x23, 0x00, 0x23, 0x00, 0x23, 0x00,
    0x23, 0x00, 0x23, 0x00, 0x23, 0x00, 0x23, 0x00, 0x23, 0x00, 0x23, 0x00, 0x23, 0x00, 0x23, 0x00,
    0x23, 0x00, 0x23, 0x00, 0x23, 0x00, 0x23, 0x00, 0x23, 0x00, 0x23, 0x00, 0x23, 0x00, 0x23, 0x00,
    0x23, 0x00, 0x23, 0x00, 0x23, 0x00, 0x23, 0x00, 0x23, 0x00, 0x23, 0x00, 0x23, 0x00, 0x23, 0x00,
    0x23, 0x00, 0x23, 0x00, 0x23, 0x00, 0x23, 0x00, 0x23, 0x00, 0x23, 0x00, 0x23, 0x00, 0x23, 0x00,
    0x23, 0x00, 0x23, 0x00, 0x23, 0x00, 0x23, 0x00, 0x23, 0x00, 0x23, 0x00, 0x23, 0x00, 0x23, 0x00,
    0x23, 0x00, 0x23, 0x00, 0x23, 0x00, 0x23, 0x00, 0x23, 0x00, 0x23, 0x00, 0x23, 0x00, 0x23, 0x00,
    0x23, 0x00, 0x23, 0x00, 0x23, 0x00, 0x23, 0x00, 0x23, 0x00, 0x23, 0x00, 0x23, 0x00, 0x23, 0x00,
    0x23, 0x00, 0x23, 0x00, 0x23, 0x00, 0x23, 0x00, 0x23, 0x00, 0x23, 0x00, 0x23, 0x00, 0x23, 0x00,
    0x23, 0x00, 0x23, 0x00, 0x23, 0x00, 0x23, 0x00, 0x23, 0x00, 0x23, 0x00, 0x23, 0x00, 0x23, 0x00,
    0x23, 0x00, 0x23, 0x00, 0x23, 0x00, 0x23, 0x00, 0x23, 0x00, 0x23, 0x00, 0x23, 0x00, 0x23, 0x00,
    0x23, 0x00, 0x23, 0x00, 0x23, 0x00, 0x23, 0x00, 0x23, 0x00, 0x23, 0x00, 0x23, 0x00, 0x23, 0x00,
    0x23, 0x00, 0x23, 0x00, 0x23, 0x00, 0x23, 0x00, 0x23, 0x00, 0x23, 0x00, 0x23, 0x00, 0x23, 0x00,
    0x23, 0x00, 0x23, 0x00, 0x23, 0x00, 0x23, 0x00, 0x23, 0x00, 0x23, 0x00, 0x23, 0x00, 0x23, 0x00,
    0x23, 0x00, 0x23, 0x00, 0x23, 0x00, 0x23, 0x00, 0x23, 0x00, 0xe8, 0x00, 0x46, 0x00, 0x23, 0x00,
    0x23, 0x00, 0x23, 0x00, 0x23, 0x00, 0x23, 0x00, 0x23, 0x00, 0x23, 0x00, 0x23, 0x00, 0x23, 0x00,
    0x23, 0x00, 0x23, 0x00, 0x23, 0x00, 0x23, 0x00, 0x23, 0x00, 0x23, 0x00, 0x23, 0x00, 0x23, 0x00,
    0x23, 0x00, 0x23, 0x00, 0x23, 0x00, 0x23, 0x00, 0x23, 0x00, 0x23, 0x00, 0x23, 0x00, 0x23, 0x00,
    0x23, 0x00, 0x23, 0x00, 0x23, 0x00, 0x23, 0x00, 0x23, 0x00, 0x23, 0x00, 0x23, 0x00, 0x23, 0x00,
    0x23, 0x00, 0x23, 0x00, 0x23, 0x00, 0x23, 0x00, 0x23, 0x00, 0x23, 0x00, 0x23, 0x00, 0x23, 0x00,
    0x23, 0x00, 0x23, 0x00, 0x23, 0x00, 0x23, 0x00, 0x23, 0x00, 0x23, 0x00, 0x23, 0x00, 0x23, 0x00,
    0x23, 0x00, 0x23, 0x00, 0x23, 0x00, 0x23, 0x00, 0x23, 0x00, 0x23, 0x00, 0x23, 0x00, 0x23, 0x00,
    0x23, 0x00, 0x23, 0x00, 0x23, 0x00, 0x23, 0x00, 0x23, 0x00, 0x23, 0x00, 0x23, 0x00, 0x23, 0x00,
    0x23, 0x00, 0x23, 0x00, 0x23, 0x00, 0x23, 0x00, 0x23, 0x00, 0x23, 0x00, 0x23, 0x00, 0x23, 0x00,
    0x23, 0x00, 0x23, 0x00, 0x23, 0x00, 0x23, 0x00, 0x23, 0x00, 0x23, 0x00, 0x23, 0x00, 0x23, 0x00,
    0x23, 0x00, 0x23, 0x00, 0x23, 0x00, 0x23, 0x00, 0x23, 0x00, 0x23, 0x00, 0x23, 0x00, 0x23, 0x00,
    0x8a, 0x00, 0x51, 0x01, 0x0c, 0x01, 0x00, 0x00, 0x00, 0x00, 0x00, 0x00, 0x00, 0x00, 0x00, 0x00,
    0x00, 0x00, 0x00, 0x00, 0x00, 0x00, 0x00, 0x00, 0x00, 0x00, 0x51, 0x01, 0x33, 0x01, 0x46, 0x00,
    0x23, 0x00, 0x23, 0x00, 0x23, 0x00, 0x23, 0x00, 0x23, 0x00, 0x23, 0x00, 0x23, 0x00, 0x23, 0x00,
    0x23, 0x00, 0x23, 0x00, 0x23, 0x00, 0x23, 0x00, 0x23, 0x00, 0x23, 0x00, 0x23, 0x00, 0x23, 0x00,
    0x23, 0x00, 0x23, 0x00, 0x23, 0x00, 0x23, 0x00, 0x23, 0x00, 0x23, 0x00, 0x23, 0x00, 0x23, 0x00,
    0x23, 0x00, 0x23, 0x00, 0x23, 0x00, 0x23, 0x00, 0x23, 0x00, 0x23, 0x00, 0x23, 0x00, 0x23, 0x00,
    0x23, 0x00, 0x23, 0x00, 0x23, 0x00, 0x23, 0x00, 0x23, 0x00, 0x23, 0x00, 0x23, 0x00, 0x23, 0x00,
    0x23, 0x00, 0x23, 0x00, 0x23, 0x00, 0x23, 0x00, 0x23, 0x00, 0x23, 0x00, 0x23, 0x00, 0x23, 0x00,
    0x23, 0x00, 0x23, 0x00, 0x23, 0x00, 0x23, 0x00, 0x23, 0x00, 0x23, 0x00, 0x23, 0x00, 0x23, 0x00,
    0x23, 0x00, 0x23, 0x00, 0x23, 0x00, 0x23, 0x00, 0x23, 0x00, 0x23, 0x00, 0x23, 0x00, 0x23, 0x00,
    0x23, 0x00, 0x23, 0x00, 0x23, 0x00, 0x23, 0x00, 0x23, 0x00, 0x23, 0x00, 0x23, 0x00, 0x23, 0x00,
    0x23, 0x00, 0x23, 0x00, 0x23, 0x00, 0x23, 0x00, 0x23, 0x00, 0x23, 0x00, 0x23, 0x00, 0x23, 0x00,
    0x23, 0x00, 0x23, 0x00, 0x23, 0x00, 0x23, 0x00, 0x23, 0x00, 0x23, 0x00, 0x23, 0x00, 0x23, 0x00,
    0x23, 0x00, 0x23, 0x00, 0x23, 0x00, 0x23, 0x00, 0x23, 0x00, 0x23, 0x00, 0x23, 0x00, 0x23, 0x00,
    0x23, 0x00, 0x23, 0x00, 0x23, 0x00, 0x23, 0x00, 0x23, 0x00, 0x23, 0x00, 0x23, 0x00, 0x23, 0x00,
    0x23, 0x00, 0x23, 0x00, 0x23, 0x00, 0x23, 0x00, 0x23, 0x00, 0x23, 0x00, 0x23, 0x00, 0x23, 0x00,
    0x23, 0x00, 0x23, 0x00, 0x23, 0x00, 0x23, 0x00, 0x23, 0x00, 0x23, 0x00, 0x23, 0x00, 0x23, 0x00,
    0x23, 0x00, 0x23, 0x00, 0x23, 0x00, 0x23, 0x00, 0x23, 0x00, 0x23, 0x00, 0x23, 0x00, 0x23, 0x00,
    0x23, 0x00, 0x23, 0x00, 0x23, 0x00, 0x23, 0x00, 0x23, 0x00, 0x23, 0x00, 0x46, 0x00, 0x46, 0x00,
    0x23, 0x00, 0x23, 0x00, 0x23, 0x00, 0x23, 0x00, 0x23, 0x00, 0x23, 0x00, 0x23, 0x00, 0x23, 0x00,
    0x23, 0x00, 0x23, 0x00, 0x23, 0x00, 0x23, 0x00, 0x23, 0x00, 0x23, 0x00, 0x23, 0x00, 0x23, 0x00,
    0x23, 0x00, 0x23, 0x00, 0x23, 0x00, 0x23, 0x00, 0x23, 0x00, 0x23, 0x00, 0x23, 0x00, 0x23, 0x00,
    0x23, 0x00, 0x23, 0x00, 0x23, 0x00, 0x23, 0x00, 0x23, 0x00, 0x23, 0x00, 0x23, 0x00, 0x23, 0x00,
    0x23, 0x00, 0x23, 0x00, 0x23, 0x00, 0x23, 0x00, 0x23, 0x00, 0x23, 0x00, 0x23, 0x00, 0x23, 0x00,
    0x23, 0x00, 0x23, 0x00, 0x23, 0x00, 0x23, 0x00, 0x23, 0x00, 0x23, 0x00, 0x23, 0x00, 0x23, 0x00,
    0x23, 0x00, 0x23, 0x00, 0x23, 0x00, 0x23, 0x00, 0x23, 0x00, 0x23, 0x00, 0x23, 0x00, 0x23, 0x00,
    0x23, 0x00, 0x23, 0x00, 0x23, 0x00, 0x23, 0x00, 0x23, 0x00, 0x23, 0x00, 0x23, 0x00, 0x23, 0x00,
    0x23, 0x00, 0x23, 0x00, 0x23, 0x00, 0x23, 0x00, 0x23, 0x00, 0x23, 0x00, 0x23, 0x00, 0x23, 0x00,
    0x23, 0x00, 0x23, 0x00, 0x23, 0x00, 0x23, 0x00, 0x23, 0x00, 0x23, 0x00, 0x23, 0x00, 0x23, 0x00,
    0x23, 0x00, 0x23, 0x00, 0x23, 0x00, 0x23, 0x00, 0x23, 0x00, 0x23, 0x00, 0x23, 0x00, 0x23, 0x00,
    0x8a, 0x00, 0x51, 0x01, 0x0c, 0x01, 0x00, 0x00, 0x00, 0x00, 0x00, 0x00, 0x00, 0x00, 0x00, 0x00,
    0x00, 0x00, 0x00, 0x00, 0x00, 0x00, 0x00, 0x00, 0x00, 0x00, 0xef, 0x00, 0x33, 0x01, 0x46, 0x00,
    0x23, 0x00, 0x23, 0x00, 0x23, 0x00, 0x23, 0x00, 0x23, 0x00, 0x23, 0x00, 0x23, 0x00, 0x23, 0x00,
    0x23, 0x00, 0x23, 0x00, 0x23, 0x00, 0x23, 0x00, 0x23, 0x00, 0x23, 0x00, 0x23, 0x00, 0x23, 0x00,
    0x23, 0x00, 0x23, 0x00, 0x23, 0x00, 0x23, 0x00, 0x23, 0x00, 0x23, 0x00, 0x23, 0x00, 0x23, 0x00,
    0x23, 0x00, 0x23, 0x00, 0x23, 0x00, 0x23, 0x00, 0x23, 0x00, 0x23, 0x00, 0x23, 0x00, 0x23, 0x00,
    0x23, 0x00, 0x23, 0x00, 0x23, 0x00, 0x23, 0x00, 0x23, 0x00, 0x23, 0x00, 0x23, 0x00, 0x23, 0x00,
    0x23, 0x00, 0x23, 0x00, 0x23, 0x00, 0x23, 0x00, 0x23, 0x00, 0x23, 0x00, 0x23, 0x00, 0x23, 0x00,
    0x23, 0x00, 0x23, 0x00, 0x23, 0x00, 0x23, 0x00, 0x23, 0x00, 0x23, 0x00, 0x23, 0x00, 0x23, 0x00,
    0x23, 0x00, 0x23, 0x00, 0x23, 0x00, 0x23, 0x00, 0x23, 0x00, 0x23, 0x00, 0x23, 0x00, 0x23, 0x00,
    0x23, 0x00, 0x23, 0x00, 0x23, 0x00, 0x23, 0x00, 0x23, 0x00, 0x23, 0x00, 0x23, 0x00, 0x23, 0x00,
    0x23, 0x00, 0x23, 0x00, 0x23, 0x00, 0x23, 0x00, 0x23, 0x00, 0x23, 0x00, 0x23, 0x00, 0x23, 0x00,
    0x23, 0x00, 0x23, 0x00, 0x23, 0x00, 0x23, 0x00, 0x23, 0x00, 0x23, 0x00, 0x23, 0x00, 0x23, 0x00,
    0x23, 0x00, 0x23, 0x00, 0x23, 0x00, 0x23, 0x00, 0x23, 0x00, 0x23, 0x00, 0x23, 0x00, 0xe8, 0x00,
    0x46, 0x00, 0x23, 0x00, 0x23, 0x00, 0x46, 0x00, 0x8a, 0x00, 0x8a, 0x00, 0x23, 0x00, 0x23, 0x00,
    0x23, 0x00, 0x23, 0x00, 0x23, 0x00, 0x23, 0x00, 0x23, 0x00, 0x23, 0x00, 0x23, 0x00, 0x23, 0x00,
    0x23, 0x00, 0x46, 0x00, 0x46, 0x00, 0x46, 0x00, 0x46, 0x00, 0x46, 0x00, 0x46, 0x00, 0x46, 0x00,
    0x23, 0x00, 0x46, 0x00, 0x46, 0x00, 0x46, 0x00, 0x46, 0x00, 0x46, 0x00, 0x46, 0x00, 0x23, 0x00,
    0x23, 0x00, 0x23, 0x00, 0x23, 0x00, 0x23, 0x00, 0x23, 0x00, 0x23, 0x00, 0x23, 0x00, 0xe8, 0x00,
    0x46, 0x00, 0x23, 0x00, 0x23, 0x00, 0x23, 0x00, 0x23, 0x00, 0x23, 0x00, 0x23, 0x00, 0x23, 0x00,
    0x23, 0x00, 0x23, 0x00, 0x23, 0x00, 0x23, 0x00, 0x46, 0x00, 0x46, 0x00, 0x46, 0x00, 0x23, 0x00,
    0x23, 0x00, 0x23, 0x00, 0x23, 0x00, 0x23, 0x00, 0x23, 0x00, 0x23, 0x00, 0x23, 0x00, 0x23, 0x00,
    0x23, 0x00, 0x23, 0x00, 0x23, 0x00, 0x23, 0x00, 0x23, 0x00, 0x23, 0x00, 0x23, 0x00, 0x23, 0x00,
    0x23, 0x00, 0x23, 0x00, 0x23, 0x00, 0x23, 0x00, 0x23, 0x00, 0x23, 0x00, 0x23, 0x00, 0x23, 0x00,
    0x23, 0x00, 0x23, 0x00, 0x23, 0x00, 0x23, 0x00, 0x23, 0x00, 0x23, 0x00, 0x23, 0x00, 0x23, 0x00,
    0x23, 0x00, 0x23, 0x00, 0x23, 0x00, 0x23, 0x00, 0x23, 0x00, 0x23, 0x00, 0x23, 0x00, 0x23, 0x00,
    0x23, 0x00, 0x23, 0x00, 0x23, 0x00, 0x23, 0x00, 0x23, 0x00, 0x23, 0x00, 0x23, 0x00, 0x23, 0x00,
    0x23, 0x00, 0x23, 0x00, 0x23, 0x00, 0x23, 0x00, 0x23, 0x00, 0x23, 0x00, 0x23, 0x00, 0x23, 0x00,
    0x23, 0x00, 0x23, 0x00, 0x23, 0x00, 0x23, 0x00, 0x23, 0x00, 0x23, 0x00, 0x23, 0x00, 0x23, 0x00,
    0x23, 0x00, 0x23, 0x00, 0x23, 0x00, 0x23, 0x00, 0x23, 0x00, 0x23, 0x00, 0x23, 0x00, 0x23, 0x00,
    0xe8, 0x00, 0x33, 0x01, 0x0c, 0x01, 0x00, 0x00, 0x00, 0x00, 0x00, 0x00, 0x00, 0x00, 0x00, 0x00,
    0x00, 0x00, 0x00, 0x00, 0x00, 0x00, 0x00, 0x00, 0x00, 0x00, 0xef, 0x00, 0x33, 0x01, 0x46, 0x00,
    0x23, 0x00, 0x23, 0x00, 0x23, 0x00, 0x23, 0x00, 0x23, 0x00, 0x23, 0x00, 0x23, 0x00, 0x23, 0x00,
    0x23, 0x00, 0x23, 0x00, 0x23, 0x00, 0x23, 0x00, 0x23, 0x00, 0x23, 0x00, 0x23, 0x00, 0x23, 0x00,
    0x23, 0x00, 0x23, 0x00, 0x23, 0x00, 0x23, 0x00, 0x23, 0x00, 0x23, 0x00, 0x23, 0x00, 0x23, 0x00,
    0x23, 0x00, 0x23, 0x00, 0x23, 0x00, 0x23, 0x00, 0x23, 0x00, 0x23, 0x00, 0x23, 0x00, 0x23, 0x00,
    0x23, 0x00, 0x23, 0x00, 0x23, 0x00, 0x23, 0x00, 0x23, 0x00, 0x23, 0x00, 0x23, 0x00, 0x23, 0x00,
    0x23, 0x00, 0x23, 0x00, 0x23, 0x00, 0x23, 0x00, 0x23, 0x00, 0x23, 0x00, 0x23, 0x00, 0x23, 0x00,
    0x23, 0x00, 0x23, 0x00, 0x23, 0x00, 0x23, 0x00, 0x23, 0x00, 0x23, 0x00, 0x23, 0x00, 0x23, 0x00,
    0x23, 0x00, 0x23, 0x00, 0x23, 0x00, 0x23, 0x00, 0x23, 0x00, 0x23, 0x00, 0x23, 0x00, 0x23, 0x00,
    0x23, 0x00, 0x23, 0x00, 0x23, 0x00, 0x23, 0x00, 0x23, 0x00, 0x23, 0x00, 0x23, 0x00, 0x23, 0x00,
    0x23, 0x00, 0x23, 0x00, 0x23, 0x00, 0x23, 0x00, 0x23, 0x00, 0x23, 0x00, 0x23, 0x00, 0x23, 0x00,
    0x23, 0x00, 0x23, 0x00, 0x23, 0x00, 0x23, 0x00, 0x23, 0x00, 0x23, 0x00, 0x23, 0x00, 0x23, 0x00,
    0x23, 0x00, 0x23, 0x00, 0x23, 0x00, 0x23, 0x00, 0x23, 0x00, 0x23, 0x00, 0x23, 0x00, 0x46, 0x00,
    0x46, 0x00, 0x23, 0x00, 0x23, 0x00, 0x46, 0x00, 0x8a, 0x00, 0x8a, 0x00, 0x23, 0x00, 0x23, 0x00,
    0x23, 0x00, 0x23, 0x00, 0x23, 0x00, 0x23, 0x00, 0x23, 0x00, 0x46, 0x00, 0xe8, 0x00, 0xe8, 0x00,
    0x46, 0x00, 0x8a, 0x00, 0x8a, 0x00, 0x8a, 0x00, 0x8a, 0x00, 0x8a, 0x00, 0xe8, 0x00, 0x8a, 0x00,
    0x8a, 0x00, 0x8a, 0x00, 0x8a, 0x00, 0x8a, 0x00, 0x8a, 0x00, 0xe8, 0x00, 0xe8, 0x00, 0x46, 0x00,
    0x23, 0x00, 0x23, 0x00, 0x23, 0x00, 0x23, 0x00, 0x23, 0x00, 0x23, 0x00, 0x23, 0x00, 0x23, 0x00,
    0x8a, 0x00, 0xe8, 0x00, 0xe8, 0x00, 0xe8, 0x00, 0x46, 0x00, 0xe8, 0x00, 0xe8, 0x00, 0x46, 0x00,
    0x8a, 0x00, 0x8a, 0x00, 0x46, 0x00, 0x46, 0x00, 0x0c, 0x01, 0x0c, 0x01, 0x8a, 0x00, 0x23, 0x00,
    0x23, 0x00, 0x23, 0x00, 0x23, 0x00, 0x23, 0x00, 0x23, 0x00, 0x23, 0x00, 0x23, 0x00, 0x23, 0x00,
    0x23, 0x00, 0x23, 0x00, 0x23, 0x00, 0x23, 0x00, 0x23, 0x00, 0x23, 0x00, 0x23, 0x00, 0x23, 0x00,
    0x23, 0x00, 0x23, 0x00, 0x23, 0x00, 0x23, 0x00, 0x23, 0x00, 0x23, 0x00, 0x23, 0x00, 0x23, 0x00,
    0x23, 0x00, 0x23, 0x00, 0x23, 0x00, 0x23, 0x00, 0x23, 0x00, 0x23, 0x00, 0x23, 0x00, 0x23, 0x00,
    0x23, 0x00, 0x23, 0x00, 0x23, 0x00, 0x23, 0x00, 0x23, 0x00, 0x23, 0x00, 0x23, 0x00, 0x23, 0x00,
    0x23, 0x00, 0x23, 0x00, 0x23, 0x00, 0x23, 0x00, 0x23, 0x00, 0x23, 0x00, 0x23, 0x00, 0x23, 0x00,
    0x23, 0x00, 0x23, 0x00, 0x23, 0x00, 0x23, 0x00, 0x23, 0x00, 0x23, 0x00, 0x23, 0x00, 0x23, 0x00,
    0x23, 0x00, 0x23, 0x00, 0x23, 0x00, 0x23, 0x00, 0x23, 0x00, 0x23, 0x00, 0x23, 0x00, 0x23, 0x00,
    0x23, 0x00, 0x23, 0x00, 0x23, 0x00, 0x23, 0x00, 0x23, 0x00, 0x23, 0x00, 0x23, 0x00, 0x23, 0x00,
    0x8a, 0x00, 0x33, 0x01, 0x0c, 0x01, 0x00, 0x00, 0x00, 0x00, 0x00, 0x00, 0x00, 0x00, 0x00, 0x00,
    0x00, 0x00, 0x00, 0x00, 0x00, 0x00, 0x00, 0x00, 0x00, 0x00, 0x51, 0x01, 0x33, 0x01, 0x46, 0x00,
    0x23, 0x00, 0x23, 0x00, 0x23, 0x00, 0x23, 0x00, 0x23, 0x00, 0x23, 0x00, 0x23, 0x00, 0x23, 0x00,
    0x23, 0x00, 0x23, 0x00, 0x23, 0x00, 0x23, 0x00, 0x23, 0x00, 0x23, 0x00, 0x23, 0x00, 0x23, 0x00,
    0x23, 0x00, 0x23, 0x00, 0x23, 0x00, 0x23, 0x00, 0x23, 0x00, 0x23, 0x00, 0x23, 0x00, 0x23, 0x00,
    0x23, 0x00, 0x23, 0x00, 0x23, 0x00, 0x23, 0x00, 0x23, 0x00, 0x23, 0x00, 0x23, 0x00, 0x23, 0x00,
    0x23, 0x00, 0x23, 0x00, 0x23, 0x00, 0x23, 0x00, 0x23, 0x00, 0x23, 0x00, 0x23, 0x00, 0x23, 0x00,
    0x23, 0x00, 0x23, 0x00, 0x23, 0x00, 0x23, 0x00, 0x23, 0x00, 0x23, 0x00, 0x23, 0x00, 0x23, 0x00,
    0x23, 0x00, 0x23, 0x00, 0x23, 0x00, 0x23, 0x00, 0x23, 0x00, 0x23, 0x00, 0x23, 0x00, 0x23, 0x00,
    0x23, 0x00, 0x23, 0x00, 0x23, 0x00, 0x23, 0x00, 0x23, 0x00, 0x23, 0x00, 0x23, 0x00, 0x23, 0x00,
    0x23, 0x00, 0x23, 0x00, 0x23, 0x00, 0x23, 0x00, 0x23, 0x00, 0x23, 0x00, 0x23, 0x00, 0x23, 0x00,
    0x23, 0x00, 0x23, 0x00, 0x23, 0x00, 0x23, 0x00, 0x23, 0x00, 0x23, 0x00, 0x23, 0x00, 0x23, 0x00,
    0x23, 0x00, 0x23, 0x00, 0x23, 0x00, 0x23, 0x00, 0x23, 0x00, 0x23, 0x00, 0x23, 0x00, 0x23, 0x00,
    0x23, 0x00, 0x23, 0x00, 0x23, 0x00, 0x23, 0x00, 0x23, 0x00, 0x23, 0x00, 0x23, 0x00, 0x23, 0x00,
    0x23, 0x00, 0x23, 0x00, 0x23, 0x00, 0x23, 0x00, 0x46, 0x00, 0x46, 0x00, 0x23, 0x00, 0x23, 0x00,
    0x23, 0x00, 0x23, 0x00, 0x23, 0x00, 0x23, 0x00, 0x8a, 0x00, 0xe8, 0x00, 0x23, 0x00, 0x23, 0x00,
    0x23, 0x00, 0x46, 0x00, 0x46, 0x00, 0x46, 0x00, 0x46, 0x00, 0x23, 0x00, 0x23, 0x00, 0x23, 0x00,
    0x23, 0x00, 0x23, 0x00, 0x46, 0x00, 0x23, 0x00, 0x46, 0x00, 0x23, 0x00, 0x46, 0x00, 0xe8, 0x00,
    0x46, 0x00, 0x23, 0x00, 0x23, 0x00, 0x23, 0x00, 0x23, 0x00, 0x23, 0x00, 0x23, 0x00, 0x23, 0x00,
    0x23, 0x00, 0x46, 0x00, 0x46, 0x00, 0x46, 0x00, 0x46, 0x00, 0x46, 0x00, 0x46, 0x00, 0x46, 0x00,
    0x46, 0x00, 0xe8, 0x00, 0x46, 0x00, 0x46, 0x00, 0x0c, 0x01, 0x0c, 0x01, 0x8a, 0x00, 0x23, 0x00,
    0x23, 0x00, 0x23, 0x00, 0x23, 0x00, 0x23, 0x00, 0x23, 0x00, 0x23, 0x00, 0x23, 0x00, 0x23, 0x00,
    0x23, 0x00, 0x23, 0x00, 0x23, 0x00, 0x23, 0x00, 0x23, 0x00, 0x23, 0x00, 0x23, 0x00, 0x23, 0x00,
    0x23, 0x00, 0x23, 0x00, 0x23, 0x00, 0x23, 0x00, 0x23, 0x00, 0x23, 0x00, 0x23, 0x00, 0x23, 0x00,
    0x23, 0x00, 0x23, 0x00, 0x23, 0x00, 0x23, 0x00, 0x23, 0x00, 0x23, 0x00, 0x23, 0x00, 0x23, 0x00,
    0x23, 0x00, 0x23, 0x00, 0x23, 0x00, 0x23, 0x00, 0x23, 0x00, 0x23, 0x00, 0x23, 0x00, 0x23, 0x00,
    0x23, 0x00, 0x23, 0x00, 0x23, 0x00, 0x23, 0x00, 0x23, 0x00, 0x23, 0x00, 0x23, 0x00, 0x23, 0x00,
    0x23, 0x00, 0x23, 0x00, 0x23, 0x00, 0x23, 0x00, 0x23, 0x00, 0x23, 0x00, 0x23, 0x00, 0x23, 0x00,
    0x23, 0x00, 0x23, 0x00, 0x23, 0x00, 0x23, 0x00, 0x23, 0x00, 0x23, 0x00, 0x23, 0x00, 0x23, 0x00,
    0x23, 0x00, 0x23, 0x00, 0x23, 0x00, 0x23, 0x00, 0x23, 0x00, 0x23, 0x00, 0x23, 0x00, 0x23, 0x00,
    0x8a, 0x00, 0x33, 0x01, 0x0c, 0x01, 0x00, 0x00, 0x00, 0x00, 0x00, 0x00, 0x00, 0x00, 0x00, 0x00,
    0x00, 0x00, 0x00, 0x00, 0x00, 0x00, 0x00, 0x00, 0x00, 0x00, 0xef, 0x00, 0x33, 0x01, 0xe8, 0x00,
    0x23, 0x00, 0x23, 0x00, 0x23, 0x00, 0x23, 0x00, 0x23, 0x00, 0x23, 0x00, 0x23, 0x00, 0x23, 0x00,
    0x23, 0x00, 0x23, 0x00, 0x23, 0x00, 0x23, 0x00, 0x23, 0x00, 0x23, 0x00, 0x23, 0x00, 0x23, 0x00,
    0x23, 0x00, 0x23, 0x00, 0x23, 0x00, 0x23, 0x00, 0x23, 0x00, 0x23, 0x00, 0x23, 0x00, 0x23, 0x00,
    0x23, 0x00, 0x23, 0x00, 0x23, 0x00, 0x23, 0x00, 0x23, 0x00, 0x23, 0x00, 0x23, 0x00, 0x23, 0x00,
    0x23, 0x00, 0x23, 0x00, 0x23, 0x00, 0x23, 0x00, 0x23, 0x00, 0x23, 0x00, 0x23, 0x00, 0x23, 0x00,
    0x23, 0x00, 0x23, 0x00, 0x23, 0x00, 0x23, 0x00, 0x23, 0x00, 0x23, 0x00, 0x23, 0x00, 0x23, 0x00,
    0x23, 0x00, 0x23, 0x00, 0x23, 0x00, 0x23, 0x00, 0x23, 0x00, 0x23, 0x00, 0x23, 0x00, 0x23, 0x00,
    0x23, 0x00, 0x23, 0x00, 0x23, 0x00, 0x23, 0x00, 0x23, 0x00, 0x23, 0x00, 0x23, 0x00, 0x23, 0x00,
    0x23, 0x00, 0x23, 0x00, 0x23, 0x00, 0x23, 0x00, 0x23, 0x00, 0x23, 0x00, 0x23, 0x00, 0x23, 0x00,
    0x23, 0x00, 0x23, 0x00, 0x23, 0x00, 0x23, 0x00, 0x23, 0x00, 0x23, 0x00, 0x23, 0x00, 0x23, 0x00,
    0x23, 0x00, 0x23, 0x00, 0x23, 0x00, 0x23, 0x00, 0x23, 0x00, 0x23, 0x00, 0x23, 0x00, 0x23, 0x00,
    0x23, 0x00, 0x23, 0x00, 0x23, 0x00, 0x23, 0x00, 0x23, 0x00, 0x23, 0x00, 0x23, 0x00, 0x23, 0x00,
    0x23, 0x00, 0x23, 0x00, 0x23, 0x00, 0x23, 0x00, 0x23, 0x00, 0x23, 0x00, 0x23, 0x00, 0x23, 0x00,
    0x23, 0x00, 0x23, 0x00, 0x23, 0x00, 0x46, 0x00, 0xe8, 0x00, 0x23, 0x00, 0x23, 0x00, 0x23, 0x00,
    0x23, 0x00, 0x23, 0x00, 0x23, 0x00, 0x23, 0x00, 0x23, 0x00, 0x23, 0x00, 0x23, 0x00, 0x23, 0x00,
    0x23, 0x00, 0x23, 0x00, 0x23, 0x00, 0x23, 0x00, 0x23, 0x00, 0x23, 0x00, 0x23, 0x00, 0x46, 0x00,
    0xe8, 0x00, 0x46, 0x00, 0x23, 0x00, 0x23, 0x00, 0x23, 0x00, 0x23, 0x00, 0x23, 0x00, 0x23, 0x00,
    0x23, 0x00, 0x23, 0x00, 0x23, 0x00, 0x23, 0x00, 0x23, 0x00, 0x23, 0x00, 0x23, 0x00, 0x23, 0x00,
    0x23, 0x00, 0x23, 0x00, 0x23, 0x00, 0x23, 0x00, 0x23, 0x00, 0x23, 0x00, 0x23, 0x00, 0x23, 0x00,
    0x23, 0x00, 0x23, 0x00, 0x23, 0x00, 0x23, 0x00, 0x23, 0x00, 0x23, 0x00, 0x23, 0x00, 0x23, 0x00,
    0x23, 0x00, 0x23, 0x00, 0x23, 0x00, 0x23, 0x00, 0x23, 0x00, 0x23, 0x00, 0x23, 0x00, 0x23, 0x00,
    0x23, 0x00, 0x23, 0x00, 0x23, 0x00, 0x23, 0x00, 0x23, 0x00, 0x23, 0x00, 0x23, 0x00, 0x23, 0x00,
    0x23, 0x00, 0x23, 0x00, 0x23, 0x00, 0x23, 0x00, 0x23, 0x00, 0x23, 0x00, 0x23, 0x00, 0x23, 0x00,
    0x23, 0x00, 0x23, 0x00, 0x23, 0x00, 0x23, 0x00, 0x23, 0x00, 0x23, 0x00, 0x23, 0x00, 0x23, 0x00,
    0x23, 0x00, 0x23, 0x00, 0x23, 0x00, 0x23, 0x00, 0x23, 0x00, 0x23, 0x00, 0x23, 0x00, 0x23, 0x00,
    0x23, 0x00, 0x23, 0x00, 0x23, 0x00, 0x23, 0x00, 0x23, 0x00, 0x23, 0x00, 0x23, 0x00, 0x23, 0x00,
    0x23, 0x00, 0x23, 0x00, 0x23, 0x00, 0x23, 0x00, 0x23, 0x00, 0x23, 0x00, 0x23, 0x00, 0x23, 0x00,
    0x23, 0x00, 0x23, 0x00, 0x23, 0x00, 0x23, 0x00, 0x23, 0x00, 0x23, 0x00, 0x23, 0x00, 0x23, 0x00,
    0x8a, 0x00, 0x33, 0x01, 0x0c, 0x01, 0x00, 0x00, 0x00, 0x00, 0x00, 0x00, 0x00, 0x00, 0x00, 0x00,
    0x00, 0x00, 0x00, 0x00, 0x00, 0x00, 0x00, 0x00, 0x00, 0x00, 0xef, 0x00, 0x33, 0x01, 0x46, 0x00,
    0x23, 0x00, 0x23, 0x00, 0x23, 0x00, 0x23, 0x00, 0x23, 0x00, 0x23, 0x00, 0x23, 0x00, 0x23, 0x00,
    0x23, 0x00, 0x23, 0x00, 0x23, 0x00, 0x23, 0x00, 0x23, 0x00, 0x23, 0x00, 0x23, 0x00, 0x23, 0x00,
    0x23, 0x00, 0x23, 0x00, 0x23, 0x00, 0x23, 0x00, 0x23, 0x00, 0x23, 0x00, 0x23, 0x00, 0x23, 0x00,
    0x23, 0x00, 0x23, 0x00, 0x23, 0x00, 0x23, 0x00, 0x23, 0x00, 0x23, 0x00, 0x23, 0x00, 0x23, 0x00,
    0x23, 0x00, 0x23, 0x00, 0x23, 0x00, 0x23, 0x00, 0x23, 0x00, 0x23, 0x00, 0x23, 0x00, 0x23, 0x00,
    0x23, 0x00, 0x23, 0x00, 0x23, 0x00, 0x23, 0x00, 0x23, 0x00, 0x23, 0x00, 0x23, 0x00, 0x23, 0x00,
    0x23, 0x00, 0x23, 0x00, 0x23, 0x00, 0x23, 0x00, 0x23, 0x00, 0x23, 0x00, 0x23, 0x00, 0x23, 0x00,
    0x23, 0x00, 0x23, 0x00, 0x23, 0x00, 0x23, 0x00, 0x23, 0x00, 0x23, 0x00, 0x23, 0x00, 0x23, 0x00,
    0x23, 0x00, 0x23, 0x00, 0x23, 0x00, 0x23, 0x00, 0x23, 0x00, 0x23, 0x00, 0x23, 0x00, 0x23, 0x00,
    0x23, 0x00, 0x23, 0x00, 0x23, 0x00, 0x23, 0x00, 0x23, 0x00, 0x23, 0x00, 0x23, 0x00, 0x23, 0x00,
    0x23, 0x00, 0x23, 0x00, 0x23, 0x00, 0x23, 0x00, 0x23, 0x00, 0x23, 0x00, 0x23, 0x00, 0x23, 0x00,
    0x23, 0x00, 0x23, 0x00, 0x23, 0x00, 0x23, 0x00, 0x23, 0x00, 0x23, 0x00, 0x23, 0x00, 0x23, 0x00,
    0x23, 0x00, 0x23, 0x00, 0x23, 0x00, 0x23, 0x00, 0x23, 0x00, 0x23, 0x00, 0x23, 0x00, 0x23, 0x00,
    0x23, 0x00, 0x23, 0x00, 0x46, 0x00, 0x46, 0x00, 0x23, 0x00, 0x23, 0x00, 0x23, 0x00, 0x23, 0x00,
    0x23, 0x00, 0x23, 0x00, 0x23, 0x00, 0x23, 0x00, 0x23, 0x00, 0x23, 0x00, 0x23, 0x00, 0x23, 0x00,
    0x23, 0x00, 0x23, 0x00, 0x23, 0x00, 0x23, 0x00, 0x23, 0x00, 0x23, 0x00, 0x23, 0x00, 0x23, 0x00,
    0x46, 0x00, 0x8a, 0x00, 0x46, 0x00, 0x23, 0x00, 0x23, 0x00, 0x23, 0x00, 0x23, 0x00, 0x23, 0x00,
    0x23, 0x00, 0x23, 0x00, 0x23, 0x00, 0x23, 0x00, 0x23, 0x00, 0x23, 0x00, 0x23, 0x00, 0x23, 0x00,
    0x23, 0x00, 0x23, 0x00, 0x23, 0x00, 0x23, 0x00, 0x23, 0x00, 0x23, 0x00, 0x23, 0x00, 0x23, 0x00,
    0x23, 0x00, 0x23, 0x00, 0x23, 0x00, 0x23, 0x00, 0x23, 0x00, 0x23, 0x00, 0x23, 0x00, 0x23, 0x00,
    0x23, 0x00, 0x23, 0x00, 0x23, 0x00, 0x23, 0x00, 0x23, 0x00, 0x23, 0x00, 0x23, 0x00, 0x23, 0x00,
    0x23, 0x00, 0x23, 0x00, 0x23, 0x00, 0x23, 0x00, 0x23, 0x00, 0x23, 0x00, 0x23, 0x00, 0x23, 0x00,
    0x23, 0x00, 0x23, 0x00, 0x23, 0x00, 0x23, 0x00, 0x23, 0x00, 0x23, 0x00, 0x23, 0x00, 0x23, 0x00,
    0x23, 0x00, 0x23, 0x00, 0x23, 0x00, 0x23, 0x00, 0x23, 0x00, 0x23, 0x00, 0x23, 0x00, 0x23, 0x00,
    0x23, 0x00, 0x23, 0x00, 0x23, 0x00, 0x23, 0x00, 0x23, 0x00, 0x23, 0x00, 0x23, 0x00, 0x23, 0x00,
    0x23, 0x00, 0x23, 0x00, 0x23, 0x00, 0x23, 0x00, 0x23, 0x00, 0x23, 0x00, 0x23, 0x00, 0x23, 0x00,
    0x23, 0x00, 0x23, 0x00, 0x23, 0x00, 0x23, 0x00, 0x23, 0x00, 0x23, 0x00, 0x23, 0x00, 0x23, 0x00,
    0x23, 0x00, 0x23, 0x00, 0x23, 0x00, 0x23, 0x00, 0x23, 0x00, 0x23, 0x00, 0x23, 0x00, 0x23, 0x00,
    0x8a, 0x00, 0x33, 0x01, 0x0c, 0x01, 0x00, 0x00, 0x00, 0x00, 0x00, 0x00, 0x00, 0x00, 0x00, 0x00,
    0x00, 0x00, 0x00, 0x00, 0x00, 0x00, 0x00, 0x00, 0x00, 0x00, 0x51, 0x01, 0x33, 0x01, 0x46, 0x00,
    0x23, 0x00, 0x23, 0x00, 0x23, 0x00, 0x23, 0x00, 0x23, 0x00, 0x23, 0x00, 0x23, 0x00, 0x23, 0x00,
    0x23, 0x00, 0x23, 0x00, 0x23, 0x00, 0x23, 0x00, 0x23, 0x00, 0x23, 0x00, 0x23, 0x00, 0x23, 0x00,
    0x23, 0x00, 0x23, 0x00, 0x23, 0x00, 0x23, 0x00, 0x23, 0x00, 0x23, 0x00, 0x23, 0x00, 0x23, 0x00,
    0x23, 0x00, 0x23, 0x00, 0x23, 0x00, 0x23, 0x00, 0x23, 0x00, 0x23, 0x00, 0x23, 0x00, 0x23, 0x00,
    0x23, 0x00, 0x23, 0x00, 0x23, 0x00, 0x23, 0x00, 0x23, 0x00, 0x23, 0x00, 0x23, 0x00, 0x23, 0x00,
    0x23, 0x00, 0x23, 0x00, 0x23, 0x00, 0x23, 0x00, 0x23, 0x00, 0x23, 0x00, 0x23, 0x00, 0x23, 0x00,
    0x23, 0x00, 0x23, 0x00, 0x23, 0x00, 0x23, 0x00, 0x23, 0x00, 0x23, 0x00, 0x23, 0x00, 0x23, 0x00,
    0x23, 0x00, 0x23, 0x00, 0x23, 0x00, 0x23, 0x00, 0x23, 0x00, 0x23, 0x00, 0x23, 0x00, 0x23, 0x00,
    0x23, 0x00, 0x23, 0x00, 0x23, 0x00, 0x23, 0x00, 0x23, 0x00, 0x23, 0x00, 0x23, 0x00, 0x23, 0x00,
    0x23, 0x00, 0x23, 0x00, 0x23, 0x00, 0x23, 0x00, 0x23, 0x00, 0x23, 0x00, 0x23, 0x00, 0x23, 0x00,
    0x23, 0x00, 0x23, 0x00, 0x23, 0x00, 0x23, 0x00, 0x23, 0x00, 0x23, 0x00, 0x23, 0x00, 0x23, 0x00,
    0x23, 0x00, 0x23, 0x00, 0x23, 0x00, 0x23, 0x00, 0x23, 0x00, 0x23, 0x00, 0x23, 0x00, 0x23, 0x00,
    0x23, 0x00, 0x23, 0x00, 0x23, 0x00, 0x23, 0x00, 0x23, 0x00, 0x23, 0x00, 0x23, 0x00, 0x23, 0x00,
    0x23, 0x00, 0x46, 0x00, 0xe8, 0x00, 0x23, 0x00, 0x23, 0x00, 0x23, 0x00, 0x23, 0x00, 0x23, 0x00,
    0x23, 0x00, 0x23, 0x00, 0x23, 0x00, 0x23, 0x00, 0x23, 0x00, 0x23, 0x00, 0x23, 0x00, 0x23, 0x00,
    0x23, 0x00, 0x23, 0x00, 0x23, 0x00, 0x23, 0x00, 0x23, 0x00, 0x23, 0x00, 0x23, 0x00, 0x23, 0x00,
    0x23, 0x00, 0x46, 0x00, 0xe8, 0x00, 0x46, 0x00, 0x23, 0x00, 0x23, 0x00, 0x23, 0x00, 0x23, 0x00,
    0x23, 0x00, 0x23, 0x00, 0x23, 0x00, 0x23, 0x00, 0x23, 0x00, 0x23, 0x00, 0x23, 0x00, 0x23, 0x00,
    0x23, 0x00, 0x23, 0x00, 0x23, 0x00, 0x23, 0x00, 0x23, 0x00, 0x23, 0x00, 0x23, 0x00, 0x23, 0x00,
    0x23, 0x00, 0x23, 0x00, 0x23, 0x00, 0x23, 0x00, 0x23, 0x00, 0x23, 0x00, 0x23, 0x00, 0x23, 0x00,
    0x23, 0x00, 0x23, 0x00, 0x23, 0x00, 0x23, 0x00, 0x23, 0x00, 0x23, 0x00, 0x23, 0x00, 0x23, 0x00,
    0x23, 0x00, 0x23, 0x00, 0x23, 0x00, 0x23, 0x00, 0x23, 0x00, 0x23, 0x00, 0x23, 0x00, 0x23, 0x00,
    0x23, 0x00, 0x23, 0x00, 0x23, 0x00, 0x23, 0x00, 0x23, 0x00, 0x23, 0x00, 0x23, 0x00, 0x23, 0x00,
    0x23, 0x00, 0x23, 0x00, 0x23, 0x00, 0x23, 0x00, 0x23, 0x00, 0x23, 0x00, 0x23, 0x00, 0x23, 0x00,
    0x23, 0x00, 0x23, 0x00, 0x23, 0x00, 0x23, 0x00, 0x23, 0x00, 0x23, 0x00, 0x23, 0x00, 0x23, 0x00,
    0x23, 0x00, 0x23, 0x00, 0x23, 0x00, 0x23, 0x00, 0x23, 0x00, 0x23, 0x00, 0x23, 0x00, 0x23, 0x00,
    0x23, 0x00, 0x23, 0x00, 0x23, 0x00, 0x23, 0x00, 0x23, 0x00, 0x23, 0x00, 0x23, 0x00, 0x23, 0x00,
    0x23, 0x00, 0x23, 0x00, 0x23, 0x00, 0x23, 0x00, 0x23, 0x00, 0x23, 0x00, 0x23, 0x00, 0x23, 0x00,
    0x8a, 0x00, 0x33, 0x01, 0x0c, 0x01, 0x00, 0x00, 0x00, 0x00, 0x00, 0x00, 0x00, 0x00, 0x00, 0x00,
    0x00, 0x00, 0x00, 0x00, 0x00, 0x00, 0x00, 0x00, 0x00, 0x00, 0x51, 0x01, 0x33, 0x01, 0x46, 0x00,
    0x23, 0x00, 0x23, 0x00, 0x23, 0x00, 0x23, 0x00, 0x23, 0x00, 0x23, 0x00, 0x23, 0x00, 0x23, 0x00,
    0x23, 0x00, 0x23, 0x00, 0x23, 0x00, 0x23, 0x00, 0x23, 0x00, 0x23, 0x00, 0x23, 0x00, 0x23, 0x00,
    0x23, 0x00, 0x23, 0x00, 0x23, 0x00, 0x23, 0x00, 0x23, 0x00, 0x23, 0x00, 0x23, 0x00, 0x23, 0x00,
    0x23, 0x00, 0x23, 0x00, 0x23, 0x00, 0x23, 0x00, 0x23, 0x00, 0x23, 0x00, 0x23, 0x00, 0x23, 0x00,
    0x23, 0x00, 0x23, 0x00, 0x23, 0x00, 0x23, 0x00, 0x23, 0x00, 0x23, 0x00, 0x23, 0x00, 0x23, 0x00,
    0x23, 0x00, 0x23, 0x00, 0x23, 0x00, 0x23, 0x00, 0x23, 0x00, 0x23, 0x00, 0x23, 0x00, 0x23, 0x00,
    0x23, 0x00, 0x23, 0x00, 0x23, 0x00, 0x23, 0x00, 0x23, 0x00, 0x23, 0x00, 0x23, 0x00, 0x23, 0x00,
    0x23, 0x00, 0x23, 0x00, 0x23, 0x00, 0x23, 0x00, 0x23, 0x00, 0x23, 0x00, 0x23, 0x00, 0x23, 0x00,
    0x23, 0x00, 0x23, 0x00, 0x23, 0x00, 0x23, 0x00, 0x23, 0x00, 0x23, 0x00, 0x23, 0x00, 0x23, 0x00,
    0x23, 0x00, 0x23, 0x00, 0x23, 0x00, 0x23, 0x00, 0x23, 0x00, 0x23, 0x00, 0x23, 0x00, 0x23, 0x00,
    0x23, 0x00, 0x23, 0x00, 0x23, 0x00, 0x23, 0x00, 0x23, 0x00, 0x23, 0x00, 0x23, 0x00, 0x23, 0x00,
    0x23, 0x00, 0x23, 0x00, 0x23, 0x00, 0x23, 0x00, 0x23, 0x00, 0x23, 0x00, 0x46, 0x00, 0x8a, 0x00,
    0x0c, 0x01, 0x23, 0x00, 0x23, 0x00, 0x46, 0x00, 0x23, 0x00, 0x23, 0x00, 0x46, 0x00, 0x46, 0x00,
    0x8a, 0x00, 0xe8, 0x00, 0x23, 0x00, 0x23, 0x00, 0x23, 0x00, 0x23, 0x00, 0x23, 0x00, 0x23, 0x00,
    0x23, 0x00, 0x23, 0x00, 0x23, 0x00, 0x23, 0x00, 0x23, 0x00, 0x23, 0x00, 0x23, 0x00, 0x46, 0x00,
    0x23, 0x00, 0x23, 0x00, 0x23, 0x00, 0x23, 0x00, 0x23, 0x00, 0x23, 0x00, 0x23, 0x00, 0x23, 0x00,
    0x23, 0x00, 0x23, 0x00, 0x46, 0x00, 0xe8, 0x00, 0x46, 0x00, 0x23, 0x00, 0x23, 0x00, 0x23, 0x00,
    0x23, 0x00, 0x23, 0x00, 0x23, 0x00, 0x23, 0x00, 0x23, 0x00, 0x23, 0x00, 0x23, 0x00, 0x23, 0x00,
    0x23, 0x00, 0x23, 0x00, 0x23, 0x00, 0x23, 0x00, 0x46, 0x00, 0x46, 0x00, 0x46, 0x00, 0x23, 0x00,
    0x23, 0x00, 0x23, 0x00, 0x23, 0x00, 0x23, 0x00, 0x23, 0x00, 0x23, 0x00, 0x23, 0x00, 0x23, 0x00,
    0x23, 0x00, 0x23, 0x00, 0x23, 0x00, 0x23, 0x00, 0x23, 0x00, 0x23, 0x00, 0x23, 0x00, 0x23, 0x00,
    0x23, 0x00, 0x23, 0x00, 0x23, 0x00, 0x23, 0x00, 0x23, 0x00, 0x23, 0x00, 0x23, 0x00, 0x23, 0x00,
    0x23, 0x00, 0x23, 0x00, 0x23, 0x00, 0x23, 0x00, 0x23, 0x00, 0x23, 0x00, 0x23, 0x00, 0x23, 0x00,
    0x23, 0x00, 0x23, 0x00, 0x23, 0x00, 0x23, 0x00, 0x23, 0x00, 0x23, 0x00, 0x23, 0x00, 0x23, 0x00,
    0x23, 0x00, 0x23, 0x00, 0x23, 0x00, 0x23, 0x00, 0x23, 0x00, 0x23, 0x00, 0x23, 0x00, 0x23, 0x00,
    0x23, 0x00, 0x23, 0x00, 0x23, 0x00, 0x23, 0x00, 0x23, 0x00, 0x23, 0x00, 0x23, 0x00, 0x23, 0x00,
    0x23, 0x00, 0x23, 0x00, 0x23, 0x00, 0x23, 0x00, 0x23, 0x00, 0x23, 0x00, 0x23, 0x00, 0x23, 0x00,
    0x23, 0x00, 0x23, 0x00, 0x23, 0x00, 0x23, 0x00, 0x23, 0x00, 0x23, 0x00, 0x23, 0x00, 0x23, 0x00,
    0x8a, 0x00, 0x33, 0x01, 0x0c, 0x01, 0x00, 0x00, 0x00, 0x00, 0x00, 0x00, 0x00, 0x00, 0x00, 0x00,
    0x00, 0x00, 0x00, 0x00, 0x00, 0x00, 0x00, 0x00, 0x00, 0x00, 0x51, 0x01, 0x33, 0x01, 0x46, 0x00,
    0x23, 0x00, 0x23, 0x00, 0x23, 0x00, 0x23, 0x00, 0x23, 0x00, 0x23, 0x00, 0x23, 0x00, 0x23, 0x00,
    0x23, 0x00, 0x23, 0x00, 0x23, 0x00, 0x23, 0x00, 0x23, 0x00, 0x23, 0x00, 0x23, 0x00, 0x23, 0x00,
    0x23, 0x00, 0x23, 0x00, 0x23, 0x00, 0x23, 0x00, 0x23, 0x00, 0x23, 0x00, 0x23, 0x00, 0x23, 0x00,
    0x23, 0x00, 0x23, 0x00, 0x23, 0x00, 0x23, 0x00, 0x23, 0x00, 0x23, 0x00, 0x23, 0x00, 0x23, 0x00,
    0x23, 0x00, 0x23, 0x00, 0x23, 0x00, 0x23, 0x00, 0x23, 0x00, 0x23, 0x00, 0x23, 0x00, 0x23, 0x00,
    0x23, 0x00, 0x23, 0x00, 0x23, 0x00, 0x23, 0x00, 0x23, 0x00, 0x23, 0x00, 0x23, 0x00, 0x23, 0x00,
    0x23, 0x00, 0x23, 0x00, 0x23, 0x00, 0x23, 0x00, 0x23, 0x00, 0x23, 0x00, 0x23, 0x00, 0x23, 0x00,
    0x23, 0x00, 0x23, 0x00, 0x23, 0x00, 0x23, 0x00, 0x23, 0x00, 0x23, 0x00, 0x23, 0x00, 0x23, 0x00,
    0x23, 0x00, 0x23, 0x00, 0x23, 0x00, 0x23, 0x00, 0x23, 0x00, 0x23, 0x00, 0x23, 0x00, 0x23, 0x00,
    0x23, 0x00, 0x23, 0x00, 0x23, 0x00, 0x23, 0x00, 0x23, 0x00, 0x23, 0x00, 0x23, 0x00, 0x23, 0x00,
    0x23, 0x00, 0x23, 0x00, 0x23, 0x00, 0x23, 0x00, 0x23, 0x00, 0x23, 0x00, 0x23, 0x00, 0x23, 0x00,
    0x23, 0x00, 0x23, 0x00, 0x23, 0x00, 0x23, 0x00, 0x23, 0x00, 0x23, 0x00, 0x46, 0x00, 0x8a, 0x00,
    0x8a, 0x00, 0x46, 0x00, 0xe8, 0x00, 0x8a, 0x00, 0xe8, 0x00, 0xe8, 0x00, 0x8a, 0x00, 0x8a, 0x00,
    0xe8, 0x00, 0x46, 0x00, 0x23, 0x00, 0x23, 0x00, 0x23, 0x00, 0x23, 0x00, 0xe8, 0x00, 0x8a, 0x00,
    0x23, 0x00, 0x23, 0x00, 0x46, 0x00, 0x46, 0x00, 0x46, 0x00, 0x23, 0x00, 0x23, 0x00, 0x8a, 0x00,
    0x8a, 0x00, 0x23, 0x00, 0x23, 0x00, 0x46, 0x00, 0x46, 0x00, 0x46, 0x00, 0x23, 0x00, 0x23, 0x00,
    0x23, 0x00, 0x23, 0x00, 0x23, 0x00, 0x46, 0x00, 0xe8, 0x00, 0x46, 0x00, 0x46, 0x00, 0xe8, 0x00,
    0xe8, 0x00, 0x46, 0x00, 0xe8, 0x00, 0xe8, 0x00, 0x46, 0x00, 0x46, 0x00, 0xe8, 0x00, 0x46, 0x00,
    0x46, 0x00, 0xe8, 0x00, 0x23, 0x00, 0x46, 0x00, 0xb5, 0x01, 0x51, 0x01, 0xef, 0x00, 0x23, 0x00,
    0x23, 0x00, 0x23, 0x00, 0x23, 0x00, 0x23, 0x00, 0x23, 0x00, 0x23, 0x00, 0x23, 0x00, 0x23, 0x00,
    0x23, 0x00, 0x23, 0x00, 0x23, 0x00, 0x23, 0x00, 0x23, 0x00, 0x23, 0x00, 0x23, 0x00, 0x23, 0x00,
    0x23, 0x00, 0x23, 0x00, 0x23, 0x00, 0x23, 0x00, 0x23, 0x00, 0x23, 0x00, 0x23, 0x00, 0x23, 0x00,
    0x23, 0x00, 0x23, 0x00, 0x23, 0x00, 0x23, 0x00, 0x23, 0x00, 0x23, 0x00, 0x23, 0x00, 0x23, 0x00,
    0x23, 0x00, 0x23, 0x00, 0x23, 0x00, 0x23, 0x00, 0x23, 0x00, 0x23, 0x00, 0x23, 0x00, 0x23, 0x00,
    0x23, 0x00, 0x23, 0x00, 0x23, 0x00, 0x23, 0x00, 0x23, 0x00, 0x23, 0x00, 0x23, 0x00, 0x23, 0x00,
    0x23, 0x00, 0x23, 0x00, 0x23, 0x00, 0x23, 0x00, 0x23, 0x00, 0x23, 0x00, 0x23, 0x00, 0x23, 0x00,
    0x23, 0x00, 0x23, 0x00, 0x23, 0x00, 0x23, 0x00, 0x23, 0x00, 0x23, 0x00, 0x23, 0x00, 0x23, 0x00,
    0x23, 0x00, 0x23, 0x00, 0x23, 0x00, 0x23, 0x00, 0x23, 0x00, 0x23, 0x00, 0x23, 0x00, 0x23, 0x00,
    0x8a, 0x00, 0x33, 0x01, 0x0c, 0x01, 0x00, 0x00, 0x00, 0x00, 0x00, 0x00, 0x00, 0x00, 0x00, 0x00,
    0x00, 0x00, 0x00, 0x00, 0x00, 0x00, 0x00, 0x00, 0x00, 0x00, 0xef, 0x00, 0x51, 0x01, 0x46, 0x00,
    0x23, 0x00, 0x23, 0x00, 0x23, 0x00, 0x23, 0x00, 0x23, 0x00, 0x23, 0x00, 0x23, 0x00, 0x23, 0x00,
    0x23, 0x00, 0x23, 0x00, 0x23, 0x00, 0x23, 0x00, 0x23, 0x00, 0x23, 0x00, 0x23, 0x00, 0x23, 0x00,
    0x23, 0x00, 0x23, 0x00, 0x23, 0x00, 0x23, 0x00, 0x23, 0x00, 0x23, 0x00, 0x23, 0x00, 0x23, 0x00,
    0x23, 0x00, 0x23, 0x00, 0x23, 0x00, 0x23, 0x00, 0x23, 0x00, 0x23, 0x00, 0x23, 0x00, 0x23, 0x00,
    0x23, 0x00, 0x23, 0x00, 0x23, 0x00, 0x23, 0x00, 0x23, 0x00, 0x23, 0x00, 0x23, 0x00, 0x23, 0x00,
    0x23, 0x00, 0x23, 0x00, 0x23, 0x00, 0x23, 0x00, 0x23, 0x00, 0x23, 0x00, 0x23, 0x00, 0x23, 0x00,
    0x23, 0x00, 0x23, 0x00, 0x23, 0x00, 0x23, 0x00, 0x23, 0x00, 0x23, 0x00, 0x23, 0x00, 0x23, 0x00,
    0x23, 0x00, 0x23, 0x00, 0x23, 0x00, 0x23, 0x00, 0x23, 0x00, 0x23, 0x00, 0x23, 0x00, 0x23, 0x00,
    0x23, 0x00, 0x23, 0x00, 0x23, 0x00, 0x23, 0x00, 0x23, 0x00, 0x23, 0x00, 0x23, 0x00, 0x23, 0x00,
    0x23, 0x00, 0x23, 0x00, 0x23, 0x00, 0x23, 0x00, 0x23, 0x00, 0x23, 0x00, 0x23, 0x00, 0x23, 0x00,
    0x23, 0x00, 0x23, 0x00, 0x23, 0x00, 0x23, 0x00, 0x23, 0x00, 0x23, 0x00, 0x23, 0x00, 0x23, 0x00,
    0x23, 0x00, 0x23, 0x00, 0x23, 0x00, 0x23, 0x00, 0x23, 0x00, 0x23, 0x00, 0x23, 0x00, 0x23, 0x00,
    0x46, 0x00, 0x23, 0x00, 0x23, 0x00, 0x23, 0x00, 0x23, 0x00, 0x23, 0x00, 0x23, 0x00, 0x23, 0x00,
    0x23, 0x00, 0x23, 0x00, 0x23, 0x00, 0x23, 0x00, 0x23, 0x00, 0x23, 0x00, 0x46, 0x00, 0x46, 0x00,
    0x23, 0x00, 0x23, 0x00, 0x23, 0x00, 0x46, 0x00, 0x46, 0x00, 0x23, 0x00, 0x23, 0x00, 0x8a, 0x00,
    0x46, 0x00, 0x23, 0x00, 0x23, 0x00, 0x46, 0x00, 0x46, 0x00, 0x46, 0x00, 0x23, 0x00, 0x23, 0x00,
    0x23, 0x00, 0x23, 0x00, 0x23, 0x00, 0x23, 0x00, 0x46, 0x00, 0x46, 0x00, 0x46, 0x00, 0xe8, 0x00,
    0x46, 0x00, 0x46, 0x00, 0xe8, 0x00, 0x46, 0x00, 0x46, 0x00, 0x46, 0x00, 0x46, 0x00, 0x46, 0x00,
    0x46, 0x00, 0x46, 0x00, 0x23, 0x00, 0x46, 0x00, 0xb5, 0x01, 0x33, 0x01, 0x0c, 0x01, 0x23, 0x00,
    0x23, 0x00, 0x23, 0x00, 0x23, 0x00, 0x23, 0x00, 0x23, 0x00, 0x23, 0x00, 0x23, 0x00, 0x23, 0x00,
    0x23, 0x00, 0x23, 0x00, 0x23, 0x00, 0x23, 0x00, 0x23, 0x00, 0x23, 0x00, 0x23, 0x00, 0x23, 0x00,
    0x23, 0x00, 0x23, 0x00, 0x23, 0x00, 0x23, 0x00, 0x23, 0x00, 0x23, 0x00, 0x23, 0x00, 0x23, 0x00,
    0x23, 0x00, 0x23, 0x00, 0x23, 0x00, 0x23, 0x00, 0x23, 0x00, 0x23, 0x00, 0x23, 0x00, 0x23, 0x00,
    0x23, 0x00, 0x23, 0x00, 0x23, 0x00, 0x23, 0x00, 0x23, 0x00, 0x23, 0x00, 0x23, 0x00, 0x23, 0x00,
    0x23, 0x00, 0x23, 0x00, 0x23, 0x00, 0x23, 0x00, 0x23, 0x00, 0x23, 0x00, 0x23, 0x00, 0x23, 0x00,
    0x23, 0x00, 0x23, 0x00, 0x23, 0x00, 0x23, 0x00, 0x23, 0x00, 0x23, 0x00, 0x23, 0x00, 0x23, 0x00,
    0x23, 0x00, 0x23, 0x00, 0x23, 0x00, 0x23, 0x00, 0x23, 0x00, 0x23, 0x00, 0x23, 0x00, 0x23, 0x00,
    0x23, 0x00, 0x23, 0x00, 0xce, 0x01, 0xf1, 0x01, 0x0c, 0x01, 0x23, 0x00, 0x23, 0x00, 0x23, 0x00,
    0x8a, 0x00, 0x33, 0x01, 0x0c, 0x01, 0x00, 0x00, 0x00, 0x00, 0x00, 0x00, 0x00, 0x00, 0x00, 0x00,
    0x00, 0x00, 0x00, 0x00, 0x00, 0x00, 0x00, 0x00, 0x00, 0x00, 0x51, 0x01, 0x51, 0x01, 0xe8, 0x00,
    0x23, 0x00, 0x23, 0x00, 0x23, 0x00, 0x23, 0x00, 0x23, 0x00, 0x23, 0x00, 0x23, 0x00, 0x23, 0x00,
    0x23, 0x00, 0x23, 0x00, 0x23, 0x00, 0x23, 0x00, 0x23, 0x00, 0x23, 0x00, 0x23, 0x00, 0x23, 0x00,
    0x23, 0x00, 0x23, 0x00, 0x23, 0x00, 0x23, 0x00, 0x23, 0x00, 0x23, 0x00, 0x23, 0x00, 0x23, 0x00,
    0x23, 0x00, 0x23, 0x00, 0x23, 0x00, 0x23, 0x00, 0x23, 0x00, 0x23, 0x00, 0x23, 0x00, 0x23, 0x00,
    0x23, 0x00, 0x23, 0x00, 0x23, 0x00, 0x23, 0x00, 0x23, 0x00, 0x23, 0x00, 0x23, 0x00, 0x23, 0x00,
    0x23, 0x00, 0x23, 0x00, 0x23, 0x00, 0x23, 0x00, 0x23, 0x00, 0x23, 0x00, 0x23, 0x00, 0x23, 0x00,
    0x23, 0x00, 0x23, 0x00, 0x23, 0x00, 0x23, 0x00, 0x23, 0x00, 0x23, 0x00, 0x23, 0x00, 0x23, 0x00,
    0x23, 0x00, 0x23, 0x00, 0x23, 0x00, 0x23, 0x00, 0x23, 0x00, 0x23, 0x00, 0x23, 0x00, 0x23, 0x00,
    0x23, 0x00, 0x23, 0x00, 0x23, 0x00, 0x23, 0x00, 0x23, 0x00, 0x23, 0x00, 0x23, 0x00, 0x23, 0x00,
    0x23, 0x00, 0x23, 0x00, 0x23, 0x00, 0x23, 0x00, 0x23, 0x00, 0x23, 0x00, 0x23, 0x00, 0x23, 0x00,
    0x23, 0x00, 0x23, 0x00, 0x23, 0x00, 0x23, 0x00, 0x23, 0x00, 0x23, 0x00, 0x23, 0x00, 0x23, 0x00,
    0x23, 0x00, 0x23, 0x00, 0x23, 0x00, 0x23, 0x00, 0x23, 0x00, 0x23, 0x00, 0x23, 0x00, 0x23, 0x00,
    0x23, 0x00, 0x23, 0x00, 0x23, 0x00, 0x23, 0x00, 0x23, 0x00, 0x23, 0x00, 0x23, 0x00, 0x23, 0x00,
    0x23, 0x00, 0x23, 0x00, 0x23, 0x00, 0x23, 0x00, 0x23, 0x00, 0x23, 0x00, 0x23, 0x00, 0x23, 0x00,
    0x23, 0x00, 0x23, 0x00, 0x23, 0x00, 0x23, 0x00, 0x23, 0x00, 0x23, 0x00, 0x23, 0x00, 0x23, 0x00,
    0x23, 0x00, 0x23, 0x00, 0x23, 0x00, 0x23, 0x00, 0x23, 0x00, 0x23, 0x00, 0x23, 0x00, 0x23, 0x00,
    0x23, 0x00, 0x23, 0x00, 0x23, 0x00, 0x23, 0x00, 0x23, 0x00, 0x23, 0x00, 0x23, 0x00, 0x23, 0x00,
    0x23, 0x00, 0x23, 0x00, 0x23, 0x00, 0x23, 0x00, 0x23, 0x00, 0x23, 0x00, 0x23, 0x00, 0x23, 0x00,
    0x23, 0x00, 0x23, 0x00, 0x23, 0x00, 0x23, 0x00, 0x46, 0x00, 0x46, 0x00, 0x23, 0x00, 0x23, 0x00,
    0x23, 0x00, 0x23, 0x00, 0x23, 0x00, 0x23, 0x00, 0x23, 0x00, 0x23, 0x00, 0x23, 0x00, 0x23, 0x00,
    0x23, 0x00, 0x23, 0x00, 0x23, 0x00, 0x23, 0x00, 0x23, 0x00, 0x23, 0x00, 0x23, 0x00, 0x23, 0x00,
    0x23, 0x00, 0x23, 0x00, 0x23, 0x00, 0x23, 0x00, 0x23, 0x00, 0x23, 0x00, 0x23, 0x00, 0x23, 0x00,
    0x23, 0x00, 0x23, 0x00, 0x23, 0x00, 0x23, 0x00, 0x23, 0x00, 0x23, 0x00, 0x23, 0x00, 0x23, 0x00,
    0x23, 0x00, 0x23, 0x00, 0x23, 0x00, 0x23, 0x00, 0x23, 0x00, 0x23, 0x00, 0x23, 0x00, 0x23, 0x00,
    0x23, 0x00, 0x23, 0x00, 0x23, 0x00, 0x23, 0x00, 0x23, 0x00, 0x23, 0x00, 0x23, 0x00, 0x23, 0x00,
    0x23, 0x00, 0x23, 0x00, 0x23, 0x00, 0x23, 0x00, 0x23, 0x00, 0x23, 0x00, 0x23, 0x00, 0x23, 0x00,
    0x23, 0x00, 0x23, 0x00, 0x23, 0x00, 0x23, 0x00, 0x23, 0x00, 0x23, 0x00, 0x23, 0x00, 0x23, 0x00,
    0x23, 0x00, 0x23, 0x00, 0xdf, 0x02, 0x3f, 0x02, 0xdf, 0x02, 0x23, 0x00, 0x23, 0x00, 0x46, 0x00,
    0x0c, 0x01, 0x51, 0x01, 0x0c, 0x01, 0x00, 0x00, 0x00, 0x00, 0x00, 0x00, 0x00, 0x00, 0x00, 0x00,
    0x00, 0x00, 0x00, 0x00, 0x00, 0x00, 0x00, 0x00, 0x00, 0x00, 0xef, 0x00, 0x51, 0x01, 0x51, 0x01,
    0xef, 0x00, 0x23, 0x00, 0x23, 0x00, 0x23, 0x00, 0x23, 0x00, 0x23, 0x00, 0x23, 0x00, 0x23, 0x00,
    0x23, 0x00, 0x23, 0x00, 0x23, 0x00, 0x23, 0x00, 0x23, 0x00, 0x23, 0x00, 0x23, 0x00, 0x23, 0x00,
    0x23, 0x00, 0x23, 0x00, 0x23, 0x00, 0x23, 0x00, 0x23, 0x00, 0x23, 0x00, 0x23, 0x00, 0x23, 0x00,
    0x23, 0x00, 0x23, 0x00, 0x23, 0x00, 0x23, 0x00, 0x23, 0x00, 0x23, 0x00, 0x23, 0x00, 0x23, 0x00,
    0x23, 0x00, 0x23, 0x00, 0x23, 0x00, 0x23, 0x00, 0x23, 0x00, 0x23, 0x00, 0x23, 0x00, 0x23, 0x00,
    0x23, 0x00, 0x23, 0x00, 0x23, 0x00, 0x23, 0x00, 0x23, 0x00, 0x23, 0x00, 0x23, 0x00, 0x23, 0x00,
    0x23, 0x00, 0x23, 0x00, 0x23, 0x00, 0x23, 0x00, 0x23, 0x00, 0x23, 0x00, 0x23, 0x00, 0x23, 0x00,
    0x23, 0x00, 0x23, 0x00, 0x23, 0x00, 0x23, 0x00, 0x23, 0x00, 0x23, 0x00, 0x23, 0x00, 0x23, 0x00,
    0x23, 0x00, 0x23, 0x00, 0x23, 0x00, 0x23, 0x00, 0x23, 0x00, 0x23, 0x00, 0x23, 0x00, 0x23, 0x00,
    0x23, 0x00, 0x23, 0x00, 0x23, 0x00, 0x23, 0x00, 0x23, 0x00, 0x23, 0x00, 0x23, 0x00, 0x23, 0x00,
    0x23, 0x00, 0x23, 0x00, 0x23, 0x00, 0x23, 0x00, 0x23, 0x00, 0x23, 0x00, 0x23, 0x00, 0x23, 0x00,
    0x23, 0x00, 0x23, 0x00, 0x23, 0x00, 0x23, 0x00, 0x23, 0x00, 0x23, 0x00, 0x23, 0x00, 0x23, 0x00,
    0x23, 0x00, 0x23, 0x00, 0x23, 0x00, 0x23, 0x00, 0x23, 0x00, 0x23, 0x00, 0x23, 0x00, 0x23, 0x00,
    0x23, 0x00, 0x23, 0x00, 0x23, 0x00, 0x23, 0x00, 0x23, 0x00, 0x23, 0x00, 0x23, 0x00, 0x23, 0x00,
    0x23, 0x00, 0x23, 0x00, 0x23, 0x00, 0x23, 0x00, 0x23, 0x00, 0x23, 0x00, 0x23, 0x00, 0x23, 0x00,
    0x23, 0x00, 0x23, 0x00, 0x23, 0x00, 0x23, 0x00, 0x23, 0x00, 0x23, 0x00, 0x23, 0x00, 0x23, 0x00,
    0x23, 0x00, 0x23, 0x00, 0x23, 0x00, 0x23, 0x00, 0x23, 0x00, 0x23, 0x00, 0x23, 0x00, 0x23, 0x00,
    0x23, 0x00, 0x23, 0x00, 0x23, 0x00, 0x23, 0x00, 0x23, 0x00, 0x23, 0x00, 0x23, 0x00, 0x23, 0x00,
    0x23, 0x00, 0x23, 0x00, 0x23, 0x00, 0x23, 0x00, 0x23, 0x00, 0x23, 0x00, 0x23, 0x00, 0x23, 0x00,
    0x23, 0x00, 0x23, 0x00, 0x23, 0x00, 0x23, 0x00, 0x23, 0x00, 0x23, 0x00, 0x23, 0x00, 0x23, 0x00,
    0x23, 0x00, 0x23, 0x00, 0x23, 0x00, 0x23, 0x00, 0x23, 0x00, 0x23, 0x00, 0x23, 0x00, 0x23, 0x00,
    0x23, 0x00, 0x23, 0x00, 0x23, 0x00, 0x23, 0x00, 0x23, 0x00, 0x23, 0x00, 0x23, 0x00, 0x23, 0x00,
    0x23, 0x00, 0x23, 0x00, 0x23, 0x00, 0x23, 0x00, 0x23, 0x00, 0x23, 0x00, 0x23, 0x00, 0x23, 0x00,
    0x23, 0x00, 0x23, 0x00, 0x23, 0x00, 0x23, 0x00, 0x23, 0x00, 0x23, 0x00, 0x23, 0x00, 0x23, 0x00,
    0x23, 0x00, 0x23, 0x00, 0x23, 0x00, 0x23, 0x00, 0x23, 0x00, 0x23, 0x00, 0x23, 0x00, 0x23, 0x00,
    0x23, 0x00, 0x23, 0x00, 0x23, 0x00, 0x23, 0x00, 0x23, 0x00, 0x23, 0x00, 0x23, 0x00, 0x23, 0x00,
    0x23, 0x00, 0x23, 0x00, 0x23, 0x00, 0x23, 0x00, 0x23, 0x00, 0x23, 0x00, 0x23, 0x00, 0x23, 0x00,
    0x23, 0x00, 0x23, 0x00, 0xdf, 0x02, 0xdf, 0x02, 0xdf, 0x02, 0x23, 0x00, 0xe8, 0x00, 0x33, 0x01,
    0x51, 0x01, 0x51, 0x01, 0x0c, 0x01, 0x00, 0x00, 0x00, 0x00, 0x00, 0x00, 0x00, 0x00, 0x00, 0x00,
    0x00, 0x00, 0x00, 0x00, 0x00, 0x00, 0x00, 0x00, 0x00, 0x00, 0x46, 0x00, 0xe8, 0x00, 0x51, 0x01,
    0x51, 0x01, 0x0c, 0x01, 0x8a, 0x00, 0x23, 0x00, 0x23, 0x00, 0x23, 0x00, 0x23, 0x00, 0x23, 0x00,
    0x23, 0x00, 0x23, 0x00, 0x23, 0x00, 0x23, 0x00, 0x23, 0x00, 0x23, 0x00, 0x23, 0x00, 0x23, 0x00,
    0x23, 0x00, 0x23, 0x00, 0x23, 0x00, 0x23, 0x00, 0x23, 0x00, 0x23, 0x00, 0x23, 0x00, 0x23, 0x00,
    0x23, 0x00, 0x23, 0x00, 0x23, 0x00, 0x23, 0x00, 0x23, 0x00, 0x23, 0x00, 0x23, 0x00, 0x23, 0x00,
    0x23, 0x00, 0x23, 0x00, 0x23, 0x00, 0x23, 0x00, 0x23, 0x00, 0x23, 0x00, 0x23, 0x00, 0x23, 0x00,
    0x23, 0x00, 0x23, 0x00, 0x23, 0x00, 0x23, 0x00, 0x23, 0x00, 0x23, 0x00, 0x23, 0x00, 0x23, 0x00,
    0x23, 0x00, 0x23, 0x00, 0x23, 0x00, 0x23, 0x00, 0x23, 0x00, 0x23, 0x00, 0x23, 0x00, 0x23, 0x00,
    0x23, 0x00, 0x23, 0x00, 0x23, 0x00, 0x23, 0x00, 0x23, 0x00, 0x23, 0x00, 0x23, 0x00, 0x23, 0x00,
    0x23, 0x00, 0x23, 0x00, 0x23, 0x00, 0x23, 0x00, 0x23, 0x00, 0x23, 0x00, 0x23, 0x00, 0x23, 0x00,
    0x23, 0x00, 0x23, 0x00, 0x23, 0x00, 0x23, 0x00, 0x23, 0x00, 0x23, 0x00, 0x23, 0x00, 0x23, 0x00,
    0x23, 0x00, 0x23, 0x00, 0x23, 0x00, 0x23, 0x00, 0x23, 0x00, 0x23, 0x00, 0x23, 0x00, 0x23, 0x00,
    0x23, 0x00, 0x23, 0x00, 0x23, 0x00, 0x23, 0x00, 0x23, 0x00, 0x23, 0x00, 0x23, 0x00, 0x23, 0x00,
    0x23, 0x00, 0x23, 0x00, 0x23, 0x00, 0x23, 0x00, 0x23, 0x00, 0x23, 0x00, 0x23, 0x00, 0x23, 0x00,
    0x23, 0x00, 0x23, 0x00, 0x23, 0x00, 0x23, 0x00, 0x23, 0x00, 0x23, 0x00, 0x23, 0x00, 0x23, 0x00,
    0x23, 0x00, 0x23, 0x00, 0x23, 0x00, 0x23, 0x00, 0x23, 0x00, 0x23, 0x00, 0x23, 0x00, 0x23, 0x00,
    0x23, 0x00, 0x23, 0x00, 0x23, 0x00, 0x23, 0x00, 0x23, 0x00, 0x23, 0x00, 0x23, 0x00, 0x23, 0x00,
    0x23, 0x00, 0x23, 0x00, 0x23, 0x00, 0x23, 0x00, 0x23, 0x00, 0x23, 0x00, 0x23, 0x00, 0x23, 0x00,
    0x23, 0x00, 0x23, 0x00, 0x23, 0x00, 0x23, 0x00, 0x23, 0x00, 0x23, 0x00, 0x23, 0x00, 0x23, 0x00,
    0x23, 0x00, 0x23, 0x00, 0x23, 0x00, 0x23, 0x00, 0x23, 0x00, 0x23, 0x00, 0x23, 0x00, 0x23, 0x00,
    0x23, 0x00, 0x23, 0x00, 0x23, 0x00, 0x23, 0x00, 0x23, 0x00, 0x23, 0x00, 0x23, 0x00, 0x23, 0x00,
    0x23, 0x00, 0x23, 0x00, 0x23, 0x00, 0x23, 0x00, 0x23, 0x00, 0x23, 0x00, 0x23, 0x00, 0x23, 0x00,
    0x23, 0x00, 0x23, 0x00, 0x23, 0x00, 0x23, 0x00, 0x23, 0x00, 0x23, 0x00, 0x23, 0x00, 0x23, 0x00,
    0x23, 0x00, 0x23, 0x00, 0x23, 0x00, 0x23, 0x00, 0x23, 0x00, 0x23, 0x00, 0x23, 0x00, 0x23, 0x00,
    0x23, 0x00, 0x23, 0x00, 0x23, 0x00, 0x23, 0x00, 0x23, 0x00, 0x23, 0x00, 0x23, 0x00, 0x23, 0x00,
    0x23, 0x00, 0x23, 0x00, 0x23, 0x00, 0x23, 0x00, 0x23, 0x00, 0x23, 0x00, 0x23, 0x00, 0x23, 0x00,
    0x23, 0x00, 0x23, 0x00, 0x23, 0x00, 0x23, 0x00, 0x23, 0x00, 0x23, 0x00, 0x23, 0x00, 0x23, 0x00,
    0x23, 0x00, 0x23, 0x00, 0x23, 0x00, 0x23, 0x00, 0x23, 0x00, 0x23, 0x00, 0x23, 0x00, 0x23, 0x00,
    0x23, 0x00, 0x23, 0x00, 0x0c, 0x01, 0x0c, 0x01, 0xe8, 0x00, 0x0c, 0x01, 0xef, 0x00, 0x51, 0x01,
    0x51, 0x01, 0x8a, 0x00, 0x46, 0x00, 0x00, 0x00, 0x00, 0x00, 0x00, 0x00, 0x00, 0x00, 0x00, 0x00,
    0x00, 0x00, 0x00, 0x00, 0x00, 0x00, 0x00, 0x00, 0x00, 0x00, 0x00, 0x00, 0x00, 0x00, 0xef, 0x00,
    0x51, 0x01, 0xef, 0x00, 0xef, 0x00, 0x23, 0x00, 0x23, 0x00, 0x23, 0x00, 0x23, 0x00, 0x23, 0x00,
    0x23, 0x00, 0x23, 0x00, 0x23, 0x00, 0x23, 0x00, 0x23, 0x00, 0x23, 0x00, 0x23, 0x00, 0x23, 0x00,
    0x23, 0x00, 0x23, 0x00, 0x23, 0x00, 0x23, 0x00, 0x23, 0x00, 0x23, 0x00, 0x23, 0x00, 0x23, 0x00,
    0x23, 0x00, 0x23, 0x00, 0x23, 0x00, 0x23, 0x00, 0x23, 0x00, 0x23, 0x00, 0x23, 0x00, 0x23, 0x00,
    0x23, 0x00, 0x23, 0x00, 0x23, 0x00, 0x23, 0x00, 0x23, 0x00, 0x23, 0x00, 0x23, 0x00, 0x23, 0x00,
    0x23, 0x00, 0x23, 0x00, 0x23, 0x00, 0x23, 0x00, 0x23, 0x00, 0x23, 0x00, 0x23, 0x00, 0x23, 0x00,
    0x23, 0x00, 0x23, 0x00, 0x23, 0x00, 0x23, 0x00, 0x23, 0x00, 0x23, 0x00, 0x23, 0x00, 0x23, 0x00,
    0x23, 0x00, 0x23, 0x00, 0x23, 0x00, 0x23, 0x00, 0x23, 0x00, 0x23, 0x00, 0x23, 0x00, 0x23, 0x00,
    0x23, 0x00, 0x23, 0x00, 0x23, 0x00, 0x23, 0x00, 0x23, 0x00, 0x23, 0x00, 0x23, 0x00, 0x23, 0x00,
    0x23, 0x00, 0x23, 0x00, 0x23, 0x00, 0x23, 0x00, 0x23, 0x00, 0x23, 0x00, 0x23, 0x00, 0x23, 0x00,
    0x23, 0x00, 0x23, 0x00, 0x23, 0x00, 0x23, 0x00, 0x23, 0x00, 0x23, 0x00, 0x23, 0x00, 0x23, 0x00,
    0x23, 0x00, 0x23, 0x00, 0x23, 0x00, 0x23, 0x00, 0x23, 0x00, 0x23, 0x00, 0x23, 0x00, 0x23, 0x00,
    0x23, 0x00, 0x23, 0x00, 0x23, 0x00, 0x23, 0x00, 0x23, 0x00, 0x23, 0x00, 0x23, 0x00, 0x23, 0x00,
    0x23, 0x00, 0x23, 0x00, 0x23, 0x00, 0x23, 0x00, 0x23, 0x00, 0x23, 0x00, 0x23, 0x00, 0x23, 0x00,
    0x23, 0x00, 0x23, 0x00, 0x23, 0x00, 0x23, 0x00, 0x23, 0x00, 0x23, 0x00, 0x23, 0x00, 0x23, 0x00,
    0x23, 0x00, 0x23, 0x00, 0x23, 0x00, 0x23, 0x00, 0x23, 0x00, 0x23, 0x00, 0x23, 0x00, 0x23, 0x00,
    0x23, 0x00, 0x23, 0x00, 0x23, 0x00, 0x23, 0x00, 0x23, 0x00, 0x23, 0x00, 0x23, 0x00, 0x23, 0x00,
    0x23, 0x00, 0x23, 0x00, 0x23, 0x00, 0x23, 0x00, 0x23, 0x00, 0x23, 0x00, 0x23, 0x00, 0x23, 0x00,
    0x23, 0x00, 0x23, 0x00, 0x23, 0x00, 0x23, 0x00, 0x23, 0x00, 0x23, 0x00, 0x23, 0x00, 0x23, 0x00,
    0x23, 0x00, 0x23, 0x00, 0x23, 0x00, 0x23, 0x00, 0x23, 0x00, 0x23, 0x00, 0x23, 0x00, 0x23, 0x00,
    0x23, 0x00, 0x23, 0x00, 0x23, 0x00, 0x23, 0x00, 0x23, 0x00, 0x23, 0x00, 0x23, 0x00, 0x23, 0x00,
    0x23, 0x00, 0x23, 0x00, 0x23, 0x00, 0x23, 0x00, 0x23, 0x00, 0x23, 0x00, 0x23, 0x00, 0x23, 0x00,
    0x23, 0x00, 0x23, 0x00, 0x23, 0x00, 0x23, 0x00, 0x23, 0x00, 0x23, 0x00, 0x23, 0x00, 0x23, 0x00,
    0x23, 0x00, 0x23, 0x00, 0x23, 0x00, 0x23, 0x00, 0x23, 0x00, 0x23, 0x00, 0x23, 0x00, 0x23, 0x00,
    0x23, 0x00, 0x23, 0x00, 0x23, 0x00, 0x23, 0x00, 0x23, 0x00, 0x23, 0x00, 0x23, 0x00, 0x23, 0x00,
    0x23, 0x00, 0x23, 0x00, 0x23, 0x00, 0x23, 0x00, 0x23, 0x00, 0x23, 0x00, 0x23, 0x00, 0x23, 0x00,
    0x23, 0x00, 0x23, 0x00, 0x23, 0x00, 0x23, 0x00, 0x23, 0x00, 0x23, 0x00, 0x23, 0x00, 0x23, 0x00,
    0x23, 0x00, 0x23, 0x00, 0x23, 0x00, 0x23, 0x00, 0x23, 0x00, 0x51, 0x01, 0xef, 0x00, 0x51, 0x01,
    0xef, 0x00, 0x00, 0x00, 0x00, 0x00, 0x00, 0x00, 0x00, 0x00, 0x00, 0x00, 0x00, 0x00, 0x00, 0x00,
    0x00, 0x00, 0x00, 0x00, 0x00, 0x00, 0x00, 0x00, 0x00, 0x00, 0x00, 0x00, 0x00, 0x00, 0x8a, 0x00,
    0x0c, 0x01, 0x33, 0x01, 0x51, 0x01, 0xe8, 0x00, 0xe8, 0x00, 0xe8, 0x00, 0xe8, 0x00, 0x8a, 0x00,
    0x8a, 0x00, 0x8a, 0x00, 0x8a, 0x00, 0x8a, 0x00, 0xe8, 0x00, 0x8a, 0x00, 0x8a, 0x00, 0xe8, 0x00,
    0xe8, 0x00, 0xe8, 0x00, 0xe8, 0x00, 0xe8, 0x00, 0xe8, 0x00, 0xe8, 0x00, 0xe8, 0x00, 0xe8, 0x00,
    0xe8, 0x00, 0xe8, 0x00, 0xe8, 0x00, 0xe8, 0x00, 0xe8, 0x00, 0xe8, 0x00, 0xe8, 0x00, 0xe8, 0x00,
    0xe8, 0x00, 0x8a, 0x00, 0xe8, 0x00, 0xe8, 0x00, 0xe8, 0x00, 0x8a, 0x00, 0x8a, 0x00, 0xe8, 0x00,
    0xe8, 0x00, 0x8a, 0x00, 0xe8, 0x00, 0xe8, 0x00, 0xe8, 0x00, 0xe8, 0x00, 0xe8, 0x00, 0xe8, 0x00,
    0xe8, 0x00, 0xe8, 0x00, 0x8a, 0x00, 0xe8, 0x00, 0xe8, 0x00, 0xe8, 0x00, 0xe8, 0x00, 0xe8, 0x00,
    0xe8, 0x00, 0x8a, 0x00, 0xe8, 0x00, 0xe8, 0x00, 0xe8, 0x00, 0x8a, 0x00, 0x8a, 0x00, 0xe8, 0x00,
    0xe8, 0x00, 0xe8, 0x00, 0xe8, 0x00, 0x8a, 0x00, 0xe8, 0x00, 0x8a, 0x00, 0xe8, 0x00, 0x8a, 0x00,
    0x8a, 0x00, 0x8a, 0x00, 0xe8, 0x00, 0xe8, 0x00, 0xe8, 0x00, 0x8a, 0x00, 0xe8, 0x00, 0xe8, 0x00,
    0x8a, 0x00, 0xe8, 0x00, 0x8a, 0x00, 0x8a, 0x00, 0x8a, 0x00, 0xe8, 0x00, 0x8a, 0x00, 0x8a, 0x00,
    0xe8, 0x00, 0x8a, 0x00, 0x8a, 0x00, 0xe8, 0x00, 0xe8, 0x00, 0x8a, 0x00, 0x8a, 0x00, 0x8a, 0x00,
    0x8a, 0x00, 0x8a, 0x00, 0x8a, 0x00, 0x8a, 0x00, 0x8a, 0x00, 0x8a, 0x00, 0x8a, 0x00, 0xe8, 0x00,
    0xe8, 0x00, 0xe8, 0x00, 0xe8, 0x00, 0xe8, 0x00, 0xe8, 0x00, 0xe8, 0x00, 0xe8, 0x00, 0x8a, 0x00,
    0x8a, 0x00, 0x8a, 0x00, 0x8a, 0x00, 0x8a, 0x00, 0x8a, 0x00, 0xe8, 0x00, 0x8a, 0x00, 0x8a, 0x00,
    0xe8, 0x00, 0xe8, 0x00, 0x8a, 0x00, 0xe8, 0x00, 0xe8, 0x00, 0xe8, 0x00, 0x8a, 0x00, 0xe8, 0x00,
    0x8a, 0x00, 0x8a, 0x00, 0x8a, 0x00, 0x8a, 0x00, 0x8a, 0x00, 0x8a, 0x00, 0x8a, 0x00, 0x8a, 0x00,
    0x8a, 0x00, 0xe8, 0x00, 0x8a, 0x00, 0xe8, 0x00, 0xe8, 0x00, 0x8a, 0x00, 0x8a, 0x00, 0x8a, 0x00,
    0x8a, 0x00, 0x8a, 0x00, 0x8a, 0x00, 0xe8, 0x00, 0xe8, 0x00, 0xe8, 0x00, 0x8a, 0x00, 0x8a, 0x00,
    0x8a, 0x00, 0xe8, 0x00, 0xe8, 0x00, 0xe8, 0x00, 0x8a, 0x00, 0x8a, 0x00, 0x8a, 0x00, 0xe8, 0x00,
    0xe8, 0x00, 0x8a, 0x00, 0x8a, 0x00, 0x8a, 0x00, 0x8a, 0x00, 0x8a, 0x00, 0xe8, 0x00, 0xe8, 0x00,
    0xe8, 0x00, 0xe8, 0x00, 0xe8, 0x00, 0x8a, 0x00, 0xe8, 0x00, 0xe8, 0x00, 0xe8, 0x00, 0xe8, 0x00,
    0xe8, 0x00, 0xe8, 0x00, 0xe8, 0x00, 0xe8, 0x00, 0xe8, 0x00, 0x8a, 0x00, 0x8a, 0x00, 0x8a, 0x00,
    0x8a, 0x00, 0xe8, 0x00, 0xe8, 0x00, 0xe8, 0x00, 0x8a, 0x00, 0x8a, 0x00, 0xe8, 0x00, 0xe8, 0x00,
    0x8a, 0x00, 0xe8, 0x00, 0xe8, 0x00, 0xe8, 0x00, 0xe8, 0x00, 0xe8, 0x00, 0xe8, 0x00, 0xe8, 0x00,
    0xe8, 0x00, 0xe8, 0x00, 0xe8, 0x00, 0xe8, 0x00, 0xe8, 0x00, 0xe8, 0x00, 0xe8, 0x00, 0xe8, 0x00,
    0xe8, 0x00, 0xe8, 0x00, 0xe8, 0x00, 0xe8, 0x00, 0x8a, 0x00, 0x8a, 0x00, 0x8a, 0x00, 0xe8, 0x00,
    0xe8, 0x00, 0xe8, 0x00, 0x8a, 0x00, 0x8a, 0x00, 0x8a, 0x00, 0x51, 0x01, 0x33, 0x01, 0x0c, 0x01,
    0xe8, 0x00, 0x00, 0x00, 0x00, 0x00, 0x00, 0x00, 0x00, 0x00, 0x00, 0x00, 0x00, 0x00, 0x00, 0x00,
    0x00, 0x00, 0x00, 0x00, 0x00, 0x00, 0x00, 0x00, 0x00, 0x00, 0x00, 0x00, 0x00, 0x00, 0x00, 0x00,
    0x00, 0x00, 0x51, 0x01, 0xef, 0x00, 0xef, 0x00, 0xef, 0x00, 0xef, 0x00, 0xef, 0x00, 0xef, 0x00,
    0xef, 0x00, 0xef, 0x00, 0x51, 0x01, 0x51, 0x01, 0xef, 0x00, 0xef, 0x00, 0xef, 0x00, 0xef, 0x00,
    0xef, 0x00, 0xef, 0x00, 0xef, 0x00, 0xef, 0x00, 0xef, 0x00, 0xef, 0x00, 0xef, 0x00, 0xef, 0x00,
    0xef, 0x00, 0xef, 0x00, 0xef, 0x00, 0xef, 0x00, 0xef, 0x00, 0xef, 0x00, 0xef, 0x00, 0xef, 0x00,
    0xef, 0x00, 0xef, 0x00, 0xef, 0x00, 0xef, 0x00, 0xef, 0x00, 0xef, 0x00, 0xef, 0x00, 0xef, 0x00,
    0xef, 0x00, 0xef, 0x00, 0xef, 0x00, 0xef, 0x00, 0xef, 0x00, 0xef, 0x00, 0xef, 0x00, 0xef, 0x00,
    0xef, 0x00, 0xef, 0x00, 0xef, 0x00, 0xef, 0x00, 0xef, 0x00, 0xef, 0x00, 0xef, 0x00, 0xef, 0x00,
    0xef, 0x00, 0xef, 0x00, 0xef, 0x00, 0xef, 0x00, 0xef, 0x00, 0xef, 0x00, 0xef, 0x00, 0xef, 0x00,
    0xef, 0x00, 0xef, 0x00, 0xef, 0x00, 0xef, 0x00, 0xef, 0x00, 0xef, 0x00, 0xef, 0x00, 0xef, 0x00,
    0xef, 0x00, 0xef, 0x00, 0xef, 0x00, 0xef, 0x00, 0xef, 0x00, 0xef, 0x00, 0xef, 0x00, 0xef, 0x00,
    0xef, 0x00, 0xef, 0x00, 0xef, 0x00, 0xef, 0x00, 0xef, 0x00, 0xef, 0x00, 0xef, 0x00, 0xef, 0x00,
    0xef, 0x00, 0xef, 0x00, 0xef, 0x00, 0xef, 0x00, 0xef, 0x00, 0xef, 0x00, 0xef, 0x00, 0xef, 0x00,
    0x51, 0x01, 0xef, 0x00, 0xef, 0x00, 0xef, 0x00, 0xef, 0x00, 0xef, 0x00, 0xef, 0x00, 0xef, 0x00,
    0xef, 0x00, 0xef, 0x00, 0xef, 0x00, 0xef, 0x00, 0xef, 0x00, 0xef, 0x00, 0xef, 0x00, 0xef, 0x00,
    0xef, 0x00, 0xef, 0x00, 0xef, 0x00, 0xef, 0x00, 0xef, 0x00, 0xef, 0x00, 0xef, 0x00, 0xef, 0x00,
    0xef, 0x00, 0xef, 0x00, 0xef, 0x00, 0xef, 0x00, 0xef, 0x00, 0xef, 0x00, 0xef, 0x00, 0xef, 0x00,
    0xef, 0x00, 0xef, 0x00, 0xef, 0x00, 0xef, 0x00, 0xef, 0x00, 0xef, 0x00, 0xef, 0x00, 0xef, 0x00,
    0xef, 0x00, 0xef, 0x00, 0xef, 0x00, 0xef, 0x00, 0xef, 0x00, 0xef, 0x00, 0xef, 0x00, 0xef, 0x00,
    0xef, 0x00, 0xef, 0x00, 0xef, 0x00, 0xef, 0x00, 0xef, 0x00, 0xef, 0x00, 0xef, 0x00, 0xef, 0x00,
    0xef, 0x00, 0xef, 0x00, 0xef, 0x00, 0xef, 0x00, 0xef, 0x00, 0xef, 0x00, 0xef, 0x00, 0xef, 0x00,
    0xef, 0x00, 0xef, 0x00, 0xef, 0x00, 0xef, 0x00, 0xef, 0x00, 0xef, 0x00, 0xef, 0x00, 0xef, 0x00,
    0xef, 0x00, 0xef, 0x00, 0xef, 0x00, 0xef, 0x00, 0xef, 0x00, 0xef, 0x00, 0xef, 0x00, 0xef, 0x00,
    0xef, 0x00, 0xef, 0x00, 0xef, 0x00, 0xef, 0x00, 0xef, 0x00, 0xef, 0x00, 0xef, 0x00, 0xef, 0x00,
    0xef, 0x00, 0xef, 0x00, 0xef, 0x00, 0xef, 0x00, 0xef, 0x00, 0xef, 0x00, 0xef, 0x00, 0xef, 0x00,
    0xef, 0x00, 0xef, 0x00, 0xef, 0x00, 0xef, 0x00, 0xef, 0x00, 0xef, 0x00, 0xef, 0x00, 0xef, 0x00,
    0xef, 0x00, 0xef, 0x00, 0xef, 0x00, 0xef, 0x00, 0xef, 0x00, 0xef, 0x00, 0xef, 0x00, 0xef, 0x00,
    0xef, 0x00, 0xef, 0x00, 0xef, 0x00, 0xef, 0x00, 0xef, 0x00, 0xef, 0x00, 0xef, 0x00, 0xef, 0x00,
    0xef, 0x00, 0xef, 0x00, 0xef, 0x00, 0xef, 0x00, 0xef, 0x00, 0x51, 0x01, 0x51, 0x01, 0x00, 0x00,
    0x00, 0x00, 0x00, 0x00, 0x00, 0x00, 0x00, 0x00, 0x00, 0x00, 0x00, 0x00, 0x00, 0x00, 0x00, 0x00,
    0x00, 0x00, 0x00, 0x00, 0x00, 0x00, 0x00, 0x00, 0x00, 0x00, 0x00, 0x00, 0x00, 0x00, 0x00, 0x00,
    0x00, 0x00, 0x8a, 0x00, 0x8a, 0x00, 0x8a, 0x00, 0x8a, 0x00, 0x8a, 0x00, 0x8a, 0x00, 0x8a, 0x00,
    0x8a, 0x00, 0x8a, 0x00, 0x8a, 0x00, 0x8a, 0x00, 0x0c, 0x01, 0x0c, 0x01, 0x8a, 0x00, 0x8a, 0x00,
    0x8a, 0x00, 0x8a, 0x00, 0x8a, 0x00, 0x8a, 0x00, 0x8a, 0x00, 0x8a, 0x00, 0x8a, 0x00, 0x8a, 0x00,
    0x8a, 0x00, 0x8a, 0x00, 0x8a, 0x00, 0x8a, 0x00, 0x8a, 0x00, 0x8a, 0x00, 0x8a, 0x00, 0x8a, 0x00,
    0x8a, 0x00, 0x8a, 0x00, 0x8a, 0x00, 0x8a, 0x00, 0x8a, 0x00, 0x0c, 0x01, 0x8a, 0x00, 0x8a, 0x00,
    0x8a, 0x00, 0x8a, 0x00, 0x8a, 0x00, 0x8a, 0x00, 0x8a, 0x00, 0x8a, 0x00, 0x8a, 0x00, 0x8a, 0x00,
    0x8a, 0x00, 0x8a, 0x00, 0x8a, 0x00, 0x8a, 0x00, 0x8a, 0x00, 0x8a, 0x00, 0x0c, 0x01, 0x0c, 0x01,
    0x0c, 0x01, 0x0c, 0x01, 0x0c, 0x01, 0x0c, 0x01, 0x8a, 0x00, 0x8a, 0x00, 0x8a, 0x00, 0x8a, 0x00,
    0x8a, 0x00, 0x8a, 0x00, 0x8a, 0x00, 0x8a, 0x00, 0x8a, 0x00, 0x8a, 0x00, 0x8a, 0x00, 0x8a, 0x00,
    0x8a, 0x00, 0x8a, 0x00, 0x8a, 0x00, 0x8a, 0x00, 0x8a, 0x00, 0x8a, 0x00, 0x8a, 0x00, 0x8a, 0x00,
    0x8a, 0x00, 0x8a, 0x00, 0x8a, 0x00, 0x8a, 0x00, 0x8a, 0x00, 0x8a, 0x00, 0x8a, 0x00, 0x8a, 0x00,
    0x8a, 0x00, 0x8a, 0x00, 0x8a, 0x00, 0x8a, 0x00, 0x8a, 0x00, 0x8a, 0x00, 0x8a, 0x00, 0x8a, 0x00,
    0x8a, 0x00, 0x8a, 0x00, 0x8a, 0x00, 0x8a, 0x00, 0x8a, 0x00, 0x8a, 0x00, 0x8a, 0x00, 0x8a, 0x00,
    0x8a, 0x00, 0x8a, 0x00, 0x8a, 0x00, 0x8a, 0x00, 0x8a, 0x00, 0x8a, 0x00, 0x8a, 0x00, 0x8a, 0x00,
    0x8a, 0x00, 0x8a, 0x00, 0x8a, 0x00, 0x8a, 0x00, 0x8a, 0x00, 0x8a, 0x00, 0x8a, 0x00, 0x8a, 0x00,
    0x8a, 0x00, 0x8a, 0x00, 0x8a, 0x00, 0x8a, 0x00, 0x8a, 0x00, 0x8a, 0x00, 0x8a, 0x00, 0x8a, 0x00,
    0x8a, 0x00, 0x8a, 0x00, 0x8a, 0x00, 0x8a, 0x00, 0x8a, 0x00, 0x8a, 0x00, 0x8a, 0x00, 0x8a, 0x00,
    0x8a, 0x00, 0x8a, 0x00, 0x8a, 0x00, 0x8a, 0x00, 0x8a, 0x00, 0x8a, 0x00, 0x8a, 0x00, 0x0c, 0x01,
    0x0c, 0x01, 0x8a, 0x00, 0x8a, 0x00, 0x8a, 0x00, 0x8a, 0x00, 0x8a, 0x00, 0x8a, 0x00, 0x8a, 0x00,
    0x8a, 0x00, 0x8a, 0x00, 0x8a, 0x00, 0x8a, 0x00, 0x8a, 0x00, 0x8a, 0x00, 0x8a, 0x00, 0x8a, 0x00,
    0x8a, 0x00, 0x8a, 0x00, 0x8a, 0x00, 0x8a, 0x00, 0x8a, 0x00, 0x0c, 0x01, 0x0c, 0x01, 0x8a, 0x00,
    0x8a, 0x00, 0x8a, 0x00, 0x8a, 0x00, 0x8a, 0x00, 0x8a, 0x00, 0x8a, 0x00, 0x8a, 0x00, 0x8a, 0x00,
    0x8a, 0x00, 0x8a, 0x00, 0x8a, 0x00, 0x8a, 0x00, 0x8a, 0x00, 0x8a, 0x00, 0x8a, 0x00, 0x8a, 0x00,
    0x8a, 0x00, 0x8a, 0x00, 0x8a, 0x00, 0x8a, 0x00, 0x8a, 0x00, 0x8a, 0x00, 0x8a, 0x00, 0x8a, 0x00,
    0x8a, 0x00, 0x8a, 0x00, 0x8a, 0x00, 0x8a, 0x00, 0x8a, 0x00, 0x8a, 0x00, 0x8a, 0x00, 0x8a, 0x00,
    0x8a, 0x00, 0x8a, 0x00, 0x8a, 0x00, 0x8a, 0x00, 0x8a, 0x00, 0x8a, 0x00, 0x8a, 0x00, 0x8a, 0x00,
    0x8a, 0x00, 0x8a, 0x00, 0x8a, 0x00, 0x8a, 0x00, 0x8a, 0x00, 0x8a, 0x00, 0x8a, 0x00, 0x8a, 0x00,
    0x8a, 0x00, 0x8a, 0x00, 0x8a, 0x00, 0x8a, 0x00, 0x0c, 0x01, 0x0c, 0x01, 0x0c, 0x01, 0x00, 0x00,
    0x00, 0x00, 0x00, 0x00, 0x00, 0x00, 0x00, 0x00, 0x00, 0x00, 0x00, 0x00, 0x00, 0x00, 0x00, 0x00,
    0x00, 0x00, 0x00, 0x00, 0x00, 0x00, 0x00, 0x00, 0x00, 0x00, 0x00, 0x00, 0x00, 0x00, 0x00, 0x00,
    0x00, 0x00, 0x00, 0x00, 0x00, 0x00, 0x00, 0x00, 0x00, 0x00, 0x00, 0x00, 0x00, 0x00, 0x00, 0x00,
    0x00, 0x00, 0x00, 0x00, 0x00, 0x00, 0x00, 0x00, 0x00, 0x00, 0x00, 0x00, 0x00, 0x00, 0x00, 0x00,
    0x00, 0x00, 0x00, 0x00, 0x00, 0x00, 0x00, 0x00, 0x00, 0x00, 0x00, 0x00, 0x00, 0x00, 0x00, 0x00,
    0x00, 0x00, 0x00, 0x00, 0x00, 0x00, 0x00, 0x00, 0x00, 0x00, 0x00, 0x00, 0x00, 0x00, 0x00, 0x00,
    0x00, 0x00, 0x00, 0x00, 0x00, 0x00, 0x00, 0x00, 0x00, 0x00, 0x00, 0x00, 0x00, 0x00, 0x00, 0x00,
    0x00, 0x00, 0x00, 0x00, 0x00, 0x00, 0x00, 0x00, 0x00, 0x00, 0x00, 0x00, 0x00, 0x00, 0x00, 0x00,
    0x00, 0x00, 0x00, 0x00, 0x00, 0x00, 0x00, 0x00, 0x00, 0x00, 0x00, 0x00, 0x00, 0x00, 0x00, 0x00,
    0x00, 0x00, 0x00, 0x00, 0x00, 0x00, 0x00, 0x00, 0x00, 0x00, 0x00, 0x00, 0x00, 0x00, 0x00, 0x00,
    0x00, 0x00, 0x00, 0x00, 0x00, 0x00, 0x00, 0x00, 0x00, 0x00, 0x00, 0x00, 0x00, 0x00, 0x00, 0x00,
    0x00, 0x00, 0x00, 0x00, 0x00, 0x00, 0x00, 0x00, 0x00, 0x00, 0x00, 0x00, 0x00, 0x00, 0x00, 0x00,
    0x00, 0x00, 0x00, 0x00, 0x00, 0x00, 0x00, 0x00, 0x00, 0x00, 0x00, 0x00, 0x00, 0x00, 0x00, 0x00,
    0x00, 0x00, 0x00, 0x00, 0x00, 0x00, 0x00, 0x00, 0x00, 0x00, 0x00, 0x00, 0x00, 0x00, 0x00, 0x00,
    0x00, 0x00, 0x00, 0x00, 0x00, 0x00, 0x00, 0x00, 0x00, 0x00, 0x00, 0x00, 0x00, 0x00, 0x00, 0x00,
    0x00, 0x00, 0x00, 0x00, 0x00, 0x00, 0x00, 0x00, 0x00, 0x00, 0x00, 0x00, 0x00, 0x00, 0x00, 0x00,
    0x00, 0x00, 0x00, 0x00, 0x00, 0x00, 0x00, 0x00, 0x00, 0x00, 0x00, 0x00, 0x00, 0x00, 0x00, 0x00,
    0x00, 0x00, 0x00, 0x00, 0x00, 0x00, 0x00, 0x00, 0x00, 0x00, 0x00, 0x00, 0x00, 0x00, 0x00, 0x00,
    0x00, 0x00, 0x00, 0x00, 0x00, 0x00, 0x00, 0x00, 0x00, 0x00, 0x00, 0x00, 0x00, 0x00, 0x00, 0x00,
    0x00, 0x00, 0x00, 0x00, 0x00, 0x00, 0x00, 0x00, 0x00, 0x00, 0x00, 0x00, 0x00, 0x00, 0x00, 0x00,
    0x00, 0x00, 0x00, 0x00, 0x00, 0x00, 0x00, 0x00, 0x00, 0x00, 0x00, 0x00, 0x00, 0x00, 0x00, 0x00,
    0x00, 0x00, 0x00, 0x00, 0x00, 0x00, 0x00, 0x00, 0x00, 0x00, 0x00, 0x00, 0x00, 0x00, 0x00, 0x00,
    0x00, 0x00, 0x00, 0x00, 0x00, 0x00, 0x00, 0x00, 0x00, 0x00, 0x00, 0x00, 0x00, 0x00, 0x00, 0x00,
    0x00, 0x00, 0x00, 0x00, 0x00, 0x00, 0x00, 0x00, 0x00, 0x00, 0x00, 0x00, 0x00, 0x00, 0x00, 0x00,
    0x00, 0x00, 0x00, 0x00, 0x00, 0x00, 0x00, 0x00, 0x00, 0x00, 0x00, 0x00, 0x00, 0x00, 0x00, 0x00,
    0x00, 0x00, 0x00, 0x00, 0x00, 0x00, 0x00, 0x00, 0x00, 0x00, 0x00, 0x00, 0x00, 0x00, 0x00, 0x00,
    0x00, 0x00, 0x00, 0x00, 0x00, 0x00, 0x00, 0x00, 0x00, 0x00, 0x00, 0x00, 0x00, 0x00, 0x00, 0x00,
    0x00, 0x00, 0x00, 0x00, 0x00, 0x00, 0x00, 0x00, 0x00, 0x00, 0x00, 0x00, 0x00, 0x00, 0x00, 0x00,
    0x00, 0x00, 0x00, 0x00, 0x00, 0x00, 0x00, 0x00, 0x00, 0x00, 0x00, 0x00, 0x00, 0x00, 0x00, 0x00,
    0x00, 0x00, 0x00, 0x00, 0x00, 0x00, 0x00, 0x00, 0x00, 0x00, 0x00, 0x00, 0x00, 0x00, 0x00, 0x00,
    0x00, 0x00, 0x00, 0x00, 0x00, 0x00, 0x00, 0x00, 0x00, 0x00, 0x00, 0x00, 0x00, 0x00, 0x00, 0x00,
    0x00, 0x00, 0x00, 0x00, 0x00, 0x00, 0x00, 0x00, 0x00, 0x00, 0x00, 0x00, 0x00, 0x00, 0x00, 0x00,
    0x00, 0x00, 0x00, 0x00, 0x00, 0x00, 0x00, 0x00, 0x00, 0x00, 0x00, 0x00, 0x00, 0x00, 0x00, 0x00,
    0x00, 0x00, 0x00, 0x00, 0x00, 0x00, 0x00, 0x00, 0x00, 0x00, 0x00, 0x00, 0x00, 0x00, 0x00, 0x00,
    0x00, 0x00, 0x00, 0x00, 0x00, 0x00, 0x00, 0x00, 0x00, 0x00, 0x00, 0x00, 0x00, 0x00, 0x00, 0x00,
    0x00, 0x00, 0x00, 0x00, 0x00, 0x00, 0x00, 0x00, 0x00, 0x00, 0x00, 0x00, 0x00, 0x00, 0x00, 0x00,
    0x00, 0x00, 0x00, 0x00, 0x00, 0x00, 0x00, 0x00, 0x00, 0x00, 0x00, 0x00, 0x00, 0x00, 0x00, 0x00,
    0x00, 0x00, 0x00, 0x00, 0x00, 0x00, 0x00, 0x00, 0x00, 0x00, 0x00, 0x00, 0x00, 0x00, 0x00, 0x00,
    0x00, 0x00, 0x00, 0x00, 0x00, 0x00, 0x00, 0x00, 0x00, 0x00, 0x00, 0x00, 0x00, 0x00, 0x00, 0x00,
    0x00, 0x00, 0x00, 0x00, 0x00, 0x00, 0x00, 0x00, 0x00, 0x00, 0x00, 0x00, 0x00, 0x00, 0x00, 0x00,
    0x00, 0x00, 0x00, 0x00, 0x00, 0x00, 0x00, 0x00, 0x00, 0x00, 0x00, 0x00, 0x00, 0x00, 0x00, 0x00,
    0x00, 0x00, 0x00, 0x00, 0x00, 0x00, 0x00, 0x00, 0x00, 0x00, 0x00, 0x00, 0x00, 0x00, 0x00, 0x00,
    0x00, 0x00, 0x00, 0x00, 0x00, 0x00, 0x00, 0x00, 0x00, 0x00, 0x00, 0x00, 0x00, 0x00, 0x00, 0x00,
    0x00, 0x00, 0x00, 0x00, 0x00, 0x00, 0x00, 0x00, 0x00, 0x00, 0x00, 0x00, 0x00, 0x00, 0x00, 0x00,
    0x00, 0x00, 0x00, 0x00, 0x00, 0x00, 0x00, 0x00, 0x00, 0x00, 0x00, 0x00, 0x00, 0x00, 0x00, 0x00,
    0x00, 0x00, 0x00, 0x00, 0x00, 0x00, 0x00, 0x00, 0x00, 0x00, 0x00, 0x00, 0x00, 0x00, 0x00, 0x00,
    0x00, 0x00, 0x00, 0x00, 0x00, 0x00, 0x00, 0x00, 0x00, 0x00, 0x00, 0x00, 0x00, 0x00, 0x00, 0x00,
    0x00, 0x00, 0x00, 0x00, 0x00, 0x00, 0x00, 0x00, 0x00, 0x00, 0x00, 0x00, 0x00, 0x00, 0x00, 0x00,
    0x00, 0x00, 0x00, 0x00, 0x00, 0x00, 0x00, 0x00, 0x00, 0x00, 0x00, 0x00, 0x00, 0x00, 0x00, 0x00,
    0x00, 0x00, 0x00, 0x00, 0x00, 0x00, 0x00, 0x00, 0x00, 0x00, 0x00, 0x00, 0x00, 0x00, 0x00, 0x00,
    0x00, 0x00, 0x00, 0x00, 0x00, 0x00, 0x00, 0x00, 0x00, 0x00, 0x00, 0x00, 0x00, 0x00, 0x00, 0x00,
    0x00, 0x00, 0x00, 0x00, 0x00, 0x00, 0x00, 0x00, 0x00, 0x00, 0x00, 0x00, 0x00, 0x00, 0x00, 0x00,
    0x00, 0x00, 0x00, 0x00, 0x00, 0x00, 0x00, 0x00, 0x00, 0x00, 0x00, 0x00, 0x00, 0x00, 0x00, 0x00,
    0x00, 0x00, 0x00, 0x00, 0x00, 0x00, 0x00, 0x00, 0x00, 0x00, 0x00, 0x00, 0x00, 0x00, 0x00, 0x00,
    0x00, 0x00, 0x00, 0x00, 0x00, 0x00, 0x00, 0x00, 0x00, 0x00, 0x00, 0x00, 0x00, 0x00, 0x00, 0x00,
    0x00, 0x00, 0x00, 0x00, 0x00, 0x00, 0x00, 0x00, 0x00, 0x00, 0x00, 0x00, 0x00, 0x00, 0x00, 0x00,
    0x00, 0x00, 0x00, 0x00, 0x00, 0x00, 0x00, 0x00, 0x00, 0x00, 0x00, 0x00, 0x00, 0x00, 0x00, 0x00,
    0x00, 0x00, 0x00, 0x00, 0x00, 0x00, 0x00, 0x00, 0x00, 0x00, 0x00, 0x00, 0x00, 0x00, 0x00, 0x00,
    0x00, 0x00, 0x00, 0x00, 0x00, 0x00, 0x00, 0x00, 0x00, 0x00, 0x00, 0x00, 0x00, 0x00, 0x00, 0x00,
    0x00, 0x00, 0x00, 0x00, 0x00, 0x00, 0x00, 0x00, 0x00, 0x00, 0x00, 0x00, 0x00, 0x00, 0x00, 0x00,
    0x00, 0x00, 0x00, 0x00, 0x00, 0x00, 0x00, 0x00, 0x00, 0x00, 0x00, 0x00, 0x00, 0x00, 0x00, 0x00,
    0x00, 0x00, 0x00, 0x00, 0x00, 0x00, 0x00, 0x00, 0x00, 0x00, 0x00, 0x00, 0x00, 0x00, 0x00, 0x00,
    0x00, 0x00, 0x00, 0x00, 0x00, 0x00, 0x00, 0x00, 0x00, 0x00, 0x00, 0x00, 0x00, 0x00, 0x00, 0x00,
    0x00, 0x00, 0x00, 0x00, 0x00, 0x00, 0x00, 0x00, 0x00, 0x00, 0x00, 0x00, 0x00, 0x00, 0x00, 0x00,
    0x00, 0x00, 0x00, 0x00, 0x00, 0x00, 0x00, 0x00, 0x00, 0x00, 0x00, 0x00, 0x00, 0x00, 0x00, 0x00,
    0x00, 0x00, 0x00, 0x00, 0x00, 0x00, 0x00, 0x00, 0x00, 0x00, 0x00, 0x00, 0x00, 0x00, 0x00, 0x00,
    0x00, 0x00, 0x00, 0x00, 0x00, 0x00, 0x00, 0x00, 0x00, 0x00, 0x00, 0x00, 0x00, 0x00, 0x00, 0x00,
    0x00, 0x00, 0x00, 0x00, 0x00, 0x00, 0x00, 0x00, 0x00, 0x00, 0x00, 0x00, 0x00, 0x00, 0x00, 0x00,
    0x00, 0x00, 0x00, 0x00, 0x00, 0x00, 0x00, 0x00, 0x00, 0x00, 0x00, 0x00, 0x00, 0x00, 0x00, 0x00,
    0x00, 0x00, 0x00, 0x00, 0x00, 0x00, 0x00, 0x00, 0x00, 0x00, 0x00, 0x00, 0x00, 0x00, 0x00, 0x00,
    0x00, 0x00, 0x00, 0x00, 0x00, 0x00, 0x00, 0x00, 0x00, 0x00, 0x00, 0x00, 0x00, 0x00, 0x00, 0x00,
    0x00, 0x00, 0x00, 0x00, 0x00, 0x00, 0x00, 0x00, 0x00, 0x00, 0x00, 0x00, 0x00, 0x00, 0x00, 0x00,
    0x00, 0x00, 0x00, 0x00, 0x00, 0x00, 0x00, 0x00, 0x00, 0x00, 0x00, 0x00, 0x00, 0x00, 0x00, 0x00,
    0x00, 0x00, 0x00, 0x00, 0x00, 0x00, 0x00, 0x00, 0x00, 0x00, 0x00, 0x00, 0x00, 0x00, 0x00, 0x00,
    0x00, 0x00, 0x00, 0x00, 0x00, 0x00, 0x00, 0x00, 0x00, 0x00, 0x00, 0x00, 0x00, 0x00, 0x00, 0x00,
    0x00, 0x00, 0x00, 0x00, 0x00, 0x00, 0x00, 0x00, 0x00, 0x00, 0x00, 0x00, 0x00, 0x00, 0x00, 0x00,
    0x00, 0x00, 0x00, 0x00, 0x00, 0x00, 0x00, 0x00, 0x00, 0x00, 0x00, 0x00, 0x00, 0x00, 0x00, 0x00,
    0x00, 0x00, 0x00, 0x00, 0x00, 0x00, 0x00, 0x00, 0x00, 0x00, 0x00, 0x00, 0x00, 0x00, 0x00, 0x00,
    0x00, 0x00, 0x00, 0x00, 0x00, 0x00, 0x00, 0x00, 0x00, 0x00, 0x00, 0x00, 0x00, 0x00, 0x00, 0x00,
    0x00, 0x00, 0x00, 0x00, 0x00, 0x00, 0x00, 0x00, 0x00, 0x00, 0x00, 0x00, 0x00, 0x00, 0x00, 0x00,
    0x00, 0x00, 0x00, 0x00, 0x00, 0x00, 0x00, 0x00, 0x00, 0x00, 0x00, 0x00, 0x00, 0x00, 0x00, 0x00,
    0x00, 0x00, 0x00, 0x00, 0x00, 0x00, 0x00, 0x00, 0x00, 0x00, 0x00, 0x00, 0x00, 0x00, 0x00, 0x00,
    0x00, 0x00, 0x00, 0x00, 0x00, 0x00, 0x00, 0x00, 0x00, 0x00, 0x00, 0x00, 0x00, 0x00, 0x00, 0x00,
    0x00, 0x00, 0x00, 0x00, 0x00, 0x00, 0x00, 0x00, 0x00, 0x00, 0x00, 0x00, 0x00, 0x00, 0x00, 0x00,
    0x00, 0x00, 0x00, 0x00, 0x00, 0x00, 0x00, 0x00, 0x00, 0x00, 0x00, 0x00, 0x00, 0x00, 0x00, 0x00,
    0x00, 0x00, 0x00, 0x00, 0x00, 0x00, 0x00, 0x00, 0x00, 0x00, 0x00, 0x00, 0x00, 0x00, 0x00, 0x00,
    0x00, 0x00, 0x00, 0x00, 0x00, 0x00, 0x00, 0x00, 0x00, 0x00, 0x00, 0x00, 0x00, 0x00, 0x00, 0x00,
    0x00, 0x00, 0x00, 0x00, 0x00, 0x00, 0x00, 0x00, 0x00, 0x00, 0x00, 0x00, 0x00, 0x00, 0x00, 0x00,
    0x00, 0x00, 0x00, 0x00, 0x00, 0x00, 0x00, 0x00, 0x00, 0x00, 0x00, 0x00, 0x00, 0x00, 0x00, 0x00,
    0x00, 0x00, 0x00, 0x00, 0x00, 0x00, 0x00, 0x00, 0x00, 0x00, 0x00, 0x00, 0x00, 0x00, 0x00, 0x00,
    0x00, 0x00, 0x00, 0x00, 0x00, 0x00, 0x00, 0x00, 0x00, 0x00, 0x00, 0x00, 0x00, 0x00, 0x00, 0x00,
    0x00, 0x00, 0x00, 0x00, 0x00, 0x00, 0x00, 0x00, 0x00, 0x00, 0x00, 0x00, 0x00, 0x00, 0x00, 0x00,
    0x00, 0x00, 0x00, 0x00, 0x00, 0x00, 0x00, 0x00, 0x00, 0x00, 0x00, 0x00, 0x00, 0x00, 0x00, 0x00,
    0x00, 0x00, 0x00, 0x00, 0x00, 0x00, 0x00, 0x00, 0x00, 0x00, 0x00, 0x00, 0x00, 0x00, 0x00, 0x00,
    0x00, 0x00, 0x00, 0x00, 0x00, 0x00, 0x00, 0x00, 0x00, 0x00, 0x00, 0x00, 0x00, 0x00, 0x00, 0x00,
    0x00, 0x00, 0x00, 0x00, 0x00, 0x00, 0x00, 0x00, 0x00, 0x00, 0x00, 0x00, 0x00, 0x00, 0x00, 0x00,
    0x00, 0x00, 0x00, 0x00, 0x00, 0x00, 0x00, 0x00, 0x00, 0x00, 0x00, 0x00, 0x00, 0x00, 0x00, 0x00,
    0x00, 0x00, 0x00, 0x00, 0x00, 0x00, 0x00, 0x00, 0x00, 0x00, 0x00, 0x00, 0x00, 0x00, 0x00, 0x00,
    0x00, 0x00, 0x00, 0x00, 0x00, 0x00, 0x00, 0x00, 0x00, 0x00, 0x00, 0x00, 0x00, 0x00, 0x00, 0x00,
    0x00, 0x00, 0x00, 0x00, 0x00, 0x00, 0x00, 0x00, 0x00, 0x00, 0x00, 0x00, 0x00, 0x00, 0x00, 0x00,
    0x00, 0x00, 0x00, 0x00, 0x00, 0x00, 0x00, 0x00, 0x00, 0x00, 0x00, 0x00, 0x00, 0x00, 0x00, 0x00,
    0x00, 0x00, 0x00, 0x00, 0x00, 0x00, 0x00, 0x00, 0x00, 0x00, 0x00, 0x00, 0x00, 0x00, 0x00, 0x00,
    0x00, 0x00, 0x00, 0x00, 0x00, 0x00, 0x00, 0x00, 0x00, 0x00, 0x00, 0x00, 0x00, 0x00, 0x00, 0x00,
    0x00, 0x00, 0x00, 0x00, 0x00, 0x00, 0x00, 0x00, 0x00, 0x00, 0x00, 0x00, 0x00, 0x00, 0x00, 0x00,
    0x00, 0x00, 0x00, 0x00, 0x00, 0x00, 0x00, 0x00, 0x00, 0x00, 0x00, 0x00, 0x00, 0x00, 0x00, 0x00,
    0x00, 0x00, 0x00, 0x00, 0x00, 0x00, 0x00, 0x00, 0x00, 0x00, 0x00, 0x00, 0x00, 0x00, 0x00, 0x00,
    0x00, 0x00, 0x00, 0x00, 0x00, 0x00, 0x00, 0x00, 0x00, 0x00, 0x00, 0x00, 0x00, 0x00, 0x00, 0x00,
    0x00, 0x00, 0x00, 0x00, 0x00, 0x00, 0x00, 0x00, 0x00, 0x00, 0x00, 0x00, 0x00, 0x00, 0x00, 0x00,
    0x00, 0x00, 0x00, 0x00, 0x00, 0x00, 0x00, 0x00, 0x00, 0x00, 0x00, 0x00, 0x00, 0x00, 0x00, 0x00,
    0x00, 0x00, 0x00, 0x00, 0x00, 0x00, 0x00, 0x00, 0x00, 0x00, 0x00, 0x00, 0x00, 0x00, 0x00, 0x00,
    0x00, 0x00, 0x00, 0x00, 0x00, 0x00, 0x00, 0x00, 0x00, 0x00, 0x00, 0x00, 0x00, 0x00, 0x00, 0x00,
    0x00, 0x00, 0x00, 0x00, 0x00, 0x00, 0x00, 0x00, 0x00, 0x00, 0x00, 0x00, 0x00, 0x00, 0x00, 0x00,
    0x00, 0x00, 0x00, 0x00, 0x00, 0x00, 0x00, 0x00, 0x00, 0x00, 0x00, 0x00, 0x00, 0x00, 0x00, 0x00,
    0x00, 0x00, 0x00, 0x00, 0x00, 0x00, 0x00, 0x00, 0x00, 0x00, 0x00, 0x00, 0x00, 0x00, 0x00, 0x00,
    0x00, 0x00, 0x00, 0x00, 0x00, 0x00, 0x00, 0x00, 0x00, 0x00, 0x00, 0x00, 0x00, 0x00, 0x00, 0x00,
    0x00, 0x00, 0x00, 0x00, 0x00, 0x00, 0x00, 0x00, 0x00, 0x00, 0x00, 0x00, 0x00, 0x00, 0x00, 0x00,
    0x00, 0x00, 0x00, 0x00, 0x00, 0x00, 0x00, 0x00, 0x00, 0x00, 0x00, 0x00, 0x00, 0x00, 0x00, 0x00,
    0x00, 0x00, 0x00, 0x00, 0x00, 0x00, 0x00, 0x00, 0x00, 0x00, 0x00, 0x00, 0x00, 0x00, 0x00, 0x00,
    0x00, 0x00, 0x00, 0x00, 0x00, 0x00, 0x00, 0x00, 0x00, 0x00, 0x00, 0x00, 0x00, 0x00, 0x00, 0x00,
    0x00, 0x00, 0x00, 0x00, 0x00, 0x00, 0x00, 0x00, 0x00, 0x00, 0x00, 0x00, 0x00, 0x00, 0x00, 0x00,
    0x00, 0x00, 0x00, 0x00, 0x00, 0x00, 0x00, 0x00, 0x00, 0x00, 0x00, 0x00, 0x00, 0x00, 0x00, 0x00,
    0x00, 0x00, 0x00, 0x00, 0x00, 0x00, 0x00, 0x00, 0x00, 0x00, 0x00, 0x00, 0x00, 0x00, 0x00, 0x00,
    0x00, 0x00, 0x00, 0x00, 0x00, 0x00, 0x00, 0x00, 0x00, 0x00, 0x00, 0x00, 0x00, 0x00, 0x00, 0x00,
    0x00, 0x00, 0x00, 0x00, 0x00, 0x00, 0x00, 0x00, 0x00, 0x00, 0x00, 0x00, 0x00, 0x00, 0x00, 0x00,
    0x00, 0x00, 0x00, 0x00, 0x00, 0x00, 0x00, 0x00, 0x00, 0x00, 0x00, 0x00, 0x00, 0x00, 0x00, 0x00,
    0x00, 0x00, 0x00, 0x00, 0x00, 0x00, 0x00, 0x00, 0x00, 0x00, 0x00, 0x00, 0x00, 0x00, 0x00, 0x00,
    0x00, 0x00, 0x00, 0x00, 0x00, 0x00, 0x00, 0x00, 0x00, 0x00, 0x00, 0x00, 0x00, 0x00, 0x00, 0x00,
    0x00, 0x00, 0x00, 0x00, 0x00, 0x00, 0x00, 0x00, 0x00, 0x00, 0x00, 0x00, 0x00, 0x00, 0x00, 0x00,
    0x00, 0x00, 0x00, 0x00, 0x00, 0x00, 0x00, 0x00, 0x00, 0x00, 0x00, 0x00, 0x00, 0x00, 0x00, 0x00,
    0x00, 0x00, 0x00, 0x00, 0x00, 0x00, 0x00, 0x00, 0x00, 0x00, 0x00, 0x00, 0x00, 0x00, 0x00, 0x00,
    0x00, 0x00, 0x00, 0x00, 0x00, 0x00, 0x00, 0x00, 0x00, 0x00, 0x00, 0x00, 0x00, 0x00, 0x00, 0x00,
    0x00, 0x00, 0x00, 0x00, 0x00, 0x00, 0x00, 0x00, 0x00, 0x00, 0x00, 0x00, 0x00, 0x00, 0x00, 0x00,
    0x00, 0x00, 0x00, 0x00, 0x00, 0x00, 0x00, 0x00, 0x00, 0x00, 0x00, 0x00, 0x00, 0x00, 0x00, 0x00,
    0x00, 0x00, 0x00, 0x00, 0x00, 0x00, 0x00, 0x00, 0x00, 0x00, 0x00, 0x00, 0x00, 0x00, 0x00, 0x00,
    0x00, 0x00, 0x00, 0x00, 0x00, 0x00, 0x00, 0x00, 0x00, 0x00, 0x00, 0x00, 0x00, 0x00, 0x00, 0x00,
    0x00, 0x00, 0x00, 0x00, 0x00, 0x00, 0x00, 0x00, 0x00, 0x00, 0x00, 0x00, 0x00, 0x00, 0x00, 0x00,
    0x00, 0x00, 0x00, 0x00, 0x00, 0x00, 0x00, 0x00, 0x00, 0x00, 0x00, 0x00, 0x00, 0x00, 0x00, 0x00,
    0x00, 0x00, 0x00, 0x00, 0x00, 0x00, 0x00, 0x00, 0x00, 0x00, 0x00, 0x00, 0x00, 0x00, 0x00, 0x00,
    0x00, 0x00, 0x00, 0x00, 0x00, 0x00, 0x00, 0x00, 0x00, 0x00, 0x00, 0x00, 0x00, 0x00, 0x00, 0x00,
    0x00, 0x00, 0x00, 0x00, 0x00, 0x00, 0x00, 0x00, 0x00, 0x00, 0x00, 0x00, 0x00, 0x00, 0x00, 0x00,
    0x00, 0x00, 0x00, 0x00, 0x00, 0x00, 0x00, 0x00, 0x00, 0x00, 0x00, 0x00, 0x00, 0x00, 0x00, 0x00,
    0x00, 0x00, 0x00, 0x00, 0x00, 0x00, 0x00, 0x00, 0x00, 0x00, 0x00, 0x00, 0x00, 0x00, 0x00, 0x00,
    0x00, 0x00, 0x00, 0x00, 0x00, 0x00, 0x00, 0x00, 0x00, 0x00, 0x00, 0x00, 0x00, 0x00, 0x00, 0x00,
    0x00, 0x00, 0x00, 0x00, 0x00, 0x00, 0x00, 0x00, 0x00, 0x00, 0x00, 0x00, 0x00, 0x00, 0x00, 0x00,
    0x00, 0x00, 0x00, 0x00, 0x00, 0x00, 0x00, 0x00, 0x00, 0x00, 0x00, 0x00, 0x00, 0x00, 0x00, 0x00,
    0x00, 0x00, 0x00, 0x00, 0x00, 0x00, 0x00, 0x00, 0x00, 0x00, 0x00, 0x00, 0x00, 0x00, 0x00, 0x00,
    0x00, 0x00, 0x00, 0x00, 0x00, 0x00, 0x00, 0x00, 0x00, 0x00, 0x00, 0x00, 0x00, 0x00, 0x00, 0x00,
    0x00, 0x00, 0x00, 0x00, 0x00, 0x00, 0x00, 0x00, 0x00, 0x00, 0x00, 0x00, 0x00, 0x00, 0x00, 0x00,
    0x00, 0x00, 0x00, 0x00, 0x00, 0x00, 0x00, 0x00, 0x00, 0x00, 0x00, 0x00, 0x00, 0x00, 0x00, 0x00,
    0x00, 0x00, 0x00, 0x00, 0x00, 0x00, 0x00, 0x00, 0x00, 0x00, 0x00, 0x00, 0x00, 0x00, 0x00, 0x00,
    0x00, 0x00, 0x00, 0x00, 0x00, 0x00, 0x00, 0x00, 0x00, 0x00, 0x00, 0x00, 0x00, 0x00, 0x00, 0x00,
    0x00, 0x00, 0x00, 0x00, 0x00, 0x00, 0x00, 0x00, 0x00, 0x00, 0x00, 0x00, 0x00, 0x00, 0x00, 0x00,
    0x00, 0x00, 0x00, 0x00, 0x00, 0x00, 0x00, 0x00, 0x00, 0x00, 0x00, 0x00, 0x00, 0x00, 0x00, 0x00,
    0x00, 0x00, 0x00, 0x00, 0x00, 0x00, 0x00, 0x00, 0x00, 0x00, 0x00, 0x00, 0x00, 0x00, 0x00, 0x00,
    0x00, 0x00, 0x00, 0x00, 0x00, 0x00, 0x00, 0x00, 0x00, 0x00, 0x00, 0x00, 0x00, 0x00, 0x00, 0x00,
    0x00, 0x00, 0x00, 0x00, 0x00, 0x00, 0x00, 0x00, 0x00, 0x00, 0x00, 0x00, 0x00, 0x00, 0x00, 0x00,
    0x00, 0x00, 0x00, 0x00, 0x00, 0x00, 0x00, 0x00, 0x00, 0x00, 0x00, 0x00, 0x00, 0x00, 0x00, 0x00,
    0x00, 0x00, 0x00, 0x00, 0x00, 0x00, 0x00, 0x00, 0x00, 0x00, 0x00, 0x00, 0x00, 0x00, 0x00, 0x00,
    0x00, 0x00, 0x00, 0x00, 0x00, 0x00, 0x00, 0x00, 0x00, 0x00, 0x00, 0x00, 0x00, 0x00, 0x00, 0x00,
    0x00, 0x00, 0x00, 0x00, 0x00, 0x00, 0x00, 0x00, 0x00, 0x00, 0x00, 0x00, 0x00, 0x00, 0x00, 0x00,
    0x00, 0x00, 0x00, 0x00, 0x00, 0x00, 0x00, 0x00, 0x00, 0x00, 0x00, 0x00, 0x00, 0x00, 0x00, 0x00,
    0x00, 0x00, 0x00, 0x00, 0x00, 0x00, 0x00, 0x00, 0x00, 0x00, 0x00, 0x00, 0x00, 0x00, 0x00, 0x00,
    0x00, 0x00, 0x00, 0x00, 0x00, 0x00, 0x00, 0x00, 0x00, 0x00, 0x00, 0x00, 0x00, 0x00, 0x00, 0x00,
    0x00, 0x00, 0x00, 0x00, 0x00, 0x00, 0x00, 0x00, 0x00, 0x00, 0x00, 0x00, 0x00, 0x00, 0x00, 0x00,
    0x00, 0x00, 0x00, 0x00, 0x00, 0x00, 0x00, 0x00, 0x00, 0x00, 0x00, 0x00, 0x00, 0x00, 0x00, 0x00,
    0x00, 0x00, 0x00, 0x00, 0x00, 0x00, 0x00, 0x00, 0x00, 0x00, 0x00, 0x00, 0x00, 0x00, 0x00, 0x00,
    0x00, 0x00, 0x00, 0x00, 0x00, 0x00, 0x00, 0x00, 0x00, 0x00, 0x00, 0x00, 0x00, 0x00, 0x00, 0x00,
    0x00, 0x00, 0x00, 0x00, 0x00, 0x00, 0x00, 0x00, 0x00, 0x00, 0x00, 0x00, 0x00, 0x00, 0x00, 0x00,
    0x00, 0x00, 0x00, 0x00, 0x00, 0x00, 0x00, 0x00, 0x00, 0x00, 0x00, 0x00, 0x00, 0x00, 0x00, 0x00,
    0x00, 0x00, 0x00, 0x00, 0x00, 0x00, 0x00, 0x00, 0x00, 0x00, 0x00, 0x00, 0x00, 0x00, 0x00, 0x00,
    0x00, 0x00, 0x00, 0x00, 0x00, 0x00, 0x00, 0x00, 0x00, 0x00, 0x00, 0x00, 0x00, 0x00, 0x00, 0x00,
    0x00, 0x00, 0x00, 0x00, 0x00, 0x00, 0x00, 0x00, 0x00, 0x00, 0x00, 0x00, 0x00, 0x00, 0x00, 0x00,
    0x00, 0x00, 0x00, 0x00, 0x00, 0x00, 0x00, 0x00, 0x00, 0x00, 0x00, 0x00, 0x00, 0x00, 0x00, 0x00,
    0x00, 0x00, 0x00, 0x00, 0x00, 0x00, 0x00, 0x00, 0x00, 0x00, 0x00, 0x00, 0x00, 0x00, 0x00, 0x00,
    0x00, 0x00, 0x00, 0x00, 0x00, 0x00, 0x00, 0x00, 0x00, 0x00, 0x00, 0x00, 0x00, 0x00, 0x00, 0x00,
    0x00, 0x00, 0x00, 0x00, 0x00, 0x00, 0x00, 0x00, 0x00, 0x00, 0x00, 0x00, 0x00, 0x00, 0x00, 0x00,
    0x00, 0x00, 0x00, 0x00, 0x00, 0x00, 0x00, 0x00, 0x00, 0x00, 0x00, 0x00, 0x00, 0x00, 0x00, 0x00,
    0x00, 0x00, 0x00, 0x00, 0x00, 0x00, 0x00, 0x00, 0x00, 0x00, 0x00, 0x00, 0x00, 0x00, 0x00, 0x00,
    0x00, 0x00, 0x00, 0x00, 0x00, 0x00, 0x00, 0x00, 0x00, 0x00, 0x00, 0x00, 0x00, 0x00, 0x00, 0x00,
    0x00, 0x00, 0x00, 0x00, 0x00, 0x00, 0x00, 0x00, 0x00, 0x00, 0x00, 0x00, 0x00, 0x00, 0x00, 0x00,
    0x00, 0x00, 0x00, 0x00, 0x00, 0x00, 0x00, 0x00, 0x00, 0x00, 0x00, 0x00, 0x00, 0x00, 0x00, 0x00,
    0x00, 0x00, 0x00, 0x00, 0x00, 0x00, 0x00, 0x00, 0x00, 0x00, 0x00, 0x00, 0x00, 0x00, 0x00, 0x00,
    0x00, 0x00, 0x00, 0x00, 0x00, 0x00, 0x00, 0x00, 0x00, 0x00, 0x00, 0x00, 0x00, 0x00, 0x00, 0x00,
    0x00, 0x00, 0x00, 0x00, 0x00, 0x00, 0x00, 0x00, 0x00, 0x00, 0x00, 0x00, 0x00, 0x00, 0x00, 0x00,
    0x00, 0x00, 0x00, 0x00, 0x00, 0x00, 0x00, 0x00, 0x00, 0x00, 0x00, 0x00, 0x00, 0x00, 0x00, 0x00,
    0x00, 0x00, 0x00, 0x00, 0x00, 0x00, 0x00, 0x00, 0x00, 0x00, 0x00, 0x00, 0x00, 0x00, 0x00, 0x00,
    0x00, 0x00, 0x00, 0x00, 0x00, 0x00, 0x00, 0x00, 0x00, 0x00, 0x00, 0x00, 0x00, 0x00, 0x00, 0x00,
    0x00, 0x00, 0x00, 0x00, 0x00, 0x00, 0x00, 0x00, 0x00, 0x00, 0x00, 0x00, 0x00, 0x00, 0x00, 0x00,
    0x00, 0x00, 0x00, 0x00, 0x00, 0x00, 0x00, 0x00, 0x00, 0x00, 0x00, 0x00, 0x00, 0x00, 0x00, 0x00,
    0x00, 0x00, 0x00, 0x00, 0x00, 0x00, 0x00, 0x00, 0x00, 0x00, 0x00, 0x00, 0x00, 0x00, 0x00, 0x00,
    0x00, 0x00, 0x00, 0x00, 0x00, 0x00, 0x00, 0x00, 0x00, 0x00, 0x00, 0x00, 0x00, 0x00, 0x00, 0x00,
    0x00, 0x00, 0x00, 0x00, 0x00, 0x00, 0x00, 0x00, 0x00, 0x00, 0x00, 0x00, 0x00, 0x00, 0x00, 0x00,
    0x00, 0x00, 0x00, 0x00, 0x00, 0x00, 0x00, 0x00, 0x00, 0x00, 0x00, 0x00, 0x00, 0x00, 0x00, 0x00,
    0x00, 0x00, 0x00, 0x00, 0x00, 0x00, 0x00, 0x00, 0x00, 0x00, 0x00, 0x00, 0x00, 0x00, 0x00, 0x00,
    0x00, 0x00, 0x00, 0x00, 0x00, 0x00, 0x00, 0x00, 0x00, 0x00, 0x00, 0x00, 0x00, 0x00, 0x00, 0x00,
    0x00, 0x00, 0x00, 0x00, 0x00, 0x00, 0x00, 0x00, 0x00, 0x00, 0x00, 0x00, 0x00, 0x00, 0x00, 0x00,
    0x00, 0x00, 0x00, 0x00, 0x00, 0x00, 0x00, 0x00, 0x00, 0x00, 0x00, 0x00, 0x00, 0x00, 0x00, 0x00,
    0x00, 0x00, 0x00, 0x00, 0x00, 0x00, 0x00, 0x00, 0x00, 0x00, 0x00, 0x00, 0x00, 0x00, 0x00, 0x00,
    0x00, 0x00, 0x00, 0x00, 0x00, 0x00, 0x00, 0x00, 0x00, 0x00, 0x00, 0x00, 0x00, 0x00, 0x00, 0x00,
    0x00, 0x00, 0x00, 0x00, 0x00, 0x00, 0x00, 0x00, 0x00, 0x00, 0x00, 0x00, 0x00, 0x00, 0x00, 0x00,
    0x00, 0x00, 0x00, 0x00, 0x00, 0x00, 0x00, 0x00, 0x00, 0x00, 0x00, 0x00, 0x00, 0x00, 0x00, 0x00,
    0x00, 0x00, 0x00, 0x00, 0x00, 0x00, 0x00, 0x00, 0x00, 0x00, 0x00, 0x00, 0x00, 0x00, 0x00, 0x00,
    0x00, 0x00, 0x00, 0x00, 0x00, 0x00, 0x00, 0x00, 0x00, 0x00, 0x00, 0x00, 0x00, 0x00, 0x00, 0x00,
    0x00, 0x00, 0x00, 0x00, 0x00, 0x00, 0x00, 0x00, 0x00, 0x00, 0x00, 0x00, 0x00, 0x00, 0x00, 0x00,
    0x00, 0x00, 0x00, 0x00, 0x00, 0x00, 0x00, 0x00, 0x00, 0x00, 0x00, 0x00, 0x00, 0x00, 0x00, 0x00,
    0x00, 0x00, 0x00, 0x00, 0x00, 0x00, 0x00, 0x00, 0x00, 0x00, 0x00, 0x00, 0x00, 0x00, 0x00, 0x00,
    0x00, 0x00, 0x00, 0x00, 0x00, 0x00, 0x00, 0x00, 0x00, 0x00, 0x00, 0x00, 0x00, 0x00, 0x00, 0x00,
    0x00, 0x00, 0x00, 0x00, 0x00, 0x00, 0x00, 0x00, 0x00, 0x00, 0x00, 0x00, 0x00, 0x00, 0x00, 0x00,
    0x00, 0x00, 0x00, 0x00, 0x00, 0x00, 0x00, 0x00, 0x00, 0x00, 0x00, 0x00, 0x00, 0x00, 0x00, 0x00,
    0x00, 0x00, 0x00, 0x00, 0x00, 0x00, 0x00, 0x00, 0x00, 0x00, 0x00, 0x00, 0x00, 0x00, 0x00, 0x00,
    0x00, 0x00, 0x00, 0x00, 0x00, 0x00, 0x00, 0x00, 0x00, 0x00, 0x00, 0x00, 0x00, 0x00, 0x00, 0x00,
    0x00, 0x00, 0x00, 0x00, 0x00, 0x00, 0x00, 0x00, 0x00, 0x00, 0x00, 0x00, 0x00, 0x00, 0x00, 0x00,
    0x00, 0x00, 0x00, 0x00, 0x00, 0x00, 0x00, 0x00, 0x00, 0x00, 0x00, 0x00, 0x00, 0x00, 0x00, 0x00,
    0x00, 0x00, 0x00, 0x00, 0x00, 0x00, 0x00, 0x00, 0x00, 0x00, 0x00, 0x00, 0x00, 0x00, 0x00, 0x00,
    0x00, 0x00, 0x00, 0x00, 0x00, 0x00, 0x00, 0x00, 0x00, 0x00, 0x00, 0x00, 0x00, 0x00, 0x00, 0x00,
    0x00, 0x00, 0x00, 0x00, 0x00, 0x00, 0x00, 0x00, 0x00, 0x00, 0x00, 0x00, 0x00, 0x00, 0x00, 0x00,
    0x00, 0x00, 0x00, 0x00, 0x00, 0x00, 0x00, 0x00, 0x00, 0x00, 0x00, 0x00, 0x00, 0x00, 0x00, 0x00,
    0x00, 0x00, 0x00, 0x00, 0x00, 0x00, 0x00, 0x00, 0x00, 0x00, 0x00, 0x00, 0x00, 0x00, 0x00, 0x00,
    0x00, 0x00, 0x00, 0x00, 0x00, 0x00, 0x00, 0x00, 0x00, 0x00, 0x00, 0x00, 0x00, 0x00, 0x00, 0x00,
    0x00, 0x00, 0x00, 0x00, 0x00, 0x00, 0x00, 0x00, 0x00, 0x00, 0x00, 0x00, 0x00, 0x00, 0x00, 0x00,
    0x00, 0x00, 0x00, 0x00, 0x00, 0x00, 0x00, 0x00, 0x00, 0x00, 0x00, 0x00, 0x00, 0x00, 0x00, 0x00,
    0x00, 0x00, 0x00, 0x00, 0x00, 0x00, 0x00, 0x00, 0x00, 0x00, 0x00, 0x00, 0x00, 0x00, 0x00, 0x00,
    0x00, 0x00, 0x00, 0x00, 0x00, 0x00, 0x00, 0x00, 0x00, 0x00, 0x00, 0x00, 0x00, 0x00, 0x00, 0x00,
    0x00, 0x00, 0x00, 0x00, 0x00, 0x00, 0x00, 0x00, 0x00, 0x00, 0x00, 0x00, 0x00, 0x00, 0x00, 0x00,
    0x00, 0x00, 0x00, 0x00, 0x00, 0x00, 0x00, 0x00, 0x00, 0x00, 0x00, 0x00, 0x00, 0x00, 0x00, 0x00,
    0x00, 0x00, 0x00, 0x00, 0x00, 0x00, 0x00, 0x00, 0x00, 0x00, 0x00, 0x00, 0x00, 0x00, 0x00, 0x00,
    0x00, 0x00, 0x00, 0x00, 0x00, 0x00, 0x00, 0x00, 0x00, 0x00, 0x00, 0x00, 0x00, 0x00, 0x00, 0x00,
    0x00, 0x00, 0x00, 0x00, 0x00, 0x00, 0x00, 0x00, 0x00, 0x00, 0x00, 0x00, 0x00, 0x00, 0x00, 0x00,
    0x00, 0x00, 0x00, 0x00, 0x00, 0x00, 0x00, 0x00, 0x00, 0x00, 0x00, 0x00, 0x00, 0x00, 0x00, 0x00,
    0x00, 0x00, 0x00, 0x00, 0x00, 0x00, 0x00, 0x00, 0x00, 0x00, 0x00, 0x00, 0x00, 0x00, 0x00, 0x00,
    0x00, 0x00, 0x00, 0x00, 0x00, 0x00, 0x00, 0x00, 0x00, 0x00, 0x00, 0x00, 0x00, 0x00, 0x00, 0x00,
    0x00, 0x00, 0x00, 0x00, 0x00, 0x00, 0x00, 0x00, 0x00, 0x00, 0x00, 0x00, 0x00, 0x00, 0x00, 0x00,
    0x00, 0x00, 0x00, 0x00, 0x00, 0x00, 0x00, 0x00, 0x00, 0x00, 0x00, 0x00, 0x00, 0x00, 0x00, 0x00,
    0x00, 0x00, 0x00, 0x00, 0x00, 0x00, 0x00, 0x00, 0x00, 0x00, 0x00, 0x00, 0x00, 0x00, 0x00, 0x00,
    0x00, 0x00, 0x00, 0x00, 0x00, 0x00, 0x00, 0x00, 0x00, 0x00, 0x00, 0x00, 0x00, 0x00, 0x00, 0x00,
    0x00, 0x00, 0x00, 0x00, 0x00, 0x00, 0x00, 0x00, 0x00, 0x00, 0x00, 0x00, 0x00, 0x00, 0x00, 0x00,
    0x00, 0x00, 0x00, 0x00, 0x00, 0x00, 0x00, 0x00, 0x00, 0x00, 0x00, 0x00, 0x00, 0x00, 0x00, 0x00,
    0x00, 0x00, 0x00, 0x00, 0x00, 0x00, 0x00, 0x00, 0x00, 0x00, 0x00, 0x00, 0x00, 0x00, 0x00, 0x00,
    0x00, 0x00, 0x00, 0x00, 0x00, 0x00, 0x00, 0x00, 0x00, 0x00, 0x00, 0x00, 0x00, 0x00, 0x00, 0x00,
    0x00, 0x00, 0x00, 0x00, 0x00, 0x00, 0x00, 0x00, 0x00, 0x00, 0x00, 0x00, 0x00, 0x00, 0x00, 0x00,
    0x00, 0x00, 0x00, 0x00, 0x00, 0x00, 0x00, 0x00, 0x00, 0x00, 0x00, 0x00, 0x00, 0x00, 0x00, 0x00,
    0x00, 0x00, 0x00, 0x00, 0x00, 0x00, 0x00, 0x00, 0x00, 0x00, 0x00, 0x00, 0x00, 0x00, 0x00, 0x00,
    0x00, 0x00, 0x00, 0x00, 0x23, 0x00, 0x23, 0x00, 0x23, 0x00, 0x23, 0x00, 0x23, 0x00, 0x23, 0x00,
    0x23, 0x00, 0x23, 0x00, 0x23, 0x00, 0x23, 0x00, 0x23, 0x00, 0x23, 0x00, 0x23, 0x00, 0x23, 0x00,
    0x23, 0x00, 0x23, 0x00, 0x23, 0x00, 0x23, 0x00, 0x23, 0x00, 0x23, 0x00, 0x23, 0x00, 0x23, 0x00,
    0x23, 0x00, 0x23, 0x00, 0x23, 0x00, 0x23, 0x00, 0x23, 0x00, 0x23, 0x00, 0x23, 0x00, 0x23, 0x00,
    0x23, 0x00, 0x23, 0x00, 0x23, 0x00, 0x23, 0x00, 0x23, 0x00, 0x23, 0x00, 0x23, 0x00, 0x23, 0x00,
    0x23, 0x00, 0x23, 0x00, 0x23, 0x00, 0x23, 0x00, 0x23, 0x00, 0x23, 0x00, 0x23, 0x00, 0x23, 0x00,
    0x23, 0x00, 0x23, 0x00, 0x23, 0x00, 0x23, 0x00, 0x23, 0x00, 0x23, 0x00, 0x23, 0x00, 0x23, 0x00,
    0x23, 0x00, 0x23, 0x00, 0x23, 0x00, 0x23, 0x00, 0x23, 0x00, 0x23, 0x00, 0x23, 0x00, 0x23, 0x00,
    0x23, 0x00, 0x23, 0x00, 0x23, 0x00, 0x23, 0x00, 0x23, 0x00, 0x23, 0x00, 0x23, 0x00, 0x23, 0x00,
    0x23, 0x00, 0x23, 0x00, 0x23, 0x00, 0x23, 0x00, 0x23, 0x00, 0x23, 0x00, 0x23, 0x00, 0x23, 0x00,
    0x23, 0x00, 0x23, 0x00, 0x23, 0x00, 0x23, 0x00, 0x23, 0x00, 0x23, 0x00, 0x23, 0x00, 0x23, 0x00,
    0x23, 0x00, 0x23, 0x00, 0x23, 0x00, 0x23, 0x00, 0x23, 0x00, 0x23, 0x00, 0x23, 0x00, 0x23, 0x00,
    0x23, 0x00, 0x23, 0x00, 0x23, 0x00, 0x23, 0x00, 0x23, 0x00, 0x23, 0x00, 0x23, 0x00, 0x23, 0x00,
    0x23, 0x00, 0x23, 0x00, 0x23, 0x00, 0x23, 0x00, 0x23, 0x00, 0x23, 0x00, 0x23, 0x00, 0x23, 0x00,
    0x23, 0x00, 0x23, 0x00, 0x23, 0x00, 0x23, 0x00, 0x23, 0x00, 0x23, 0x00, 0x23, 0x00, 0x23, 0x00,
    0x23, 0x00, 0x23, 0x00, 0x23, 0x00, 0x23, 0x00, 0x23, 0x00, 0x23, 0x00, 0x23, 0x00, 0x23, 0x00,
    0x23, 0x00, 0x23, 0x00, 0x23, 0x00, 0x23, 0x00, 0x23, 0x00, 0x23, 0x00, 0x23, 0x00, 0x23, 0x00,
    0x23, 0x00, 0x23, 0x00, 0x23, 0x00, 0x23, 0x00, 0x23, 0x00, 0x23, 0x00, 0x23, 0x00, 0x23, 0x00,
    0x23, 0x00, 0x23, 0x00, 0x23, 0x00, 0x23, 0x00, 0x23, 0x00, 0x23, 0x00, 0x23, 0x00, 0x23, 0x00,
    0x23, 0x00, 0x23, 0x00, 0x23, 0x00, 0x23, 0x00, 0x23, 0x00, 0x23, 0x00, 0x23, 0x00, 0x23, 0x00,
    0x23, 0x00, 0x23, 0x00, 0x23, 0x00, 0x23, 0x00, 0x23, 0x00, 0x23, 0x00, 0x23, 0x00, 0x23, 0x00,
    0x23, 0x00, 0x23, 0x00, 0x23, 0x00, 0x23, 0x00, 0x23, 0x00, 0x23, 0x00, 0x23, 0x00, 0x23, 0x00,
    0x23, 0x00, 0x23, 0x00, 0x23, 0x00, 0x23, 0x00, 0x23, 0x00, 0x23, 0x00, 0x23, 0x00, 0x23, 0x00,
    0x23, 0x00, 0x23, 0x00, 0x23, 0x00, 0x23, 0x00, 0x23, 0x00, 0x23, 0x00, 0x23, 0x00, 0x23, 0x00,
    0x23, 0x00, 0x23, 0x00, 0x23, 0x00, 0x23, 0x00, 0x23, 0x00, 0x23, 0x00, 0x23, 0x00, 0x23, 0x00,
    0x23, 0x00, 0x23, 0x00, 0x23, 0x00, 0x23, 0x00, 0x23, 0x00, 0x23, 0x00, 0x23, 0x00, 0x23, 0x00,
    0x00, 0x00, 0x00, 0x00, 0x00, 0x00, 0x00, 0x00, 0x00, 0x00, 0x00, 0x00, 0x00, 0x00, 0x00, 0x00,
    0x00, 0x00, 0x00, 0x00, 0x23, 0x00, 0x46, 0x00, 0x46, 0x00, 0x46, 0x00, 0x46, 0x00, 0x46, 0x00,
    0x23, 0x00, 0x00, 0x00, 0x00, 0x00, 0x00, 0x00, 0x00, 0x00, 0x00, 0x00, 0x00, 0x00, 0x00, 0x00,
    0x00, 0x00, 0x00, 0x00, 0x00, 0x00, 0x00, 0x00, 0x00, 0x00, 0x00, 0x00, 0x00, 0x00, 0x00, 0x00,
    0x00, 0x00, 0x00, 0x00, 0xe8, 0x00, 0x51, 0x01, 0x51, 0x01, 0x51, 0x01, 0x51, 0x01, 0x51, 0x01,
    0x51, 0x01, 0x51, 0x01, 0x51, 0x01, 0xef, 0x00, 0xef, 0x00, 0xef, 0x00, 0x51, 0x01, 0xef, 0x00,
    0xef, 0x00, 0xef, 0x00, 0xef, 0x00, 0xef, 0x00, 0xef, 0x00, 0xef, 0x00, 0xef, 0x00, 0xef, 0x00,
    0xef, 0x00, 0xef, 0x00, 0xef, 0x00, 0xef, 0x00, 0xef, 0x00, 0xef, 0x00, 0xef, 0x00, 0xef, 0x00,
    0xef, 0x00, 0xef, 0x00, 0xef, 0x00, 0xef, 0x00, 0xef, 0x00, 0xef, 0x00, 0xef, 0x00, 0xef, 0x00,
    0xef, 0x00, 0xef, 0x00, 0xef, 0x00, 0xef, 0x00, 0xef, 0x00, 0xef, 0x00, 0xef, 0x00, 0xef, 0x00,
    0xef, 0x00, 0xef, 0x00, 0xef, 0x00, 0xef, 0x00, 0xef, 0x00, 0xef, 0x00, 0xef, 0x00, 0xef, 0x00,
    0xef, 0x00, 0xef, 0x00, 0xef, 0x00, 0xef, 0x00, 0xef, 0x00, 0xef, 0x00, 0xef, 0x00, 0xef, 0x00,
    0xef, 0x00, 0xef, 0x00, 0xef, 0x00, 0xef, 0x00, 0xef, 0x00, 0xef, 0x00, 0xef, 0x00, 0xef, 0x00,
    0xef, 0x00, 0xef, 0x00, 0xef, 0x00, 0xef, 0x00, 0xef, 0x00, 0xef, 0x00, 0xef, 0x00, 0xef, 0x00,
    0xef, 0x00, 0xef, 0x00, 0xef, 0x00, 0xef, 0x00, 0xef, 0x00, 0xef, 0x00, 0xef, 0x00, 0xef, 0x00,
    0xef, 0x00, 0xef, 0x00, 0xef, 0x00, 0xef, 0x00, 0xef, 0x00, 0xef, 0x00, 0xef, 0x00, 0xef, 0x00,
    0xef, 0x00, 0xef, 0x00, 0xef, 0x00, 0xef, 0x00, 0xef, 0x00, 0xef, 0x00, 0xef, 0x00, 0xef, 0x00,
    0xef, 0x00, 0xef, 0x00, 0xef, 0x00, 0xef, 0x00, 0xef, 0x00, 0xef, 0x00, 0xef, 0x00, 0xef, 0x00,
    0xef, 0x00, 0xef, 0x00, 0xef, 0x00, 0xef, 0x00, 0xef, 0x00, 0xef, 0x00, 0xef, 0x00, 0xef, 0x00,
    0xef, 0x00, 0xef, 0x00, 0xef, 0x00, 0xef, 0x00, 0xef, 0x00, 0xef, 0x00, 0xef, 0x00, 0xef, 0x00,
    0xef, 0x00, 0xef, 0x00, 0xef, 0x00, 0xef, 0x00, 0xef, 0x00, 0xef, 0x00, 0xef, 0x00, 0xef, 0x00,
    0xef, 0x00, 0xef, 0x00, 0xef, 0x00, 0xef, 0x00, 0xef, 0x00, 0xef, 0x00, 0xef, 0x00, 0xef, 0x00,
    0xef, 0x00, 0xef, 0x00, 0xef, 0x00, 0xef, 0x00, 0x51, 0x01, 0xef, 0x00, 0xef, 0x00, 0xef, 0x00,
    0xef, 0x00, 0xef, 0x00, 0xef, 0x00, 0xef, 0x00, 0xef, 0x00, 0xef, 0x00, 0xef, 0x00, 0xef, 0x00,
    0xef, 0x00, 0xef, 0x00, 0xef, 0x00, 0xef, 0x00, 0xef, 0x00, 0xef, 0x00, 0xef, 0x00, 0xef, 0x00,
    0xef, 0x00, 0xef, 0x00, 0xef, 0x00, 0xef, 0x00, 0xef, 0x00, 0xef, 0x00, 0xef, 0x00, 0xef, 0x00,
    0xef, 0x00, 0xef, 0x00, 0xef, 0x00, 0xef, 0x00, 0xef, 0x00, 0xef, 0x00, 0xef, 0x00, 0xef, 0x00,
    0xef, 0x00, 0xef, 0x00, 0xef, 0x00, 0xef, 0x00, 0x51, 0x01, 0xef, 0x00, 0x51, 0x01, 0xef, 0x00,
    0xef, 0x00, 0xef, 0x00, 0xef, 0x00, 0xef, 0x00, 0xef, 0x00, 0xef, 0x00, 0xef, 0x00, 0xef, 0x00,
    0xef, 0x00, 0xef, 0x00, 0xef, 0x00, 0xef, 0x00, 0x51, 0x01, 0x51, 0x01, 0xef, 0x00, 0xe8, 0x00,
    0x00, 0x00, 0x00, 0x00, 0x00, 0x00, 0x00, 0x00, 0x00, 0x00, 0x00, 0x00, 0x00, 0x00, 0x00, 0x00,
    0x00, 0x00, 0x00, 0x00, 0xb5, 0x01, 0x3d, 0x02, 0x19, 0x02, 0x19, 0x02, 0x3d, 0x02, 0x3d, 0x02,
    0xb5, 0x01, 0x00, 0x00, 0x00, 0x00, 0x00, 0x00, 0x00, 0x00, 0x00, 0x00, 0x00, 0x00, 0x00, 0x00,
    0x00, 0x00, 0x00, 0x00, 0x00, 0x00, 0x00, 0x00, 0x00, 0x00, 0x00, 0x00, 0x00, 0x00, 0x00, 0x00,
    0x23, 0x00, 0x46, 0x00, 0x8a, 0x00, 0xef, 0x00, 0x51, 0x01, 0x51, 0x01, 0xef, 0x00, 0xef, 0x00,
    0xef, 0x00, 0xef, 0x00, 0xef, 0x00, 0xef, 0x00, 0xef, 0x00, 0xef, 0x00, 0xef, 0x00, 0xef, 0x00,
    0xef, 0x00, 0xef, 0x00, 0xef, 0x00, 0xef, 0x00, 0xef, 0x00, 0xef, 0x00, 0xef, 0x00, 0xef, 0x00,
    0xef, 0x00, 0xef, 0x00, 0xef, 0x00, 0xef, 0x00, 0xef, 0x00, 0xef, 0x00, 0xef, 0x00, 0xef, 0x00,
    0xef, 0x00, 0xef, 0x00, 0xef, 0x00, 0xef, 0x00, 0xef, 0x00, 0xef, 0x00, 0xef, 0x00, 0xef, 0x00,
    0xef, 0x00, 0xef, 0x00, 0xef, 0x00, 0xef, 0x00, 0xef, 0x00, 0xef, 0x00, 0xef, 0x00, 0xef, 0x00,
    0xef, 0x00, 0xef, 0x00, 0xef, 0x00, 0xef, 0x00, 0xef, 0x00, 0xef, 0x00, 0xef, 0x00, 0xef, 0x00,
    0xef, 0x00, 0xef, 0x00, 0xef, 0x00, 0xef, 0x00, 0xef, 0x00, 0xef, 0x00, 0xef, 0x00, 0xef, 0x00,
    0xef, 0x00, 0xef, 0x00, 0xef, 0x00, 0xef, 0x00, 0xef, 0x00, 0xef, 0x00, 0xef, 0x00, 0xef, 0x00,
    0xef, 0x00, 0xef, 0x00, 0xef, 0x00, 0xef, 0x00, 0xef, 0x00, 0xef, 0x00, 0xef, 0x00, 0xef, 0x00,
    0xef, 0x00, 0xef, 0x00, 0xef, 0x00, 0xef, 0x00, 0xef, 0x00, 0xef, 0x00, 0xef, 0x00, 0xef, 0x00,
    0xef, 0x00, 0xef, 0x00, 0xef, 0x00, 0xef, 0x00, 0xef, 0x00, 0xef, 0x00, 0xef, 0x00, 0xef, 0x00,
    0xef, 0x00, 0xef, 0x00, 0xef, 0x00, 0xef, 0x00, 0xef, 0x00, 0xef, 0x00, 0xef, 0x00, 0xef, 0x00,
    0xef, 0x00, 0xef, 0x00, 0xef, 0x00, 0xef, 0x00, 0xef, 0x00, 0xef, 0x00, 0xef, 0x00, 0xef, 0x00,
    0xef, 0x00, 0xef, 0x00, 0xef, 0x00, 0xef, 0x00, 0xef, 0x00, 0xef, 0x00, 0xef, 0x00, 0xef, 0x00,
    0xef, 0x00, 0xef, 0x00, 0xef, 0x00, 0xef, 0x00, 0xef, 0x00, 0xef, 0x00, 0xef, 0x00, 0xef, 0x00,
    0xef, 0x00, 0xef, 0x00, 0xef, 0x00, 0xef, 0x00, 0xef, 0x00, 0xef, 0x00, 0xef, 0x00, 0xef, 0x00,
    0xef, 0x00, 0xef, 0x00, 0xef, 0x00, 0xef, 0x00, 0xef, 0x00, 0xef, 0x00, 0xef, 0x00, 0xef, 0x00,
    0xef, 0x00, 0xef, 0x00, 0xef, 0x00, 0xef, 0x00, 0xef, 0x00, 0xef, 0x00, 0xef, 0x00, 0xef, 0x00,
    0xef, 0x00, 0xef, 0x00, 0xef, 0x00, 0xef, 0x00, 0xef, 0x00, 0xef, 0x00, 0xef, 0x00, 0xef, 0x00,
    0xef, 0x00, 0xef, 0x00, 0xef, 0x00, 0xef, 0x00, 0xef, 0x00, 0xef, 0x00, 0xef, 0x00, 0xef, 0x00,
    0xef, 0x00, 0xef, 0x00, 0xef, 0x00, 0xef, 0x00, 0xef, 0x00, 0xef, 0x00, 0xef, 0x00, 0xef, 0x00,
    0xef, 0x00, 0xef, 0x00, 0xef, 0x00, 0xef, 0x00, 0xef, 0x00, 0xef, 0x00, 0xef, 0x00, 0xef, 0x00,
    0xef, 0x00, 0xef, 0x00, 0xef, 0x00, 0xef, 0x00, 0xef, 0x00, 0xef, 0x00, 0xef, 0x00, 0xef, 0x00,
    0xef, 0x00, 0xef, 0x00, 0xef, 0x00, 0xef, 0x00, 0xef, 0x00, 0xef, 0x00, 0xef, 0x00, 0xef, 0x00,
    0xef, 0x00, 0x0c, 0x01, 0x0c, 0x01, 0xef, 0x00, 0xef, 0x00, 0xef, 0x00, 0xef, 0x00, 0x0c, 0x01,
    0x46, 0x00, 0x23, 0x00, 0x00, 0x00, 0x00, 0x00, 0x00, 0x00, 0x00, 0x00, 0x00, 0x00, 0x00, 0x00,
    0x23, 0x00, 0x55, 0x02, 0x3d, 0x02, 0x19, 0x02, 0xb5, 0x01, 0x19, 0x02, 0x19, 0x02, 0x19, 0x02,
    0x19, 0x02, 0xb5, 0x01, 0x0c, 0x01, 0x00, 0x00, 0x00, 0x00, 0x00, 0x00, 0x00, 0x00, 0x00, 0x00,
    0x00, 0x00, 0x00, 0x00, 0x00, 0x00, 0x00, 0x00, 0x00, 0x00, 0x00, 0x00, 0x00, 0x00, 0x00, 0x00,
    0x46, 0x00, 0x51, 0x01, 0xef, 0x00, 0xef, 0x00, 0x46, 0x00, 0x23, 0x00, 0x23, 0x00, 0x23, 0x00,
    0x23, 0x00, 0x23, 0x00, 0x23, 0x00, 0x23, 0x00, 0x23, 0x00, 0x23, 0x00, 0x23, 0x00, 0x23, 0x00,
    0x23, 0x00, 0x23, 0x00, 0x23, 0x00, 0x23, 0x00, 0x23, 0x00, 0x23, 0x00, 0x23, 0x00, 0x23, 0x00,
    0x23, 0x00, 0x23, 0x00, 0x23, 0x00, 0x23, 0x00, 0x23, 0x00, 0x23, 0x00, 0x23, 0x00, 0x23, 0x00,
    0x23, 0x00, 0x23, 0x00, 0x23, 0x00, 0x23, 0x00, 0x23, 0x00, 0x23, 0x00, 0x23, 0x00, 0x23, 0x00,
    0x23, 0x00, 0x23, 0x00, 0x23, 0x00, 0x23, 0x00, 0x23, 0x00, 0x23, 0x00, 0x23, 0x00, 0x23, 0x00,
    0x23, 0x00, 0x23, 0x00, 0x23, 0x00, 0x23, 0x00, 0x23, 0x00, 0x23, 0x00, 0x23, 0x00, 0x23, 0x00,
    0x23, 0x00, 0x23, 0x00, 0x23, 0x00, 0x23, 0x00, 0x23, 0x00, 0x23, 0x00, 0x23, 0x00, 0x23, 0x00,
    0x23, 0x00, 0x23, 0x00, 0x23, 0x00, 0x23, 0x00, 0x23, 0x00, 0x23, 0x00, 0x23, 0x00, 0x23, 0x00,
    0x23, 0x00, 0x23, 0x00, 0x23, 0x00, 0x23, 0x00, 0x23, 0x00, 0x23, 0x00, 0x23, 0x00, 0x23, 0x00,
    0x23, 0x00, 0x23, 0x00, 0x23, 0x00, 0x23, 0x00, 0x23, 0x00, 0x23, 0x00, 0x23, 0x00, 0x23, 0x00,
    0x23, 0x00, 0x23, 0x00, 0x23, 0x00, 0x23, 0x00, 0x23, 0x00, 0x23, 0x00, 0x23, 0x00, 0x23, 0x00,
    0x23, 0x00, 0x23, 0x00, 0x23, 0x00, 0x23, 0x00, 0x23, 0x00, 0x23, 0x00, 0x23, 0x00, 0x23, 0x00,
    0x23, 0x00, 0x23, 0x00, 0x23, 0x00, 0x23, 0x00, 0x23, 0x00, 0x23, 0x00, 0x23, 0x00, 0x23, 0x00,
    0x23, 0x00, 0x23, 0x00, 0x23, 0x00, 0x23, 0x00, 0x23, 0x00, 0x23, 0x00, 0x23, 0x00, 0x23, 0x00,
    0x23, 0x00, 0x23, 0x00, 0x23, 0x00, 0x23, 0x00, 0x23, 0x00, 0x23, 0x00, 0x23, 0x00, 0x23, 0x00,
    0x23, 0x00, 0x23, 0x00, 0x23, 0x00, 0x23, 0x00, 0x23, 0x00, 0x23, 0x00, 0x23, 0x00, 0x23, 0x00,
    0x23, 0x00, 0x23, 0x00, 0x23, 0x00, 0x23, 0x00, 0x23, 0x00, 0x23, 0x00, 0x23, 0x00, 0x23, 0x00,
    0x23, 0x00, 0x23, 0x00, 0x23, 0x00, 0x23, 0x00, 0x23, 0x00, 0x23, 0x00, 0x23, 0x00, 0x23, 0x00,
    0x23, 0x00, 0x23, 0x00, 0x23, 0x00, 0x23, 0x00, 0x23, 0x00, 0x23, 0x00, 0x23, 0x00, 0x23, 0x00,
    0x23, 0x00, 0x23, 0x00, 0x23, 0x00, 0x23, 0x00, 0x23, 0x00, 0x23, 0x00, 0x23, 0x00, 0x23, 0x00,
    0x23, 0x00, 0x23, 0x00, 0x23, 0x00, 0x23, 0x00, 0x23, 0x00, 0x23, 0x00, 0x23, 0x00, 0x23, 0x00,
    0x23, 0x00, 0x23, 0x00, 0x23, 0x00, 0x23, 0x00, 0x23, 0x00, 0x23, 0x00, 0x23, 0x00, 0x23, 0x00,
    0x23, 0x00, 0x23, 0x00, 0x23, 0x00, 0x23, 0x00, 0x23, 0x00, 0x23, 0x00, 0x23, 0x00, 0x23, 0x00,
    0x23, 0x00, 0x23, 0x00, 0x23, 0x00, 0x23, 0x00, 0x23, 0x00, 0x23, 0x00, 0x23, 0x00, 0x23, 0x00,
    0x23, 0x00, 0x23, 0x00, 0x23, 0x00, 0x23, 0x00, 0x23, 0x00, 0x23, 0x00, 0xef, 0x00, 0xef, 0x00,
    0x51, 0x01, 0x46, 0x00, 0x00, 0x00, 0x00, 0x00, 0x00, 0x00, 0x00, 0x00, 0x00, 0x00, 0x00, 0x00,
    0x46, 0x00, 0x3d, 0x02, 0x19, 0x02, 0xef, 0x00, 0x00, 0x00, 0x00, 0x00, 0x00, 0x00, 0x8a, 0x00,
    0xb5, 0x01, 0x19, 0x02, 0x51, 0x01, 0x00, 0x00, 0x00, 0x00, 0x00, 0x00, 0x00, 0x00, 0x00, 0x00,
    0x00, 0x00, 0x00, 0x00, 0x00, 0x00, 0x00, 0x00, 0x00, 0x00, 0x00, 0x00, 0x00, 0x00, 0x46, 0x00,
    0x8a, 0x00, 0x51, 0x01, 0xef, 0x00, 0x0c, 0x01, 0x23, 0x00, 0x23, 0x00, 0x23, 0x00, 0x23, 0x00,
    0x23, 0x00, 0x23, 0x00, 0x23, 0x00, 0x23, 0x00, 0x23, 0x00, 0x23, 0x00, 0x23, 0x00, 0x23, 0x00,
    0x23, 0x00, 0x23, 0x00, 0x23, 0x00, 0x23, 0x00, 0x23, 0x00, 0x23, 0x00, 0x23, 0x00, 0x23, 0x00,
    0x23, 0x00, 0x23, 0x00, 0x23, 0x00, 0x23, 0x00, 0x23, 0x00, 0x23, 0x00, 0x23, 0x00, 0x23, 0x00,
    0x23, 0x00, 0x23, 0x00, 0x23, 0x00, 0x23, 0x00, 0x23, 0x00, 0x23, 0x00, 0x23, 0x00, 0x23, 0x00,
    0x23, 0x00, 0x23, 0x00, 0x23, 0x00, 0x23, 0x00, 0x23, 0x00, 0x23, 0x00, 0x23, 0x00, 0x23, 0x00,
    0x23, 0x00, 0x23, 0x00, 0x23, 0x00, 0x23, 0x00, 0x23, 0x00, 0x23, 0x00, 0x23, 0x00, 0x23, 0x00,
    0x23, 0x00, 0x23, 0x00, 0x23, 0x00, 0x23, 0x00, 0x23, 0x00, 0x23, 0x00, 0x23, 0x00, 0x23, 0x00,
    0x23, 0x00, 0x23, 0x00, 0x23, 0x00, 0x23, 0x00, 0x23, 0x00, 0x23, 0x00, 0x23, 0x00, 0x23, 0x00,
    0x23, 0x00, 0x23, 0x00, 0x23, 0x00, 0x23, 0x00, 0x23, 0x00, 0x23, 0x00, 0x23, 0x00, 0x23, 0x00,
    0x23, 0x00, 0x23, 0x00, 0x23, 0x00, 0x23, 0x00, 0x23, 0x00, 0x23, 0x00, 0x23, 0x00, 0x23, 0x00,
    0x23, 0x00, 0x23, 0x00, 0x23, 0x00, 0x23, 0x00, 0x23, 0x00, 0x23, 0x00, 0x23, 0x00, 0x23, 0x00,
    0x23, 0x00, 0x23, 0x00, 0x23, 0x00, 0x23, 0x00, 0x23, 0x00, 0x23, 0x00, 0x23, 0x00, 0x23, 0x00,
    0x23, 0x00, 0x23, 0x00, 0x23, 0x00, 0x23, 0x00, 0x23, 0x00, 0x23, 0x00, 0x23, 0x00, 0x23, 0x00,
    0x23, 0x00, 0x23, 0x00, 0x23, 0x00, 0x23, 0x00, 0x23, 0x00, 0x23, 0x00, 0x23, 0x00, 0x23, 0x00,
    0x23, 0x00, 0x23, 0x00, 0x23, 0x00, 0x23, 0x00, 0x23, 0x00, 0x23, 0x00, 0x23, 0x00, 0x23, 0x00,
    0x23, 0x00, 0x23, 0x00, 0x23, 0x00, 0x23, 0x00, 0x23, 0x00, 0x23, 0x00, 0x23, 0x00, 0x23, 0x00,
    0x23, 0x00, 0x23, 0x00, 0x23, 0x00, 0x23, 0x00, 0x23, 0x00, 0x23, 0x00, 0x23, 0x00, 0x23, 0x00,
    0x23, 0x00, 0x23, 0x00, 0x23, 0x00, 0x23, 0x00, 0x23, 0x00, 0x23, 0x00, 0x23, 0x00, 0x23, 0x00,
    0x23, 0x00, 0x23, 0x00, 0x23, 0x00, 0x23, 0x00, 0x23, 0x00, 0x23, 0x00, 0x23, 0x00, 0x23, 0x00,
    0x23, 0x00, 0x23, 0x00, 0x23, 0x00, 0x23, 0x00, 0x23, 0x00, 0x23, 0x00, 0x23, 0x00, 0x23, 0x00,
    0x23, 0x00, 0x23, 0x00, 0x23, 0x00, 0x23, 0x00, 0x23, 0x00, 0x23, 0x00, 0x23, 0x00, 0x23, 0x00,
    0x23, 0x00, 0x23, 0x00, 0x23, 0x00, 0x23, 0x00, 0x23, 0x00, 0x23, 0x00, 0x23, 0x00, 0x23, 0x00,
    0x23, 0x00, 0x23, 0x00, 0x23, 0x00, 0x23, 0x00, 0x23, 0x00, 0x23, 0x00, 0x23, 0x00, 0x23, 0x00,
    0x23, 0x00, 0x23, 0x00, 0x23, 0x00, 0x23, 0x00, 0x23, 0x00, 0x23, 0x00, 0x23, 0x00, 0x23, 0x00,
    0x23, 0x00, 0x23, 0x00, 0x23, 0x00, 0x23, 0x00, 0x23, 0x00, 0x00, 0x00, 0xef, 0x00, 0x51, 0x01,
    0x51, 0x01, 0x0c, 0x01, 0xe8, 0x00, 0x00, 0x00, 0x00, 0x00, 0x00, 0x00, 0x00, 0x00, 0x00, 0x00,
    0x46, 0x00, 0x3d, 0x02, 0x19, 0x02, 0x00, 0x00, 0x00, 0x00, 0x00, 0x00, 0x00, 0x00, 0x00, 0x00,
    0xef, 0x00, 0x3d, 0x02, 0x51, 0x01, 0x00, 0x00, 0x00, 0x00, 0x00, 0x00, 0x00, 0x00, 0x00, 0x00,
    0x00, 0x00, 0x00, 0x00, 0x00, 0x00, 0x00, 0x00, 0x00, 0x00, 0x00, 0x00, 0x00, 0x00, 0x51, 0x01,
    0xef, 0x00, 0x0c, 0x01, 0x8a, 0x00, 0x23, 0x00, 0x00, 0x00, 0x55, 0x02, 0xdf, 0x02, 0xdf, 0x02,
    0xdf, 0x02, 0x46, 0x00, 0x23, 0x00, 0x23, 0x00, 0x23, 0x00, 0x23, 0x00, 0x23, 0x00, 0x23, 0x00,
    0x23, 0x00, 0x23, 0x00, 0x23, 0x00, 0x23, 0x00, 0x23, 0x00, 0x23, 0x00, 0x23, 0x00, 0x23, 0x00,
    0x23, 0x00, 0x23, 0x00, 0x23, 0x00, 0x23, 0x00, 0x23, 0x00, 0x23, 0x00, 0x23, 0x00, 0x23, 0x00,
    0x23, 0x00, 0x23, 0x00, 0x23, 0x00, 0x23, 0x00, 0x23, 0x00, 0x23, 0x00, 0x23, 0x00, 0x23, 0x00,
    0x23, 0x00, 0x23, 0x00, 0x23, 0x00, 0x23, 0x00, 0x23, 0x00, 0x23, 0x00, 0x23, 0x00, 0x23, 0x00,
    0x23, 0x00, 0x23, 0x00, 0x23, 0x00, 0x23, 0x00, 0x23, 0x00, 0x23, 0x00, 0x23, 0x00, 0x23, 0x00,
    0x23, 0x00, 0x23, 0x00, 0x23, 0x00, 0x23, 0x00, 0x23, 0x00, 0x23, 0x00, 0x23, 0x00, 0x23, 0x00,
    0x23, 0x00, 0x23, 0x00, 0x23, 0x00, 0x23, 0x00, 0x23, 0x00, 0x23, 0x00, 0x23, 0x00, 0x23, 0x00,
    0x23, 0x00, 0x23, 0x00, 0x23, 0x00, 0x23, 0x00, 0x23, 0x00, 0x23, 0x00, 0x23, 0x00, 0x23, 0x00,
    0x23, 0x00, 0x23, 0x00, 0x23, 0x00, 0x23, 0x00, 0x23, 0x00, 0x23, 0x00, 0x23, 0x00, 0x23, 0x00,
    0x23, 0x00, 0x23, 0x00, 0x23, 0x00, 0x23, 0x00, 0x23, 0x00, 0x23, 0x00, 0x23, 0x00, 0x23, 0x00,
    0x23, 0x00, 0x23, 0x00, 0x23, 0x00, 0x23, 0x00, 0x23, 0x00, 0x23, 0x00, 0x23, 0x00, 0x23, 0x00,
    0x23, 0x00, 0x23, 0x00, 0x23, 0x00, 0x23, 0x00, 0x23, 0x00, 0x23, 0x00, 0x23, 0x00, 0x23, 0x00,
    0x23, 0x00, 0x23, 0x00, 0x23, 0x00, 0x23, 0x00, 0x23, 0x00, 0x23, 0x00, 0x23, 0x00, 0x23, 0x00,
    0x23, 0x00, 0x23, 0x00, 0x23, 0x00, 0x23, 0x00, 0x23, 0x00, 0x23, 0x00, 0x23, 0x00, 0x23, 0x00,
    0x23, 0x00, 0x23, 0x00, 0x23, 0x00, 0x23, 0x00, 0x23, 0x00, 0x23, 0x00, 0x23, 0x00, 0x23, 0x00,
    0x23, 0x00, 0x23, 0x00, 0x23, 0x00, 0x23, 0x00, 0x23, 0x00, 0x23, 0x00, 0x23, 0x00, 0x23, 0x00,
    0x23, 0x00, 0x23, 0x00, 0x23, 0x00, 0x23, 0x00, 0x23, 0x00, 0x23, 0x00, 0x23, 0x00, 0x23, 0x00,
    0x23, 0x00, 0x23, 0x00, 0x23, 0x00, 0x23, 0x00, 0x23, 0x00, 0x23, 0x00, 0x23, 0x00, 0x23, 0x00,
    0x23, 0x00, 0x23, 0x00, 0x23, 0x00, 0x23, 0x00, 0x23, 0x00, 0x23, 0x00, 0x23, 0x00, 0x23, 0x00,
    0x23, 0x00, 0x23, 0x00, 0x23, 0x00, 0x23, 0x00, 0x23, 0x00, 0x23, 0x00, 0x23, 0x00, 0x23, 0x00,
    0x23, 0x00, 0x23, 0x00, 0x23, 0x00, 0x23, 0x00, 0x23, 0x00, 0x23, 0x00, 0x23, 0x00, 0x23, 0x00,
    0x23, 0x00, 0x23, 0x00, 0x23, 0x00, 0x23, 0x00, 0x23, 0x00, 0x23, 0x00, 0x23, 0x00, 0x23, 0x00,
    0x23, 0x00, 0x23, 0x00, 0x23, 0x00, 0x23, 0x00, 0x23, 0x00, 0x23, 0x00, 0x23, 0x00, 0x23, 0x00,
    0x23, 0x00, 0xbb, 0x02, 0xdf, 0x02, 0xdf, 0x02, 0x3d, 0x02, 0x23, 0x00, 0x23, 0x00, 0x8a, 0x00,
    0xef, 0x00, 0x51, 0x01, 0x51, 0x01, 0x00, 0x00, 0x00, 0x00, 0x00, 0x00, 0x00, 0x00, 0x00, 0x00,
    0x00, 0x00, 0x23, 0x00, 0x23, 0x00, 0x00, 0x00, 0x00, 0x00, 0x00, 0x00, 0x00, 0x00, 0x00, 0x00,
    0x00, 0x00, 0x23, 0x00, 0x00, 0x00, 0x00, 0x00, 0x00, 0x00, 0x00, 0x00, 0x00, 0x00, 0x00, 0x00,
    0x00, 0x00, 0x00, 0x00, 0x00, 0x00, 0x00, 0x00, 0x00, 0x00, 0x00, 0x00, 0x00, 0x00, 0x51, 0x01,
    0xef, 0x00, 0x23, 0x00, 0x23, 0x00, 0x23, 0x00, 0x46, 0x00, 0x19, 0x02, 0x3f, 0x02, 0xdf, 0x02,
    0xdf, 0x02, 0xe8, 0x00, 0x23, 0x00, 0x23, 0x00, 0x23, 0x00, 0x23, 0x00, 0x23, 0x00, 0x23, 0x00,
    0x23, 0x00, 0x23, 0x00, 0x23, 0x00, 0x23, 0x00, 0x23, 0x00, 0x23, 0x00, 0x23, 0x00, 0x23, 0x00,
    0x23, 0x00, 0x23, 0x00, 0x23, 0x00, 0x23, 0x00, 0x23, 0x00, 0x23, 0x00, 0x23, 0x00, 0x23, 0x00,
    0x23, 0x00, 0x23, 0x00, 0x23, 0x00, 0x23, 0x00, 0x23, 0x00, 0x23, 0x00, 0x23, 0x00, 0x23, 0x00,
    0x23, 0x00, 0x23, 0x00, 0x23, 0x00, 0x23, 0x00, 0x23, 0x00, 0x23, 0x00, 0x23, 0x00, 0x23, 0x00,
    0x23, 0x00, 0x23, 0x00, 0x23, 0x00, 0x23, 0x00, 0x23, 0x00, 0x23, 0x00, 0x23, 0x00, 0x23, 0x00,
    0x23, 0x00, 0x23, 0x00, 0x23, 0x00, 0x23, 0x00, 0x23, 0x00, 0x23, 0x00, 0x23, 0x00, 0x23, 0x00,
    0x23, 0x00, 0x23, 0x00, 0x23, 0x00, 0x23, 0x00, 0x23, 0x00, 0x23, 0x00, 0x23, 0x00, 0x23, 0x00,
    0x23, 0x00, 0x23, 0x00, 0x23, 0x00, 0x23, 0x00, 0x23, 0x00, 0x23, 0x00, 0x23, 0x00, 0x23, 0x00,
    0x23, 0x00, 0x23, 0x00, 0x23, 0x00, 0x23, 0x00, 0x23, 0x00, 0x23, 0x00, 0x23, 0x00, 0x23, 0x00,
    0x23, 0x00, 0x23, 0x00, 0x23, 0x00, 0x23, 0x00, 0x23, 0x00, 0x23, 0x00, 0x23, 0x00, 0x23, 0x00,
    0x23, 0x00, 0x23, 0x00, 0x23, 0x00, 0x23, 0x00, 0x23, 0x00, 0x23, 0x00, 0x23, 0x00, 0x23, 0x00,
    0x23, 0x00, 0x23, 0x00, 0x23, 0x00, 0x23, 0x00, 0x23, 0x00, 0x23, 0x00, 0x23, 0x00, 0x23, 0x00,
    0x23, 0x00, 0x23, 0x00, 0x23, 0x00, 0x23, 0x00, 0x23, 0x00, 0x23, 0x00, 0x23, 0x00, 0x23, 0x00,
    0x23, 0x00, 0x23, 0x00, 0x23, 0x00, 0x23, 0x00, 0x23, 0x00, 0x23, 0x00, 0x23, 0x00, 0x23, 0x00,
    0x23, 0x00, 0x23, 0x00, 0x23, 0x00, 0x23, 0x00, 0x23, 0x00, 0x23, 0x00, 0x23, 0x00, 0x23, 0x00,
    0x23, 0x00, 0x23, 0x00, 0x23, 0x00, 0x23, 0x00, 0x23, 0x00, 0x23, 0x00, 0x23, 0x00, 0x23, 0x00,
    0x23, 0x00, 0x23, 0x00, 0x23, 0x00, 0x23, 0x00, 0x23, 0x00, 0x23, 0x00, 0x23, 0x00, 0x23, 0x00,
    0x23, 0x00, 0x23, 0x00, 0x23, 0x00, 0x23, 0x00, 0x23, 0x00, 0x23, 0x00, 0x23, 0x00, 0x23, 0x00,
    0x23, 0x00, 0x23, 0x00, 0x23, 0x00, 0x23, 0x00, 0x23, 0x00, 0x23, 0x00, 0x23, 0x00, 0x23, 0x00,
    0x23, 0x00, 0x23, 0x00, 0x23, 0x00, 0x23, 0x00, 0x23, 0x00, 0x23, 0x00, 0x23, 0x00, 0x23, 0x00,
    0x23, 0x00, 0x23, 0x00, 0x23, 0x00, 0x23, 0x00, 0x23, 0x00, 0x23, 0x00, 0x23, 0x00, 0x23, 0x00,
    0x23, 0x00, 0x23, 0x00, 0x23, 0x00, 0x23, 0x00, 0x23, 0x00, 0x23, 0x00, 0x23, 0x00, 0x23, 0x00,
    0x23, 0x00, 0x23, 0x00, 0x23, 0x00, 0x23, 0x00, 0x23, 0x00, 0x23, 0x00, 0x23, 0x00, 0x23, 0x00,
    0x23, 0x00, 0xdf, 0x02, 0xdf, 0x02, 0xdf, 0x02, 0xdf, 0x02, 0xe8, 0x00, 0x23, 0x00, 0x23, 0x00,
    0x23, 0x00, 0x51, 0x01, 0x51, 0x01, 0x00, 0x00, 0x00, 0x00, 0x00, 0x00, 0x00, 0x00, 0x00, 0x00,
    0x00, 0x00, 0x8a, 0x00, 0x8a, 0x00, 0x00, 0x00, 0x00, 0x00, 0x00, 0x00, 0x00, 0x00, 0x00, 0x00,
    0x46, 0x00, 0x8a, 0x00, 0x23, 0x00, 0x00, 0x00, 0x00, 0x00, 0x00, 0x00, 0x00, 0x00, 0x00, 0x00,
    0x00, 0x00, 0x00, 0x00, 0x00, 0x00, 0x00, 0x00, 0x00, 0x00, 0x00, 0x00, 0x00, 0x00, 0x51, 0x01,
    0xef, 0x00, 0x23, 0x00, 0x23, 0x00, 0x23, 0x00, 0xbb, 0x02, 0xdf, 0x02, 0xb5, 0x01, 0x0c, 0x01,
    0x0c, 0x01, 0x23, 0x00, 0x23, 0x00, 0x23, 0x00, 0x23, 0x00, 0x23, 0x00, 0x23, 0x00, 0x23, 0x00,
    0x23, 0x00, 0x23, 0x00, 0x23, 0x00, 0x23, 0x00, 0x23, 0x00, 0x23, 0x00, 0x23, 0x00, 0x23, 0x00,
    0x23, 0x00, 0x23, 0x00, 0x23, 0x00, 0x23, 0x00, 0x23, 0x00, 0x23, 0x00, 0x23, 0x00, 0x23, 0x00,
    0x23, 0x00, 0x23, 0x00, 0x23, 0x00, 0x23, 0x00, 0x23, 0x00, 0x23, 0x00, 0x23, 0x00, 0x23, 0x00,
    0x23, 0x00, 0x23, 0x00, 0x23, 0x00, 0x23, 0x00, 0x23, 0x00, 0x23, 0x00, 0x23, 0x00, 0x23, 0x00,
    0x23, 0x00, 0x23, 0x00, 0x23, 0x00, 0x23, 0x00, 0x23, 0x00, 0x23, 0x00, 0x23, 0x00, 0x23, 0x00,
    0x23, 0x00, 0x23, 0x00, 0x23, 0x00, 0x23, 0x00, 0x23, 0x00, 0x23, 0x00, 0x23, 0x00, 0x23, 0x00,
    0x23, 0x00, 0x23, 0x00, 0x23, 0x00, 0x23, 0x00, 0x23, 0x00, 0x23, 0x00, 0x23, 0x00, 0x23, 0x00,
    0x23, 0x00, 0x23, 0x00, 0x23, 0x00, 0x23, 0x00, 0x23, 0x00, 0x23, 0x00, 0x23, 0x00, 0x23, 0x00,
    0x23, 0x00, 0x23, 0x00, 0x23, 0x00, 0x23, 0x00, 0x23, 0x00, 0x23, 0x00, 0x23, 0x00, 0x23, 0x00,
    0x23, 0x00, 0x23, 0x00, 0x23, 0x00, 0x23, 0x00, 0x23, 0x00, 0x23, 0x00, 0x23, 0x00, 0x23, 0x00,
    0x23, 0x00, 0x23, 0x00, 0x23, 0x00, 0x23, 0x00, 0x23, 0x00, 0x23, 0x00, 0x23, 0x00, 0x23, 0x00,
    0x23, 0x00, 0x23, 0x00, 0x23, 0x00, 0x23, 0x00, 0x23, 0x00, 0x23, 0x00, 0x23, 0x00, 0x23, 0x00,
    0x23, 0x00, 0x23, 0x00, 0x23, 0x00, 0x23, 0x00, 0x23, 0x00, 0x23, 0x00, 0x23, 0x00, 0x23, 0x00,
    0x23, 0x00, 0x23, 0x00, 0x23, 0x00, 0x23, 0x00, 0x23, 0x00, 0x23, 0x00, 0x23, 0x00, 0x23, 0x00,
    0x23, 0x00, 0x23, 0x00, 0x23, 0x00, 0x23, 0x00, 0x23, 0x00, 0x23, 0x00, 0x23, 0x00, 0x23, 0x00,
    0x23, 0x00, 0x23, 0x00, 0x23, 0x00, 0x23, 0x00, 0x23, 0x00, 0x23, 0x00, 0x23, 0x00, 0x23, 0x00,
    0x23, 0x00, 0x23, 0x00, 0x23, 0x00, 0x23, 0x00, 0x23, 0x00, 0x23, 0x00, 0x23, 0x00, 0x23, 0x00,
    0x23, 0x00, 0x23, 0x00, 0x23, 0x00, 0x23, 0x00, 0x23, 0x00, 0x23, 0x00, 0x23, 0x00, 0x23, 0x00,
    0x23, 0x00, 0x23, 0x00, 0x23, 0x00, 0x23, 0x00, 0x23, 0x00, 0x23, 0x00, 0x23, 0x00, 0x23, 0x00,
    0x23, 0x00, 0x23, 0x00, 0x23, 0x00, 0x23, 0x00, 0x23, 0x00, 0x23, 0x00, 0x23, 0x00, 0x23, 0x00,
    0x23, 0x00, 0x23, 0x00, 0x23, 0x00, 0x23, 0x00, 0x23, 0x00, 0x23, 0x00, 0x23, 0x00, 0x23, 0x00,
    0x23, 0x00, 0x23, 0x00, 0x23, 0x00, 0x23, 0x00, 0x23, 0x00, 0x23, 0x00, 0x23, 0x00, 0x23, 0x00,
    0x23, 0x00, 0x23, 0x00, 0x23, 0x00, 0x23, 0x00, 0x23, 0x00, 0x23, 0x00, 0x23, 0x00, 0x23, 0x00,
    0x23, 0x00, 0x8a, 0x00, 0x0c, 0x01, 0x0c, 0x01, 0xdf, 0x02, 0xdf, 0x03, 0x23, 0x00, 0x23, 0x00,
    0x23, 0x00, 0x51, 0x01, 0x51, 0x01, 0x00, 0x00, 0x00, 0x00, 0x00, 0x00, 0x00, 0x00, 0x00, 0x00,
    0x00, 0x00, 0x8a, 0x00, 0xe8, 0x00, 0x00, 0x00, 0x46, 0x00, 0x51, 0x01, 0x0c, 0x01, 0x00, 0x00,
    0x46, 0x00, 0x8a, 0x00, 0x23, 0x00, 0x00, 0x00, 0x00, 0x00, 0x00, 0x00, 0x00, 0x00, 0x00, 0x00,
    0x00, 0x00, 0x00, 0x00, 0x00, 0x00, 0x00, 0x00, 0x00, 0x00, 0x00, 0x00, 0x00, 0x00, 0x51, 0x01,
    0xef, 0x00, 0x23, 0x00, 0x23, 0x00, 0x23, 0x00, 0x3d, 0x02, 0xdf, 0x02, 0xef, 0x00, 0x23, 0x00,
    0x23, 0x00, 0x23, 0x00, 0x23, 0x00, 0x23, 0x00, 0x23, 0x00, 0x23, 0x00, 0x23, 0x00, 0x23, 0x00,
    0x23, 0x00, 0x23, 0x00, 0x23, 0x00, 0x23, 0x00, 0x23, 0x00, 0x23, 0x00, 0x23, 0x00, 0x23, 0x00,
    0x23, 0x00, 0x23, 0x00, 0x23, 0x00, 0x23, 0x00, 0x23, 0x00, 0x23, 0x00, 0x23, 0x00, 0x23, 0x00,
    0x23, 0x00, 0x23, 0x00, 0x23, 0x00, 0x23, 0x00, 0x23, 0x00, 0x23, 0x00, 0x23, 0x00, 0x23, 0x00,
    0x23, 0x00, 0x23, 0x00, 0x23, 0x00, 0x23, 0x00, 0x23, 0x00, 0x23, 0x00, 0x23, 0x00, 0x23, 0x00,
    0x23, 0x00, 0x23, 0x00, 0x23, 0x00, 0x23, 0x00, 0x23, 0x00, 0x23, 0x00, 0x23, 0x00, 0x23, 0x00,
    0x23, 0x00, 0x23, 0x00, 0x23, 0x00, 0x23, 0x00, 0x23, 0x00, 0x23, 0x00, 0x23, 0x00, 0x23, 0x00,
    0x23, 0x00, 0x23, 0x00, 0x23, 0x00, 0x23, 0x00, 0x23, 0x00, 0x23, 0x00, 0x23, 0x00, 0x23, 0x00,
    0x23, 0x00, 0x23, 0x00, 0x23, 0x00, 0x23, 0x00, 0x23, 0x00, 0x23, 0x00, 0x23, 0x00, 0x23, 0x00,
    0x23, 0x00, 0x23, 0x00, 0x23, 0x00, 0x23, 0x00, 0x23, 0x00, 0x23, 0x00, 0x23, 0x00, 0x23, 0x00,
    0x23, 0x00, 0x23, 0x00, 0x23, 0x00, 0x23, 0x00, 0x23, 0x00, 0x23, 0x00, 0x23, 0x00, 0x23, 0x00,
    0x23, 0x00, 0x23, 0x00, 0x23, 0x00, 0x23, 0x00, 0x23, 0x00, 0x23, 0x00, 0x23, 0x00, 0x23, 0x00,
    0x23, 0x00, 0x23, 0x00, 0x23, 0x00, 0x23, 0x00, 0x23, 0x00, 0x23, 0x00, 0x23, 0x00, 0x23, 0x00,
    0x23, 0x00, 0x23, 0x00, 0x23, 0x00, 0x23, 0x00, 0x23, 0x00, 0x23, 0x00, 0x23, 0x00, 0x23, 0x00,
    0x23, 0x00, 0x23, 0x00, 0x23, 0x00, 0x23, 0x00, 0x23, 0x00, 0x23, 0x00, 0x23, 0x00, 0x23, 0x00,
    0x23, 0x00, 0x23, 0x00, 0x23, 0x00, 0x23, 0x00, 0x23, 0x00, 0x23, 0x00, 0x23, 0x00, 0x23, 0x00,
    0x23, 0x00, 0x23, 0x00, 0x23, 0x00, 0x23, 0x00, 0x23, 0x00, 0x23, 0x00, 0x23, 0x00, 0x23, 0x00,
    0x23, 0x00, 0x23, 0x00, 0x23, 0x00, 0x23, 0x00, 0x23, 0x00, 0x23, 0x00, 0x23, 0x00, 0x23, 0x00,
    0x23, 0x00, 0x23, 0x00, 0x23, 0x00, 0x23, 0x00, 0x23, 0x00, 0x23, 0x00, 0x23, 0x00, 0x23, 0x00,
    0x23, 0x00, 0x23, 0x00, 0x23, 0x00, 0x23, 0x00, 0x23, 0x00, 0x23, 0x00, 0x23, 0x00, 0x23, 0x00,
    0x23, 0x00, 0x23, 0x00, 0x23, 0x00, 0x23, 0x00, 0x23, 0x00, 0x23, 0x00, 0x23, 0x00, 0x23, 0x00,
    0x23, 0x00, 0x23, 0x00, 0x23, 0x00, 0x23, 0x00, 0x23, 0x00, 0x23, 0x00, 0x23, 0x00, 0x23, 0x00,
    0x23, 0x00, 0x23, 0x00, 0x23, 0x00, 0x23, 0x00, 0x23, 0x00, 0x23, 0x00, 0x23, 0x00, 0x23, 0x00,
    0x23, 0x00, 0x23, 0x00, 0x23, 0x00, 0x23, 0x00, 0x23, 0x00, 0x23, 0x00, 0x23, 0x00, 0x23, 0x00,
    0x23, 0x00, 0x23, 0x00, 0x23, 0x00, 0x23, 0x00, 0xdf, 0x02, 0xdf, 0x02, 0x23, 0x00, 0x23, 0x00,
    0x23, 0x00, 0x33, 0x01, 0x51, 0x01, 0x00, 0x00, 0x00, 0x00, 0x00, 0x00, 0x00, 0x00, 0x00, 0x00,
    0x00, 0x00, 0x8a, 0x00, 0xe8, 0x00, 0x00, 0x00, 0x46, 0x00, 0x19, 0x02, 0xb5, 0x01, 0x00, 0x00,
    0x46, 0x00, 0x8a, 0x00, 0x23, 0x00, 0x00, 0x00, 0x00, 0x00, 0x00, 0x00, 0x00, 0x00, 0x00, 0x00,
    0x00, 0x00, 0x00, 0x00, 0x00, 0x00, 0x00, 0x00, 0x00, 0x00, 0x00, 0x00, 0x00, 0x00, 0x51, 0x01,
    0xef, 0x00, 0x23, 0x00, 0x23, 0x00, 0x23, 0x00, 0x19, 0x02, 0xdf, 0x02, 0x0c, 0x01, 0x23, 0x00,
    0x23, 0x00, 0x23, 0x00, 0x23, 0x00, 0x23, 0x00, 0x23, 0x00, 0x23, 0x00, 0x23, 0x00, 0x23, 0x00,
    0x23, 0x00, 0x23, 0x00, 0x23, 0x00, 0x23, 0x00, 0x23, 0x00, 0x23, 0x00, 0x23, 0x00, 0x23, 0x00,
    0x23, 0x00, 0x23, 0x00, 0x23, 0x00, 0x23, 0x00, 0x23, 0x00, 0x23, 0x00, 0x23, 0x00, 0x23, 0x00,
    0x23, 0x00, 0x23, 0x00, 0x23, 0x00, 0x23, 0x00, 0x23, 0x00, 0x23, 0x00, 0x23, 0x00, 0x23, 0x00,
    0x23, 0x00, 0x23, 0x00, 0x23, 0x00, 0x23, 0x00, 0x23, 0x00, 0x23, 0x00, 0x23, 0x00, 0x23, 0x00,
    0x23, 0x00, 0x23, 0x00, 0x23, 0x00, 0x23, 0x00, 0x23, 0x00, 0x23, 0x00, 0x23, 0x00, 0x23, 0x00,
    0x23, 0x00, 0x23, 0x00, 0x23, 0x00, 0x23, 0x00, 0x23, 0x00, 0x23, 0x00, 0x23, 0x00, 0x23, 0x00,
    0x23, 0x00, 0x23, 0x00, 0x23, 0x00, 0x23, 0x00, 0x23, 0x00, 0x23, 0x00, 0x23, 0x00, 0x23, 0x00,
    0x23, 0x00, 0x23, 0x00, 0x23, 0x00, 0x23, 0x00, 0x23, 0x00, 0x23, 0x00, 0x23, 0x00, 0x23, 0x00,
    0x23, 0x00, 0x23, 0x00, 0x23, 0x00, 0x23, 0x00, 0x23, 0x00, 0x23, 0x00, 0x23, 0x00, 0x23, 0x00,
    0x23, 0x00, 0x23, 0x00, 0x23, 0x00, 0x23, 0x00, 0x23, 0x00, 0x23, 0x00, 0x23, 0x00, 0x23, 0x00,
    0x23, 0x00, 0x23, 0x00, 0x23, 0x00, 0x23, 0x00, 0x23, 0x00, 0x23, 0x00, 0x23, 0x00, 0x23, 0x00,
    0x23, 0x00, 0x23, 0x00, 0x23, 0x00, 0x23, 0x00, 0x23, 0x00, 0x23, 0x00, 0x23, 0x00, 0x23, 0x00,
    0x23, 0x00, 0x23, 0x00, 0x23, 0x00, 0x23, 0x00, 0x23, 0x00, 0x23, 0x00, 0x23, 0x00, 0x23, 0x00,
    0x23, 0x00, 0x23, 0x00, 0x23, 0x00, 0x23, 0x00, 0x23, 0x00, 0x23, 0x00, 0x23, 0x00, 0x23, 0x00,
    0x23, 0x00, 0x23, 0x00, 0x23, 0x00, 0x23, 0x00, 0x23, 0x00, 0x23, 0x00, 0x23, 0x00, 0x23, 0x00,
    0x23, 0x00, 0x23, 0x00, 0x23, 0x00, 0x23, 0x00, 0x46, 0x00, 0x23, 0x00, 0x23, 0x00, 0x23, 0x00,
    0x23, 0x00, 0x23, 0x00, 0x23, 0x00, 0x46, 0x00, 0x46, 0x00, 0x46, 0x00, 0x23, 0x00, 0x23, 0x00,
    0x23, 0x00, 0x23, 0x00, 0x23, 0x00, 0x23, 0x00, 0x23, 0x00, 0x23, 0x00, 0x23, 0x00, 0x23, 0x00,
    0x23, 0x00, 0x23, 0x00, 0x23, 0x00, 0x23, 0x00, 0x23, 0x00, 0x23, 0x00, 0x23, 0x00, 0x46, 0x00,
    0x23, 0x00, 0x23, 0x00, 0x23, 0x00, 0x23, 0x00, 0x23, 0x00, 0x23, 0x00, 0x23, 0x00, 0x23, 0x00,
    0x23, 0x00, 0x23, 0x00, 0x23, 0x00, 0x23, 0x00, 0x23, 0x00, 0x23, 0x00, 0x23, 0x00, 0x23, 0x00,
    0x23, 0x00, 0x23, 0x00, 0x23, 0x00, 0x23, 0x00, 0x23, 0x00, 0x23, 0x00, 0x23, 0x00, 0x23, 0x00,
    0x23, 0x00, 0x23, 0x00, 0x23, 0x00, 0x23, 0x00, 0x23, 0x00, 0x23, 0x00, 0x23, 0x00, 0x23, 0x00,
    0x23, 0x00, 0x23, 0x00, 0x23, 0x00, 0x00, 0x00, 0xdf, 0x02, 0xdf, 0x02, 0x23, 0x00, 0x23, 0x00,
    0x23, 0x00, 0x51, 0x01, 0x51, 0x01, 0x00, 0x00, 0x00, 0x00, 0x00, 0x00, 0x00, 0x00, 0x00, 0x00,
    0x00, 0x00, 0x8a, 0x00, 0x46, 0x00, 0x00, 0x00, 0xe8, 0x00, 0x19, 0x02, 0xb5, 0x01, 0x00, 0x00,
    0x46, 0x00, 0x0c, 0x01, 0x23, 0x00, 0x00, 0x00, 0x00, 0x00, 0x00, 0x00, 0x00, 0x00, 0x00, 0x00,
    0x00, 0x00, 0x00, 0x00, 0x00, 0x00, 0x00, 0x00, 0x00, 0x00, 0x00, 0x00, 0x00, 0x00, 0x51, 0x01,
    0xef, 0x00, 0x23, 0x00, 0x23, 0x00, 0x23, 0x00, 0x46, 0x00, 0x46, 0x00, 0x23, 0x00, 0x23, 0x00,
    0x23, 0x00, 0x23, 0x00, 0x23, 0x00, 0x23, 0x00, 0x23, 0x00, 0x23, 0x00, 0x23, 0x00, 0x23, 0x00,
    0x23, 0x00, 0x23, 0x00, 0x23, 0x00, 0x23, 0x00, 0x23, 0x00, 0x23, 0x00, 0x23, 0x00, 0x23, 0x00,
    0x23, 0x00, 0x23, 0x00, 0x23, 0x00, 0x23, 0x00, 0x23, 0x00, 0x23, 0x00, 0x23, 0x00, 0x23, 0x00,
    0x23, 0x00, 0x23, 0x00, 0x23, 0x00, 0x23, 0x00, 0x23, 0x00, 0x23, 0x00, 0x23, 0x00, 0x23, 0x00,
    0x23, 0x00, 0x23, 0x00, 0x23, 0x00, 0x23, 0x00, 0x23, 0x00, 0x23, 0x00, 0x23, 0x00, 0x23, 0x00,
    0x23, 0x00, 0x23, 0x00, 0x23, 0x00, 0x23, 0x00, 0x23, 0x00, 0x23, 0x00, 0x23, 0x00, 0x23, 0x00,
    0x23, 0x00, 0x23, 0x00, 0x23, 0x00, 0x23, 0x00, 0x23, 0x00, 0x23, 0x00, 0x23, 0x00, 0x23, 0x00,
    0x23, 0x00, 0x23, 0x00, 0x23, 0x00, 0x23, 0x00, 0x23, 0x00, 0x23, 0x00, 0x23, 0x00, 0x23, 0x00,
    0x23, 0x00, 0x23, 0x00, 0x23, 0x00, 0x23, 0x00, 0x23, 0x00, 0x23, 0x00, 0x23, 0x00, 0x23, 0x00,
    0x23, 0x00, 0x23, 0x00, 0x23, 0x00, 0x23, 0x00, 0x23, 0x00, 0x23, 0x00, 0x23, 0x00, 0x23, 0x00,
    0x23, 0x00, 0x23, 0x00, 0x23, 0x00, 0x23, 0x00, 0x23, 0x00, 0x23, 0x00, 0x23, 0x00, 0x23, 0x00,
    0x23, 0x00, 0x23, 0x00, 0x23, 0x00, 0x23, 0x00, 0x23, 0x00, 0x23, 0x00, 0x23, 0x00, 0x23, 0x00,
    0x23, 0x00, 0x23, 0x00, 0x23, 0x00, 0x23, 0x00, 0x23, 0x00, 0x23, 0x00, 0x23, 0x00, 0x23, 0x00,
    0x23, 0x00, 0x23, 0x00, 0x23, 0x00, 0x46, 0x00, 0x23, 0x00, 0x23, 0x00, 0x23, 0x00, 0x23, 0x00,
    0x23, 0x00, 0x23, 0x00, 0x23, 0x00, 0x23, 0x00, 0x23, 0x00, 0x23, 0x00, 0x23, 0x00, 0x23, 0x00,
    0x23, 0x00, 0x46, 0x00, 0x23, 0x00, 0x23, 0x00, 0x23, 0x00, 0x23, 0x00, 0x23, 0x00, 0x23, 0x00,
    0x23, 0x00, 0x23, 0x00, 0x23, 0x00, 0x46, 0x00, 0x8a, 0x00, 0xe8, 0x00, 0x8a, 0x00, 0x8a, 0x00,
    0x8a, 0x00, 0x8a, 0x00, 0xe8, 0x00, 0x8a, 0x00, 0x8a, 0x00, 0x8a, 0x00, 0xe8, 0x00, 0x8a, 0x00,
    0xe8, 0x00, 0x8a, 0x00, 0x8a, 0x00, 0x8a, 0x00, 0x8a, 0x00, 0xe8, 0x00, 0x8a, 0x00, 0xe8, 0x00,
    0x8a, 0x00, 0xe8, 0x00, 0xe8, 0x00, 0xe8, 0x00, 0x8a, 0x00, 0x8a, 0x00, 0xe8, 0x00, 0x8a, 0x00,
    0x8a, 0x00, 0x46, 0x00, 0x23, 0x00, 0x23, 0x00, 0x23, 0x00, 0x23, 0x00, 0x23, 0x00, 0x23, 0x00,
    0x23, 0x00, 0x23, 0x00, 0x46, 0x00, 0x23, 0x00, 0x23, 0x00, 0x23, 0x00, 0x23, 0x00, 0x23, 0x00,
    0x23, 0x00, 0x23, 0x00, 0x23, 0x00, 0x23, 0x00, 0x23, 0x00, 0x23, 0x00, 0x23, 0x00, 0x23, 0x00,
    0x23, 0x00, 0x23, 0x00, 0x23, 0x00, 0x23, 0x00, 0x23, 0x00, 0x23, 0x00, 0x23, 0x00, 0x23, 0x00,
    0x23, 0x00, 0x23, 0x00, 0x23, 0x00, 0x23, 0x00, 0x23, 0x00, 0x23, 0x00, 0x23, 0x00, 0x23, 0x00,
    0x23, 0x00, 0x51, 0x01, 0x51, 0x01, 0x00, 0x00, 0x00, 0x00, 0x00, 0x00, 0x00, 0x00, 0x00, 0x00,
    0x00, 0x00, 0x8a, 0x00, 0x46, 0x00, 0x00, 0x00, 0x8a, 0x00, 0x19, 0x02, 0xb5, 0x01, 0x00, 0x00,
    0x46, 0x00, 0x0c, 0x01, 0x23, 0x00, 0x00, 0x00, 0x00, 0x00, 0x00, 0x00, 0x00, 0x00, 0x00, 0x00,
    0x00, 0x00, 0x00, 0x00, 0x00, 0x00, 0x00, 0x00, 0x00, 0x00, 0x00, 0x00, 0x00, 0x00, 0x51, 0x01,
    0xef, 0x00, 0x23, 0x00, 0x23, 0x00, 0x23, 0x00, 0x46, 0x00, 0x46, 0x00, 0x23, 0x00, 0x23, 0x00,
    0x23, 0x00, 0x23, 0x00, 0x23, 0x00, 0x23, 0x00, 0x23, 0x00, 0x23, 0x00, 0x23, 0x00, 0x23, 0x00,
    0x23, 0x00, 0x23, 0x00, 0x23, 0x00, 0x23, 0x00, 0x23, 0x00, 0x23, 0x00, 0x23, 0x00, 0x23, 0x00,
    0x23, 0x00, 0x23, 0x00, 0x23, 0x00, 0x23, 0x00, 0x23, 0x00, 0x23, 0x00, 0x23, 0x00, 0x23, 0x00,
    0x23, 0x00, 0x23, 0x00, 0x23, 0x00, 0x23, 0x00, 0x23, 0x00, 0x23, 0x00, 0x23, 0x00, 0x23, 0x00,
    0x23, 0x00, 0x23, 0x00, 0x23, 0x00, 0x23, 0x00, 0x23, 0x00, 0x23, 0x00, 0x23, 0x00, 0x23, 0x00,
    0x23, 0x00, 0x23, 0x00, 0x23, 0x00, 0x23, 0x00, 0x23, 0x00, 0x23, 0x00, 0x23, 0x00, 0x23, 0x00,
    0x23, 0x00, 0x23, 0x00, 0x23, 0x00, 0x23, 0x00, 0x23, 0x00, 0x23, 0x00, 0x23, 0x00, 0x23, 0x00,
    0x23, 0x00, 0x23, 0x00, 0x23, 0x00, 0x23, 0x00, 0x23, 0x00, 0x23, 0x00, 0x23, 0x00, 0x23, 0x00,
    0x23, 0x00, 0x23, 0x00, 0x23, 0x00, 0x23, 0x00, 0x23, 0x00, 0x23, 0x00, 0x23, 0x00, 0x23, 0x00,
    0x23, 0x00, 0x23, 0x00, 0x23, 0x00, 0x23, 0x00, 0x23, 0x00, 0x23, 0x00, 0x23, 0x00, 0x23, 0x00,
    0x23, 0x00, 0x23, 0x00, 0x23, 0x00, 0x23, 0x00, 0x23, 0x00, 0x46, 0x00, 0x46, 0x00, 0x23, 0x00,
    0x23, 0x00, 0x46, 0x00, 0x46, 0x00, 0x23, 0x00, 0x23, 0x00, 0x23, 0x00, 0x46, 0x00, 0x46, 0x00,
    0x23, 0x00, 0x23, 0x00, 0xe8, 0x00, 0x46, 0x00, 0x23, 0x00, 0x23, 0x00, 0x46, 0x00, 0x46, 0x00,
    0x23, 0x00, 0x23, 0x00, 0x46, 0x00, 0x46, 0x00, 0x46, 0x00, 0x23, 0x00, 0x23, 0x00, 0x46, 0x00,
    0x46, 0x00, 0x23, 0x00, 0x23, 0x00, 0x23, 0x00, 0x46, 0x00, 0x46, 0x00, 0x23, 0x00, 0x23, 0x00,
    0x46, 0x00, 0x8a, 0x00, 0x23, 0x00, 0x23, 0x00, 0x46, 0x00, 0xe8, 0x00, 0x23, 0x00, 0x23, 0x00,
    0x23, 0x00, 0x23, 0x00, 0x46, 0x00, 0x8a, 0x00, 0x46, 0x00, 0x46, 0x00, 0x46, 0x00, 0x46, 0x00,
    0x23, 0x00, 0x23, 0x00, 0x23, 0x00, 0x46, 0x00, 0x23, 0x00, 0x46, 0x00, 0x23, 0x00, 0x46, 0x00,
    0x23, 0x00, 0x46, 0x00, 0x46, 0x00, 0x46, 0x00, 0x46, 0x00, 0x46, 0x00, 0x46, 0x00, 0x23, 0x00,
    0x23, 0x00, 0x23, 0x00, 0x23, 0x00, 0x46, 0x00, 0x46, 0x00, 0x46, 0x00, 0x46, 0x00, 0x46, 0x00,
    0x46, 0x00, 0x8a, 0x00, 0x23, 0x00, 0x23, 0x00, 0x23, 0x00, 0x23, 0x00, 0x23, 0x00, 0x23, 0x00,
    0x23, 0x00, 0x23, 0x00, 0x8a, 0x00, 0x8a, 0x00, 0x23, 0x00, 0x23, 0x00, 0x00, 0x00, 0x46, 0x00,
    0x8a, 0x00, 0x46, 0x00, 0x23, 0x00, 0x23, 0x00, 0x8a, 0x00, 0x8a, 0x00, 0x46, 0x00, 0x23, 0x00,
    0x23, 0x00, 0x23, 0x00, 0x23, 0x00, 0x23, 0x00, 0x23, 0x00, 0x23, 0x00, 0x23, 0x00, 0x23, 0x00,
    0x23, 0x00, 0x23, 0x00, 0x23, 0x00, 0x23, 0x00, 0x23, 0x00, 0x23, 0x00, 0x23, 0x00, 0x23, 0x00,
    0x23, 0x00, 0x51, 0x01, 0x51, 0x01, 0x00, 0x00, 0x00, 0x00, 0x00, 0x00, 0x00, 0x00, 0x00, 0x00,
    0x00, 0x00, 0x8a, 0x00, 0x46, 0x00, 0x00, 0x00, 0x23, 0x00, 0x8a, 0x00, 0x46, 0x00, 0x00, 0x00,
    0x46, 0x00, 0x0c, 0x01, 0x23, 0x00, 0x00, 0x00, 0x00, 0x00, 0x00, 0x00, 0x00, 0x00, 0x00, 0x00,
    0x00, 0x00, 0x00, 0x00, 0x00, 0x00, 0x00, 0x00, 0x00, 0x00, 0x00, 0x00, 0x00, 0x00, 0x51, 0x01,
    0xef, 0x00, 0x23, 0x00, 0x23, 0x00, 0x23, 0x00, 0x46, 0x00, 0x46, 0x00, 0x23, 0x00, 0x23, 0x00,
    0x23, 0x00, 0x23, 0x00, 0x46, 0x00, 0x23, 0x00, 0x23, 0x00, 0x46, 0x00, 0x46, 0x00, 0x23, 0x00,
    0x23, 0x00, 0x46, 0x00, 0x23, 0x00, 0x23, 0x00, 0x23, 0x00, 0x46, 0x00, 0x23, 0x00, 0x23, 0x00,
    0x23, 0x00, 0x23, 0x00, 0x23, 0x00, 0x23, 0x00, 0x23, 0x00, 0x23, 0x00, 0x23, 0x00, 0x23, 0x00,
    0x23, 0x00, 0x23, 0x00, 0x23, 0x00, 0x23, 0x00, 0x23, 0x00, 0x23, 0x00, 0x23, 0x00, 0x23, 0x00,
    0x23, 0x00, 0x23, 0x00, 0x23, 0x00, 0x23, 0x00, 0x23, 0x00, 0x23, 0x00, 0x23, 0x00, 0x23, 0x00,
    0x23, 0x00, 0x23, 0x00, 0x23, 0x00, 0x23, 0x00, 0x23, 0x00, 0x23, 0x00, 0x23, 0x00, 0x23, 0x00,
    0x23, 0x00, 0x23, 0x00, 0x23, 0x00, 0x23, 0x00, 0x23, 0x00, 0x23, 0x00, 0x23, 0x00, 0x23, 0x00,
    0x23, 0x00, 0x23, 0x00, 0x23, 0x00, 0x23, 0x00, 0x23, 0x00, 0x23, 0x00, 0x23, 0x00, 0x23, 0x00,
    0x23, 0x00, 0x23, 0x00, 0x23, 0x00, 0x23, 0x00, 0x23, 0x00, 0x23, 0x00, 0x23, 0x00, 0x23, 0x00,
    0x23, 0x00, 0x23, 0x00, 0x23, 0x00, 0x23, 0x00, 0x23, 0x00, 0x23, 0x00, 0x23, 0x00, 0x23, 0x00,
    0x23, 0x00, 0x23, 0x00, 0x23, 0x00, 0x23, 0x00, 0x23, 0x00, 0x46, 0x00, 0x46, 0x00, 0x23, 0x00,
    0x23, 0x00, 0x46, 0x00, 0x46, 0x00, 0x23, 0x00, 0x23, 0x00, 0x23, 0x00, 0x46, 0x00, 0x23, 0x00,
    0x23, 0x00, 0x23, 0x00, 0x46, 0x00, 0x46, 0x00, 0x23, 0x00, 0x23, 0x00, 0x46, 0x00, 0x46, 0x00,
    0x23, 0x00, 0x23, 0x00, 0x23, 0x00, 0x46, 0x00, 0x46, 0x00, 0x23, 0x00, 0x23, 0x00, 0x46, 0x00,
    0x46, 0x00, 0x23, 0x00, 0x23, 0x00, 0x23, 0x00, 0x46, 0x00, 0x46, 0x00, 0x23, 0x00, 0x23, 0x00,
    0x46, 0x00, 0x46, 0x00, 0x23, 0x00, 0x23, 0x00, 0x46, 0x00, 0x46, 0x00, 0x23, 0x00, 0x23, 0x00,
    0x23, 0x00, 0x46, 0x00, 0x8a, 0x00, 0x46, 0x00, 0x23, 0x00, 0x23, 0x00, 0x23, 0x00, 0x23, 0x00,
    0x23, 0x00, 0x23, 0x00, 0x23, 0x00, 0x23, 0x00, 0x23, 0x00, 0x23, 0x00, 0x23, 0x00, 0x23, 0x00,
    0x23, 0x00, 0x23, 0x00, 0x23, 0x00, 0x23, 0x00, 0x23, 0x00, 0x23, 0x00, 0x23, 0x00, 0x23, 0x00,
    0x23, 0x00, 0x23, 0x00, 0x23, 0x00, 0x23, 0x00, 0x23, 0x00, 0x23, 0x00, 0x23, 0x00, 0x23, 0x00,
    0x23, 0x00, 0x23, 0x00, 0xe8, 0x00, 0x46, 0x00, 0x23, 0x00, 0x23, 0x00, 0x23, 0x00, 0x23, 0x00,
    0x23, 0x00, 0x23, 0x00, 0x8a, 0x00, 0x8a, 0x00, 0x23, 0x00, 0x23, 0x00, 0x23, 0x00, 0x46, 0x00,
    0xe8, 0x00, 0x23, 0x00, 0x23, 0x00, 0x23, 0x00, 0x8a, 0x00, 0x8a, 0x00, 0x46, 0x00, 0x23, 0x00,
    0x23, 0x00, 0x23, 0x00, 0x23, 0x00, 0x23, 0x00, 0x23, 0x00, 0x23, 0x00, 0x23, 0x00, 0x23, 0x00,
    0x23, 0x00, 0x23, 0x00, 0x23, 0x00, 0x23, 0x00, 0x23, 0x00, 0x23, 0x00, 0x23, 0x00, 0x23, 0x00,
    0x23, 0x00, 0x51, 0x01, 0x51, 0x01, 0x00, 0x00, 0x00, 0x00, 0x00, 0x00, 0x00, 0x00, 0x00, 0x00,
    0x00, 0x00, 0x8a, 0x00, 0x46, 0x00, 0x00, 0x00, 0x00, 0x00, 0x00, 0x00, 0x00, 0x00, 0x00, 0x00,
    0x46, 0x00, 0x0c, 0x01, 0x23, 0x00, 0x00, 0x00, 0x00, 0x00, 0x00, 0x00, 0x00, 0x00, 0x00, 0x00,
    0x00, 0x00, 0x00, 0x00, 0x00, 0x00, 0x00, 0x00, 0x00, 0x00, 0x00, 0x00, 0x00, 0x00, 0x51, 0x01,
    0xef, 0x00, 0x23, 0x00, 0x23, 0x00, 0x23, 0x00, 0x23, 0x00, 0x23, 0x00, 0x23, 0x00, 0x23, 0x00,
    0x23, 0x00, 0x46, 0x00, 0x46, 0x00, 0x23, 0x00, 0x23, 0x00, 0xe8, 0x00, 0x46, 0x00, 0x23, 0x00,
    0x23, 0x00, 0x46, 0x00, 0x46, 0x00, 0x23, 0x00, 0x46, 0x00, 0x46, 0x00, 0x23, 0x00, 0x23, 0x00,
    0x23, 0x00, 0x23, 0x00, 0x23, 0x00, 0x23, 0x00, 0x23, 0x00, 0x23, 0x00, 0x23, 0x00, 0x23, 0x00,
    0x23, 0x00, 0x23, 0x00, 0x23, 0x00, 0x23, 0x00, 0x23, 0x00, 0x23, 0x00, 0x23, 0x00, 0x23, 0x00,
    0x23, 0x00, 0x23, 0x00, 0x23, 0x00, 0x23, 0x00, 0x23, 0x00, 0x23, 0x00, 0x23, 0x00, 0x23, 0x00,
    0x23, 0x00, 0x23, 0x00, 0x23, 0x00, 0x23, 0x00, 0x23, 0x00, 0x23, 0x00, 0x23, 0x00, 0x23, 0x00,
    0x23, 0x00, 0x23, 0x00, 0x23, 0x00, 0x23, 0x00, 0x23, 0x00, 0x23, 0x00, 0x23, 0x00, 0x23, 0x00,
    0x23, 0x00, 0x23, 0x00, 0x23, 0x00, 0x23, 0x00, 0x23, 0x00, 0x23, 0x00, 0x23, 0x00, 0x23, 0x00,
    0x23, 0x00, 0x23, 0x00, 0x23, 0x00, 0x23, 0x00, 0x23, 0x00, 0x23, 0x00, 0x23, 0x00, 0x23, 0x00,
    0x23, 0x00, 0x23, 0x00, 0x23, 0x00, 0x23, 0x00, 0x23, 0x00, 0x23, 0x00, 0x23, 0x00, 0x23, 0x00,
    0x23, 0x00, 0x23, 0x00, 0x23, 0x00, 0x23, 0x00, 0x23, 0x00, 0x23, 0x00, 0x23, 0x00, 0x23, 0x00,
    0x23, 0x00, 0x23, 0x00, 0x23, 0x00, 0x23, 0x00, 0x23, 0x00, 0x23, 0x00, 0x23, 0x00, 0x23, 0x00,
    0x23, 0x00, 0x23, 0x00, 0x23, 0x00, 0x23, 0x00, 0x23, 0x00, 0x23, 0x00, 0x23, 0x00, 0x23, 0x00,
    0x23, 0x00, 0x23, 0x00, 0x23, 0x00, 0x23, 0x00, 0x23, 0x00, 0x23, 0x00, 0x23, 0x00, 0x23, 0x00,
    0x23, 0x00, 0x23, 0x00, 0x23, 0x00, 0x23, 0x00, 0x23, 0x00, 0x23, 0x00, 0x23, 0x00, 0x23, 0x00,
    0x23, 0x00, 0x23, 0x00, 0x23, 0x00, 0x23, 0x00, 0x23, 0x00, 0x23, 0x00, 0x23, 0x00, 0x23, 0x00,
    0x46, 0x00, 0xe8, 0x00, 0x46, 0x00, 0x23, 0x00, 0x23, 0x00, 0x23, 0x00, 0x23, 0x00, 0x23, 0x00,
    0x23, 0x00, 0x23, 0x00, 0x23, 0x00, 0x23, 0x00, 0x23, 0x00, 0x23, 0x00, 0x23, 0x00, 0x23, 0x00,
    0x23, 0x00, 0x23, 0x00, 0x23, 0x00, 0x23, 0x00, 0x23, 0x00, 0x23, 0x00, 0x23, 0x00, 0x23, 0x00,
    0x23, 0x00, 0x23, 0x00, 0x23, 0x00, 0x23, 0x00, 0x23, 0x00, 0x23, 0x00, 0x23, 0x00, 0x23, 0x00,
    0x23, 0x00, 0x23, 0x00, 0x46, 0x00, 0xe8, 0x00, 0x46, 0x00, 0x23, 0x00, 0x23, 0x00, 0x23, 0x00,
    0x23, 0x00, 0x23, 0x00, 0x23, 0x00, 0x23, 0x00, 0x23, 0x00, 0x23, 0x00, 0x23, 0x00, 0x23, 0x00,
    0x00, 0x00, 0x23, 0x00, 0x23, 0x00, 0x23, 0x00, 0x23, 0x00, 0x23, 0x00, 0x23, 0x00, 0x23, 0x00,
    0x23, 0x00, 0x23, 0x00, 0x23, 0x00, 0x23, 0x00, 0x23, 0x00, 0x23, 0x00, 0x23, 0x00, 0x23, 0x00,
    0x23, 0x00, 0x23, 0x00, 0x23, 0x00, 0x23, 0x00, 0xe8, 0x00, 0x46, 0x00, 0x23, 0x00, 0x23, 0x00,
    0x23, 0x00, 0x51, 0x01, 0x51, 0x01, 0x00, 0x00, 0x00, 0x00, 0x00, 0x00, 0x00, 0x00, 0x00, 0x00,
    0x00, 0x00, 0x8a, 0x00, 0xe8, 0x00, 0x00, 0x00, 0x00, 0x00, 0x23, 0x00, 0x23, 0x00, 0x00, 0x00,
    0x46, 0x00, 0x0c, 0x01, 0x23, 0x00, 0x00, 0x00, 0x00, 0x00, 0x00, 0x00, 0x00, 0x00, 0x00, 0x00,
    0x00, 0x00, 0x00, 0x00, 0x00, 0x00, 0x00, 0x00, 0x00, 0x00, 0x00, 0x00, 0x00, 0x00, 0x51, 0x01,
    0xef, 0x00, 0x23, 0x00, 0x23, 0x00, 0x23, 0x00, 0x23, 0x00, 0x23, 0x00, 0x23, 0x00, 0x23, 0x00,
    0x23, 0x00, 0x23, 0x00, 0x23, 0x00, 0x23, 0x00, 0x23, 0x00, 0x23, 0x00, 0x23, 0x00, 0x23, 0x00,
    0x23, 0x00, 0x23, 0x00, 0x23, 0x00, 0x23, 0x00, 0x23, 0x00, 0x23, 0x00, 0x23, 0x00, 0x23, 0x00,
    0x23, 0x00, 0x23, 0x00, 0x23, 0x00, 0x23, 0x00, 0x23, 0x00, 0x23, 0x00, 0x23, 0x00, 0x23, 0x00,
    0x23, 0x00, 0x23, 0x00, 0x23, 0x00, 0x23, 0x00, 0x23, 0x00, 0x23, 0x00, 0x23, 0x00, 0x23, 0x00,
    0x23, 0x00, 0x23, 0x00, 0x23, 0x00, 0x23, 0x00, 0x23, 0x00, 0x23, 0x00, 0x23, 0x00, 0x23, 0x00,
    0x23, 0x00, 0x23, 0x00, 0x23, 0x00, 0x23, 0x00, 0x23, 0x00, 0x23, 0x00, 0x23, 0x00, 0x23, 0x00,
    0x23, 0x00, 0x23, 0x00, 0x23, 0x00, 0x23, 0x00, 0x23, 0x00, 0x23, 0x00, 0x23, 0x00, 0x23, 0x00,
    0x23, 0x00, 0x23, 0x00, 0x23, 0x00, 0x23, 0x00, 0x23, 0x00, 0x23, 0x00, 0x23, 0x00, 0x23, 0x00,
    0x23, 0x00, 0x23, 0x00, 0x23, 0x00, 0x23, 0x00, 0x23, 0x00, 0x23, 0x00, 0x23, 0x00, 0x23, 0x00,
    0x23, 0x00, 0x23, 0x00, 0x23, 0x00, 0x23, 0x00, 0x23, 0x00, 0x23, 0x00, 0x23, 0x00, 0x23, 0x00,
    0x23, 0x00, 0x23, 0x00, 0x23, 0x00, 0x23, 0x00, 0x23, 0x00, 0x23, 0x00, 0x23, 0x00, 0x23, 0x00,
    0x23, 0x00, 0x23, 0x00, 0x23, 0x00, 0x23, 0x00, 0x23, 0x00, 0x23, 0x00, 0x23, 0x00, 0x23, 0x00,
    0x23, 0x00, 0x23, 0x00, 0x23, 0x00, 0x23, 0x00, 0x23, 0x00, 0x23, 0x00, 0x23, 0x00, 0x23, 0x00,
    0x23, 0x00, 0x23, 0x00, 0x23, 0x00, 0x23, 0x00, 0x23, 0x00, 0x23, 0x00, 0x23, 0x00, 0x23, 0x00,
    0x23, 0x00, 0x23, 0x00, 0x23, 0x00, 0x23, 0x00, 0x23, 0x00, 0x23, 0x00, 0x23, 0x00, 0x23, 0x00,
    0x23, 0x00, 0x23, 0x00, 0x23, 0x00, 0x23, 0x00, 0x23, 0x00, 0x23, 0x00, 0x23, 0x00, 0x23, 0x00,
    0x46, 0x00, 0x46, 0x00, 0x23, 0x00, 0x23, 0x00, 0x23, 0x00, 0x23, 0x00, 0x23, 0x00, 0x23, 0x00,
    0x23, 0x00, 0x23, 0x00, 0x23, 0x00, 0x23, 0x00, 0x23, 0x00, 0x23, 0x00, 0x23, 0x00, 0xe8, 0x00,
    0x46, 0x00, 0x46, 0x00, 0x46, 0x00, 0x46, 0x00, 0x46, 0x00, 0x46, 0x00, 0x46, 0x00, 0x46, 0x00,
    0x46, 0x00, 0x46, 0x00, 0x46, 0x00, 0x46, 0x00, 0x46, 0x00, 0x46, 0x00, 0x46, 0x00, 0x46, 0x00,
    0x46, 0x00, 0x23, 0x00, 0x23, 0x00, 0x46, 0x00, 0x8a, 0x00, 0x46, 0x00, 0x23, 0x00, 0x23, 0x00,
    0x23, 0x00, 0x23, 0x00, 0x23, 0x00, 0x23, 0x00, 0x23, 0x00, 0x23, 0x00, 0x23, 0x00, 0x23, 0x00,
    0x23, 0x00, 0x23, 0x00, 0x23, 0x00, 0x23, 0x00, 0x23, 0x00, 0x23, 0x00, 0x23, 0x00, 0x23, 0x00,
    0x23, 0x00, 0x23, 0x00, 0x23, 0x00, 0x23, 0x00, 0x23, 0x00, 0x23, 0x00, 0x23, 0x00, 0x23, 0x00,
    0x23, 0x00, 0x23, 0x00, 0x23, 0x00, 0x23, 0x00, 0x46, 0x00, 0x46, 0x00, 0x23, 0x00, 0x23, 0x00,
    0x23, 0x00, 0x51, 0x01, 0x51, 0x01, 0x00, 0x00, 0x00, 0x00, 0x00, 0x00, 0x00, 0x00, 0x00, 0x00,
    0x00, 0x00, 0x8a, 0x00, 0x46, 0x00, 0x00, 0x00, 0x46, 0x00, 0x33, 0x01, 0xef, 0x00, 0x00, 0x00,
    0x46, 0x00, 0x0c, 0x01, 0x23, 0x00, 0x00, 0x00, 0x00, 0x00, 0x00, 0x00, 0x00, 0x00, 0x00, 0x00,
    0x00, 0x00, 0x00, 0x00, 0x00, 0x00, 0x00, 0x00, 0x00, 0x00, 0x00, 0x00, 0x00, 0x00, 0x51, 0x01,
    0xef, 0x00, 0x23, 0x00, 0x23, 0x00, 0x23, 0x00, 0x23, 0x00, 0x23, 0x00, 0x23, 0x00, 0x23, 0x00,
    0x23, 0x00, 0x23, 0x00, 0x23, 0x00, 0x23, 0x00, 0x23, 0x00, 0x23, 0x00, 0x23, 0x00, 0x23, 0x00,
    0x23, 0x00, 0x23, 0x00, 0x23, 0x00, 0x23, 0x00, 0x23, 0x00, 0x23, 0x00, 0x23, 0x00, 0x23, 0x00,
    0x23, 0x00, 0x23, 0x00, 0x23, 0x00, 0x23, 0x00, 0x23, 0x00, 0x23, 0x00, 0x23, 0x00, 0x23, 0x00,
    0x23, 0x00, 0x23, 0x00, 0x23, 0x00, 0x23, 0x00, 0x23, 0x00, 0x23, 0x00, 0x23, 0x00, 0x23, 0x00,
    0x23, 0x00, 0x23, 0x00, 0x23, 0x00, 0x23, 0x00, 0x23, 0x00, 0x23, 0x00, 0x23, 0x00, 0x23, 0x00,
    0x23, 0x00, 0x23, 0x00, 0x23, 0x00, 0x23, 0x00, 0x23, 0x00, 0x23, 0x00, 0x23, 0x00, 0x23, 0x00,
    0x23, 0x00, 0x23, 0x00, 0x23, 0x00, 0x23, 0x00, 0x23, 0x00, 0x23, 0x00, 0x23, 0x00, 0x23, 0x00,
    0x23, 0x00, 0x23, 0x00, 0x23, 0x00, 0x23, 0x00, 0x23, 0x00, 0x23, 0x00, 0x23, 0x00, 0x23, 0x00,
    0x23, 0x00, 0x23, 0x00, 0x23, 0x00, 0x23, 0x00, 0x23, 0x00, 0x23, 0x00, 0x23, 0x00, 0x23, 0x00,
    0x23, 0x00, 0x23, 0x00, 0x23, 0x00, 0x23, 0x00, 0x23, 0x00, 0x23, 0x00, 0x23, 0x00, 0x23, 0x00,
    0x23, 0x00, 0x23, 0x00, 0x23, 0x00, 0x23, 0x00, 0x23, 0x00, 0x23, 0x00, 0x23, 0x00, 0x23, 0x00,
    0x23, 0x00, 0x23, 0x00, 0x23, 0x00, 0x23, 0x00, 0x23, 0x00, 0x23, 0x00, 0x23, 0x00, 0x23, 0x00,
    0x23, 0x00, 0x23, 0x00, 0x23, 0x00, 0x23, 0x00, 0x23, 0x00, 0x23, 0x00, 0x23, 0x00, 0x23, 0x00,
    0x23, 0x00, 0x23, 0x00, 0x23, 0x00, 0x23, 0x00, 0x23, 0x00, 0x23, 0x00, 0x23, 0x00, 0x23, 0x00,
    0x23, 0x00, 0x23, 0x00, 0x23, 0x00, 0x23, 0x00, 0x23, 0x00, 0x23, 0x00, 0x23, 0x00, 0x23, 0x00,
    0x23, 0x00, 0x23, 0x00, 0x23, 0x00, 0x23, 0x00, 0x23, 0x00, 0x23, 0x00, 0x23, 0x00, 0x23, 0x00,
    0x23, 0x00, 0x23, 0x00, 0x23, 0x00, 0x23, 0x00, 0x23, 0x00, 0x23, 0x00, 0x23, 0x00, 0x23, 0x00,
    0x23, 0x00, 0x23, 0x00, 0x23, 0x00, 0x23, 0x00, 0x23, 0x00, 0x23, 0x00, 0x23, 0x00, 0x8a, 0x00,
    0x8a, 0x00, 0x8a, 0x00, 0xe8, 0x00, 0xe8, 0x00, 0x8a, 0x00, 0x8a, 0x00, 0x8a, 0x00, 0x8a, 0x00,
    0x8a, 0x00, 0x8a, 0x00, 0x8a, 0x00, 0x8a, 0x00, 0xe8, 0x00, 0x8a, 0x00, 0xe8, 0x00, 0x8a, 0x00,
    0x8a, 0x00, 0x46, 0x00, 0x23, 0x00, 0x23, 0x00, 0xe8, 0x00, 0x8a, 0x00, 0x23, 0x00, 0x23, 0x00,
    0x23, 0x00, 0x00, 0x00, 0x23, 0x00, 0x23, 0x00, 0x23, 0x00, 0x23, 0x00, 0x23, 0x00, 0x23, 0x00,
    0x23, 0x00, 0x23, 0x00, 0x23, 0x00, 0x23, 0x00, 0x23, 0x00, 0x23, 0x00, 0x23, 0x00, 0x23, 0x00,
    0x23, 0x00, 0x23, 0x00, 0x23, 0x00, 0x23, 0x00, 0x23, 0x00, 0x23, 0x00, 0x23, 0x00, 0x23, 0x00,
    0x23, 0x00, 0x23, 0x00, 0x23, 0x00, 0x23, 0x00, 0xe8, 0x00, 0x8a, 0x00, 0x23, 0x00, 0x23, 0x00,
    0x23, 0x00, 0x51, 0x01, 0x51, 0x01, 0x00, 0x00, 0x00, 0x00, 0x00, 0x00, 0x00, 0x00, 0x00, 0x00,
    0x00, 0x00, 0x8a, 0x00, 0xe8, 0x00, 0x00, 0x00, 0xe8, 0x00, 0x19, 0x02, 0xb5, 0x01, 0x00, 0x00,
    0x46, 0x00, 0x0c, 0x01, 0x23, 0x00, 0x00, 0x00, 0x00, 0x00, 0x00, 0x00, 0x00, 0x00, 0x00, 0x00,
    0x00, 0x00, 0x00, 0x00, 0x00, 0x00, 0x00, 0x00, 0x00, 0x00, 0x00, 0x00, 0x00, 0x00, 0x51, 0x01,
    0xef, 0x00, 0x23, 0x00, 0x23, 0x00, 0x23, 0x00, 0x23, 0x00, 0x23, 0x00, 0x23, 0x00, 0x23, 0x00,
    0x23, 0x00, 0x23, 0x00, 0x23, 0x00, 0x23, 0x00, 0x23, 0x00, 0x23, 0x00, 0x23, 0x00, 0x23, 0x00,
    0x23, 0x00, 0x23, 0x00, 0x23, 0x00, 0x23, 0x00, 0x23, 0x00, 0x23, 0x00, 0x23, 0x00, 0x23, 0x00,
    0x23, 0x00, 0x23, 0x00, 0x23, 0x00, 0x23, 0x00, 0x23, 0x00, 0x23, 0x00, 0x23, 0x00, 0x23, 0x00,
    0x23, 0x00, 0x23, 0x00, 0x23, 0x00, 0x23, 0x00, 0x23, 0x00, 0x23, 0x00, 0x23, 0x00, 0x23, 0x00,
    0x23, 0x00, 0x23, 0x00, 0x23, 0x00, 0x23, 0x00, 0x23, 0x00, 0x23, 0x00, 0x23, 0x00, 0x23, 0x00,
    0x23, 0x00, 0x23, 0x00, 0x23, 0x00, 0x23, 0x00, 0x23, 0x00, 0x23, 0x00, 0x23, 0x00, 0x23, 0x00,
    0x23, 0x00, 0x23, 0x00, 0x23, 0x00, 0x23, 0x00, 0x23, 0x00, 0x23, 0x00, 0x23, 0x00, 0x23, 0x00,
    0x23, 0x00, 0x23, 0x00, 0x23, 0x00, 0x23, 0x00, 0x23, 0x00, 0x23, 0x00, 0x23, 0x00, 0x23, 0x00,
    0x23, 0x00, 0x23, 0x00, 0x23, 0x00, 0x23, 0x00, 0x23, 0x00, 0x23, 0x00, 0x23, 0x00, 0x23, 0x00,
    0x23, 0x00, 0x23, 0x00, 0x23, 0x00, 0x23, 0x00, 0x23, 0x00, 0x23, 0x00, 0x23, 0x00, 0x23, 0x00,
    0x23, 0x00, 0x23, 0x00, 0x23, 0x00, 0x23, 0x00, 0x23, 0x00, 0x23, 0x00, 0x23, 0x00, 0x23, 0x00,
    0x23, 0x00, 0x23, 0x00, 0x23, 0x00, 0x23, 0x00, 0x23, 0x00, 0x23, 0x00, 0x23, 0x00, 0x23, 0x00,
    0x23, 0x00, 0x23, 0x00, 0x23, 0x00, 0x23, 0x00, 0x23, 0x00, 0x23, 0x00, 0x23, 0x00, 0x23, 0x00,
    0x23, 0x00, 0x23, 0x00, 0x23, 0x00, 0x23, 0x00, 0x23, 0x00, 0x23, 0x00, 0x23, 0x00, 0x23, 0x00,
    0x23, 0x00, 0x23, 0x00, 0x23, 0x00, 0x23, 0x00, 0x23, 0x00, 0x23, 0x00, 0x23, 0x00, 0x23, 0x00,
    0x23, 0x00, 0x23, 0x00, 0x23, 0x00, 0x23, 0x00, 0x23, 0x00, 0x23, 0x00, 0x23, 0x00, 0x23, 0x00,
    0x23, 0x00, 0x23, 0x00, 0x23, 0x00, 0x23, 0x00, 0x23, 0x00, 0x23, 0x00, 0x23, 0x00, 0x23, 0x00,
    0x23, 0x00, 0x23, 0x00, 0x23, 0x00, 0x23, 0x00, 0x23, 0x00, 0x23, 0x00, 0x23, 0x00, 0x23, 0x00,
    0x23, 0x00, 0x23, 0x00, 0x23, 0x00, 0x23, 0x00, 0x23, 0x00, 0x23, 0x00, 0x23, 0x00, 0x23, 0x00,
    0x23, 0x00, 0x23, 0x00, 0x23, 0x00, 0x23, 0x00, 0x23, 0x00, 0x23, 0x00, 0x23, 0x00, 0x23, 0x00,
    0x46, 0x00, 0x8a, 0x00, 0x46, 0x00, 0x23, 0x00, 0x23, 0x00, 0x46, 0x00, 0xe8, 0x00, 0x46, 0x00,
    0x46, 0x00, 0x46, 0x00, 0xe8, 0x00, 0x46, 0x00, 0x46, 0x00, 0x46, 0x00, 0x46, 0x00, 0x8a, 0x00,
    0x8a, 0x00, 0x8a, 0x00, 0x8a, 0x00, 0x46, 0x00, 0x46, 0x00, 0x46, 0x00, 0x8a, 0x00, 0x8a, 0x00,
    0x8a, 0x00, 0x46, 0x00, 0x8a, 0x00, 0x8a, 0x00, 0x23, 0x00, 0x23, 0x00, 0x23, 0x00, 0x23, 0x00,
    0x23, 0x00, 0x23, 0x00, 0x23, 0x00, 0x23, 0x00, 0xe8, 0x00, 0x8a, 0x00, 0x23, 0x00, 0x23, 0x00,
    0x23, 0x00, 0x51, 0x01, 0x51, 0x01, 0x00, 0x00, 0x00, 0x00, 0x00, 0x00, 0x00, 0x00, 0x00, 0x00,
    0x00, 0x00, 0x8a, 0x00, 0xe8, 0x00, 0x00, 0x00, 0xe8, 0x00, 0x19, 0x02, 0x33, 0x01, 0x00, 0x00,
    0x46, 0x00, 0x0c, 0x01, 0x23, 0x00, 0x00, 0x00, 0x00, 0x00, 0x00, 0x00, 0x00, 0x00, 0x00, 0x00,
    0x00, 0x00, 0x00, 0x00, 0x00, 0x00, 0x00, 0x00, 0x00, 0x00, 0x00, 0x00, 0x00, 0x00, 0x51, 0x01,
    0xef, 0x00, 0x23, 0x00, 0x23, 0x00, 0x23, 0x00, 0x46, 0x00, 0xe8, 0x00, 0x23, 0x00, 0x23, 0x00,
    0x23, 0x00, 0x23, 0x00, 0x46, 0x00, 0x23, 0x00, 0x23, 0x00, 0x46, 0x00, 0x46, 0x00, 0x23, 0x00,
    0x23, 0x00, 0x46, 0x00, 0x23, 0x00, 0x23, 0x00, 0x23, 0x00, 0x46, 0x00, 0x23, 0x00, 0x23, 0x00,
    0x23, 0x00, 0x23, 0x00, 0x23, 0x00, 0x23, 0x00, 0x23, 0x00, 0x23, 0x00, 0x23, 0x00, 0x23, 0x00,
    0x23, 0x00, 0x23, 0x00, 0x23, 0x00, 0x23, 0x00, 0x23, 0x00, 0x23, 0x00, 0x23, 0x00, 0x23, 0x00,
    0x23, 0x00, 0x23, 0x00, 0x23, 0x00, 0x23, 0x00, 0x23, 0x00, 0x23, 0x00, 0x23, 0x00, 0x23, 0x00,
    0x23, 0x00, 0x23, 0x00, 0x23, 0x00, 0x23, 0x00, 0x23, 0x00, 0x23, 0x00, 0x23, 0x00, 0x23, 0x00,
    0x23, 0x00, 0x23, 0x00, 0x23, 0x00, 0x23, 0x00, 0x23, 0x00, 0x23, 0x00, 0x23, 0x00, 0x23, 0x00,
    0x23, 0x00, 0x23, 0x00, 0x23, 0x00, 0x23, 0x00, 0x23, 0x00, 0x23, 0x00, 0x23, 0x00, 0x23, 0x00,
    0x23, 0x00, 0x23, 0x00, 0x23, 0x00, 0x23, 0x00, 0x23, 0x00, 0x23, 0x00, 0x23, 0x00, 0x23, 0x00,
    0x23, 0x00, 0x23, 0x00, 0x23, 0x00, 0x23, 0x00, 0x23, 0x00, 0x23, 0x00, 0x23, 0x00, 0x23, 0x00,
    0x23, 0x00, 0x23, 0x00, 0x23, 0x00, 0x23, 0x00, 0x23, 0x00, 0x23, 0x00, 0x23, 0x00, 0x23, 0x00,
    0x23, 0x00, 0x23, 0x00, 0x23, 0x00, 0x23, 0x00, 0x23, 0x00, 0x23, 0x00, 0x23, 0x00, 0x23, 0x00,
    0x23, 0x00, 0x23, 0x00, 0x23, 0x00, 0x23, 0x00, 0x23, 0x00, 0x23, 0x00, 0x23, 0x00, 0x23, 0x00,
    0x23, 0x00, 0x23, 0x00, 0x23, 0x00, 0x23, 0x00, 0x23, 0x00, 0x23, 0x00, 0x23, 0x00, 0x23, 0x00,
    0x23, 0x00, 0x23, 0x00, 0x23, 0x00, 0x23, 0x00, 0x23, 0x00, 0x23, 0x00, 0x23, 0x00, 0x23, 0x00,
    0x23, 0x00, 0x23, 0x00, 0x23, 0x00, 0x23, 0x00, 0x23, 0x00, 0x23, 0x00, 0x23, 0x00, 0x23, 0x00,
    0x23, 0x00, 0x23, 0x00, 0x23, 0x00, 0x23, 0x00, 0x23, 0x00, 0x23, 0x00, 0x23, 0x00, 0x23, 0x00,
    0x23, 0x00, 0x23, 0x00, 0x23, 0x00, 0x23, 0x00, 0x23, 0x00, 0x23, 0x00, 0x23, 0x00, 0x23, 0x00,
    0x23, 0x00, 0x23, 0x00, 0x23, 0x00, 0x23, 0x00, 0x23, 0x00, 0x23, 0x00, 0x23, 0x00, 0x23, 0x00,
    0x23, 0x00, 0x23, 0x00, 0x23, 0x00, 0x23, 0x00, 0x23, 0x00, 0x23, 0x00, 0x23, 0x00, 0x23, 0x00,
    0x23, 0x00, 0x46, 0x00, 0xe8, 0x00, 0x46, 0x00, 0x23, 0x00, 0x23, 0x00, 0x46, 0x00, 0x46, 0x00,
    0x46, 0x00, 0x46, 0x00, 0x46, 0x00, 0x46, 0x00, 0x46, 0x00, 0x46, 0x00, 0x46, 0x00, 0x46, 0x00,
    0x46, 0x00, 0x46, 0x00, 0x46, 0x00, 0x46, 0x00, 0x46, 0x00, 0x46, 0x00, 0x46, 0x00, 0x46, 0x00,
    0x46, 0x00, 0x46, 0x00, 0x8a, 0x00, 0xe8, 0x00, 0x23, 0x00, 0x23, 0x00, 0x23, 0x00, 0x23, 0x00,
    0x23, 0x00, 0x23, 0x00, 0x23, 0x00, 0x23, 0x00, 0x8a, 0x00, 0x8a, 0x00, 0x23, 0x00, 0x23, 0x00,
    0x23, 0x00, 0x51, 0x01, 0x51, 0x01, 0x00, 0x00, 0x00, 0x00, 0x00, 0x00, 0x00, 0x00, 0x00, 0x00,
    0x00, 0x00, 0x8a, 0x00, 0xe8, 0x00, 0x00, 0x00, 0xe8, 0x00, 0x19, 0x02, 0x51, 0x01, 0x00, 0x00,
    0x46, 0x00, 0x0c, 0x01, 0x23, 0x00, 0x00, 0x00, 0x00, 0x00, 0x00, 0x00, 0x00, 0x00, 0x00, 0x00,
    0x00, 0x00, 0x00, 0x00, 0x00, 0x00, 0x00, 0x00, 0x00, 0x00, 0x00, 0x00, 0x00, 0x00, 0x51, 0x01,
    0xef, 0x00, 0x23, 0x00, 0x23, 0x00, 0x23, 0x00, 0x46, 0x00, 0x8a, 0x00, 0x23, 0x00, 0x23, 0x00,
    0x23, 0x00, 0x46, 0x00, 0x46, 0x00, 0x23, 0x00, 0x23, 0x00, 0x46, 0x00, 0x46, 0x00, 0x23, 0x00,
    0x23, 0x00, 0x46, 0x00, 0x23, 0x00, 0x23, 0x00, 0x46, 0x00, 0x8a, 0x00, 0x23, 0x00, 0x23, 0x00,
    0x23, 0x00, 0x23, 0x00, 0x23, 0x00, 0x23, 0x00, 0x23, 0x00, 0x23, 0x00, 0x23, 0x00, 0x23, 0x00,
    0x23, 0x00, 0x23, 0x00, 0x23, 0x00, 0x23, 0x00, 0x23, 0x00, 0x23, 0x00, 0x23, 0x00, 0x23, 0x00,
    0x23, 0x00, 0x23, 0x00, 0x23, 0x00, 0x23, 0x00, 0x23, 0x00, 0x23, 0x00, 0x23, 0x00, 0x23, 0x00,
    0x23, 0x00, 0x23, 0x00, 0x23, 0x00, 0x23, 0x00, 0x23, 0x00, 0x23, 0x00, 0x23, 0x00, 0x23, 0x00,
    0x23, 0x00, 0x23, 0x00, 0x23, 0x00, 0x23, 0x00, 0x23, 0x00, 0x23, 0x00, 0x23, 0x00, 0x23, 0x00,
    0x23, 0x00, 0x23, 0x00, 0x23, 0x00, 0x23, 0x00, 0x23, 0x00, 0x23, 0x00, 0x23, 0x00, 0x23, 0x00,
    0x23, 0x00, 0x23, 0x00, 0x23, 0x00, 0x23, 0x00, 0x23, 0x00, 0x23, 0x00, 0x23, 0x00, 0x23, 0x00,
    0x23, 0x00, 0x23, 0x00, 0x23, 0x00, 0x23, 0x00, 0x23, 0x00, 0x23, 0x00, 0x23, 0x00, 0x23, 0x00,
    0x23, 0x00, 0x23, 0x00, 0x23, 0x00, 0x23, 0x00, 0x23, 0x00, 0x23, 0x00, 0x23, 0x00, 0x23, 0x00,
    0x23, 0x00, 0x23, 0x00, 0x23, 0x00, 0x23, 0x00, 0x23, 0x00, 0x23, 0x00, 0x23, 0x00, 0x23, 0x00,
    0x23, 0x00, 0x23, 0x00, 0x23, 0x00, 0x23, 0x00, 0x23, 0x00, 0x23, 0x00, 0x23, 0x00, 0x23, 0x00,
    0x23, 0x00, 0x23, 0x00, 0x23, 0x00, 0x23, 0x00, 0x23, 0x00, 0x23, 0x00, 0x23, 0x00, 0x23, 0x00,
    0x23, 0x00, 0x23, 0x00, 0x23, 0x00, 0x23, 0x00, 0x23, 0x00, 0x23, 0x00, 0x23, 0x00, 0x23, 0x00,
    0x23, 0x00, 0x23, 0x00, 0x23, 0x00, 0x23, 0x00, 0x23, 0x00, 0x23, 0x00, 0x23, 0x00, 0x23, 0x00,
    0x23, 0x00, 0x23, 0x00, 0x23, 0x00, 0x23, 0x00, 0x23, 0x00, 0x23, 0x00, 0x23, 0x00, 0x23, 0x00,
    0x23, 0x00, 0x23, 0x00, 0x23, 0x00, 0x23, 0x00, 0x23, 0x00, 0x23, 0x00, 0x23, 0x00, 0x23, 0x00,
    0x23, 0x00, 0x23, 0x00, 0x23, 0x00, 0x23, 0x00, 0x23, 0x00, 0x23, 0x00, 0x23, 0x00, 0x23, 0x00,
    0x23, 0x00, 0x23, 0x00, 0x23, 0x00, 0x23, 0x00, 0x23, 0x00, 0x23, 0x00, 0x23, 0x00, 0x23, 0x00,
    0x23, 0x00, 0x23, 0x00, 0x46, 0x00, 0x46, 0x00, 0x23, 0x00, 0x23, 0x00, 0x23, 0x00, 0x23, 0x00,
    0x23, 0x00, 0x23, 0x00, 0x23, 0x00, 0x23, 0x00, 0x23, 0x00, 0x23, 0x00, 0x23, 0x00, 0x23, 0x00,
    0x23, 0x00, 0x23, 0x00, 0x23, 0x00, 0x23, 0x00, 0x23, 0x00, 0x23, 0x00, 0x23, 0x00, 0x23, 0x00,
    0x23, 0x00, 0x23, 0x00, 0x23, 0x00, 0x23, 0x00, 0x23, 0x00, 0x23, 0x00, 0x23, 0x00, 0x23, 0x00,
    0x23, 0x00, 0x23, 0x00, 0x23, 0x00, 0x23, 0x00, 0xe8, 0x00, 0x8a, 0x00, 0x23, 0x00, 0x23, 0x00,
    0x23, 0x00, 0x51, 0x01, 0x51, 0x01, 0x00, 0x00, 0x00, 0x00, 0x00, 0x00, 0x00, 0x00, 0x00, 0x00,
    0x00, 0x00, 0x8a, 0x00, 0xe8, 0x00, 0x00, 0x00, 0xe8, 0x00, 0x19, 0x02, 0x51, 0x01, 0x00, 0x00,
    0x46, 0x00, 0x0c, 0x01, 0x23, 0x00, 0x00, 0x00, 0x00, 0x00, 0x00, 0x00, 0x00, 0x00, 0x00, 0x00,
    0x00, 0x00, 0x00, 0x00, 0x00, 0x00, 0x00, 0x00, 0x00, 0x00, 0x00, 0x00, 0x00, 0x00, 0x51, 0x01,
    0xef, 0x00, 0x23, 0x00, 0x23, 0x00, 0x23, 0x00, 0x46, 0x00, 0xe8, 0x00, 0x23, 0x00, 0x23, 0x00,
    0x23, 0x00, 0x23, 0x00, 0x23, 0x00, 0x23, 0x00, 0x23, 0x00, 0x23, 0x00, 0x23, 0x00, 0x23, 0x00,
    0x23, 0x00, 0x23, 0x00, 0x23, 0x00, 0x23, 0x00, 0x23, 0x00, 0x23, 0x00, 0x23, 0x00, 0x23, 0x00,
    0x23, 0x00, 0x23, 0x00, 0x23, 0x00, 0x23, 0x00, 0x23, 0x00, 0x23, 0x00, 0x23, 0x00, 0x23, 0x00,
    0x23, 0x00, 0x23, 0x00, 0x23, 0x00, 0x23, 0x00, 0x23, 0x00, 0x23, 0x00, 0x23, 0x00, 0x23, 0x00,
    0x23, 0x00, 0x23, 0x00, 0x23, 0x00, 0x23, 0x00, 0x23, 0x00, 0x23, 0x00, 0x23, 0x00, 0x23, 0x00,
    0x23, 0x00, 0x23, 0x00, 0x23, 0x00, 0x23, 0x00, 0x23, 0x00, 0x23, 0x00, 0x23, 0x00, 0x23, 0x00,
    0x23, 0x00, 0x23, 0x00, 0x23, 0x00, 0x23, 0x00, 0x23, 0x00, 0x23, 0x00, 0x23, 0x00, 0x23, 0x00,
    0x23, 0x00, 0x23, 0x00, 0x23, 0x00, 0x23, 0x00, 0x23, 0x00, 0x23, 0x00, 0x23, 0x00, 0x23, 0x00,
    0x23, 0x00, 0x23, 0x00, 0x23, 0x00, 0x23, 0x00, 0x23, 0x00, 0x23, 0x00, 0x23, 0x00, 0x23, 0x00,
    0x23, 0x00, 0x23, 0x00, 0x23, 0x00, 0x23, 0x00, 0x23, 0x00, 0x23, 0x00, 0x23, 0x00, 0x23, 0x00,
    0x23, 0x00, 0x23, 0x00, 0x23, 0x00, 0x23, 0x00, 0x23, 0x00, 0x23, 0x00, 0x23, 0x00, 0x23, 0x00,
    0x23, 0x00, 0x23, 0x00, 0x23, 0x00, 0x23, 0x00, 0x23, 0x00, 0x23, 0x00, 0x23, 0x00, 0x23, 0x00,
    0x23, 0x00, 0x23, 0x00, 0x23, 0x00, 0x23, 0x00, 0x23, 0x00, 0x23, 0x00, 0x23, 0x00, 0x23, 0x00,
    0x23, 0x00, 0x23, 0x00, 0x23, 0x00, 0x23, 0x00, 0x23, 0x00, 0x23, 0x00, 0x23, 0x00, 0x23, 0x00,
    0x23, 0x00, 0x23, 0x00, 0x23, 0x00, 0x23, 0x00, 0x23, 0x00, 0x23, 0x00, 0x23, 0x00, 0x23, 0x00,
    0x23, 0x00, 0x23, 0x00, 0x23, 0x00, 0x23, 0x00, 0x23, 0x00, 0x23, 0x00, 0x23, 0x00, 0x23, 0x00,
    0x23, 0x00, 0x23, 0x00, 0x23, 0x00, 0x23, 0x00, 0x23, 0x00, 0x23, 0x00, 0x23, 0x00, 0x23, 0x00,
    0x23, 0x00, 0x23, 0x00, 0x23, 0x00, 0x23, 0x00, 0x23, 0x00, 0x23, 0x00, 0x23, 0x00, 0x23, 0x00,
    0x23, 0x00, 0x23, 0x00, 0x23, 0x00, 0x23, 0x00, 0x23, 0x00, 0x23, 0x00, 0x23, 0x00, 0x23, 0x00,
    0x23, 0x00, 0x23, 0x00, 0x23, 0x00, 0x23, 0x00, 0x23, 0x00, 0x23, 0x00, 0x23, 0x00, 0x23, 0x00,
    0x23, 0x00, 0x23, 0x00, 0x23, 0x00, 0x46, 0x00, 0x8a, 0x00, 0x23, 0x00, 0x23, 0x00, 0x23, 0x00,
    0x23, 0x00, 0x23, 0x00, 0x23, 0x00, 0x23, 0x00, 0x23, 0x00, 0x23, 0x00, 0x23, 0x00, 0x23, 0x00,
    0x23, 0x00, 0x23, 0x00, 0x23, 0x00, 0x23, 0x00, 0x23, 0x00, 0x23, 0x00, 0x23, 0x00, 0x23, 0x00,
    0x23, 0x00, 0x23, 0x00, 0x23, 0x00, 0x23, 0x00, 0x23, 0x00, 0x23, 0x00, 0x23, 0x00, 0x23, 0x00,
    0x23, 0x00, 0x23, 0x00, 0x23, 0x00, 0x23, 0x00, 0x8a, 0x00, 0x8a, 0x00, 0x23, 0x00, 0x23, 0x00,
    0x23, 0x00, 0x51, 0x01, 0x51, 0x01, 0x00, 0x00, 0x00, 0x00, 0x00, 0x00, 0x00, 0x00, 0x00, 0x00,
    0x00, 0x00, 0x8a, 0x00, 0xe8, 0x00, 0x00, 0x00, 0x46, 0x00, 0xf1, 0x01, 0x0c, 0x01, 0x00, 0x00,
    0x46, 0x00, 0x0c, 0x01, 0x23, 0x00, 0x00, 0x00, 0x00, 0x00, 0x00, 0x00, 0x00, 0x00, 0x00, 0x00,
    0x00, 0x00, 0x00, 0x00, 0x00, 0x00, 0x00, 0x00, 0x00, 0x00, 0x00, 0x00, 0x00, 0x00, 0x51, 0x01,
    0xef, 0x00, 0x23, 0x00, 0x23, 0x00, 0x23, 0x00, 0x46, 0x00, 0x8a, 0x00, 0x23, 0x00, 0x23, 0x00,
    0x23, 0x00, 0x23, 0x00, 0x23, 0x00, 0x23, 0x00, 0x23, 0x00, 0x23, 0x00, 0x23, 0x00, 0x23, 0x00,
    0x23, 0x00, 0x23, 0x00, 0x23, 0x00, 0x23, 0x00, 0x23, 0x00, 0x23, 0x00, 0x23, 0x00, 0x23, 0x00,
    0x23, 0x00, 0x23, 0x00, 0x23, 0x00, 0x23, 0x00, 0x23, 0x00, 0x23, 0x00, 0x23, 0x00, 0x23, 0x00,
    0x23, 0x00, 0x23, 0x00, 0x23, 0x00, 0x23, 0x00, 0x23, 0x00, 0x23, 0x00, 0x23, 0x00, 0x23, 0x00,
    0x23, 0x00, 0x23, 0x00, 0x23, 0x00, 0x23, 0x00, 0x23, 0x00, 0x23, 0x00, 0x23, 0x00, 0x23, 0x00,
    0x23, 0x00, 0x23, 0x00, 0x23, 0x00, 0x23, 0x00, 0x23, 0x00, 0x23, 0x00, 0x23, 0x00, 0x23, 0x00,
    0x23, 0x00, 0x23, 0x00, 0x23, 0x00, 0x23, 0x00, 0x23, 0x00, 0x23, 0x00, 0x23, 0x00, 0x23, 0x00,
    0x23, 0x00, 0x23, 0x00, 0x23, 0x00, 0x23, 0x00, 0x23, 0x00, 0x23, 0x00, 0x23, 0x00, 0x23, 0x00,
    0x23, 0x00, 0x23, 0x00, 0x23, 0x00, 0x23, 0x00, 0x23, 0x00, 0x23, 0x00, 0x23, 0x00, 0x23, 0x00,
    0x23, 0x00, 0x23, 0x00, 0x23, 0x00, 0x23, 0x00, 0x23, 0x00, 0x23, 0x00, 0x23, 0x00, 0x23, 0x00,
    0x23, 0x00, 0x23, 0x00, 0x23, 0x00, 0x23, 0x00, 0x23, 0x00, 0x23, 0x00, 0x23, 0x00, 0x23, 0x00,
    0x23, 0x00, 0x23, 0x00, 0x23, 0x00, 0x23, 0x00, 0x23, 0x00, 0x23, 0x00, 0x23, 0x00, 0x23, 0x00,
    0x23, 0x00, 0x23, 0x00, 0x23, 0x00, 0x23, 0x00, 0x23, 0x00, 0x23, 0x00, 0x23, 0x00, 0x23, 0x00,
    0x23, 0x00, 0x23, 0x00, 0x23, 0x00, 0x23, 0x00, 0x23, 0x00, 0x23, 0x00, 0x23, 0x00, 0x23, 0x00,
    0x23, 0x00, 0x23, 0x00, 0x23, 0x00, 0x23, 0x00, 0x23, 0x00, 0x23, 0x00, 0x23, 0x00, 0x23, 0x00,
    0x23, 0x00, 0x23, 0x00, 0x23, 0x00, 0x23, 0x00, 0x23, 0x00, 0x23, 0x00, 0x23, 0x00, 0x23, 0x00,
    0x23, 0x00, 0x23, 0x00, 0x23, 0x00, 0x23, 0x00, 0x23, 0x00, 0x23, 0x00, 0x23, 0x00, 0x23, 0x00,
    0x23, 0x00, 0x23, 0x00, 0x23, 0x00, 0x23, 0x00, 0x23, 0x00, 0x23, 0x00, 0x23, 0x00, 0x23, 0x00,
    0x23, 0x00, 0x23, 0x00, 0x23, 0x00, 0x23, 0x00, 0x23, 0x00, 0x23, 0x00, 0x23, 0x00, 0x23, 0x00,
    0x23, 0x00, 0x23, 0x00, 0x23, 0x00, 0x23, 0x00, 0x23, 0x00, 0x23, 0x00, 0x23, 0x00, 0x23, 0x00,
    0x23, 0x00, 0x23, 0x00, 0x23, 0x00, 0x23, 0x00, 0x46, 0x00, 0xe8, 0x00, 0x23, 0x00, 0x46, 0x00,
    0x46, 0x00, 0x46, 0x00, 0x46, 0x00, 0x46, 0x00, 0x46, 0x00, 0x46, 0x00, 0x46, 0x00, 0x46, 0x00,
    0x46, 0x00, 0x46, 0x00, 0x46, 0x00, 0x46, 0x00, 0x46, 0x00, 0x46, 0x00, 0x46, 0x00, 0x23, 0x00,
    0x23, 0x00, 0x46, 0x00, 0xe8, 0x00, 0x46, 0x00, 0x23, 0x00, 0x23, 0x00, 0x23, 0x00, 0x23, 0x00,
    0x23, 0x00, 0x23, 0x00, 0x23, 0x00, 0x23, 0x00, 0xe8, 0x00, 0xe8, 0x00, 0x23, 0x00, 0x23, 0x00,
    0x23, 0x00, 0x51, 0x01, 0x51, 0x01, 0x00, 0x00, 0x00, 0x00, 0x00, 0x00, 0x00, 0x00, 0x00, 0x00,
    0x00, 0x00, 0x8a, 0x00, 0xe8, 0x00, 0x00, 0x00, 0x00, 0x00, 0x23, 0x00, 0x00, 0x00, 0x00, 0x00,
    0x46, 0x00, 0x0c, 0x01, 0x23, 0x00, 0x00, 0x00, 0x00, 0x00, 0x00, 0x00, 0x00, 0x00, 0x00, 0x00,
    0x00, 0x00, 0x00, 0x00, 0x00, 0x00, 0x00, 0x00, 0x00, 0x00, 0x00, 0x00, 0x00, 0x00, 0x51, 0x01,
    0xef, 0x00, 0x23, 0x00, 0x23, 0x00, 0x23, 0x00, 0x46, 0x00, 0x8a, 0x00, 0x23, 0x00, 0x23, 0x00,
    0x23, 0x00, 0x23, 0x00, 0x23, 0x00, 0x23, 0x00, 0x23, 0x00, 0x23, 0x00, 0x23, 0x00, 0x23, 0x00,
    0x23, 0x00, 0x23, 0x00, 0x23, 0x00, 0x23, 0x00, 0x23, 0x00, 0x23, 0x00, 0x23, 0x00, 0x23, 0x00,
    0x23, 0x00, 0x23, 0x00, 0x23, 0x00, 0x23, 0x00, 0x23, 0x00, 0x23, 0x00, 0x23, 0x00, 0x23, 0x00,
    0x23, 0x00, 0x23, 0x00, 0x23, 0x00, 0x23, 0x00, 0x23, 0x00, 0x23, 0x00, 0x23, 0x00, 0x23, 0x00,
    0x23, 0x00, 0x23, 0x00, 0x23, 0x00, 0x23, 0x00, 0x23, 0x00, 0x23, 0x00, 0x23, 0x00, 0x23, 0x00,
    0x23, 0x00, 0x23, 0x00, 0x23, 0x00, 0x23, 0x00, 0x23, 0x00, 0x23, 0x00, 0x23, 0x00, 0x23, 0x00,
    0x23, 0x00, 0x23, 0x00, 0x23, 0x00, 0x23, 0x00, 0x23, 0x00, 0x23, 0x00, 0x23, 0x00, 0x23, 0x00,
    0x23, 0x00, 0x23, 0x00, 0x23, 0x00, 0x23, 0x00, 0x23, 0x00, 0x23, 0x00, 0x23, 0x00, 0x23, 0x00,
    0x23, 0x00, 0x23, 0x00, 0x23, 0x00, 0x23, 0x00, 0x23, 0x00, 0x23, 0x00, 0x23, 0x00, 0x23, 0x00,
    0x23, 0x00, 0x23, 0x00, 0x23, 0x00, 0x23, 0x00, 0x23, 0x00, 0x23, 0x00, 0x23, 0x00, 0x23, 0x00,
    0x23, 0x00, 0x23, 0x00, 0x23, 0x00, 0x23, 0x00, 0x23, 0x00, 0x23, 0x00, 0x23, 0x00, 0x23, 0x00,
    0x23, 0x00, 0x23, 0x00, 0x23, 0x00, 0x23, 0x00, 0x23, 0x00, 0x23, 0x00, 0x23, 0x00, 0x23, 0x00,
    0x23, 0x00, 0x23, 0x00, 0x23, 0x00, 0x23, 0x00, 0x23, 0x00, 0x23, 0x00, 0x23, 0x00, 0x23, 0x00,
    0x23, 0x00, 0x23, 0x00, 0x23, 0x00, 0x23, 0x00, 0x23, 0x00, 0x23, 0x00, 0x23, 0x00, 0x23, 0x00,
    0x23, 0x00, 0x23, 0x00, 0x23, 0x00, 0x23, 0x00, 0x23, 0x00, 0x23, 0x00, 0x23, 0x00, 0x23, 0x00,
    0x23, 0x00, 0x23, 0x00, 0x23, 0x00, 0x23, 0x00, 0x23, 0x00, 0x23, 0x00, 0x23, 0x00, 0x23, 0x00,
    0x23, 0x00, 0x23, 0x00, 0x23, 0x00, 0x23, 0x00, 0x23, 0x00, 0x23, 0x00, 0x23, 0x00, 0x23, 0x00,
    0x23, 0x00, 0x23, 0x00, 0x23, 0x00, 0x23, 0x00, 0x23, 0x00, 0x23, 0x00, 0x23, 0x00, 0x23, 0x00,
    0x23, 0x00, 0x23, 0x00, 0x23, 0x00, 0x23, 0x00, 0x23, 0x00, 0x23, 0x00, 0x23, 0x00, 0x23, 0x00,
    0x23, 0x00, 0x23, 0x00, 0x23, 0x00, 0x23, 0x00, 0x23, 0x00, 0x23, 0x00, 0x23, 0x00, 0x23, 0x00,
    0x23, 0x00, 0x23, 0x00, 0x23, 0x00, 0x23, 0x00, 0x23, 0x00, 0x46, 0x00, 0x8a, 0x00, 0xe8, 0x00,
    0x8a, 0x00, 0x8a, 0x00, 0x8a, 0x00, 0x8a, 0x00, 0x8a, 0x00, 0x8a, 0x00, 0x8a, 0x00, 0x8a, 0x00,
    0x8a, 0x00, 0x8a, 0x00, 0x8a, 0x00, 0x8a, 0x00, 0x8a, 0x00, 0x8a, 0x00, 0x8a, 0x00, 0x46, 0x00,
    0x46, 0x00, 0xe8, 0x00, 0x0c, 0x01, 0x8a, 0x00, 0x23, 0x00, 0x23, 0x00, 0x23, 0x00, 0x23, 0x00,
    0x23, 0x00, 0x23, 0x00, 0x23, 0x00, 0x23, 0x00, 0xe8, 0x00, 0xe8, 0x00, 0x23, 0x00, 0x23, 0x00,
    0x23, 0x00, 0x51, 0x01, 0x51, 0x01, 0x00, 0x00, 0x00, 0x00, 0x00, 0x00, 0x00, 0x00, 0x00, 0x00,
    0x00, 0x00, 0x8a, 0x00, 0xe8, 0x00, 0x00, 0x00, 0x00, 0x00, 0x00, 0x00, 0x00, 0x00, 0x00, 0x00,
    0x46, 0x00, 0x0c, 0x01, 0x23, 0x00, 0x00, 0x00, 0x00, 0x00, 0x00, 0x00, 0x00, 0x00, 0x00, 0x00,
    0x00, 0x00, 0x00, 0x00, 0x00, 0x00, 0x00, 0x00, 0x00, 0x00, 0x00, 0x00, 0x00, 0x00, 0x51, 0x01,
    0xef, 0x00, 0x23, 0x00, 0x23, 0x00, 0x23, 0x00, 0x46, 0x00, 0x8a, 0x00, 0x23, 0x00, 0x23, 0x00,
    0x23, 0x00, 0x23, 0x00, 0x23, 0x00, 0x23, 0x00, 0x23, 0x00, 0x23, 0x00, 0x23, 0x00, 0x23, 0x00,
    0x23, 0x00, 0x23, 0x00, 0x23, 0x00, 0x23, 0x00, 0x23, 0x00, 0x23, 0x00, 0x23, 0x00, 0x23, 0x00,
    0x23, 0x00, 0x23, 0x00, 0x23, 0x00, 0x23, 0x00, 0x23, 0x00, 0x23, 0x00, 0x23, 0x00, 0x23, 0x00,
    0x23, 0x00, 0x23, 0x00, 0x23, 0x00, 0x23, 0x00, 0x23, 0x00, 0x23, 0x00, 0x23, 0x00, 0x23, 0x00,
    0x23, 0x00, 0x23, 0x00, 0x23, 0x00, 0x23, 0x00, 0x23, 0x00, 0x23, 0x00, 0x23, 0x00, 0x23, 0x00,
    0x23, 0x00, 0x23, 0x00, 0x23, 0x00, 0x23, 0x00, 0x23, 0x00, 0x23, 0x00, 0x23, 0x00, 0x23, 0x00,
    0x23, 0x00, 0x23, 0x00, 0x23, 0x00, 0x23, 0x00, 0x23, 0x00, 0x23, 0x00, 0x23, 0x00, 0x23, 0x00,
    0x23, 0x00, 0x23, 0x00, 0x23, 0x00, 0x23, 0x00, 0x23, 0x00, 0x23, 0x00, 0x23, 0x00, 0x23, 0x00,
    0x23, 0x00, 0x23, 0x00, 0x23, 0x00, 0x23, 0x00, 0x23, 0x00, 0x23, 0x00, 0x23, 0x00, 0x23, 0x00,
    0x23, 0x00, 0x23, 0x00, 0x23, 0x00, 0x23, 0x00, 0x23, 0x00, 0x23, 0x00, 0x23, 0x00, 0x23, 0x00,
    0x23, 0x00, 0x23, 0x00, 0x23, 0x00, 0x23, 0x00, 0x23, 0x00, 0x23, 0x00, 0x23, 0x00, 0x23, 0x00,
    0x23, 0x00, 0x23, 0x00, 0x23, 0x00, 0x23, 0x00, 0x23, 0x00, 0x23, 0x00, 0x23, 0x00, 0x23, 0x00,
    0x23, 0x00, 0x23, 0x00, 0x23, 0x00, 0x23, 0x00, 0x23, 0x00, 0x23, 0x00, 0x23, 0x00, 0x23, 0x00,
    0x23, 0x00, 0x23, 0x00, 0x23, 0x00, 0x23, 0x00, 0x23, 0x00, 0x23, 0x00, 0x23, 0x00, 0x23, 0x00,
    0x23, 0x00, 0x23, 0x00, 0x23, 0x00, 0x23, 0x00, 0x23, 0x00, 0x23, 0x00, 0x23, 0x00, 0x23, 0x00,
    0x23, 0x00, 0x23, 0x00, 0x23, 0x00, 0x23, 0x00, 0x23, 0x00, 0x23, 0x00, 0x23, 0x00, 0x23, 0x00,
    0x23, 0x00, 0x23, 0x00, 0x23, 0x00, 0x23, 0x00, 0x23, 0x00, 0x23, 0x00, 0x23, 0x00, 0x23, 0x00,
    0x23, 0x00, 0x23, 0x00, 0x23, 0x00, 0x23, 0x00, 0x23, 0x00, 0x23, 0x00, 0x23, 0x00, 0x23, 0x00,
    0x23, 0x00, 0x23, 0x00, 0x23, 0x00, 0x23, 0x00, 0x23, 0x00, 0x23, 0x00, 0x23, 0x00, 0x23, 0x00,
    0x23, 0x00, 0x23, 0x00, 0x23, 0x00, 0x23, 0x00, 0x23, 0x00, 0x23, 0x00, 0x23, 0x00, 0x23, 0x00,
    0x23, 0x00, 0x23, 0x00, 0x23, 0x00, 0x23, 0x00, 0x23, 0x00, 0x23, 0x00, 0x23, 0x00, 0x23, 0x00,
    0x23, 0x00, 0x23, 0x00, 0x23, 0x00, 0x23, 0x00, 0x23, 0x00, 0x23, 0x00, 0x23, 0x00, 0x23, 0x00,
    0x23, 0x00, 0x23, 0x00, 0x23, 0x00, 0x23, 0x00, 0x23, 0x00, 0x23, 0x00, 0x23, 0x00, 0x23, 0x00,
    0x23, 0x00, 0x23, 0x00, 0x46, 0x00, 0x46, 0x00, 0x23, 0x00, 0x23, 0x00, 0x23, 0x00, 0x23, 0x00,
    0x23, 0x00, 0x23, 0x00, 0x23, 0x00, 0x23, 0x00, 0xe8, 0x00, 0xe8, 0x00, 0x23, 0x00, 0x23, 0x00,
    0x23, 0x00, 0x51, 0x01, 0x51, 0x01, 0x00, 0x00, 0x00, 0x00, 0x00, 0x00, 0x00, 0x00, 0x00, 0x00,
    0x00, 0x00, 0x8a, 0x00, 0xe8, 0x00, 0x00, 0x00, 0x23, 0x00, 0xe8, 0x00, 0x46, 0x00, 0x00, 0x00,
    0x46, 0x00, 0x0c, 0x01, 0x23, 0x00, 0x00, 0x00, 0x00, 0x00, 0x00, 0x00, 0x00, 0x00, 0x00, 0x00,
    0x00, 0x00, 0x00, 0x00, 0x00, 0x00, 0x00, 0x00, 0x00, 0x00, 0x00, 0x00, 0x00, 0x00, 0x51, 0x01,
    0xef, 0x00, 0x23, 0x00, 0x23, 0x00, 0x23, 0x00, 0x46, 0x00, 0x8a, 0x00, 0x23, 0x00, 0x23, 0x00,
    0x23, 0x00, 0x23, 0x00, 0x23, 0x00, 0x23, 0x00, 0x23, 0x00, 0x23, 0x00, 0x23, 0x00, 0x23, 0x00,
    0x23, 0x00, 0x23, 0x00, 0x23, 0x00, 0x23, 0x00, 0x23, 0x00, 0x23, 0x00, 0x23, 0x00, 0x23, 0x00,
    0x23, 0x00, 0x23, 0x00, 0x23, 0x00, 0x23, 0x00, 0x23, 0x00, 0x23, 0x00, 0x23, 0x00, 0x23, 0x00,
    0x23, 0x00, 0x23, 0x00, 0x23, 0x00, 0x23, 0x00, 0x23, 0x00, 0x23, 0x00, 0x23, 0x00, 0x23, 0x00,
    0x23, 0x00, 0x23, 0x00, 0x23, 0x00, 0x23, 0x00, 0x23, 0x00, 0x23, 0x00, 0x23, 0x00, 0x23, 0x00,
    0x23, 0x00, 0x23, 0x00, 0x23, 0x00, 0x23, 0x00, 0x23, 0x00, 0x23, 0x00, 0x23, 0x00, 0x23, 0x00,
    0x23, 0x00, 0x23, 0x00, 0x23, 0x00, 0x23, 0x00, 0x23, 0x00, 0x23, 0x00, 0x23, 0x00, 0x23, 0x00,
    0x23, 0x00, 0x23, 0x00, 0x23, 0x00, 0x23, 0x00, 0x23, 0x00, 0x23, 0x00, 0x23, 0x00, 0x23, 0x00,
    0x23, 0x00, 0x23, 0x00, 0x23, 0x00, 0x23, 0x00, 0x23, 0x00, 0x23, 0x00, 0x23, 0x00, 0x23, 0x00,
    0x23, 0x00, 0x23, 0x00, 0x23, 0x00, 0x23, 0x00, 0x23, 0x00, 0x23, 0x00, 0x23, 0x00, 0x23, 0x00,
    0x23, 0x00, 0x23, 0x00, 0x23, 0x00, 0x23, 0x00, 0x23, 0x00, 0x23, 0x00, 0x23, 0x00, 0x23, 0x00,
    0x23, 0x00, 0x23, 0x00, 0x23, 0x00, 0x23, 0x00, 0x23, 0x00, 0x23, 0x00, 0x23, 0x00, 0x23, 0x00,
    0x23, 0x00, 0x23, 0x00, 0x23, 0x00, 0x23, 0x00, 0x23, 0x00, 0x23, 0x00, 0x23, 0x00, 0x23, 0x00,
    0x23, 0x00, 0x23, 0x00, 0x23, 0x00, 0x23, 0x00, 0x23, 0x00, 0x23, 0x00, 0x23, 0x00, 0x23, 0x00,
    0x23, 0x00, 0x23, 0x00, 0x23, 0x00, 0x23, 0x00, 0x23, 0x00, 0x23, 0x00, 0x23, 0x00, 0x23, 0x00,
    0x23, 0x00, 0x23, 0x00, 0x23, 0x00, 0x23, 0x00, 0x23, 0x00, 0x23, 0x00, 0x23, 0x00, 0x23, 0x00,
    0x23, 0x00, 0x23, 0x00, 0x23, 0x00, 0x23, 0x00, 0x23, 0x00, 0x23, 0x00, 0x23, 0x00, 0x23, 0x00,
    0x23, 0x00, 0x23, 0x00, 0x23, 0x00, 0x23, 0x00, 0x23, 0x00, 0x23, 0x00, 0x23, 0x00, 0x23, 0x00,
    0x23, 0x00, 0x23, 0x00, 0x23, 0x00, 0x23, 0x00, 0x23, 0x00, 0x23, 0x00, 0x23, 0x00, 0x23, 0x00,
    0x23, 0x00, 0x23, 0x00, 0x23, 0x00, 0x23, 0x00, 0x23, 0x00, 0x23, 0x00, 0x23, 0x00, 0x23, 0x00,
    0x23, 0x00, 0x23, 0x00, 0x23, 0x00, 0x23, 0x00, 0x23, 0x00, 0x23, 0x00, 0x23, 0x00, 0x23, 0x00,
    0x23, 0x00, 0x23, 0x00, 0x23, 0x00, 0x23, 0x00, 0x23, 0x00, 0x23, 0x00, 0x23, 0x00, 0x23, 0x00,
    0x23, 0x00, 0x23, 0x00, 0x23, 0x00, 0x23, 0x00, 0x23, 0x00, 0x23, 0x00, 0x23, 0x00, 0x23, 0x00,
    0x23, 0x00, 0x23, 0x00, 0x23, 0x00, 0x23, 0x00, 0x23, 0x00, 0x23, 0x00, 0x23, 0x00, 0x23, 0x00,
    0x23, 0x00, 0x23, 0x00, 0x23, 0x00, 0x23, 0x00, 0x8a, 0x00, 0xe8, 0x00, 0x23, 0x00, 0x23, 0x00,
    0x23, 0x00, 0x51, 0x01, 0x51, 0x01, 0x00, 0x00, 0x00, 0x00, 0x00, 0x00, 0x00, 0x00, 0x00, 0x00,
    0x00, 0x00, 0x8a, 0x00, 0xe8, 0x00, 0x00, 0x00, 0xe8, 0x00, 0x3d, 0x02, 0xb5, 0x01, 0x00, 0x00,
    0x46, 0x00, 0x0c, 0x01, 0x23, 0x00, 0x00, 0x00, 0x00, 0x00, 0x00, 0x00, 0x00, 0x00, 0x00, 0x00,
    0x00, 0x00, 0x00, 0x00, 0x00, 0x00, 0x00, 0x00, 0x00, 0x00, 0x00, 0x00, 0x00, 0x00, 0x51, 0x01,
    0xef, 0x00, 0x23, 0x00, 0x23, 0x00, 0x23, 0x00, 0x46, 0x00, 0x8a, 0x00, 0x23, 0x00, 0x23, 0x00,
    0x23, 0x00, 0x23, 0x00, 0x23, 0x00, 0x23, 0x00, 0x23, 0x00, 0x23, 0x00, 0x23, 0x00, 0x23, 0x00,
    0x23, 0x00, 0x23, 0x00, 0x23, 0x00, 0x23, 0x00, 0x23, 0x00, 0x23, 0x00, 0x23, 0x00, 0x23, 0x00,
    0x23, 0x00, 0x23, 0x00, 0x23, 0x00, 0x23, 0x00, 0x23, 0x00, 0x23, 0x00, 0x23, 0x00, 0x23, 0x00,
    0x23, 0x00, 0x23, 0x00, 0x23, 0x00, 0x23, 0x00, 0x23, 0x00, 0x23, 0x00, 0x23, 0x00, 0x23, 0x00,
    0x23, 0x00, 0x23, 0x00, 0x23, 0x00, 0x23, 0x00, 0x23, 0x00, 0x23, 0x00, 0x23, 0x00, 0x23, 0x00,
    0x23, 0x00, 0x23, 0x00, 0x23, 0x00, 0x23, 0x00, 0x23, 0x00, 0x23, 0x00, 0x23, 0x00, 0x23, 0x00,
    0x23, 0x00, 0x23, 0x00, 0x23, 0x00, 0x23, 0x00, 0x23, 0x00, 0x23, 0x00, 0x23, 0x00, 0x23, 0x00,
    0x23, 0x00, 0x23, 0x00, 0x23, 0x00, 0x23, 0x00, 0x23, 0x00, 0x23, 0x00, 0x23, 0x00, 0x23, 0x00,
    0x23, 0x00, 0x23, 0x00, 0x23, 0x00, 0x23, 0x00, 0x23, 0x00, 0x23, 0x00, 0x23, 0x00, 0x23, 0x00,
    0x23, 0x00, 0x23, 0x00, 0x23, 0x00, 0x23, 0x00, 0x23, 0x00, 0x23, 0x00, 0x23, 0x00, 0x23, 0x00,
    0x23, 0x00, 0x23, 0x00, 0x23, 0x00, 0x23, 0x00, 0x23, 0x00, 0x23, 0x00, 0x23, 0x00, 0x23, 0x00,
    0x23, 0x00, 0x23, 0x00, 0x23, 0x00, 0x23, 0x00, 0x23, 0x00, 0x23, 0x00, 0x23, 0x00, 0x23, 0x00,
    0x23, 0x00, 0x23, 0x00, 0x23, 0x00, 0x23, 0x00, 0x23, 0x00, 0x23, 0x00, 0x23, 0x00, 0x23, 0x00,
    0x23, 0x00, 0x23, 0x00, 0x23, 0x00, 0x23, 0x00, 0x23, 0x00, 0x23, 0x00, 0x23, 0x00, 0x23, 0x00,
    0x23, 0x00, 0x23, 0x00, 0x23, 0x00, 0x23, 0x00, 0x23, 0x00, 0x23, 0x00, 0x23, 0x00, 0x23, 0x00,
    0x23, 0x00, 0x23, 0x00, 0x23, 0x00, 0x23, 0x00, 0x23, 0x00, 0x23, 0x00, 0x23, 0x00, 0x23, 0x00,
    0x23, 0x00, 0x23, 0x00, 0x23, 0x00, 0x23, 0x00, 0x23, 0x00, 0x23, 0x00, 0x23, 0x00, 0x23, 0x00,
    0x23, 0x00, 0x23, 0x00, 0x23, 0x00, 0x23, 0x00, 0x23, 0x00, 0x23, 0x00, 0x23, 0x00, 0x23, 0x00,
    0x23, 0x00, 0x23, 0x00, 0x23, 0x00, 0x23, 0x00, 0x23, 0x00, 0x23, 0x00, 0x23, 0x00, 0x23, 0x00,
    0x23, 0x00, 0x23, 0x00, 0x23, 0x00, 0x23, 0x00, 0x23, 0x00, 0x23, 0x00, 0x23, 0x00, 0x23, 0x00,
    0x23, 0x00, 0x23, 0x00, 0x23, 0x00, 0x23, 0x00, 0x23, 0x00, 0x23, 0x00, 0x23, 0x00, 0x23, 0x00,
    0x23, 0x00, 0x23, 0x00, 0x23, 0x00, 0x23, 0x00, 0x23, 0x00, 0x23, 0x00, 0x23, 0x00, 0x23, 0x00,
    0x23, 0x00, 0x23, 0x00, 0x23, 0x00, 0x23, 0x00, 0x23, 0x00, 0x23, 0x00, 0x23, 0x00, 0x23, 0x00,
    0x23, 0x00, 0x23, 0x00, 0x23, 0x00, 0x23, 0x00, 0x23, 0x00, 0x23, 0x00, 0x23, 0x00, 0x23, 0x00,
    0x23, 0x00, 0x23, 0x00, 0x23, 0x00, 0x23, 0x00, 0xe8, 0x00, 0xe8, 0x00, 0x23, 0x00, 0x23, 0x00,
    0x23, 0x00, 0x51, 0x01, 0x51, 0x01, 0x00, 0x00, 0x00, 0x00, 0x00, 0x00, 0x00, 0x00, 0x00, 0x00,
    0x00, 0x00, 0x8a, 0x00, 0xe8, 0x00, 0x00, 0x00, 0xe8, 0x00, 0x57, 0x01, 0x33, 0x01, 0x00, 0x00,
    0x46, 0x00, 0x0c, 0x01, 0x23, 0x00, 0x00, 0x00, 0x00, 0x00, 0x00, 0x00, 0x00, 0x00, 0x00, 0x00,
    0x00, 0x00, 0x00, 0x00, 0x00, 0x00, 0x00, 0x00, 0x00, 0x00, 0x00, 0x00, 0x00, 0x00, 0x51, 0x01,
    0xef, 0x00, 0x23, 0x00, 0x23, 0x00, 0x23, 0x00, 0x46, 0x00, 0x8a, 0x00, 0x23, 0x00, 0x23, 0x00,
    0x23, 0x00, 0x23, 0x00, 0x23, 0x00, 0x23, 0x00, 0x23, 0x00, 0x23, 0x00, 0x23, 0x00, 0x23, 0x00,
    0x23, 0x00, 0x23, 0x00, 0x23, 0x00, 0x23, 0x00, 0x23, 0x00, 0x23, 0x00, 0x23, 0x00, 0x23, 0x00,
    0x23, 0x00, 0x23, 0x00, 0x23, 0x00, 0x23, 0x00, 0x23, 0x00, 0x23, 0x00, 0x23, 0x00, 0x23, 0x00,
    0x23, 0x00, 0x23, 0x00, 0x23, 0x00, 0x23, 0x00, 0x23, 0x00, 0x23, 0x00, 0x23, 0x00, 0x23, 0x00,
    0x23, 0x00, 0x23, 0x00, 0x23, 0x00, 0x23, 0x00, 0x23, 0x00, 0x23, 0x00, 0x23, 0x00, 0x23, 0x00,
    0x23, 0x00, 0x23, 0x00, 0x23, 0x00, 0x23, 0x00, 0x23, 0x00, 0x23, 0x00, 0x23, 0x00, 0x23, 0x00,
    0x23, 0x00, 0x23, 0x00, 0x23, 0x00, 0x23, 0x00, 0x23, 0x00, 0x23, 0x00, 0x23, 0x00, 0x23, 0x00,
    0x23, 0x00, 0x23, 0x00, 0x23, 0x00, 0x23, 0x00, 0x23, 0x00, 0x23, 0x00, 0x23, 0x00, 0x23, 0x00,
    0x23, 0x00, 0x23, 0x00, 0x23, 0x00, 0x23, 0x00, 0x23, 0x00, 0x23, 0x00, 0x23, 0x00, 0x23, 0x00,
    0x23, 0x00, 0x23, 0x00, 0x23, 0x00, 0x23, 0x00, 0x23, 0x00, 0x23, 0x00, 0x23, 0x00, 0x23, 0x00,
    0x23, 0x00, 0x23, 0x00, 0x23, 0x00, 0x23, 0x00, 0x23, 0x00, 0x23, 0x00, 0x23, 0x00, 0x23, 0x00,
    0x23, 0x00, 0x23, 0x00, 0x23, 0x00, 0x23, 0x00, 0x23, 0x00, 0x23, 0x00, 0x23, 0x00, 0x23, 0x00,
    0x23, 0x00, 0x23, 0x00, 0x23, 0x00, 0x23, 0x00, 0x23, 0x00, 0x23, 0x00, 0x23, 0x00, 0x23, 0x00,
    0x23, 0x00, 0x23, 0x00, 0x23, 0x00, 0x23, 0x00, 0x23, 0x00, 0x23, 0x00, 0x23, 0x00, 0x23, 0x00,
    0x23, 0x00, 0x23, 0x00, 0x23, 0x00, 0x23, 0x00, 0x23, 0x00, 0x23, 0x00, 0x23, 0x00, 0x23, 0x00,
    0x23, 0x00, 0x23, 0x00, 0x23, 0x00, 0x23, 0x00, 0x23, 0x00, 0x23, 0x00, 0x23, 0x00, 0x23, 0x00,
    0x23, 0x00, 0x23, 0x00, 0x23, 0x00, 0x23, 0x00, 0x23, 0x00, 0x23, 0x00, 0x23, 0x00, 0x23, 0x00,
    0x23, 0x00, 0x23, 0x00, 0x23, 0x00, 0x23, 0x00, 0x23, 0x00, 0x23, 0x00, 0x23, 0x00, 0x23, 0x00,
    0x23, 0x00, 0x23, 0x00, 0x23, 0x00, 0x23, 0x00, 0x23, 0x00, 0x23, 0x00, 0x23, 0x00, 0x23, 0x00,
    0x23, 0x00, 0x23, 0x00, 0x23, 0x00, 0x23, 0x00, 0x23, 0x00, 0x23, 0x00, 0x23, 0x00, 0x23, 0x00,
    0x23, 0x00, 0x23, 0x00, 0x23, 0x00, 0x23, 0x00, 0x23, 0x00, 0x23, 0x00, 0x23, 0x00, 0x23, 0x00,
    0x23, 0x00, 0x23, 0x00, 0x23, 0x00, 0x23, 0x00, 0x23, 0x00, 0x23, 0x00, 0x23, 0x00, 0x23, 0x00,
    0x23, 0x00, 0x23, 0x00, 0x23, 0x00, 0x23, 0x00, 0x23, 0x00, 0x23, 0x00, 0x23, 0x00, 0x23, 0x00,
    0x23, 0x00, 0x23, 0x00, 0x23, 0x00, 0x23, 0x00, 0x23, 0x00, 0x23, 0x00, 0x23, 0x00, 0x23, 0x00,
    0x23, 0x00, 0x23, 0x00, 0x23, 0x00, 0x23, 0x00, 0x8a, 0x00, 0x8a, 0x00, 0x23, 0x00, 0x23, 0x00,
    0x23, 0x00, 0xef, 0x00, 0xef, 0x00, 0x00, 0x00, 0x00, 0x00, 0x00, 0x00, 0x00, 0x00, 0x00, 0x00,
    0x00, 0x00, 0x8a, 0x00, 0xe8, 0x00, 0x00, 0x00, 0xe8, 0x00, 0xb5, 0x01, 0x51, 0x01, 0x00, 0x00,
    0x46, 0x00, 0x0c, 0x01, 0x23, 0x00, 0x00, 0x00, 0x00, 0x00, 0x00, 0x00, 0x00, 0x00, 0x00, 0x00,
    0x00, 0x00, 0x00, 0x00, 0x00, 0x00, 0x00, 0x00, 0x00, 0x00, 0x00, 0x00, 0x00, 0x00, 0x51, 0x01,
    0xef, 0x00, 0x23, 0x00, 0x23, 0x00, 0x23, 0x00, 0x46, 0x00, 0x8a, 0x00, 0x23, 0x00, 0x23, 0x00,
    0x23, 0x00, 0x23, 0x00, 0x23, 0x00, 0x23, 0x00, 0x23, 0x00, 0x23, 0x00, 0x23, 0x00, 0x23, 0x00,
    0x23, 0x00, 0x23, 0x00, 0x23, 0x00, 0x23, 0x00, 0x23, 0x00, 0x23, 0x00, 0x23, 0x00, 0x23, 0x00,
    0x23, 0x00, 0x23, 0x00, 0x23, 0x00, 0x23, 0x00, 0x23, 0x00, 0x23, 0x00, 0x23, 0x00, 0x23, 0x00,
    0x23, 0x00, 0x23, 0x00, 0x23, 0x00, 0x23, 0x00, 0x23, 0x00, 0x23, 0x00, 0x23, 0x00, 0x23, 0x00,
    0x23, 0x00, 0x23, 0x00, 0x23, 0x00, 0x23, 0x00, 0x23, 0x00, 0x23, 0x00, 0x23, 0x00, 0x23, 0x00,
    0x23, 0x00, 0x23, 0x00, 0x23, 0x00, 0x23, 0x00, 0x23, 0x00, 0x23, 0x00, 0x23, 0x00, 0x23, 0x00,
    0x23, 0x00, 0x23, 0x00, 0x23, 0x00, 0x23, 0x00, 0x23, 0x00, 0x23, 0x00, 0x23, 0x00, 0x23, 0x00,
    0x23, 0x00, 0x23, 0x00, 0x23, 0x00, 0x23, 0x00, 0x23, 0x00, 0x23, 0x00, 0x23, 0x00, 0x23, 0x00,
    0x23, 0x00, 0x23, 0x00, 0x23, 0x00, 0x23, 0x00, 0x23, 0x00, 0x23, 0x00, 0x23, 0x00, 0x23, 0x00,
    0x23, 0x00, 0x23, 0x00, 0x23, 0x00, 0x23, 0x00, 0x23, 0x00, 0x23, 0x00, 0x23, 0x00, 0x23, 0x00,
    0x23, 0x00, 0x23, 0x00, 0x23, 0x00, 0x23, 0x00, 0x23, 0x00, 0x23, 0x00, 0x23, 0x00, 0x23, 0x00,
    0x23, 0x00, 0x23, 0x00, 0x23, 0x00, 0x23, 0x00, 0x23, 0x00, 0x23, 0x00, 0x23, 0x00, 0x23, 0x00,
    0x23, 0x00, 0x23, 0x00, 0x23, 0x00, 0x23, 0x00, 0x23, 0x00, 0x23, 0x00, 0x23, 0x00, 0x23, 0x00,
    0x23, 0x00, 0x23, 0x00, 0x23, 0x00, 0x23, 0x00, 0x23, 0x00, 0x23, 0x00, 0x23, 0x00, 0x23, 0x00,
    0x23, 0x00, 0x23, 0x00, 0x23, 0x00, 0x23, 0x00, 0x23, 0x00, 0x23, 0x00, 0x23, 0x00, 0x23, 0x00,
    0x23, 0x00, 0x23, 0x00, 0x23, 0x00, 0x23, 0x00, 0x23, 0x00, 0x23, 0x00, 0x23, 0x00, 0x23, 0x00,
    0x23, 0x00, 0x23, 0x00, 0x23, 0x00, 0x23, 0x00, 0x23, 0x00, 0x23, 0x00, 0x23, 0x00, 0x23, 0x00,
    0x23, 0x00, 0x23, 0x00, 0x23, 0x00, 0x23, 0x00, 0x23, 0x00, 0x23, 0x00, 0x23, 0x00, 0x23, 0x00,
    0x23, 0x00, 0x23, 0x00, 0x23, 0x00, 0x23, 0x00, 0x23, 0x00, 0x23, 0x00, 0x23, 0x00, 0x23, 0x00,
    0x23, 0x00, 0x23, 0x00, 0x23, 0x00, 0x23, 0x00, 0x23, 0x00, 0x23, 0x00, 0x23, 0x00, 0x23, 0x00,
    0x23, 0x00, 0x23, 0x00, 0x23, 0x00, 0x23, 0x00, 0x23, 0x00, 0x23, 0x00, 0x23, 0x00, 0x23, 0x00,
    0x23, 0x00, 0x23, 0x00, 0x23, 0x00, 0x23, 0x00, 0x23, 0x00, 0x23, 0x00, 0x23, 0x00, 0x23, 0x00,
    0x23, 0x00, 0x23, 0x00, 0x23, 0x00, 0x23, 0x00, 0x23, 0x00, 0x23, 0x00, 0x23, 0x00, 0x23, 0x00,
    0x23, 0x00, 0x23, 0x00, 0x23, 0x00, 0x23, 0x00, 0x23, 0x00, 0x23, 0x00, 0x23, 0x00, 0x23, 0x00,
    0x23, 0x00, 0x23, 0x00, 0x23, 0x00, 0x23, 0x00, 0xe8, 0x00, 0x8a, 0x00, 0x23, 0x00, 0x23, 0x00,
    0x23, 0x00, 0xef, 0x00, 0xef, 0x00, 0x00, 0x00, 0x00, 0x00, 0x00, 0x00, 0x00, 0x00, 0x00, 0x00,
    0x00, 0x00, 0x8a, 0x00, 0xe8, 0x00, 0x00, 0x00, 0xe8, 0x00, 0x19, 0x02, 0x51, 0x01, 0x00, 0x00,
    0x46, 0x00, 0x0c, 0x01, 0x23, 0x00, 0x00, 0x00, 0x00, 0x00, 0x00, 0x00, 0x00, 0x00, 0x00, 0x00,
    0x00, 0x00, 0x00, 0x00, 0x00, 0x00, 0x00, 0x00, 0x00, 0x00, 0x00, 0x00, 0x00, 0x00, 0x51, 0x01,
    0xef, 0x00, 0x23, 0x00, 0x23, 0x00, 0x23, 0x00, 0x46, 0x00, 0x8a, 0x00, 0x23, 0x00, 0x23, 0x00,
    0x23, 0x00, 0x23, 0x00, 0x23, 0x00, 0x23, 0x00, 0x23, 0x00, 0x23, 0x00, 0x23, 0x00, 0x23, 0x00,
    0x23, 0x00, 0x23, 0x00, 0x23, 0x00, 0x23, 0x00, 0x23, 0x00, 0x23, 0x00, 0x23, 0x00, 0x23, 0x00,
    0x23, 0x00, 0x23, 0x00, 0x23, 0x00, 0x23, 0x00, 0x23, 0x00, 0x23, 0x00, 0x23, 0x00, 0x23, 0x00,
    0x23, 0x00, 0x23, 0x00, 0x23, 0x00, 0x23, 0x00, 0x23, 0x00, 0x23, 0x00, 0x23, 0x00, 0x23, 0x00,
    0x23, 0x00, 0x23, 0x00, 0x23, 0x00, 0x23, 0x00, 0x23, 0x00, 0x23, 0x00, 0x23, 0x00, 0x23, 0x00,
    0x23, 0x00, 0x23, 0x00, 0x23, 0x00, 0x23, 0x00, 0x23, 0x00, 0x23, 0x00, 0x23, 0x00, 0x23, 0x00,
    0x23, 0x00, 0x23, 0x00, 0x23, 0x00, 0x23, 0x00, 0x23, 0x00, 0x23, 0x00, 0x23, 0x00, 0x23, 0x00,
    0x23, 0x00, 0x23, 0x00, 0x23, 0x00, 0x23, 0x00, 0x23, 0x00, 0x23, 0x00, 0x23, 0x00, 0x23, 0x00,
    0x23, 0x00, 0x23, 0x00, 0x23, 0x00, 0x23, 0x00, 0x23, 0x00, 0x23, 0x00, 0x23, 0x00, 0x23, 0x00,
    0x23, 0x00, 0x23, 0x00, 0x23, 0x00, 0x23, 0x00, 0x23, 0x00, 0x23, 0x00, 0x23, 0x00, 0x23, 0x00,
    0x23, 0x00, 0x23, 0x00, 0x23, 0x00, 0x23, 0x00, 0x23, 0x00, 0x23, 0x00, 0x23, 0x00, 0x23, 0x00,
    0x23, 0x00, 0x23, 0x00, 0x23, 0x00, 0x23, 0x00, 0x23, 0x00, 0x23, 0x00, 0x23, 0x00, 0x23, 0x00,
    0x23, 0x00, 0x23, 0x00, 0x23, 0x00, 0x23, 0x00, 0x23, 0x00, 0x23, 0x00, 0x23, 0x00, 0x23, 0x00,
    0x23, 0x00, 0x23, 0x00, 0x23, 0x00, 0x23, 0x00, 0x23, 0x00, 0x23, 0x00, 0x23, 0x00, 0x23, 0x00,
    0x23, 0x00, 0x23, 0x00, 0x23, 0x00, 0x23, 0x00, 0x23, 0x00, 0x23, 0x00, 0x23, 0x00, 0x23, 0x00,
    0x23, 0x00, 0x23, 0x00, 0x23, 0x00, 0x23, 0x00, 0x23, 0x00, 0x23, 0x00, 0x23, 0x00, 0x23, 0x00,
    0x23, 0x00, 0x23, 0x00, 0x23, 0x00, 0x23, 0x00, 0x23, 0x00, 0x23, 0x00, 0x23, 0x00, 0x23, 0x00,
    0x23, 0x00, 0x23, 0x00, 0x23, 0x00, 0x23, 0x00, 0x23, 0x00, 0x23, 0x00, 0x23, 0x00, 0x23, 0x00,
    0x23, 0x00, 0x23, 0x00, 0x23, 0x00, 0x23, 0x00, 0x23, 0x00, 0x23, 0x00, 0x23, 0x00, 0x23, 0x00,
    0x23, 0x00, 0x23, 0x00, 0x23, 0x00, 0x23, 0x00, 0x23, 0x00, 0x23, 0x00, 0x23, 0x00, 0x23, 0x00,
    0x23, 0x00, 0x23, 0x00, 0x23, 0x00, 0x23, 0x00, 0x23, 0x00, 0x23, 0x00, 0x23, 0x00, 0x23, 0x00,
    0x23, 0x00, 0x23, 0x00, 0x23, 0x00, 0x23, 0x00, 0x23, 0x00, 0x23, 0x00, 0x23, 0x00, 0x23, 0x00,
    0x23, 0x00, 0x23, 0x00, 0x23, 0x00, 0x23, 0x00, 0x23, 0x00, 0x23, 0x00, 0x23, 0x00, 0x23, 0x00,
    0x23, 0x00, 0x23, 0x00, 0x23, 0x00, 0x23, 0x00, 0x23, 0x00, 0x23, 0x00, 0x23, 0x00, 0x23, 0x00,
    0x23, 0x00, 0x23, 0x00, 0x23, 0x00, 0x23, 0x00, 0x8a, 0x00, 0x8a, 0x00, 0x23, 0x00, 0x23, 0x00,
    0x23, 0x00, 0xef, 0x00, 0x51, 0x01, 0x00, 0x00, 0x00, 0x00, 0x00, 0x00, 0x00, 0x00, 0x00, 0x00,
    0x00, 0x00, 0x8a, 0x00, 0xe8, 0x00, 0x00, 0x00, 0xe8, 0x00, 0xbb, 0x02, 0xf1, 0x01, 0x00, 0x00,
    0x46, 0x00, 0x0c, 0x01, 0x23, 0x00, 0x00, 0x00, 0x00, 0x00, 0x00, 0x00, 0x00, 0x00, 0x00, 0x00,
    0x00, 0x00, 0x00, 0x00, 0x00, 0x00, 0x00, 0x00, 0x00, 0x00, 0x00, 0x00, 0x00, 0x00, 0x51, 0x01,
    0xef, 0x00, 0x23, 0x00, 0x23, 0x00, 0x23, 0x00, 0x46, 0x00, 0x8a, 0x00, 0x23, 0x00, 0x23, 0x00,
    0x23, 0x00, 0x23, 0x00, 0x23, 0x00, 0x23, 0x00, 0x23, 0x00, 0x23, 0x00, 0x23, 0x00, 0x23, 0x00,
    0x23, 0x00, 0x23, 0x00, 0x23, 0x00, 0x23, 0x00, 0x23, 0x00, 0x23, 0x00, 0x23, 0x00, 0x23, 0x00,
    0x23, 0x00, 0x23, 0x00, 0x23, 0x00, 0x23, 0x00, 0x23, 0x00, 0x23, 0x00, 0x23, 0x00, 0x23, 0x00,
    0x23, 0x00, 0x23, 0x00, 0x23, 0x00, 0x23, 0x00, 0x23, 0x00, 0x23, 0x00, 0x23, 0x00, 0x23, 0x00,
    0x23, 0x00, 0x23, 0x00, 0x23, 0x00, 0x23, 0x00, 0x23, 0x00, 0x23, 0x00, 0x23, 0x00, 0x23, 0x00,
    0x23, 0x00, 0x23, 0x00, 0x23, 0x00, 0x23, 0x00, 0x23, 0x00, 0x23, 0x00, 0x23, 0x00, 0x23, 0x00,
    0x23, 0x00, 0x23, 0x00, 0x23, 0x00, 0x23, 0x00, 0x23, 0x00, 0x23, 0x00, 0x23, 0x00, 0x23, 0x00,
    0x23, 0x00, 0x23, 0x00, 0x23, 0x00, 0x23, 0x00, 0x23, 0x00, 0x23, 0x00, 0x23, 0x00, 0x23, 0x00,
    0x23, 0x00, 0x23, 0x00, 0x23, 0x00, 0x23, 0x00, 0x23, 0x00, 0x23, 0x00, 0x23, 0x00, 0x23, 0x00,
    0x23, 0x00, 0x23, 0x00, 0x23, 0x00, 0x23, 0x00, 0x23, 0x00, 0x23, 0x00, 0x23, 0x00, 0x23, 0x00,
    0x23, 0x00, 0x23, 0x00, 0x23, 0x00, 0x23, 0x00, 0x23, 0x00, 0x23, 0x00, 0x23, 0x00, 0x23, 0x00,
    0x23, 0x00, 0x23, 0x00, 0x23, 0x00, 0x23, 0x00, 0x23, 0x00, 0x23, 0x00, 0x23, 0x00, 0x23, 0x00,
    0x23, 0x00, 0x23, 0x00, 0x23, 0x00, 0x23, 0x00, 0x23, 0x00, 0x23, 0x00, 0x23, 0x00, 0x23, 0x00,
    0x23, 0x00, 0x23, 0x00, 0x23, 0x00, 0x23, 0x00, 0x23, 0x00, 0x23, 0x00, 0x23, 0x00, 0x23, 0x00,
    0x23, 0x00, 0x23, 0x00, 0x23, 0x00, 0x23, 0x00, 0x23, 0x00, 0x23, 0x00, 0x23, 0x00, 0x23, 0x00,
    0x23, 0x00, 0x23, 0x00, 0x23, 0x00, 0x23, 0x00, 0x23, 0x00, 0x23, 0x00, 0x23, 0x00, 0x23, 0x00,
    0x23, 0x00, 0x23, 0x00, 0x23, 0x00, 0x23, 0x00, 0x23, 0x00, 0x23, 0x00, 0x23, 0x00, 0x23, 0x00,
    0x23, 0x00, 0x23, 0x00, 0x23, 0x00, 0x23, 0x00, 0x23, 0x00, 0x23, 0x00, 0x23, 0x00, 0x23, 0x00,
    0x23, 0x00, 0x23, 0x00, 0x23, 0x00, 0x23, 0x00, 0x23, 0x00, 0x23, 0x00, 0x23, 0x00, 0x23, 0x00,
    0x23, 0x00, 0x23, 0x00, 0x23, 0x00, 0x23, 0x00, 0x23, 0x00, 0x23, 0x00, 0x23, 0x00, 0x23, 0x00,
    0x23, 0x00, 0x23, 0x00, 0x23, 0x00, 0x23, 0x00, 0x23, 0x00, 0x23, 0x00, 0x23, 0x00, 0x23, 0x00,
    0x23, 0x00, 0x23, 0x00, 0x23, 0x00, 0x23, 0x00, 0x23, 0x00, 0x23, 0x00, 0x23, 0x00, 0x23, 0x00,
    0x23, 0x00, 0x23, 0x00, 0x23, 0x00, 0x23, 0x00, 0x23, 0x00, 0x23, 0x00, 0x23, 0x00, 0x23, 0x00,
    0x23, 0x00, 0x23, 0x00, 0x23, 0x00, 0x23, 0x00, 0x23, 0x00, 0x23, 0x00, 0x23, 0x00, 0x23, 0x00,
    0x23, 0x00, 0x23, 0x00, 0x23, 0x00, 0x23, 0x00, 0x8a, 0x00, 0x8a, 0x00, 0x23, 0x00, 0x23, 0x00,
    0x23, 0x00, 0x51, 0x01, 0x51, 0x01, 0x00, 0x00, 0x00, 0x00, 0x00, 0x00, 0x00, 0x00, 0x00, 0x00,
    0x00, 0x00, 0x8a, 0x00, 0x8a, 0x00, 0x00, 0x00, 0x00, 0x00, 0x23, 0x00, 0x23, 0x00, 0x00, 0x00,
    0x46, 0x00, 0x0c, 0x01, 0x23, 0x00, 0x00, 0x00, 0x00, 0x00, 0x00, 0x00, 0x00, 0x00, 0x00, 0x00,
    0x00, 0x00, 0x00, 0x00, 0x00, 0x00, 0x00, 0x00, 0x00, 0x00, 0x00, 0x00, 0x00, 0x00, 0x51, 0x01,
    0xef, 0x00, 0x23, 0x00, 0x23, 0x00, 0x23, 0x00, 0x46, 0x00, 0x8a, 0x00, 0x23, 0x00, 0x23, 0x00,
    0x23, 0x00, 0x23, 0x00, 0x23, 0x00, 0x23, 0x00, 0x23, 0x00, 0x23, 0x00, 0x23, 0x00, 0x23, 0x00,
    0x23, 0x00, 0x23, 0x00, 0x23, 0x00, 0x23, 0x00, 0x23, 0x00, 0x23, 0x00, 0x23, 0x00, 0x23, 0x00,
    0x23, 0x00, 0x23, 0x00, 0x23, 0x00, 0x23, 0x00, 0x23, 0x00, 0x23, 0x00, 0x23, 0x00, 0x23, 0x00,
    0x23, 0x00, 0x23, 0x00, 0x23, 0x00, 0x23, 0x00, 0x23, 0x00, 0x23, 0x00, 0x23, 0x00, 0x23, 0x00,
    0x23, 0x00, 0x23, 0x00, 0x23, 0x00, 0x23, 0x00, 0x23, 0x00, 0x23, 0x00, 0x23, 0x00, 0x23, 0x00,
    0x23, 0x00, 0x23, 0x00, 0x23, 0x00, 0x23, 0x00, 0x23, 0x00, 0x23, 0x00, 0x23, 0x00, 0x23, 0x00,
    0x23, 0x00, 0x23, 0x00, 0x23, 0x00, 0x23, 0x00, 0x23, 0x00, 0x23, 0x00, 0x23, 0x00, 0x23, 0x00,
    0x23, 0x00, 0x23, 0x00, 0x23, 0x00, 0x23, 0x00, 0x23, 0x00, 0x23, 0x00, 0x23, 0x00, 0x23, 0x00,
    0x23, 0x00, 0x23, 0x00, 0x23, 0x00, 0x23, 0x00, 0x23, 0x00, 0x23, 0x00, 0x23, 0x00, 0x23, 0x00,
    0x23, 0x00, 0x23, 0x00, 0x23, 0x00, 0x23, 0x00, 0x23, 0x00, 0x23, 0x00, 0x23, 0x00, 0x23, 0x00,
    0x23, 0x00, 0x23, 0x00, 0x23, 0x00, 0x23, 0x00, 0x23, 0x00, 0x23, 0x00, 0x23, 0x00, 0x23, 0x00,
    0x23, 0x00, 0x23, 0x00, 0x23, 0x00, 0x23, 0x00, 0x23, 0x00, 0x23, 0x00, 0x23, 0x00, 0x23, 0x00,
    0x23, 0x00, 0x23, 0x00, 0x23, 0x00, 0x23, 0x00, 0x23, 0x00, 0x23, 0x00, 0x23, 0x00, 0x23, 0x00,
    0x23, 0x00, 0x23, 0x00, 0x23, 0x00, 0x23, 0x00, 0x23, 0x00, 0x23, 0x00, 0x23, 0x00, 0x23, 0x00,
    0x23, 0x00, 0x23, 0x00, 0x23, 0x00, 0x23, 0x00, 0x23, 0x00, 0x23, 0x00, 0x23, 0x00, 0x23, 0x00,
    0x23, 0x00, 0x23, 0x00, 0x23, 0x00, 0x23, 0x00, 0x23, 0x00, 0x23, 0x00, 0x23, 0x00, 0x23, 0x00,
    0x23, 0x00, 0x23, 0x00, 0x23, 0x00, 0x23, 0x00, 0x23, 0x00, 0x23, 0x00, 0x23, 0x00, 0x23, 0x00,
    0x23, 0x00, 0x23, 0x00, 0x23, 0x00, 0x23, 0x00, 0x23, 0x00, 0x23, 0x00, 0x23, 0x00, 0x23, 0x00,
    0x23, 0x00, 0x23, 0x00, 0x23, 0x00, 0x23, 0x00, 0x23, 0x00, 0x23, 0x00, 0x23, 0x00, 0x23, 0x00,
    0x23, 0x00, 0x23, 0x00, 0x23, 0x00, 0x23, 0x00, 0x23, 0x00, 0x23, 0x00, 0x23, 0x00, 0x23, 0x00,
    0x23, 0x00, 0x23, 0x00, 0x23, 0x00, 0x23, 0x00, 0x23, 0x00, 0x23, 0x00, 0x23, 0x00, 0x23, 0x00,
    0x23, 0x00, 0x23, 0x00, 0x23, 0x00, 0x23, 0x00, 0x23, 0x00, 0x23, 0x00, 0x23, 0x00, 0x23, 0x00,
    0x23, 0x00, 0x23, 0x00, 0x23, 0x00, 0x23, 0x00, 0x23, 0x00, 0x23, 0x00, 0x23, 0x00, 0x23, 0x00,
    0x23, 0x00, 0x23, 0x00, 0x23, 0x00, 0x23, 0x00, 0x23, 0x00, 0x23, 0x00, 0x23, 0x00, 0x23, 0x00,
    0x23, 0x00, 0x23, 0x00, 0x23, 0x00, 0x23, 0x00, 0x8a, 0x00, 0x8a, 0x00, 0x23, 0x00, 0x23, 0x00,
    0x23, 0x00, 0x51, 0x01, 0x51, 0x01, 0x00, 0x00, 0x00, 0x00, 0x00, 0x00, 0x00, 0x00, 0x00, 0x00,
    0x00, 0x00, 0x8a, 0x00, 0x8a, 0x00, 0x00, 0x00, 0x00, 0x00, 0x00, 0x00, 0x00, 0x00, 0x00, 0x00,
    0x46, 0x00, 0x0c, 0x01, 0x23, 0x00, 0x00, 0x00, 0x00, 0x00, 0x00, 0x00, 0x00, 0x00, 0x00, 0x00,
    0x00, 0x00, 0x00, 0x00, 0x00, 0x00, 0x00, 0x00, 0x00, 0x00, 0x00, 0x00, 0x00, 0x00, 0x51, 0x01,
    0xef, 0x00, 0x23, 0x00, 0x23, 0x00, 0x23, 0x00, 0x46, 0x00, 0x8a, 0x00, 0x23, 0x00, 0x23, 0x00,
    0x23, 0x00, 0x23, 0x00, 0x23, 0x00, 0x23, 0x00, 0x23, 0x00, 0x23, 0x00, 0x23, 0x00, 0x23, 0x00,
    0x23, 0x00, 0x23, 0x00, 0x23, 0x00, 0x23, 0x00, 0x23, 0x00, 0x23, 0x00, 0x23, 0x00, 0x23, 0x00,
    0x23, 0x00, 0x23, 0x00, 0x23, 0x00, 0x23, 0x00, 0x23, 0x00, 0x23, 0x00, 0x23, 0x00, 0x23, 0x00,
    0x23, 0x00, 0x23, 0x00, 0x23, 0x00, 0x23, 0x00, 0x23, 0x00, 0x23, 0x00, 0x23, 0x00, 0x23, 0x00,
    0x23, 0x00, 0x23, 0x00, 0x23, 0x00, 0x23, 0x00, 0x23, 0x00, 0x23, 0x00, 0x23, 0x00, 0x23, 0x00,
    0x23, 0x00, 0x23, 0x00, 0x23, 0x00, 0x23, 0x00, 0x23, 0x00, 0x23, 0x00, 0x23, 0x00, 0x23, 0x00,
    0x23, 0x00, 0x23, 0x00, 0x23, 0x00, 0x23, 0x00, 0x23, 0x00, 0x23, 0x00, 0x23, 0x00, 0x23, 0x00,
    0x23, 0x00, 0x23, 0x00, 0x23, 0x00, 0x23, 0x00, 0x23, 0x00, 0x23, 0x00, 0x23, 0x00, 0x23, 0x00,
    0x23, 0x00, 0x23, 0x00, 0x23, 0x00, 0x23, 0x00, 0x23, 0x00, 0x23, 0x00, 0x23, 0x00, 0x23, 0x00,
    0x23, 0x00, 0x23, 0x00, 0x23, 0x00, 0x23, 0x00, 0x23, 0x00, 0x23, 0x00, 0x23, 0x00, 0x23, 0x00,
    0x23, 0x00, 0x23, 0x00, 0x23, 0x00, 0x23, 0x00, 0x23, 0x00, 0x23, 0x00, 0x23, 0x00, 0x23, 0x00,
    0x23, 0x00, 0x23, 0x00, 0x23, 0x00, 0x23, 0x00, 0x23, 0x00, 0x23, 0x00, 0x23, 0x00, 0x23, 0x00,
    0x23, 0x00, 0x23, 0x00, 0x23, 0x00, 0x23, 0x00, 0x23, 0x00, 0x23, 0x00, 0x23, 0x00, 0x23, 0x00,
    0x23, 0x00, 0x23, 0x00, 0x23, 0x00, 0x23, 0x00, 0x23, 0x00, 0x23, 0x00, 0x23, 0x00, 0x23, 0x00,
    0x23, 0x00, 0x23, 0x00, 0x23, 0x00, 0x23, 0x00, 0x23, 0x00, 0x23, 0x00, 0x23, 0x00, 0x23, 0x00,
    0x23, 0x00, 0x23, 0x00, 0x23, 0x00, 0x23, 0x00, 0x23, 0x00, 0x23, 0x00, 0x23, 0x00, 0x23, 0x00,
    0x23, 0x00, 0x23, 0x00, 0x23, 0x00, 0x23, 0x00, 0x23, 0x00, 0x23, 0x00, 0x23, 0x00, 0x23, 0x00,
    0x23, 0x00, 0x23, 0x00, 0x23, 0x00, 0x23, 0x00, 0x23, 0x00, 0x23, 0x00, 0x23, 0x00, 0x23, 0x00,
    0x23, 0x00, 0x23, 0x00, 0x23, 0x00, 0x23, 0x00, 0x23, 0x00, 0x23, 0x00, 0x23, 0x00, 0x23, 0x00,
    0x23, 0x00, 0x23, 0x00, 0x23, 0x00, 0x23, 0x00, 0x23, 0x00, 0x23, 0x00, 0x23, 0x00, 0x23, 0x00,
    0x23, 0x00, 0x23, 0x00, 0x23, 0x00, 0x23, 0x00, 0x23, 0x00, 0x23, 0x00, 0x23, 0x00, 0x23, 0x00,
    0x23, 0x00, 0x23, 0x00, 0x23, 0x00, 0x23, 0x00, 0x23, 0x00, 0x23, 0x00, 0x23, 0x00, 0x23, 0x00,
    0x23, 0x00, 0x23, 0x00, 0x23, 0x00, 0x23, 0x00, 0x23, 0x00, 0x23, 0x00, 0x23, 0x00, 0x23, 0x00,
    0x23, 0x00, 0x23, 0x00, 0x23, 0x00, 0x23, 0x00, 0x23, 0x00, 0x23, 0x00, 0x23, 0x00, 0x23, 0x00,
    0x23, 0x00, 0x23, 0x00, 0x23, 0x00, 0x23, 0x00, 0x8a, 0x00, 0x8a, 0x00, 0x23, 0x00, 0x23, 0x00,
    0x23, 0x00, 0x51, 0x01, 0x51, 0x01, 0x00, 0x00, 0x00, 0x00, 0x00, 0x00, 0x00, 0x00, 0x00, 0x00,
    0x00, 0x00, 0x8a, 0x00, 0x8a, 0x00, 0x00, 0x00, 0x00, 0x00, 0x00, 0x00, 0x00, 0x00, 0x00, 0x00,
    0x46, 0x00, 0x0c, 0x01, 0x23, 0x00, 0x00, 0x00, 0x00, 0x00, 0x00, 0x00, 0x00, 0x00, 0x00, 0x00,
    0x00, 0x00, 0x00, 0x00, 0x00, 0x00, 0x00, 0x00, 0x00, 0x00, 0x00, 0x00, 0x00, 0x00, 0x51, 0x01,
    0xef, 0x00, 0x23, 0x00, 0x23, 0x00, 0x23, 0x00, 0x46, 0x00, 0x8a, 0x00, 0x23, 0x00, 0x23, 0x00,
    0x23, 0x00, 0x23, 0x00, 0x23, 0x00, 0x23, 0x00, 0x23, 0x00, 0x23, 0x00, 0x23, 0x00, 0x23, 0x00,
    0x23, 0x00, 0x23, 0x00, 0x23, 0x00, 0x23, 0x00, 0x23, 0x00, 0x23, 0x00, 0x23, 0x00, 0x23, 0x00,
    0x23, 0x00, 0x23, 0x00, 0x23, 0x00, 0x23, 0x00, 0x23, 0x00, 0x23, 0x00, 0x23, 0x00, 0x23, 0x00,
    0x23, 0x00, 0x23, 0x00, 0x23, 0x00, 0x23, 0x00, 0x23, 0x00, 0x23, 0x00, 0x23, 0x00, 0x23, 0x00,
    0x23, 0x00, 0x23, 0x00, 0x23, 0x00, 0x23, 0x00, 0x23, 0x00, 0x23, 0x00, 0x23, 0x00, 0x23, 0x00,
    0x23, 0x00, 0x23, 0x00, 0x23, 0x00, 0x23, 0x00, 0x23, 0x00, 0x23, 0x00, 0x23, 0x00, 0x23, 0x00,
    0x23, 0x00, 0x23, 0x00, 0x23, 0x00, 0x23, 0x00, 0x23, 0x00, 0x23, 0x00, 0x23, 0x00, 0x23, 0x00,
    0x23, 0x00, 0x23, 0x00, 0x23, 0x00, 0x23, 0x00, 0x23, 0x00, 0x23, 0x00, 0x23, 0x00, 0x23, 0x00,
    0x23, 0x00, 0x23, 0x00, 0x23, 0x00, 0x23, 0x00, 0x23, 0x00, 0x23, 0x00, 0x23, 0x00, 0x23, 0x00,
    0x23, 0x00, 0x23, 0x00, 0x23, 0x00, 0x23, 0x00, 0x23, 0x00, 0x23, 0x00, 0x23, 0x00, 0x23, 0x00,
    0x23, 0x00, 0x23, 0x00, 0x23, 0x00, 0x23, 0x00, 0x23, 0x00, 0x23, 0x00, 0x23, 0x00, 0x23, 0x00,
    0x23, 0x00, 0x23, 0x00, 0x23, 0x00, 0x23, 0x00, 0x23, 0x00, 0x23, 0x00, 0x23, 0x00, 0x23, 0x00,
    0x23, 0x00, 0x23, 0x00, 0x23, 0x00, 0x23, 0x00, 0x23, 0x00, 0x23, 0x00, 0x23, 0x00, 0x23, 0x00,
    0x23, 0x00, 0x23, 0x00, 0x23, 0x00, 0x23, 0x00, 0x23, 0x00, 0x23, 0x00, 0x23, 0x00, 0x23, 0x00,
    0x23, 0x00, 0x23, 0x00, 0x23, 0x00, 0x23, 0x00, 0x23, 0x00, 0x23, 0x00, 0x23, 0x00, 0x23, 0x00,
    0x23, 0x00, 0x23, 0x00, 0x23, 0x00, 0x23, 0x00, 0x23, 0x00, 0x23, 0x00, 0x23, 0x00, 0x23, 0x00,
    0x23, 0x00, 0x23, 0x00, 0x23, 0x00, 0x23, 0x00, 0x23, 0x00, 0x23, 0x00, 0x23, 0x00, 0x23, 0x00,
    0x23, 0x00, 0x23, 0x00, 0x23, 0x00, 0x23, 0x00, 0x23, 0x00, 0x23, 0x00, 0x23, 0x00, 0x23, 0x00,
    0x23, 0x00, 0x23, 0x00, 0x23, 0x00, 0x23, 0x00, 0x23, 0x00, 0x23, 0x00, 0x23, 0x00, 0x23, 0x00,
    0x23, 0x00, 0x23, 0x00, 0x23, 0x00, 0x23, 0x00, 0x23, 0x00, 0x23, 0x00, 0x23, 0x00, 0x23, 0x00,
    0x23, 0x00, 0x23, 0x00, 0x23, 0x00, 0x23, 0x00, 0x23, 0x00, 0x23, 0x00, 0x23, 0x00, 0x23, 0x00,
    0x23, 0x00, 0x23, 0x00, 0x23, 0x00, 0x23, 0x00, 0x23, 0x00, 0x23, 0x00, 0x23, 0x00, 0x23, 0x00,
    0x23, 0x00, 0x23, 0x00, 0x23, 0x00, 0x23, 0x00, 0x23, 0x00, 0x23, 0x00, 0x23, 0x00, 0x23, 0x00,
    0x23, 0x00, 0x23, 0x00, 0x23, 0x00, 0x23, 0x00, 0x23, 0x00, 0x23, 0x00, 0x23, 0x00, 0x23, 0x00,
    0x23, 0x00, 0x23, 0x00, 0x23, 0x00, 0x23, 0x00, 0xe8, 0x00, 0xe8, 0x00, 0x23, 0x00, 0x23, 0x00,
    0x23, 0x00, 0x51, 0x01, 0x51, 0x01, 0x00, 0x00, 0x00, 0x00, 0x00, 0x00, 0x00, 0x00, 0x00, 0x00,
    0x00, 0x00, 0x8a, 0x00, 0xe8, 0x00, 0x00, 0x00, 0x46, 0x00, 0x33, 0x01, 0xef, 0x00, 0x00, 0x00,
    0x46, 0x00, 0x0c, 0x01, 0x46, 0x00, 0x00, 0x00, 0x00, 0x00, 0x00, 0x00, 0x00, 0x00, 0x00, 0x00,
    0x00, 0x00, 0x00, 0x00, 0x00, 0x00, 0x00, 0x00, 0x00, 0x00, 0x00, 0x00, 0x00, 0x00, 0x51, 0x01,
    0xef, 0x00, 0x23, 0x00, 0x23, 0x00, 0x23, 0x00, 0x46, 0x00, 0x8a, 0x00, 0x23, 0x00, 0x23, 0x00,
    0x23, 0x00, 0x23, 0x00, 0x23, 0x00, 0x23, 0x00, 0x23, 0x00, 0x23, 0x00, 0x23, 0x00, 0x23, 0x00,
    0x23, 0x00, 0x23, 0x00, 0x23, 0x00, 0x23, 0x00, 0x23, 0x00, 0x23, 0x00, 0x23, 0x00, 0x23, 0x00,
    0x23, 0x00, 0x23, 0x00, 0x23, 0x00, 0x23, 0x00, 0x23, 0x00, 0x23, 0x00, 0x23, 0x00, 0x23, 0x00,
    0x23, 0x00, 0x23, 0x00, 0x23, 0x00, 0x23, 0x00, 0x23, 0x00, 0x23, 0x00, 0x23, 0x00, 0x23, 0x00,
    0x23, 0x00, 0x23, 0x00, 0x23, 0x00, 0x23, 0x00, 0x23, 0x00, 0x23, 0x00, 0x23, 0x00, 0x23, 0x00,
    0x23, 0x00, 0x23, 0x00, 0x23, 0x00, 0x23, 0x00, 0x23, 0x00, 0x23, 0x00, 0x23, 0x00, 0x23, 0x00,
    0x23, 0x00, 0x23, 0x00, 0x23, 0x00, 0x23, 0x00, 0x23, 0x00, 0x23, 0x00, 0x23, 0x00, 0x23, 0x00,
    0x23, 0x00, 0x23, 0x00, 0x23, 0x00, 0x23, 0x00, 0x23, 0x00, 0x23, 0x00, 0x23, 0x00, 0x23, 0x00,
    0x23, 0x00, 0x23, 0x00, 0x23, 0x00, 0x23, 0x00, 0x23, 0x00, 0x23, 0x00, 0x23, 0x00, 0x23, 0x00,
    0x23, 0x00, 0x23, 0x00, 0x23, 0x00, 0x23, 0x00, 0x23, 0x00, 0x23, 0x00, 0x23, 0x00, 0x23, 0x00,
    0x23, 0x00, 0x23, 0x00, 0x23, 0x00, 0x23, 0x00, 0x23, 0x00, 0x23, 0x00, 0x23, 0x00, 0x23, 0x00,
    0x23, 0x00, 0x23, 0x00, 0x23, 0x00, 0x23, 0x00, 0x23, 0x00, 0x23, 0x00, 0x23, 0x00, 0x23, 0x00,
    0x23, 0x00, 0x23, 0x00, 0x23, 0x00, 0x23, 0x00, 0x23, 0x00, 0x23, 0x00, 0x23, 0x00, 0x23, 0x00,
    0x23, 0x00, 0x23, 0x00, 0x23, 0x00, 0x23, 0x00, 0x23, 0x00, 0x23, 0x00, 0x23, 0x00, 0x23, 0x00,
    0x23, 0x00, 0x23, 0x00, 0x23, 0x00, 0x23, 0x00, 0x23, 0x00, 0x23, 0x00, 0x23, 0x00, 0x23, 0x00,
    0x23, 0x00, 0x23, 0x00, 0x23, 0x00, 0x23, 0x00, 0x23, 0x00, 0x23, 0x00, 0x23, 0x00, 0x23, 0x00,
    0x23, 0x00, 0x23, 0x00, 0x23, 0x00, 0x23, 0x00, 0x23, 0x00, 0x23, 0x00, 0x23, 0x00, 0x23, 0x00,
    0x23, 0x00, 0x23, 0x00, 0x23, 0x00, 0x23, 0x00, 0x23, 0x00, 0x23, 0x00, 0x23, 0x00, 0x23, 0x00,
    0x23, 0x00, 0x23, 0x00, 0x23, 0x00, 0x23, 0x00, 0x23, 0x00, 0x23, 0x00, 0x23, 0x00, 0x23, 0x00,
    0x23, 0x00, 0x23, 0x00, 0x23, 0x00, 0x23, 0x00, 0x23, 0x00, 0x23, 0x00, 0x23, 0x00, 0x23, 0x00,
    0x23, 0x00, 0x23, 0x00, 0x23, 0x00, 0x23, 0x00, 0x23, 0x00, 0x23, 0x00, 0x23, 0x00, 0x23, 0x00,
    0x23, 0x00, 0x23, 0x00, 0x23, 0x00, 0x23, 0x00, 0x23, 0x00, 0x23, 0x00, 0x23, 0x00, 0x23, 0x00,
    0x23, 0x00, 0x23, 0x00, 0x23, 0x00, 0x23, 0x00, 0x23, 0x00, 0x23, 0x00, 0x23, 0x00, 0x23, 0x00,
    0x23, 0x00, 0x23, 0x00, 0x23, 0x00, 0x23, 0x00, 0x23, 0x00, 0x23, 0x00, 0x23, 0x00, 0x23, 0x00,
    0x23, 0x00, 0x23, 0x00, 0x23, 0x00, 0x23, 0x00, 0x8a, 0x00, 0x8a, 0x00, 0x23, 0x00, 0x23, 0x00,
    0x23, 0x00, 0x51, 0x01, 0x51, 0x01, 0x00, 0x00, 0x00, 0x00, 0x00, 0x00, 0x00, 0x00, 0x00, 0x00,
    0x00, 0x00, 0x8a, 0x00, 0x46, 0x00, 0x00, 0x00, 0xe8, 0x00, 0xb5, 0x01, 0x33, 0x01, 0x00, 0x00,
    0x46, 0x00, 0x0c, 0x01, 0x23, 0x00, 0x00, 0x00, 0x00, 0x00, 0x00, 0x00, 0x00, 0x00, 0x00, 0x00,
    0x00, 0x00, 0x00, 0x00, 0x00, 0x00, 0x00, 0x00, 0x00, 0x00, 0x00, 0x00, 0x00, 0x00, 0x51, 0x01,
    0xef, 0x00, 0x23, 0x00, 0x23, 0x00, 0x23, 0x00, 0x46, 0x00, 0x8a, 0x00, 0x23, 0x00, 0x23, 0x00,
    0x23, 0x00, 0x23, 0x00, 0x23, 0x00, 0x23, 0x00, 0x23, 0x00, 0x23, 0x00, 0x23, 0x00, 0x23, 0x00,
    0x23, 0x00, 0x23, 0x00, 0x23, 0x00, 0x23, 0x00, 0x23, 0x00, 0x23, 0x00, 0x23, 0x00, 0x23, 0x00,
    0x23, 0x00, 0x23, 0x00, 0x23, 0x00, 0x23, 0x00, 0x23, 0x00, 0x23, 0x00, 0x23, 0x00, 0x23, 0x00,
    0x23, 0x00, 0x23, 0x00, 0x23, 0x00, 0x23, 0x00, 0x23, 0x00, 0x23, 0x00, 0x23, 0x00, 0x23, 0x00,
    0x23, 0x00, 0x23, 0x00, 0x23, 0x00, 0x23, 0x00, 0x23, 0x00, 0x23, 0x00, 0x23, 0x00, 0x23, 0x00,
    0x23, 0x00, 0x23, 0x00, 0x23, 0x00, 0x23, 0x00, 0x23, 0x00, 0x23, 0x00, 0x23, 0x00, 0x23, 0x00,
    0x23, 0x00, 0x23, 0x00, 0x23, 0x00, 0x23, 0x00, 0x23, 0x00, 0x23, 0x00, 0x23, 0x00, 0x23, 0x00,
    0x23, 0x00, 0x23, 0x00, 0x23, 0x00, 0x23, 0x00, 0x23, 0x00, 0x23, 0x00, 0x23, 0x00, 0x23, 0x00,
    0x23, 0x00, 0x23, 0x00, 0x23, 0x00, 0x23, 0x00, 0x23, 0x00, 0x23, 0x00, 0x23, 0x00, 0x23, 0x00,
    0x23, 0x00, 0x23, 0x00, 0x23, 0x00, 0x23, 0x00, 0x23, 0x00, 0x23, 0x00, 0x23, 0x00, 0x23, 0x00,
    0x23, 0x00, 0x23, 0x00, 0x23, 0x00, 0x23, 0x00, 0x23, 0x00, 0x23, 0x00, 0x23, 0x00, 0x23, 0x00,
    0x23, 0x00, 0x23, 0x00, 0x23, 0x00, 0x23, 0x00, 0x23, 0x00, 0x23, 0x00, 0x23, 0x00, 0x23, 0x00,
    0x23, 0x00, 0x23, 0x00, 0x23, 0x00, 0x23, 0x00, 0x23, 0x00, 0x23, 0x00, 0x23, 0x00, 0x23, 0x00,
    0x23, 0x00, 0x23, 0x00, 0x23, 0x00, 0x23, 0x00, 0x23, 0x00, 0x23, 0x00, 0x23, 0x00, 0x23, 0x00,
    0x23, 0x00, 0x23, 0x00, 0x23, 0x00, 0x23, 0x00, 0x23, 0x00, 0x23, 0x00, 0x23, 0x00, 0x23, 0x00,
    0x23, 0x00, 0x23, 0x00, 0x23, 0x00, 0x23, 0x00, 0x23, 0x00, 0x23, 0x00, 0x23, 0x00, 0x23, 0x00,
    0x23, 0x00, 0x23, 0x00, 0x23, 0x00, 0x23, 0x00, 0x23, 0x00, 0x23, 0x00, 0x23, 0x00, 0x23, 0x00,
    0x23, 0x00, 0x23, 0x00, 0x23, 0x00, 0x23, 0x00, 0x23, 0x00, 0x23, 0x00, 0x23, 0x00, 0x23, 0x00,
    0x23, 0x00, 0x23, 0x00, 0x23, 0x00, 0x23, 0x00, 0x23, 0x00, 0x23, 0x00, 0x23, 0x00, 0x23, 0x00,
    0x23, 0x00, 0x23, 0x00, 0x23, 0x00, 0x23, 0x00, 0x23, 0x00, 0x23, 0x00, 0x23, 0x00, 0x23, 0x00,
    0x23, 0x00, 0x23, 0x00, 0x23, 0x00, 0x23, 0x00, 0x23, 0x00, 0x23, 0x00, 0x23, 0x00, 0x23, 0x00,
    0x23, 0x00, 0x23, 0x00, 0x23, 0x00, 0x23, 0x00, 0x23, 0x00, 0x23, 0x00, 0x23, 0x00, 0x23, 0x00,
    0x23, 0x00, 0x23, 0x00, 0x23, 0x00, 0x23, 0x00, 0x23, 0x00, 0x23, 0x00, 0x23, 0x00, 0x23, 0x00,
    0x23, 0x00, 0x23, 0x00, 0x23, 0x00, 0x23, 0x00, 0x23, 0x00, 0x23, 0x00, 0x23, 0x00, 0x23, 0x00,
    0x23, 0x00, 0x23, 0x00, 0x23, 0x00, 0x23, 0x00, 0xe8, 0x00, 0xe8, 0x00, 0x23, 0x00, 0x23, 0x00,
    0x23, 0x00, 0x51, 0x01, 0x51, 0x01, 0x00, 0x00, 0x00, 0x00, 0x00, 0x00, 0x00, 0x00, 0x00, 0x00,
    0x00, 0x00, 0x8a, 0x00, 0x46, 0x00, 0x00, 0x00, 0xe8, 0x00, 0x19, 0x02, 0x33, 0x01, 0x00, 0x00,
    0x46, 0x00, 0x0c, 0x01, 0x23, 0x00, 0x00, 0x00, 0x00, 0x00, 0x00, 0x00, 0x00, 0x00, 0x00, 0x00,
    0x00, 0x00, 0x00, 0x00, 0x00, 0x00, 0x00, 0x00, 0x00, 0x00, 0x00, 0x00, 0x00, 0x00, 0x51, 0x01,
    0xef, 0x00, 0x23, 0x00, 0x23, 0x00, 0x23, 0x00, 0x46, 0x00, 0x8a, 0x00, 0x23, 0x00, 0x23, 0x00,
    0x23, 0x00, 0x23, 0x00, 0x23, 0x00, 0x23, 0x00, 0x23, 0x00, 0x23, 0x00, 0x23, 0x00, 0x23, 0x00,
    0x23, 0x00, 0x23, 0x00, 0x23, 0x00, 0x23, 0x00, 0x23, 0x00, 0x23, 0x00, 0x23, 0x00, 0x23, 0x00,
    0x23, 0x00, 0x23, 0x00, 0x23, 0x00, 0x23, 0x00, 0x23, 0x00, 0x23, 0x00, 0x23, 0x00, 0x23, 0x00,
    0x23, 0x00, 0x23, 0x00, 0x23, 0x00, 0x23, 0x00, 0x23, 0x00, 0x23, 0x00, 0x23, 0x00, 0x23, 0x00,
    0x23, 0x00, 0x23, 0x00, 0x23, 0x00, 0x23, 0x00, 0x23, 0x00, 0x23, 0x00, 0x23, 0x00, 0x23, 0x00,
    0x23, 0x00, 0x23, 0x00, 0x23, 0x00, 0x23, 0x00, 0x23, 0x00, 0x23, 0x00, 0x23, 0x00, 0x23, 0x00,
    0x23, 0x00, 0x23, 0x00, 0x23, 0x00, 0x23, 0x00, 0x23, 0x00, 0x23, 0x00, 0x23, 0x00, 0x23, 0x00,
    0x23, 0x00, 0x23, 0x00, 0x23, 0x00, 0x23, 0x00, 0x23, 0x00, 0x23, 0x00, 0x23, 0x00, 0x23, 0x00,
    0x23, 0x00, 0x23, 0x00, 0x23, 0x00, 0x23, 0x00, 0x23, 0x00, 0x23, 0x00, 0x23, 0x00, 0x23, 0x00,
    0x23, 0x00, 0x23, 0x00, 0x23, 0x00, 0x23, 0x00, 0x23, 0x00, 0x23, 0x00, 0x23, 0x00, 0x23, 0x00,
    0x23, 0x00, 0x23, 0x00, 0x23, 0x00, 0x23, 0x00, 0x23, 0x00, 0x23, 0x00, 0x23, 0x00, 0x23, 0x00,
    0x23, 0x00, 0x23, 0x00, 0x23, 0x00, 0x23, 0x00, 0x23, 0x00, 0x23, 0x00, 0x23, 0x00, 0x23, 0x00,
    0x23, 0x00, 0x23, 0x00, 0x23, 0x00, 0x23, 0x00, 0x23, 0x00, 0x23, 0x00, 0x23, 0x00, 0x23, 0x00,
    0x23, 0x00, 0x23, 0x00, 0x23, 0x00, 0x23, 0x00, 0x23, 0x00, 0x23, 0x00, 0x23, 0x00, 0x23, 0x00,
    0x23, 0x00, 0x23, 0x00, 0x23, 0x00, 0x23, 0x00, 0x23, 0x00, 0x23, 0x00, 0x23, 0x00, 0x23, 0x00,
    0x23, 0x00, 0x23, 0x00, 0x23, 0x00, 0x23, 0x00, 0x23, 0x00, 0x23, 0x00, 0x23, 0x00, 0x23, 0x00,
    0x23, 0x00, 0x23, 0x00, 0x23, 0x00, 0x23, 0x00, 0x23, 0x00, 0x23, 0x00, 0x23, 0x00, 0x23, 0x00,
    0x23, 0x00, 0x23, 0x00, 0x23, 0x00, 0x23, 0x00, 0x23, 0x00, 0x23, 0x00, 0x23, 0x00, 0x23, 0x00,
    0x23, 0x00, 0x23, 0x00, 0x23, 0x00, 0x23, 0x00, 0x23, 0x00, 0x23, 0x00, 0x23, 0x00, 0x23, 0x00,
    0x23, 0x00, 0x23, 0x00, 0x23, 0x00, 0x23, 0x00, 0x23, 0x00, 0x23, 0x00, 0x23, 0x00, 0x23, 0x00,
    0x23, 0x00, 0x23, 0x00, 0x23, 0x00, 0x23, 0x00, 0x23, 0x00, 0x23, 0x00, 0x23, 0x00, 0x23, 0x00,
    0x23, 0x00, 0x23, 0x00, 0x23, 0x00, 0x23, 0x00, 0x23, 0x00, 0x23, 0x00, 0x23, 0x00, 0x23, 0x00,
    0x23, 0x00, 0x23, 0x00, 0x23, 0x00, 0x23, 0x00, 0x23, 0x00, 0x23, 0x00, 0x23, 0x00, 0x23, 0x00,
    0x23, 0x00, 0x23, 0x00, 0x23, 0x00, 0x23, 0x00, 0x23, 0x00, 0x23, 0x00, 0x23, 0x00, 0x23, 0x00,
    0x23, 0x00, 0x23, 0x00, 0x23, 0x00, 0x23, 0x00, 0x8a, 0x00, 0x8a, 0x00, 0x23, 0x00, 0x23, 0x00,
    0x23, 0x00, 0x51, 0x01, 0x51, 0x01, 0x00, 0x00, 0x00, 0x00, 0x00, 0x00, 0x00, 0x00, 0x00, 0x00,
    0x00, 0x00, 0x8a, 0x00, 0x46, 0x00, 0x00, 0x00, 0xe8, 0x00, 0x19, 0x02, 0x51, 0x01, 0x00, 0x00,
    0x46, 0x00, 0x0c, 0x01, 0x23, 0x00, 0x00, 0x00, 0x00, 0x00, 0x00, 0x00, 0x00, 0x00, 0x00, 0x00,
    0x00, 0x00, 0x00, 0x00, 0x00, 0x00, 0x00, 0x00, 0x00, 0x00, 0x00, 0x00, 0x00, 0x00, 0x51, 0x01,
    0xef, 0x00, 0x23, 0x00, 0x23, 0x00, 0x23, 0x00, 0x46, 0x00, 0x8a, 0x00, 0x23, 0x00, 0x23, 0x00,
    0x23, 0x00, 0x23, 0x00, 0x23, 0x00, 0x23, 0x00, 0x23, 0x00, 0x23, 0x00, 0x23, 0x00, 0x23, 0x00,
    0x23, 0x00, 0x23, 0x00, 0x23, 0x00, 0x23, 0x00, 0x23, 0x00, 0x23, 0x00, 0x23, 0x00, 0x23, 0x00,
    0x23, 0x00, 0x23, 0x00, 0x23, 0x00, 0x23, 0x00, 0x23, 0x00, 0x23, 0x00, 0x23, 0x00, 0x23, 0x00,
    0x23, 0x00, 0x23, 0x00, 0x23, 0x00, 0x23, 0x00, 0x23, 0x00, 0x23, 0x00, 0x23, 0x00, 0x23, 0x00,
    0x23, 0x00, 0x23, 0x00, 0x23, 0x00, 0x23, 0x00, 0x23, 0x00, 0x23, 0x00, 0x23, 0x00, 0x23, 0x00,
    0x23, 0x00, 0x23, 0x00, 0x23, 0x00, 0x23, 0x00, 0x23, 0x00, 0x23, 0x00, 0x23, 0x00, 0x23, 0x00,
    0x23, 0x00, 0x23, 0x00, 0x23, 0x00, 0x23, 0x00, 0x23, 0x00, 0x23, 0x00, 0x23, 0x00, 0x23, 0x00,
    0x23, 0x00, 0x23, 0x00, 0x23, 0x00, 0x23, 0x00, 0x23, 0x00, 0x23, 0x00, 0x23, 0x00, 0x23, 0x00,
    0x23, 0x00, 0x23, 0x00, 0x23, 0x00, 0x23, 0x00, 0x23, 0x00, 0x23, 0x00, 0x23, 0x00, 0x23, 0x00,
    0x23, 0x00, 0x23, 0x00, 0x23, 0x00, 0x23, 0x00, 0x23, 0x00, 0x23, 0x00, 0x23, 0x00, 0x23, 0x00,
    0x23, 0x00, 0x23, 0x00, 0x23, 0x00, 0x23, 0x00, 0x23, 0x00, 0x23, 0x00, 0x23, 0x00, 0x23, 0x00,
    0x23, 0x00, 0x23, 0x00, 0x23, 0x00, 0x23, 0x00, 0x23, 0x00, 0x23, 0x00, 0x23, 0x00, 0x23, 0x00,
    0x23, 0x00, 0x23, 0x00, 0x23, 0x00, 0x23, 0x00, 0x23, 0x00, 0x23, 0x00, 0x23, 0x00, 0x23, 0x00,
    0x23, 0x00, 0x23, 0x00, 0x23, 0x00, 0x23, 0x00, 0x23, 0x00, 0x23, 0x00, 0x23, 0x00, 0x23, 0x00,
    0x23, 0x00, 0x23, 0x00, 0x23, 0x00, 0x23, 0x00, 0x23, 0x00, 0x23, 0x00, 0x23, 0x00, 0x23, 0x00,
    0x23, 0x00, 0x23, 0x00, 0x23, 0x00, 0x23, 0x00, 0x23, 0x00, 0x23, 0x00, 0x23, 0x00, 0x23, 0x00,
    0x23, 0x00, 0x23, 0x00, 0x23, 0x00, 0x23, 0x00, 0x23, 0x00, 0x23, 0x00, 0x23, 0x00, 0x23, 0x00,
    0x23, 0x00, 0x23, 0x00, 0x23, 0x00, 0x23, 0x00, 0x23, 0x00, 0x23, 0x00, 0x23, 0x00, 0x23, 0x00,
    0x23, 0x00, 0x23, 0x00, 0x23, 0x00, 0x23, 0x00, 0x23, 0x00, 0x23, 0x00, 0x23, 0x00, 0x23, 0x00,
    0x23, 0x00, 0x23, 0x00, 0x23, 0x00, 0x23, 0x00, 0x23, 0x00, 0x23, 0x00, 0x23, 0x00, 0x23, 0x00,
    0x23, 0x00, 0x23, 0x00, 0x23, 0x00, 0x23, 0x00, 0x23, 0x00, 0x23, 0x00, 0x23, 0x00, 0x23, 0x00,
    0x23, 0x00, 0x23, 0x00, 0x23, 0x00, 0x23, 0x00, 0x23, 0x00, 0x23, 0x00, 0x23, 0x00, 0x23, 0x00,
    0x23, 0x00, 0x23, 0x00, 0x23, 0x00, 0x23, 0x00, 0x23, 0x00, 0x23, 0x00, 0x23, 0x00, 0x23, 0x00,
    0x23, 0x00, 0x23, 0x00, 0x23, 0x00, 0x23, 0x00, 0x23, 0x00, 0x23, 0x00, 0x23, 0x00, 0x23, 0x00,
    0x23, 0x00, 0x23, 0x00, 0x23, 0x00, 0x23, 0x00, 0xe8, 0x00, 0x8a, 0x00, 0x23, 0x00, 0x23, 0x00,
    0x23, 0x00, 0x51, 0x01, 0x51, 0x01, 0x00, 0x00, 0x00, 0x00, 0x00, 0x00, 0x00, 0x00, 0x00, 0x00,
    0x00, 0x00, 0x8a, 0x00, 0xe8, 0x00, 0x00, 0x00, 0xe8, 0x00, 0xb5, 0x01, 0x51, 0x01, 0x00, 0x00,
    0x46, 0x00, 0x0c, 0x01, 0x23, 0x00, 0x00, 0x00, 0x00, 0x00, 0x00, 0x00, 0x00, 0x00, 0x00, 0x00,
    0x00, 0x00, 0x00, 0x00, 0x00, 0x00, 0x00, 0x00, 0x00, 0x00, 0x00, 0x00, 0x00, 0x00, 0x51, 0x01,
    0xef, 0x00, 0x23, 0x00, 0x23, 0x00, 0x23, 0x00, 0x46, 0x00, 0x8a, 0x00, 0x23, 0x00, 0x23, 0x00,
    0x23, 0x00, 0x23, 0x00, 0x23, 0x00, 0x23, 0x00, 0x23, 0x00, 0x23, 0x00, 0x23, 0x00, 0x23, 0x00,
    0x23, 0x00, 0x23, 0x00, 0x23, 0x00, 0x23, 0x00, 0x23, 0x00, 0x23, 0x00, 0x23, 0x00, 0x23, 0x00,
    0x23, 0x00, 0x23, 0x00, 0x23, 0x00, 0x23, 0x00, 0x23, 0x00, 0x23, 0x00, 0x23, 0x00, 0x23, 0x00,
    0x23, 0x00, 0x23, 0x00, 0x23, 0x00, 0x23, 0x00, 0x23, 0x00, 0x23, 0x00, 0x23, 0x00, 0x23, 0x00,
    0x23, 0x00, 0x23, 0x00, 0x23, 0x00, 0x23, 0x00, 0x23, 0x00, 0x23, 0x00, 0x23, 0x00, 0x23, 0x00,
    0x23, 0x00, 0x23, 0x00, 0x23, 0x00, 0x23, 0x00, 0x23, 0x00, 0x23, 0x00, 0x23, 0x00, 0x23, 0x00,
    0x23, 0x00, 0x23, 0x00, 0x23, 0x00, 0x23, 0x00, 0x23, 0x00, 0x23, 0x00, 0x23, 0x00, 0x23, 0x00,
    0x23, 0x00, 0x23, 0x00, 0x23, 0x00, 0x23, 0x00, 0x23, 0x00, 0x23, 0x00, 0x23, 0x00, 0x23, 0x00,
    0x23, 0x00, 0x23, 0x00, 0x23, 0x00, 0x23, 0x00, 0x23, 0x00, 0x23, 0x00, 0x23, 0x00, 0x23, 0x00,
    0x23, 0x00, 0x23, 0x00, 0x23, 0x00, 0x23, 0x00, 0x23, 0x00, 0x23, 0x00, 0x23, 0x00, 0x23, 0x00,
    0x23, 0x00, 0x23, 0x00, 0x23, 0x00, 0x23, 0x00, 0x23, 0x00, 0x23, 0x00, 0x23, 0x00, 0x23, 0x00,
    0x23, 0x00, 0x23, 0x00, 0x23, 0x00, 0x23, 0x00, 0x23, 0x00, 0x23, 0x00, 0x23, 0x00, 0x23, 0x00,
    0x23, 0x00, 0x23, 0x00, 0x23, 0x00, 0x23, 0x00, 0x23, 0x00, 0x23, 0x00, 0x23, 0x00, 0x23, 0x00,
    0x23, 0x00, 0x23, 0x00, 0x23, 0x00, 0x23, 0x00, 0x23, 0x00, 0x23, 0x00, 0x23, 0x00, 0x23, 0x00,
    0x23, 0x00, 0x23, 0x00, 0x23, 0x00, 0x23, 0x00, 0x23, 0x00, 0x23, 0x00, 0x23, 0x00, 0x23, 0x00,
    0x23, 0x00, 0x23, 0x00, 0x23, 0x00, 0x23, 0x00, 0x23, 0x00, 0x23, 0x00, 0x23, 0x00, 0x23, 0x00,
    0x23, 0x00, 0x23, 0x00, 0x23, 0x00, 0x23, 0x00, 0x23, 0x00, 0x23, 0x00, 0x23, 0x00, 0x23, 0x00,
    0x23, 0x00, 0x23, 0x00, 0x23, 0x00, 0x23, 0x00, 0x23, 0x00, 0x23, 0x00, 0x23, 0x00, 0x23, 0x00,
    0x23, 0x00, 0x23, 0x00, 0x23, 0x00, 0x23, 0x00, 0x23, 0x00, 0x23, 0x00, 0x23, 0x00, 0x23, 0x00,
    0x23, 0x00, 0x23, 0x00, 0x23, 0x00, 0x23, 0x00, 0x23, 0x00, 0x23, 0x00, 0x23, 0x00, 0x23, 0x00,
    0x23, 0x00, 0x23, 0x00, 0x23, 0x00, 0x23, 0x00, 0x23, 0x00, 0x23, 0x00, 0x23, 0x00, 0x23, 0x00,
    0x23, 0x00, 0x23, 0x00, 0x23, 0x00, 0x23, 0x00, 0x23, 0x00, 0x23, 0x00, 0x23, 0x00, 0x23, 0x00,
    0x23, 0x00, 0x23, 0x00, 0x23, 0x00, 0x23, 0x00, 0x23, 0x00, 0x23, 0x00, 0x23, 0x00, 0x23, 0x00,
    0x23, 0x00, 0x23, 0x00, 0x23, 0x00, 0x23, 0x00, 0x23, 0x00, 0x23, 0x00, 0x23, 0x00, 0x23, 0x00,
    0x23, 0x00, 0x23, 0x00, 0x23, 0x00, 0x23, 0x00, 0x8a, 0x00, 0x8a, 0x00, 0x23, 0x00, 0x23, 0x00,
    0x23, 0x00, 0x51, 0x01, 0x51, 0x01, 0x00, 0x00, 0x00, 0x00, 0x00, 0x00, 0x00, 0x00, 0x00, 0x00,
    0x00, 0x00, 0x8a, 0x00, 0xe8, 0x00, 0x00, 0x00, 0x23, 0x00, 0xe8, 0x00, 0x46, 0x00, 0x00, 0x00,
    0x46, 0x00, 0x0c, 0x01, 0x23, 0x00, 0x00, 0x00, 0x00, 0x00, 0x00, 0x00, 0x00, 0x00, 0x00, 0x00,
    0x00, 0x00, 0x00, 0x00, 0x00, 0x00, 0x00, 0x00, 0x00, 0x00, 0x00, 0x00, 0x00, 0x00, 0x51, 0x01,
    0xef, 0x00, 0x23, 0x00, 0x23, 0x00, 0x23, 0x00, 0x46, 0x00, 0x8a, 0x00, 0x23, 0x00, 0x23, 0x00,
    0x23, 0x00, 0x23, 0x00, 0x23, 0x00, 0x23, 0x00, 0x23, 0x00, 0x23, 0x00, 0x23, 0x00, 0x23, 0x00,
    0x23, 0x00, 0x23, 0x00, 0x23, 0x00, 0x23, 0x00, 0x23, 0x00, 0x23, 0x00, 0x23, 0x00, 0x23, 0x00,
    0x23, 0x00, 0x23, 0x00, 0x23, 0x00, 0x23, 0x00, 0x23, 0x00, 0x23, 0x00, 0x23, 0x00, 0x23, 0x00,
    0x23, 0x00, 0x23, 0x00, 0x23, 0x00, 0x23, 0x00, 0x23, 0x00, 0x23, 0x00, 0x23, 0x00, 0x23, 0x00,
    0x23, 0x00, 0x23, 0x00, 0x23, 0x00, 0x23, 0x00, 0x23, 0x00, 0x23, 0x00, 0x23, 0x00, 0x23, 0x00,
    0x23, 0x00, 0x23, 0x00, 0x23, 0x00, 0x23, 0x00, 0x23, 0x00, 0x23, 0x00, 0x23, 0x00, 0x23, 0x00,
    0x23, 0x00, 0x23, 0x00, 0x23, 0x00, 0x23, 0x00, 0x23, 0x00, 0x23, 0x00, 0x23, 0x00, 0x23, 0x00,
    0x23, 0x00, 0x23, 0x00, 0x23, 0x00, 0x23, 0x00, 0x23, 0x00, 0x23, 0x00, 0x23, 0x00, 0x23, 0x00,
    0x23, 0x00, 0x23, 0x00, 0x23, 0x00, 0x23, 0x00, 0x23, 0x00, 0x23, 0x00, 0x23, 0x00, 0x23, 0x00,
    0x23, 0x00, 0x23, 0x00, 0x23, 0x00, 0x23, 0x00, 0x23, 0x00, 0x23, 0x00, 0x23, 0x00, 0x23, 0x00,
    0x23, 0x00, 0x23, 0x00, 0x23, 0x00, 0x23, 0x00, 0x23, 0x00, 0x23, 0x00, 0x23, 0x00, 0x23, 0x00,
    0x23, 0x00, 0x23, 0x00, 0x23, 0x00, 0x23, 0x00, 0x23, 0x00, 0x23, 0x00, 0x23, 0x00, 0x23, 0x00,
    0x23, 0x00, 0x23, 0x00, 0x23, 0x00, 0x23, 0x00, 0x23, 0x00, 0x23, 0x00, 0x23, 0x00, 0x23, 0x00,
    0x23, 0x00, 0x23, 0x00, 0x23, 0x00, 0x23, 0x00, 0x23, 0x00, 0x23, 0x00, 0x23, 0x00, 0x23, 0x00,
    0x23, 0x00, 0x23, 0x00, 0x23, 0x00, 0x23, 0x00, 0x23, 0x00, 0x23, 0x00, 0x23, 0x00, 0x23, 0x00,
    0x23, 0x00, 0x23, 0x00, 0x23, 0x00, 0x23, 0x00, 0x23, 0x00, 0x23, 0x00, 0x23, 0x00, 0x23, 0x00,
    0x23, 0x00, 0x23, 0x00, 0x23, 0x00, 0x23, 0x00, 0x23, 0x00, 0x23, 0x00, 0x23, 0x00, 0x23, 0x00,
    0x23, 0x00, 0x23, 0x00, 0x23, 0x00, 0x23, 0x00, 0x23, 0x00, 0x23, 0x00, 0x23, 0x00, 0x23, 0x00,
    0x23, 0x00, 0x23, 0x00, 0x23, 0x00, 0x23, 0x00, 0x23, 0x00, 0x23, 0x00, 0x23, 0x00, 0x23, 0x00,
    0x23, 0x00, 0x23, 0x00, 0x23, 0x00, 0x23, 0x00, 0x23, 0x00, 0x23, 0x00, 0x23, 0x00, 0x23, 0x00,
    0x23, 0x00, 0x23, 0x00, 0x23, 0x00, 0x23, 0x00, 0x23, 0x00, 0x23, 0x00, 0x23, 0x00, 0x23, 0x00,
    0x23, 0x00, 0x23, 0x00, 0x23, 0x00, 0x23, 0x00, 0x23, 0x00, 0x23, 0x00, 0x23, 0x00, 0x23, 0x00,
    0x23, 0x00, 0x23, 0x00, 0x23, 0x00, 0x23, 0x00, 0x23, 0x00, 0x23, 0x00, 0x23, 0x00, 0x23, 0x00,
    0x23, 0x00, 0x23, 0x00, 0x23, 0x00, 0x23, 0x00, 0x23, 0x00, 0x23, 0x00, 0x23, 0x00, 0x23, 0x00,
    0x23, 0x00, 0x23, 0x00, 0x23, 0x00, 0x23, 0x00, 0xe8, 0x00, 0xe8, 0x00, 0x23, 0x00, 0x23, 0x00,
    0x23, 0x00, 0x51, 0x01, 0x51, 0x01, 0x00, 0x00, 0x00, 0x00, 0x00, 0x00, 0x00, 0x00, 0x00, 0x00,
    0x00, 0x00, 0x8a, 0x00, 0xe8, 0x00, 0x00, 0x00, 0x00, 0x00, 0x00, 0x00, 0x00, 0x00, 0x00, 0x00,
    0x46, 0x00, 0x0c, 0x01, 0x23, 0x00, 0x00, 0x00, 0x00, 0x00, 0x00, 0x00, 0x00, 0x00, 0x00, 0x00,
    0x00, 0x00, 0x00, 0x00, 0x00, 0x00, 0x00, 0x00, 0x00, 0x00, 0x00, 0x00, 0x00, 0x00, 0x51, 0x01,
    0xef, 0x00, 0x23, 0x00, 0x23, 0x00, 0x23, 0x00, 0x46, 0x00, 0x8a, 0x00, 0x23, 0x00, 0x23, 0x00,
    0x23, 0x00, 0x23, 0x00, 0x23, 0x00, 0x23, 0x00, 0x23, 0x00, 0x23, 0x00, 0x23, 0x00, 0x23, 0x00,
    0x23, 0x00, 0x23, 0x00, 0x23, 0x00, 0x23, 0x00, 0x23, 0x00, 0x23, 0x00, 0x23, 0x00, 0x23, 0x00,
    0x23, 0x00, 0x23, 0x00, 0x23, 0x00, 0x23, 0x00, 0x23, 0x00, 0x23, 0x00, 0x23, 0x00, 0x23, 0x00,
    0x23, 0x00, 0x23, 0x00, 0x23, 0x00, 0x23, 0x00, 0x23, 0x00, 0x23, 0x00, 0x23, 0x00, 0x23, 0x00,
    0x23, 0x00, 0x23, 0x00, 0x23, 0x00, 0x23, 0x00, 0x23, 0x00, 0x23, 0x00, 0x23, 0x00, 0x23, 0x00,
    0x23, 0x00, 0x23, 0x00, 0x23, 0x00, 0x23, 0x00, 0x23, 0x00, 0x23, 0x00, 0x23, 0x00, 0x23, 0x00,
    0x23, 0x00, 0x23, 0x00, 0x23, 0x00, 0x23, 0x00, 0x23, 0x00, 0x23, 0x00, 0x23, 0x00, 0x23, 0x00,
    0x23, 0x00, 0x23, 0x00, 0x23, 0x00, 0x23, 0x00, 0x23, 0x00, 0x23, 0x00, 0x23, 0x00, 0x23, 0x00,
    0x23, 0x00, 0x23, 0x00, 0x23, 0x00, 0x23, 0x00, 0x23, 0x00, 0x23, 0x00, 0x23, 0x00, 0x23, 0x00,
    0x23, 0x00, 0x23, 0x00, 0x23, 0x00, 0x23, 0x00, 0x23, 0x00, 0x23, 0x00, 0x23, 0x00, 0x23, 0x00,
    0x23, 0x00, 0x23, 0x00, 0x23, 0x00, 0x23, 0x00, 0x23, 0x00, 0x23, 0x00, 0x23, 0x00, 0x23, 0x00,
    0x23, 0x00, 0x23, 0x00, 0x23, 0x00, 0x23, 0x00, 0x23, 0x00, 0x23, 0x00, 0x23, 0x00, 0x23, 0x00,
    0x23, 0x00, 0x23, 0x00, 0x23, 0x00, 0x23, 0x00, 0x23, 0x00, 0x23, 0x00, 0x23, 0x00, 0x23, 0x00,
    0x23, 0x00, 0x23, 0x00, 0x23, 0x00, 0x23, 0x00, 0x23, 0x00, 0x23, 0x00, 0x23, 0x00, 0x23, 0x00,
    0x23, 0x00, 0x23, 0x00, 0x23, 0x00, 0x23, 0x00, 0x23, 0x00, 0x23, 0x00, 0x23, 0x00, 0x23, 0x00,
    0x23, 0x00, 0x23, 0x00, 0x23, 0x00, 0x23, 0x00, 0x23, 0x00, 0x23, 0x00, 0x23, 0x00, 0x23, 0x00,
    0x23, 0x00, 0x23, 0x00, 0x23, 0x00, 0x23, 0x00, 0x23, 0x00, 0x23, 0x00, 0x23, 0x00, 0x23, 0x00,
    0x23, 0x00, 0x23, 0x00, 0x23, 0x00, 0x23, 0x00, 0x23, 0x00, 0x23, 0x00, 0x23, 0x00, 0x23, 0x00,
    0x23, 0x00, 0x23, 0x00, 0x23, 0x00, 0x23, 0x00, 0x23, 0x00, 0x23, 0x00, 0x23, 0x00, 0x23, 0x00,
    0x23, 0x00, 0x23, 0x00, 0x23, 0x00, 0x23, 0x00, 0x23, 0x00, 0x23, 0x00, 0x23, 0x00, 0x23, 0x00,
    0x23, 0x00, 0x23, 0x00, 0x23, 0x00, 0x23, 0x00, 0x23, 0x00, 0x23, 0x00, 0x23, 0x00, 0x23, 0x00,
    0x23, 0x00, 0x23, 0x00, 0x23, 0x00, 0x23, 0x00, 0x23, 0x00, 0x23, 0x00, 0x23, 0x00, 0x23, 0x00,
    0x23, 0x00, 0x23, 0x00, 0x23, 0x00, 0x23, 0x00, 0x23, 0x00, 0x23, 0x00, 0x23, 0x00, 0x23, 0x00,
    0x23, 0x00, 0x23, 0x00, 0x23, 0x00, 0x23, 0x00, 0x23, 0x00, 0x23, 0x00, 0x23, 0x00, 0x23, 0x00,
    0x23, 0x00, 0x23, 0x00, 0x23, 0x00, 0x23, 0x00, 0x8a, 0x00, 0x8a, 0x00, 0x23, 0x00, 0x23, 0x00,
    0x23, 0x00, 0x51, 0x01, 0x51, 0x01, 0x00, 0x00, 0x00, 0x00, 0x00, 0x00, 0x00, 0x00, 0x00, 0x00,
    0x00, 0x00, 0x8a, 0x00, 0x8a, 0x00, 0x00, 0x00, 0x00, 0x00, 0x00, 0x00, 0x00, 0x00, 0x00, 0x00,
    0x46, 0x00, 0x0c, 0x01, 0x23, 0x00, 0x00, 0x00, 0x00, 0x00, 0x00, 0x00, 0x00, 0x00, 0x00, 0x00,
    0x00, 0x00, 0x00, 0x00, 0x00, 0x00, 0x00, 0x00, 0x00, 0x00, 0x00, 0x00, 0x00, 0x00, 0x51, 0x01,
    0xef, 0x00, 0x23, 0x00, 0x23, 0x00, 0x23, 0x00, 0x46, 0x00, 0x8a, 0x00, 0x23, 0x00, 0x23, 0x00,
    0x23, 0x00, 0x23, 0x00, 0x23, 0x00, 0x23, 0x00, 0x23, 0x00, 0x23, 0x00, 0x23, 0x00, 0x23, 0x00,
    0x23, 0x00, 0x23, 0x00, 0x23, 0x00, 0x23, 0x00, 0x23, 0x00, 0x23, 0x00, 0x23, 0x00, 0x23, 0x00,
    0x23, 0x00, 0x23, 0x00, 0x23, 0x00, 0x23, 0x00, 0x23, 0x00, 0x23, 0x00, 0x23, 0x00, 0x23, 0x00,
    0x23, 0x00, 0x23, 0x00, 0x23, 0x00, 0x23, 0x00, 0x23, 0x00, 0x23, 0x00, 0x23, 0x00, 0x23, 0x00,
    0x23, 0x00, 0x23, 0x00, 0x23, 0x00, 0x23, 0x00, 0x23, 0x00, 0x23, 0x00, 0x23, 0x00, 0x23, 0x00,
    0x23, 0x00, 0x23, 0x00, 0x23, 0x00, 0x23, 0x00, 0x23, 0x00, 0x23, 0x00, 0x23, 0x00, 0x23, 0x00,
    0x23, 0x00, 0x23, 0x00, 0x23, 0x00, 0x23, 0x00, 0x23, 0x00, 0x23, 0x00, 0x23, 0x00, 0x23, 0x00,
    0x23, 0x00, 0x23, 0x00, 0x23, 0x00, 0x23, 0x00, 0x23, 0x00, 0x23, 0x00, 0x23, 0x00, 0x23, 0x00,
    0x23, 0x00, 0x23, 0x00, 0x23, 0x00, 0x23, 0x00, 0x23, 0x00, 0x23, 0x00, 0x23, 0x00, 0x23, 0x00,
    0x23, 0x00, 0x23, 0x00, 0x23, 0x00, 0x23, 0x00, 0x23, 0x00, 0x23, 0x00, 0x23, 0x00, 0x23, 0x00,
    0x23, 0x00, 0x23, 0x00, 0x23, 0x00, 0x23, 0x00, 0x23, 0x00, 0x23, 0x00, 0x23, 0x00, 0x23, 0x00,
    0x23, 0x00, 0x23, 0x00, 0x23, 0x00, 0x23, 0x00, 0x23, 0x00, 0x23, 0x00, 0x23, 0x00, 0x23, 0x00,
    0x23, 0x00, 0x23, 0x00, 0x23, 0x00, 0x23, 0x00, 0x23, 0x00, 0x23, 0x00, 0x23, 0x00, 0x23, 0x00,
    0x23, 0x00, 0x23, 0x00, 0x23, 0x00, 0x23, 0x00, 0x23, 0x00, 0x23, 0x00, 0x23, 0x00, 0x23, 0x00,
    0x23, 0x00, 0x23, 0x00, 0x23, 0x00, 0x23, 0x00, 0x23, 0x00, 0x23, 0x00, 0x23, 0x00, 0x23, 0x00,
    0x23, 0x00, 0x23, 0x00, 0x23, 0x00, 0x23, 0x00, 0x23, 0x00, 0x23, 0x00, 0x23, 0x00, 0x23, 0x00,
    0x23, 0x00, 0x23, 0x00, 0x23, 0x00, 0x23, 0x00, 0x23, 0x00, 0x23, 0x00, 0x23, 0x00, 0x23, 0x00,
    0x23, 0x00, 0x23, 0x00, 0x23, 0x00, 0x23, 0x00, 0x23, 0x00, 0x23, 0x00, 0x23, 0x00, 0x23, 0x00,
    0x23, 0x00, 0x23, 0x00, 0x23, 0x00, 0x23, 0x00, 0x23, 0x00, 0x23, 0x00, 0x23, 0x00, 0x23, 0x00,
    0x23, 0x00, 0x23, 0x00, 0x23, 0x00, 0x23, 0x00, 0x23, 0x00, 0x23, 0x00, 0x23, 0x00, 0x23, 0x00,
    0x23, 0x00, 0x23, 0x00, 0x23, 0x00, 0x23, 0x00, 0x23, 0x00, 0x23, 0x00, 0x23, 0x00, 0x23, 0x00,
    0x23, 0x00, 0x23, 0x00, 0x23, 0x00, 0x23, 0x00, 0x23, 0x00, 0x23, 0x00, 0x23, 0x00, 0x23, 0x00,
    0x23, 0x00, 0x23, 0x00, 0x23, 0x00, 0x23, 0x00, 0x23, 0x00, 0x23, 0x00, 0x23, 0x00, 0x23, 0x00,
    0x23, 0x00, 0x23, 0x00, 0x23, 0x00, 0x23, 0x00, 0x23, 0x00, 0x23, 0x00, 0x23, 0x00, 0x23, 0x00,
    0x23, 0x00, 0x23, 0x00, 0x23, 0x00, 0x23, 0x00, 0xe8, 0x00, 0xe8, 0x00, 0x23, 0x00, 0x23, 0x00,
    0x23, 0x00, 0x51, 0x01, 0x51, 0x01, 0x00, 0x00, 0x00, 0x00, 0x00, 0x00, 0x00, 0x00, 0x00, 0x00,
    0x00, 0x00, 0x8a, 0x00, 0xe8, 0x00, 0x00, 0x00, 0x23, 0x00, 0x0c, 0x01, 0xe8, 0x00, 0x00, 0x00,
    0x46, 0x00, 0x0c, 0x01, 0x23, 0x00, 0x00, 0x00, 0x00, 0x00, 0x00, 0x00, 0x00, 0x00, 0x00, 0x00,
    0x00, 0x00, 0x00, 0x00, 0x00, 0x00, 0x00, 0x00, 0x00, 0x00, 0x00, 0x00, 0x00, 0x00, 0x51, 0x01,
    0xef, 0x00, 0x23, 0x00, 0x23, 0x00, 0x23, 0x00, 0x46, 0x00, 0x8a, 0x00, 0x23, 0x00, 0x23, 0x00,
    0x23, 0x00, 0x23, 0x00, 0x23, 0x00, 0x23, 0x00, 0x23, 0x00, 0x23, 0x00, 0x23, 0x00, 0x23, 0x00,
    0x23, 0x00, 0x23, 0x00, 0x23, 0x00, 0x23, 0x00, 0x23, 0x00, 0x23, 0x00, 0x23, 0x00, 0x23, 0x00,
    0x23, 0x00, 0x23, 0x00, 0x23, 0x00, 0x23, 0x00, 0x23, 0x00, 0x23, 0x00, 0x23, 0x00, 0x23, 0x00,
    0x23, 0x00, 0x23, 0x00, 0x23, 0x00, 0x23, 0x00, 0x23, 0x00, 0x23, 0x00, 0x23, 0x00, 0x23, 0x00,
    0x23, 0x00, 0x23, 0x00, 0x23, 0x00, 0x23, 0x00, 0x23, 0x00, 0x23, 0x00, 0x23, 0x00, 0x23, 0x00,
    0x23, 0x00, 0x23, 0x00, 0x23, 0x00, 0x23, 0x00, 0x23, 0x00, 0x23, 0x00, 0x23, 0x00, 0x23, 0x00,
    0x23, 0x00, 0x23, 0x00, 0x23, 0x00, 0x23, 0x00, 0x23, 0x00, 0x23, 0x00, 0x23, 0x00, 0x23, 0x00,
    0x23, 0x00, 0x23, 0x00, 0x23, 0x00, 0x23, 0x00, 0x23, 0x00, 0x23, 0x00, 0x23, 0x00, 0x23, 0x00,
    0x23, 0x00, 0x23, 0x00, 0x23, 0x00, 0x23, 0x00, 0x23, 0x00, 0x23, 0x00, 0x23, 0x00, 0x23, 0x00,
    0x23, 0x00, 0x23, 0x00, 0x23, 0x00, 0x23, 0x00, 0x23, 0x00, 0x23, 0x00, 0x23, 0x00, 0x23, 0x00,
    0x23, 0x00, 0x23, 0x00, 0x23, 0x00, 0x23, 0x00, 0x23, 0x00, 0x23, 0x00, 0x23, 0x00, 0x23, 0x00,
    0x23, 0x00, 0x23, 0x00, 0x23, 0x00, 0x23, 0x00, 0x23, 0x00, 0x23, 0x00, 0x23, 0x00, 0x23, 0x00,
    0x23, 0x00, 0x23, 0x00, 0x23, 0x00, 0x23, 0x00, 0x23, 0x00, 0x23, 0x00, 0x23, 0x00, 0x23, 0x00,
    0x23, 0x00, 0x23, 0x00, 0x23, 0x00, 0x23, 0x00, 0x23, 0x00, 0x23, 0x00, 0x23, 0x00, 0x23, 0x00,
    0x23, 0x00, 0x23, 0x00, 0x23, 0x00, 0x23, 0x00, 0x23, 0x00, 0x23, 0x00, 0x23, 0x00, 0x23, 0x00,
    0x23, 0x00, 0x23, 0x00, 0x23, 0x00, 0x23, 0x00, 0x23, 0x00, 0x23, 0x00, 0x23, 0x00, 0x23, 0x00,
    0x23, 0x00, 0x23, 0x00, 0x23, 0x00, 0x23, 0x00, 0x23, 0x00, 0x23, 0x00, 0x23, 0x00, 0x23, 0x00,
    0x23, 0x00, 0x23, 0x00, 0x23, 0x00, 0x23, 0x00, 0x23, 0x00, 0x23, 0x00, 0x23, 0x00, 0x23, 0x00,
    0x23, 0x00, 0x23, 0x00, 0x23, 0x00, 0x23, 0x00, 0x23, 0x00, 0x23, 0x00, 0x23, 0x00, 0x23, 0x00,
    0x23, 0x00, 0x23, 0x00, 0x23, 0x00, 0x23, 0x00, 0x23, 0x00, 0x23, 0x00, 0x23, 0x00, 0x23, 0x00,
    0x23, 0x00, 0x23, 0x00, 0x23, 0x00, 0x23, 0x00, 0x23, 0x00, 0x23, 0x00, 0x23, 0x00, 0x23, 0x00,
    0x23, 0x00, 0x23, 0x00, 0x23, 0x00, 0x23, 0x00, 0x23, 0x00, 0x23, 0x00, 0x23, 0x00, 0x23, 0x00,
    0x23, 0x00, 0x23, 0x00, 0x23, 0x00, 0x23, 0x00, 0x23, 0x00, 0x23, 0x00, 0x23, 0x00, 0x23, 0x00,
    0x23, 0x00, 0x23, 0x00, 0x23, 0x00, 0x23, 0x00, 0x23, 0x00, 0x23, 0x00, 0x23, 0x00, 0x23, 0x00,
    0x23, 0x00, 0x23, 0x00, 0x23, 0x00, 0x23, 0x00, 0x8a, 0x00, 0x8a, 0x00, 0x23, 0x00, 0x23, 0x00,
    0x23, 0x00, 0x51, 0x01, 0x51, 0x01, 0x00, 0x00, 0x00, 0x00, 0x00, 0x00, 0x00, 0x00, 0x00, 0x00,
    0x00, 0x00, 0x8a, 0x00, 0xe8, 0x00, 0x00, 0x00, 0x46, 0x00, 0x57, 0x01, 0x33, 0x01, 0x00, 0x00,
    0x46, 0x00, 0x0c, 0x01, 0x23, 0x00, 0x00, 0x00, 0x00, 0x00, 0x00, 0x00, 0x00, 0x00, 0x00, 0x00,
    0x00, 0x00, 0x00, 0x00, 0x00, 0x00, 0x00, 0x00, 0x00, 0x00, 0x00, 0x00, 0x00, 0x00, 0x51, 0x01,
    0xef, 0x00, 0x23, 0x00, 0x23, 0x00, 0x23, 0x00, 0x46, 0x00, 0x8a, 0x00, 0x23, 0x00, 0x23, 0x00,
    0x23, 0x00, 0x23, 0x00, 0x23, 0x00, 0x23, 0x00, 0x23, 0x00, 0x23, 0x00, 0x23, 0x00, 0x23, 0x00,
    0x23, 0x00, 0x23, 0x00, 0x23, 0x00, 0x23, 0x00, 0x23, 0x00, 0x23, 0x00, 0x23, 0x00, 0x23, 0x00,
    0x23, 0x00, 0x23, 0x00, 0x23, 0x00, 0x23, 0x00, 0x23, 0x00, 0x23, 0x00, 0x23, 0x00, 0x23, 0x00,
    0x23, 0x00, 0x23, 0x00, 0x23, 0x00, 0x23, 0x00, 0x23, 0x00, 0x23, 0x00, 0x23, 0x00, 0x23, 0x00,
    0x23, 0x00, 0x23, 0x00, 0x23, 0x00, 0x23, 0x00, 0x23, 0x00, 0x23, 0x00, 0x23, 0x00, 0x23, 0x00,
    0x23, 0x00, 0x23, 0x00, 0x23, 0x00, 0x23, 0x00, 0x23, 0x00, 0x23, 0x00, 0x23, 0x00, 0x23, 0x00,
    0x23, 0x00, 0x23, 0x00, 0x23, 0x00, 0x23, 0x00, 0x23, 0x00, 0x23, 0x00, 0x23, 0x00, 0x23, 0x00,
    0x23, 0x00, 0x23, 0x00, 0x23, 0x00, 0x23, 0x00, 0x23, 0x00, 0x23, 0x00, 0x23, 0x00, 0x23, 0x00,
    0x23, 0x00, 0x23, 0x00, 0x23, 0x00, 0x23, 0x00, 0x23, 0x00, 0x23, 0x00, 0x23, 0x00, 0x23, 0x00,
    0x23, 0x00, 0x23, 0x00, 0x23, 0x00, 0x23, 0x00, 0x23, 0x00, 0x23, 0x00, 0x23, 0x00, 0x23, 0x00,
    0x23, 0x00, 0x23, 0x00, 0x23, 0x00, 0x23, 0x00, 0x23, 0x00, 0x23, 0x00, 0x23, 0x00, 0x23, 0x00,
    0x23, 0x00, 0x23, 0x00, 0x23, 0x00, 0x23, 0x00, 0x23, 0x00, 0x23, 0x00, 0x23, 0x00, 0x23, 0x00,
    0x23, 0x00, 0x23, 0x00, 0x23, 0x00, 0x23, 0x00, 0x23, 0x00, 0x23, 0x00, 0x23, 0x00, 0x23, 0x00,
    0x23, 0x00, 0x23, 0x00, 0x23, 0x00, 0x23, 0x00, 0x23, 0x00, 0x23, 0x00, 0x23, 0x00, 0x23, 0x00,
    0x23, 0x00, 0x23, 0x00, 0x23, 0x00, 0x23, 0x00, 0x23, 0x00, 0x23, 0x00, 0x23, 0x00, 0x23, 0x00,
    0x23, 0x00, 0x23, 0x00, 0x23, 0x00, 0x23, 0x00, 0x23, 0x00, 0x23, 0x00, 0x23, 0x00, 0x23, 0x00,
    0x23, 0x00, 0x23, 0x00, 0x23, 0x00, 0x23, 0x00, 0x23, 0x00, 0x23, 0x00, 0x23, 0x00, 0x23, 0x00,
    0x23, 0x00, 0x23, 0x00, 0x23, 0x00, 0x23, 0x00, 0x23, 0x00, 0x23, 0x00, 0x23, 0x00, 0x23, 0x00,
    0x23, 0x00, 0x23, 0x00, 0x23, 0x00, 0x23, 0x00, 0x23, 0x00, 0x23, 0x00, 0x23, 0x00, 0x23, 0x00,
    0x23, 0x00, 0x23, 0x00, 0x23, 0x00, 0x23, 0x00, 0x23, 0x00, 0x23, 0x00, 0x23, 0x00, 0x23, 0x00,
    0x23, 0x00, 0x23, 0x00, 0x23, 0x00, 0x23, 0x00, 0x23, 0x00, 0x23, 0x00, 0x23, 0x00, 0x23, 0x00,
    0x23, 0x00, 0x23, 0x00, 0x23, 0x00, 0x23, 0x00, 0x23, 0x00, 0x23, 0x00, 0x23, 0x00, 0x23, 0x00,
    0x23, 0x00, 0x23, 0x00, 0x23, 0x00, 0x23, 0x00, 0x23, 0x00, 0x23, 0x00, 0x23, 0x00, 0x23, 0x00,
    0x23, 0x00, 0x23, 0x00, 0x23, 0x00, 0x23, 0x00, 0x23, 0x00, 0x23, 0x00, 0x23, 0x00, 0x23, 0x00,
    0x23, 0x00, 0x23, 0x00, 0x23, 0x00, 0x23, 0x00, 0xe8, 0x00, 0xe8, 0x00, 0x23, 0x00, 0x23, 0x00,
    0x23, 0x00, 0x51, 0x01, 0x51, 0x01, 0x00, 0x00, 0x00, 0x00, 0x00, 0x00, 0x00, 0x00, 0x00, 0x00,
    0x00, 0x00, 0x8a, 0x00, 0xe8, 0x00, 0x00, 0x00, 0x46, 0x00, 0x57, 0x01, 0x33, 0x01, 0x00, 0x00,
    0x46, 0x00, 0x0c, 0x01, 0x23, 0x00, 0x00, 0x00, 0x00, 0x00, 0x00, 0x00, 0x00, 0x00, 0x00, 0x00,
    0x00, 0x00, 0x00, 0x00, 0x00, 0x00, 0x00, 0x00, 0x00, 0x00, 0x00, 0x00, 0x00, 0x00, 0x51, 0x01,
    0xef, 0x00, 0x23, 0x00, 0x23, 0x00, 0x23, 0x00, 0x46, 0x00, 0x8a, 0x00, 0x23, 0x00, 0x23, 0x00,
    0x23, 0x00, 0x23, 0x00, 0x23, 0x00, 0x23, 0x00, 0x23, 0x00, 0x23, 0x00, 0x23, 0x00, 0x23, 0x00,
    0x23, 0x00, 0x23, 0x00, 0x23, 0x00, 0x23, 0x00, 0x23, 0x00, 0x23, 0x00, 0x23, 0x00, 0x23, 0x00,
    0x23, 0x00, 0x23, 0x00, 0x23, 0x00, 0x23, 0x00, 0x23, 0x00, 0x23, 0x00, 0x23, 0x00, 0x23, 0x00,
    0x23, 0x00, 0x23, 0x00, 0x23, 0x00, 0x23, 0x00, 0x23, 0x00, 0x23, 0x00, 0x23, 0x00, 0x23, 0x00,
    0x23, 0x00, 0x23, 0x00, 0x23, 0x00, 0x23, 0x00, 0x23, 0x00, 0x23, 0x00, 0x23, 0x00, 0x23, 0x00,
    0x23, 0x00, 0x23, 0x00, 0x23, 0x00, 0x23, 0x00, 0x23, 0x00, 0x23, 0x00, 0x23, 0x00, 0x23, 0x00,
    0x23, 0x00, 0x23, 0x00, 0x23, 0x00, 0x23, 0x00, 0x23, 0x00, 0x23, 0x00, 0x23, 0x00, 0x23, 0x00,
    0x23, 0x00, 0x23, 0x00, 0x23, 0x00, 0x23, 0x00, 0x23, 0x00, 0x23, 0x00, 0x23, 0x00, 0x23, 0x00,
    0x23, 0x00, 0x23, 0x00, 0x23, 0x00, 0x23, 0x00, 0x23, 0x00, 0x23, 0x00, 0x23, 0x00, 0x23, 0x00,
    0x23, 0x00, 0x23, 0x00, 0x23, 0x00, 0x23, 0x00, 0x23, 0x00, 0x23, 0x00, 0x23, 0x00, 0x23, 0x00,
    0x23, 0x00, 0x23, 0x00, 0x23, 0x00, 0x23, 0x00, 0x23, 0x00, 0x23, 0x00, 0x23, 0x00, 0x23, 0x00,
    0x23, 0x00, 0x23, 0x00, 0x23, 0x00, 0x23, 0x00, 0x23, 0x00, 0x23, 0x00, 0x23, 0x00, 0x23, 0x00,
    0x23, 0x00, 0x23, 0x00, 0x23, 0x00, 0x23, 0x00, 0x23, 0x00, 0x23, 0x00, 0x23, 0x00, 0x23, 0x00,
    0x23, 0x00, 0x23, 0x00, 0x23, 0x00, 0x23, 0x00, 0x23, 0x00, 0x23, 0x00, 0x23, 0x00, 0x23, 0x00,
    0x23, 0x00, 0x23, 0x00, 0x23, 0x00, 0x23, 0x00, 0x23, 0x00, 0x23, 0x00, 0x23, 0x00, 0x23, 0x00,
    0x23, 0x00, 0x23, 0x00, 0x23, 0x00, 0x23, 0x00, 0x23, 0x00, 0x23, 0x00, 0x23, 0x00, 0x23, 0x00,
    0x23, 0x00, 0x23, 0x00, 0x23, 0x00, 0x23, 0x00, 0x23, 0x00, 0x23, 0x00, 0x23, 0x00, 0x23, 0x00,
    0x23, 0x00, 0x23, 0x00, 0x23, 0x00, 0x23, 0x00, 0x23, 0x00, 0x23, 0x00, 0x23, 0x00, 0x23, 0x00,
    0x23, 0x00, 0x23, 0x00, 0x23, 0x00, 0x23, 0x00, 0x23, 0x00, 0x23, 0x00, 0x23, 0x00, 0x23, 0x00,
    0x23, 0x00, 0x23, 0x00, 0x23, 0x00, 0x23, 0x00, 0x23, 0x00, 0x23, 0x00, 0x23, 0x00, 0x23, 0x00,
    0x23, 0x00, 0x23, 0x00, 0x23, 0x00, 0x23, 0x00, 0x23, 0x00, 0x23, 0x00, 0x23, 0x00, 0x23, 0x00,
    0x23, 0x00, 0x23, 0x00, 0x23, 0x00, 0x23, 0x00, 0x23, 0x00, 0x23, 0x00, 0x23, 0x00, 0x23, 0x00,
    0x23, 0x00, 0x23, 0x00, 0x23, 0x00, 0x23, 0x00, 0x23, 0x00, 0x23, 0x00, 0x23, 0x00, 0x23, 0x00,
    0x23, 0x00, 0x23, 0x00, 0x23, 0x00, 0x23, 0x00, 0x23, 0x00, 0x23, 0x00, 0x23, 0x00, 0x23, 0x00,
    0x23, 0x00, 0x23, 0x00, 0x23, 0x00, 0x23, 0x00, 0xe8, 0x00, 0xe8, 0x00, 0x23, 0x00, 0x23, 0x00,
    0x23, 0x00, 0x51, 0x01, 0x51, 0x01, 0x00, 0x00, 0x00, 0x00, 0x00, 0x00, 0x00, 0x00, 0x00, 0x00,
    0x00, 0x00, 0x8a, 0x00, 0xe8, 0x00, 0x00, 0x00, 0xe8, 0x00, 0x19, 0x02, 0x51, 0x01, 0x00, 0x00,
    0x46, 0x00, 0x0c, 0x01, 0x23, 0x00, 0x00, 0x00, 0x00, 0x00, 0x00, 0x00, 0x00, 0x00, 0x00, 0x00,
    0x00, 0x00, 0x00, 0x00, 0x00, 0x00, 0x00, 0x00, 0x00, 0x00, 0x00, 0x00, 0x00, 0x00, 0x51, 0x01,
    0xef, 0x00, 0x23, 0x00, 0x23, 0x00, 0x23, 0x00, 0x46, 0x00, 0x8a, 0x00, 0x23, 0x00, 0x23, 0x00,
    0x23, 0x00, 0x23, 0x00, 0x23, 0x00, 0x23, 0x00, 0x23, 0x00, 0x23, 0x00, 0x23, 0x00, 0x23, 0x00,
    0x23, 0x00, 0x23, 0x00, 0x23, 0x00, 0x23, 0x00, 0x23, 0x00, 0x23, 0x00, 0x23, 0x00, 0x23, 0x00,
    0x23, 0x00, 0x23, 0x00, 0x23, 0x00, 0x23, 0x00, 0x23, 0x00, 0x23, 0x00, 0x23, 0x00, 0x23, 0x00,
    0x23, 0x00, 0x23, 0x00, 0x23, 0x00, 0x23, 0x00, 0x23, 0x00, 0x23, 0x00, 0x23, 0x00, 0x23, 0x00,
    0x23, 0x00, 0x23, 0x00, 0x23, 0x00, 0x23, 0x00, 0x23, 0x00, 0x23, 0x00, 0x23, 0x00, 0x23, 0x00,
    0x23, 0x00, 0x23, 0x00, 0x23, 0x00, 0x23, 0x00, 0x23, 0x00, 0x23, 0x00, 0x23, 0x00, 0x23, 0x00,
    0x23, 0x00, 0x23, 0x00, 0x23, 0x00, 0x23, 0x00, 0x23, 0x00, 0x23, 0x00, 0x23, 0x00, 0x23, 0x00,
    0x23, 0x00, 0x23, 0x00, 0x23, 0x00, 0x23, 0x00, 0x23, 0x00, 0x23, 0x00, 0x23, 0x00, 0x23, 0x00,
    0x23, 0x00, 0x23, 0x00, 0x23, 0x00, 0x23, 0x00, 0x23, 0x00, 0x23, 0x00, 0x23, 0x00, 0x23, 0x00,
    0x23, 0x00, 0x23, 0x00, 0x23, 0x00, 0x23, 0x00, 0x23, 0x00, 0x23, 0x00, 0x23, 0x00, 0x23, 0x00,
    0x23, 0x00, 0x23, 0x00, 0x23, 0x00, 0x23, 0x00, 0x23, 0x00, 0x23, 0x00, 0x23, 0x00, 0x23, 0x00,
    0x23, 0x00, 0x23, 0x00, 0x23, 0x00, 0x23, 0x00, 0x23, 0x00, 0x23, 0x00, 0x23, 0x00, 0x23, 0x00,
    0x23, 0x00, 0x23, 0x00, 0x23, 0x00, 0x23, 0x00, 0x23, 0x00, 0x23, 0x00, 0x23, 0x00, 0x23, 0x00,
    0x23, 0x00, 0x23, 0x00, 0x23, 0x00, 0x23, 0x00, 0x23, 0x00, 0x23, 0x00, 0x23, 0x00, 0x23, 0x00,
    0x23, 0x00, 0x23, 0x00, 0x23, 0x00, 0x23, 0x00, 0x23, 0x00, 0x23, 0x00, 0x23, 0x00, 0x23, 0x00,
    0x23, 0x00, 0x23, 0x00, 0x23, 0x00, 0x23, 0x00, 0x23, 0x00, 0x23, 0x00, 0x23, 0x00, 0x23, 0x00,
    0x23, 0x00, 0x23, 0x00, 0x23, 0x00, 0x23, 0x00, 0x23, 0x00, 0x23, 0x00, 0x23, 0x00, 0x23, 0x00,
    0x23, 0x00, 0x23, 0x00, 0x23, 0x00, 0x23, 0x00, 0x23, 0x00, 0x23, 0x00, 0x23, 0x00, 0x23, 0x00,
    0x23, 0x00, 0x23, 0x00, 0x23, 0x00, 0x23, 0x00, 0x23, 0x00, 0x23, 0x00, 0x23, 0x00, 0x23, 0x00,
    0x23, 0x00, 0x23, 0x00, 0x23, 0x00, 0x23, 0x00, 0x23, 0x00, 0x23, 0x00, 0x23, 0x00, 0x23, 0x00,
    0x23, 0x00, 0x23, 0x00, 0x23, 0x00, 0x23, 0x00, 0x23, 0x00, 0x23, 0x00, 0x23, 0x00, 0x23, 0x00,
    0x23, 0x00, 0x23, 0x00, 0x23, 0x00, 0x23, 0x00, 0x23, 0x00, 0x23, 0x00, 0x23, 0x00, 0x23, 0x00,
    0x23, 0x00, 0x23, 0x00, 0x23, 0x00, 0x23, 0x00, 0x23, 0x00, 0x23, 0x00, 0x23, 0x00, 0x23, 0x00,
    0x23, 0x00, 0x23, 0x00, 0x23, 0x00, 0x23, 0x00, 0x23, 0x00, 0x23, 0x00, 0x23, 0x00, 0x23, 0x00,
    0x23, 0x00, 0x23, 0x00, 0x23, 0x00, 0x23, 0x00, 0xe8, 0x00, 0x8a, 0x00, 0x23, 0x00, 0x23, 0x00,
    0x23, 0x00, 0x51, 0x01, 0x51, 0x01, 0x00, 0x00, 0x00, 0x00, 0x00, 0x00, 0x00, 0x00, 0x00, 0x00,
    0x00, 0x00, 0x8a, 0x00, 0xe8, 0x00, 0x00, 0x00, 0xe8, 0x00, 0x19, 0x02, 0x51, 0x01, 0x00, 0x00,
    0x46, 0x00, 0x0c, 0x01, 0x23, 0x00, 0x00, 0x00, 0x00, 0x00, 0x00, 0x00, 0x00, 0x00, 0x00, 0x00,
    0x00, 0x00, 0x00, 0x00, 0x00, 0x00, 0x00, 0x00, 0x00, 0x00, 0x00, 0x00, 0x00, 0x00, 0x51, 0x01,
    0xef, 0x00, 0x23, 0x00, 0x23, 0x00, 0x23, 0x00, 0x46, 0x00, 0x8a, 0x00, 0x23, 0x00, 0x23, 0x00,
    0x23, 0x00, 0x23, 0x00, 0x23, 0x00, 0x23, 0x00, 0x23, 0x00, 0x23, 0x00, 0x23, 0x00, 0x23, 0x00,
    0x23, 0x00, 0x23, 0x00, 0x23, 0x00, 0x23, 0x00, 0x23, 0x00, 0x23, 0x00, 0x23, 0x00, 0x23, 0x00,
    0x23, 0x00, 0x23, 0x00, 0x23, 0x00, 0x23, 0x00, 0x23, 0x00, 0x23, 0x00, 0x23, 0x00, 0x23, 0x00,
    0x23, 0x00, 0x23, 0x00, 0x23, 0x00, 0x23, 0x00, 0x23, 0x00, 0x23, 0x00, 0x23, 0x00, 0x23, 0x00,
    0x23, 0x00, 0x23, 0x00, 0x23, 0x00, 0x23, 0x00, 0x23, 0x00, 0x23, 0x00, 0x23, 0x00, 0x23, 0x00,
    0x23, 0x00, 0x23, 0x00, 0x23, 0x00, 0x23, 0x00, 0x23, 0x00, 0x23, 0x00, 0x23, 0x00, 0x23, 0x00,
    0x23, 0x00, 0x23, 0x00, 0x23, 0x00, 0x23, 0x00, 0x23, 0x00, 0x23, 0x00, 0x23, 0x00, 0x23, 0x00,
    0x23, 0x00, 0x23, 0x00, 0x23, 0x00, 0x23, 0x00, 0x23, 0x00, 0x23, 0x00, 0x23, 0x00, 0x23, 0x00,
    0x23, 0x00, 0x23, 0x00, 0x23, 0x00, 0x23, 0x00, 0x23, 0x00, 0x23, 0x00, 0x23, 0x00, 0x23, 0x00,
    0x23, 0x00, 0x23, 0x00, 0x23, 0x00, 0x23, 0x00, 0x23, 0x00, 0x23, 0x00, 0x23, 0x00, 0x23, 0x00,
    0x23, 0x00, 0x23, 0x00, 0x23, 0x00, 0x23, 0x00, 0x23, 0x00, 0x23, 0x00, 0x23, 0x00, 0x23, 0x00,
    0x23, 0x00, 0x23, 0x00, 0x23, 0x00, 0x23, 0x00, 0x23, 0x00, 0x23, 0x00, 0x23, 0x00, 0x23, 0x00,
    0x23, 0x00, 0x23, 0x00, 0x23, 0x00, 0x23, 0x00, 0x23, 0x00, 0x23, 0x00, 0x23, 0x00, 0x23, 0x00,
    0x23, 0x00, 0x23, 0x00, 0x23, 0x00, 0x23, 0x00, 0x23, 0x00, 0x23, 0x00, 0x23, 0x00, 0x23, 0x00,
    0x23, 0x00, 0x23, 0x00, 0x23, 0x00, 0x23, 0x00, 0x23, 0x00, 0x23, 0x00, 0x23, 0x00, 0x23, 0x00,
    0x23, 0x00, 0x23, 0x00, 0x23, 0x00, 0x23, 0x00, 0x23, 0x00, 0x23, 0x00, 0x23, 0x00, 0x23, 0x00,
    0x23, 0x00, 0x23, 0x00, 0x23, 0x00, 0x23, 0x00, 0x23, 0x00, 0x23, 0x00, 0x23, 0x00, 0x23, 0x00,
    0x23, 0x00, 0x23, 0x00, 0x23, 0x00, 0x23, 0x00, 0x23, 0x00, 0x23, 0x00, 0x23, 0x00, 0x23, 0x00,
    0x23, 0x00, 0x23, 0x00, 0x23, 0x00, 0x23, 0x00, 0x23, 0x00, 0x23, 0x00, 0x23, 0x00, 0x23, 0x00,
    0x23, 0x00, 0x23, 0x00, 0x23, 0x00, 0x23, 0x00, 0x23, 0x00, 0x23, 0x00, 0x23, 0x00, 0x23, 0x00,
    0x23, 0x00, 0x23, 0x00, 0x23, 0x00, 0x23, 0x00, 0x23, 0x00, 0x23, 0x00, 0x23, 0x00, 0x23, 0x00,
    0x23, 0x00, 0x23, 0x00, 0x23, 0x00, 0x23, 0x00, 0x23, 0x00, 0x23, 0x00, 0x23, 0x00, 0x23, 0x00,
    0x23, 0x00, 0x23, 0x00, 0x23, 0x00, 0x23, 0x00, 0x23, 0x00, 0x23, 0x00, 0x23, 0x00, 0x23, 0x00,
    0x23, 0x00, 0x23, 0x00, 0x23, 0x00, 0x23, 0x00, 0x23, 0x00, 0x23, 0x00, 0x23, 0x00, 0x23, 0x00,
    0x23, 0x00, 0x23, 0x00, 0x23, 0x00, 0x23, 0x00, 0xe8, 0x00, 0xe8, 0x00, 0x23, 0x00, 0x23, 0x00,
    0x23, 0x00, 0x51, 0x01, 0x51, 0x01, 0x00, 0x00, 0x00, 0x00, 0x00, 0x00, 0x00, 0x00, 0x00, 0x00,
    0x00, 0x00, 0x8a, 0x00, 0x8a, 0x00, 0x00, 0x00, 0x46, 0x00, 0x55, 0x02, 0xce, 0x01, 0x00, 0x00,
    0x46, 0x00, 0x0c, 0x01, 0x23, 0x00, 0x00, 0x00, 0x00, 0x00, 0x00, 0x00, 0x00, 0x00, 0x00, 0x00,
    0x00, 0x00, 0x00, 0x00, 0x00, 0x00, 0x00, 0x00, 0x00, 0x00, 0x00, 0x00, 0x00, 0x00, 0x51, 0x01,
    0xef, 0x00, 0x23, 0x00, 0x23, 0x00, 0x23, 0x00, 0x46, 0x00, 0x8a, 0x00, 0x23, 0x00, 0x23, 0x00,
    0x23, 0x00, 0x23, 0x00, 0x23, 0x00, 0x23, 0x00, 0x23, 0x00, 0x23, 0x00, 0x23, 0x00, 0x23, 0x00,
    0x23, 0x00, 0x23, 0x00, 0x23, 0x00, 0x23, 0x00, 0x23, 0x00, 0x23, 0x00, 0x23, 0x00, 0x23, 0x00,
    0x23, 0x00, 0x23, 0x00, 0x23, 0x00, 0x23, 0x00, 0x23, 0x00, 0x23, 0x00, 0x23, 0x00, 0x23, 0x00,
    0x23, 0x00, 0x23, 0x00, 0x23, 0x00, 0x23, 0x00, 0x23, 0x00, 0x23, 0x00, 0x23, 0x00, 0x23, 0x00,
    0x23, 0x00, 0x23, 0x00, 0x23, 0x00, 0x23, 0x00, 0x23, 0x00, 0x23, 0x00, 0x23, 0x00, 0x23, 0x00,
    0x23, 0x00, 0x23, 0x00, 0x23, 0x00, 0x23, 0x00, 0x23, 0x00, 0x23, 0x00, 0x23, 0x00, 0x23, 0x00,
    0x23, 0x00, 0x23, 0x00, 0x23, 0x00, 0x23, 0x00, 0x23, 0x00, 0x23, 0x00, 0x23, 0x00, 0x23, 0x00,
    0x23, 0x00, 0x23, 0x00, 0x23, 0x00, 0x23, 0x00, 0x23, 0x00, 0x23, 0x00, 0x23, 0x00, 0x23, 0x00,
    0x23, 0x00, 0x23, 0x00, 0x23, 0x00, 0x23, 0x00, 0x23, 0x00, 0x23, 0x00, 0x23, 0x00, 0x23, 0x00,
    0x23, 0x00, 0x23, 0x00, 0x23, 0x00, 0x23, 0x00, 0x23, 0x00, 0x23, 0x00, 0x23, 0x00, 0x23, 0x00,
    0x23, 0x00, 0x23, 0x00, 0x23, 0x00, 0x23, 0x00, 0x23, 0x00, 0x23, 0x00, 0x23, 0x00, 0x23, 0x00,
    0x23, 0x00, 0x23, 0x00, 0x23, 0x00, 0x23, 0x00, 0x23, 0x00, 0x23, 0x00, 0x23, 0x00, 0x23, 0x00,
    0x23, 0x00, 0x23, 0x00, 0x23, 0x00, 0x23, 0x00, 0x23, 0x00, 0x23, 0x00, 0x23, 0x00, 0x23, 0x00,
    0x23, 0x00, 0x23, 0x00, 0x23, 0x00, 0x23, 0x00, 0x23, 0x00, 0x23, 0x00, 0x23, 0x00, 0x23, 0x00,
    0x23, 0x00, 0x23, 0x00, 0x23, 0x00, 0x23, 0x00, 0x23, 0x00, 0x23, 0x00, 0x23, 0x00, 0x23, 0x00,
    0x23, 0x00, 0x23, 0x00, 0x23, 0x00, 0x23, 0x00, 0x23, 0x00, 0x23, 0x00, 0x23, 0x00, 0x23, 0x00,
    0x23, 0x00, 0x23, 0x00, 0x23, 0x00, 0x23, 0x00, 0x23, 0x00, 0x23, 0x00, 0x23, 0x00, 0x23, 0x00,
    0x23, 0x00, 0x23, 0x00, 0x23, 0x00, 0x23, 0x00, 0x23, 0x00, 0x23, 0x00, 0x23, 0x00, 0x23, 0x00,
    0x23, 0x00, 0x23, 0x00, 0x23, 0x00, 0x23, 0x00, 0x23, 0x00, 0x23, 0x00, 0x23, 0x00, 0x23, 0x00,
    0x23, 0x00, 0x23, 0x00, 0x23, 0x00, 0x23, 0x00, 0x23, 0x00, 0x23, 0x00, 0x23, 0x00, 0x23, 0x00,
    0x23, 0x00, 0x23, 0x00, 0x23, 0x00, 0x23, 0x00, 0x23, 0x00, 0x23, 0x00, 0x23, 0x00, 0x23, 0x00,
    0x23, 0x00, 0x23, 0x00, 0x23, 0x00, 0x23, 0x00, 0x23, 0x00, 0x23, 0x00, 0x23, 0x00, 0x23, 0x00,
    0x23, 0x00, 0x23, 0x00, 0x23, 0x00, 0x23, 0x00, 0x23, 0x00, 0x23, 0x00, 0x23, 0x00, 0x23, 0x00,
    0x23, 0x00, 0x23, 0x00, 0x23, 0x00, 0x23, 0x00, 0x23, 0x00, 0x23, 0x00, 0x23, 0x00, 0x23, 0x00,
    0x23, 0x00, 0x23, 0x00, 0x23, 0x00, 0x23, 0x00, 0xe8, 0x00, 0x8a, 0x00, 0x23, 0x00, 0x23, 0x00,
    0x23, 0x00, 0x51, 0x01, 0x51, 0x01, 0x00, 0x00, 0x00, 0x00, 0x00, 0x00, 0x00, 0x00, 0x00, 0x00,
    0x00, 0x00, 0x8a, 0x00, 0x8a, 0x00, 0x00, 0x00, 0x00, 0x00, 0x00, 0x00, 0x00, 0x00, 0x00, 0x00,
    0x46, 0x00, 0x0c, 0x01, 0x23, 0x00, 0x00, 0x00, 0x00, 0x00, 0x00, 0x00, 0x00, 0x00, 0x00, 0x00,
    0x00, 0x00, 0x00, 0x00, 0x00, 0x00, 0x00, 0x00, 0x00, 0x00, 0x00, 0x00, 0x00, 0x00, 0x51, 0x01,
    0xef, 0x00, 0x23, 0x00, 0x23, 0x00, 0x23, 0x00, 0x46, 0x00, 0x8a, 0x00, 0x23, 0x00, 0x23, 0x00,
    0x23, 0x00, 0x23, 0x00, 0x23, 0x00, 0x23, 0x00, 0x23, 0x00, 0x23, 0x00, 0x23, 0x00, 0x23, 0x00,
    0x23, 0x00, 0x23, 0x00, 0x23, 0x00, 0x23, 0x00, 0x23, 0x00, 0x23, 0x00, 0x23, 0x00, 0x23, 0x00,
    0x23, 0x00, 0x23, 0x00, 0x23, 0x00, 0x23, 0x00, 0x23, 0x00, 0x23, 0x00, 0x23, 0x00, 0x23, 0x00,
    0x23, 0x00, 0x23, 0x00, 0x23, 0x00, 0x23, 0x00, 0x23, 0x00, 0x23, 0x00, 0x23, 0x00, 0x23, 0x00,
    0x23, 0x00, 0x23, 0x00, 0x23, 0x00, 0x23, 0x00, 0x23, 0x00, 0x23, 0x00, 0x23, 0x00, 0x23, 0x00,
    0x23, 0x00, 0x23, 0x00, 0x23, 0x00, 0x23, 0x00, 0x23, 0x00, 0x23, 0x00, 0x23, 0x00, 0x23, 0x00,
    0x23, 0x00, 0x23, 0x00, 0x23, 0x00, 0x23, 0x00, 0x23, 0x00, 0x23, 0x00, 0x23, 0x00, 0x23, 0x00,
    0x23, 0x00, 0x23, 0x00, 0x23, 0x00, 0x23, 0x00, 0x23, 0x00, 0x23, 0x00, 0x23, 0x00, 0x23, 0x00,
    0x23, 0x00, 0x23, 0x00, 0x23, 0x00, 0x23, 0x00, 0x23, 0x00, 0x23, 0x00, 0x23, 0x00, 0x23, 0x00,
    0x23, 0x00, 0x23, 0x00, 0x23, 0x00, 0x23, 0x00, 0x23, 0x00, 0x23, 0x00, 0x23, 0x00, 0x23, 0x00,
    0x23, 0x00, 0x23, 0x00, 0x23, 0x00, 0x23, 0x00, 0x23, 0x00, 0x23, 0x00, 0x23, 0x00, 0x23, 0x00,
    0x23, 0x00, 0x23, 0x00, 0x23, 0x00, 0x23, 0x00, 0x23, 0x00, 0x23, 0x00, 0x23, 0x00, 0x23, 0x00,
    0x23, 0x00, 0x23, 0x00, 0x23, 0x00, 0x23, 0x00, 0x23, 0x00, 0x23, 0x00, 0x23, 0x00, 0x23, 0x00,
    0x23, 0x00, 0x23, 0x00, 0x23, 0x00, 0x23, 0x00, 0x23, 0x00, 0x23, 0x00, 0x23, 0x00, 0x23, 0x00,
    0x23, 0x00, 0x23, 0x00, 0x23, 0x00, 0x23, 0x00, 0x23, 0x00, 0x23, 0x00, 0x23, 0x00, 0x23, 0x00,
    0x23, 0x00, 0x23, 0x00, 0x23, 0x00, 0x23, 0x00, 0x23, 0x00, 0x23, 0x00, 0x23, 0x00, 0x23, 0x00,
    0x23, 0x00, 0x23, 0x00, 0x23, 0x00, 0x23, 0x00, 0x23, 0x00, 0x23, 0x00, 0x23, 0x00, 0x23, 0x00,
    0x23, 0x00, 0x23, 0x00, 0x23, 0x00, 0x23, 0x00, 0x23, 0x00, 0x23, 0x00, 0x23, 0x00, 0x23, 0x00,
    0x23, 0x00, 0x23, 0x00, 0x23, 0x00, 0x23, 0x00, 0x23, 0x00, 0x23, 0x00, 0x23, 0x00, 0x23, 0x00,
    0x23, 0x00, 0x23, 0x00, 0x23, 0x00, 0x23, 0x00, 0x23, 0x00, 0x23, 0x00, 0x23, 0x00, 0x23, 0x00,
    0x23, 0x00, 0x23, 0x00, 0x23, 0x00, 0x23, 0x00, 0x23, 0x00, 0x23, 0x00, 0x23, 0x00, 0x23, 0x00,
    0x23, 0x00, 0x23, 0x00, 0x23, 0x00, 0x23, 0x00, 0x23, 0x00, 0x23, 0x00, 0x23, 0x00, 0x23, 0x00,
    0x23, 0x00, 0x23, 0x00, 0x23, 0x00, 0x23, 0x00, 0x23, 0x00, 0x23, 0x00, 0x23, 0x00, 0x23, 0x00,
    0x23, 0x00, 0x23, 0x00, 0x23, 0x00, 0x23, 0x00, 0x23, 0x00, 0x23, 0x00, 0x23, 0x00, 0x23, 0x00,
    0x23, 0x00, 0x23, 0x00, 0x23, 0x00, 0x23, 0x00, 0xe8, 0x00, 0xe8, 0x00, 0x23, 0x00, 0x23, 0x00,
    0x23, 0x00, 0x51, 0x01, 0x51, 0x01, 0x00, 0x00, 0x00, 0x00, 0x00, 0x00, 0x00, 0x00, 0x00, 0x00,
    0x00, 0x00, 0x0c, 0x01, 0xe8, 0x00, 0x00, 0x00, 0x00, 0x00, 0x00, 0x00, 0x00, 0x00, 0x00, 0x00,
    0x46, 0x00, 0x0c, 0x01, 0x23, 0x00, 0x00, 0x00, 0x00, 0x00, 0x00, 0x00, 0x00, 0x00, 0x00, 0x00,
    0x00, 0x00, 0x00, 0x00, 0x00, 0x00, 0x00, 0x00, 0x00, 0x00, 0x00, 0x00, 0x00, 0x00, 0x51, 0x01,
    0xef, 0x00, 0x23, 0x00, 0x23, 0x00, 0x23, 0x00, 0x46, 0x00, 0x8a, 0x00, 0x23, 0x00, 0x23, 0x00,
    0x23, 0x00, 0x23, 0x00, 0x23, 0x00, 0x23, 0x00, 0x23, 0x00, 0x23, 0x00, 0x23, 0x00, 0x23, 0x00,
    0x23, 0x00, 0x23, 0x00, 0x23, 0x00, 0x23, 0x00, 0x23, 0x00, 0x23, 0x00, 0x23, 0x00, 0x23, 0x00,
    0x23, 0x00, 0x23, 0x00, 0x23, 0x00, 0x23, 0x00, 0x23, 0x00, 0x23, 0x00, 0x23, 0x00, 0x23, 0x00,
    0x23, 0x00, 0x23, 0x00, 0x23, 0x00, 0x23, 0x00, 0x23, 0x00, 0x23, 0x00, 0x23, 0x00, 0x23, 0x00,
    0x23, 0x00, 0x23, 0x00, 0x23, 0x00, 0x23, 0x00, 0x23, 0x00, 0x23, 0x00, 0x23, 0x00, 0x23, 0x00,
    0x23, 0x00, 0x23, 0x00, 0x23, 0x00, 0x23, 0x00, 0x23, 0x00, 0x23, 0x00, 0x23, 0x00, 0x23, 0x00,
    0x23, 0x00, 0x23, 0x00, 0x23, 0x00, 0x23, 0x00, 0x23, 0x00, 0x23, 0x00, 0x23, 0x00, 0x23, 0x00,
    0x23, 0x00, 0x23, 0x00, 0x23, 0x00, 0x23, 0x00, 0x23, 0x00, 0x23, 0x00, 0x23, 0x00, 0x23, 0x00,
    0x23, 0x00, 0x23, 0x00, 0x23, 0x00, 0x23, 0x00, 0x23, 0x00, 0x23, 0x00, 0x23, 0x00, 0x23, 0x00,
    0x23, 0x00, 0x23, 0x00, 0x23, 0x00, 0x23, 0x00, 0x23, 0x00, 0x23, 0x00, 0x23, 0x00, 0x23, 0x00,
    0x23, 0x00, 0x23, 0x00, 0x23, 0x00, 0x23, 0x00, 0x23, 0x00, 0x23, 0x00, 0x23, 0x00, 0x23, 0x00,
    0x23, 0x00, 0x23, 0x00, 0x23, 0x00, 0x23, 0x00, 0x23, 0x00, 0x23, 0x00, 0x23, 0x00, 0x23, 0x00,
    0x23, 0x00, 0x23, 0x00, 0x23, 0x00, 0x23, 0x00, 0x23, 0x00, 0x23, 0x00, 0x23, 0x00, 0x23, 0x00,
    0x23, 0x00, 0x23, 0x00, 0x23, 0x00, 0x23, 0x00, 0x23, 0x00, 0x23, 0x00, 0x23, 0x00, 0x23, 0x00,
    0x23, 0x00, 0x23, 0x00, 0x23, 0x00, 0x23, 0x00, 0x23, 0x00, 0x23, 0x00, 0x23, 0x00, 0x23, 0x00,
    0x23, 0x00, 0x23, 0x00, 0x23, 0x00, 0x23, 0x00, 0x23, 0x00, 0x23, 0x00, 0x23, 0x00, 0x23, 0x00,
    0x23, 0x00, 0x23, 0x00, 0x23, 0x00, 0x23, 0x00, 0x23, 0x00, 0x23, 0x00, 0x23, 0x00, 0x23, 0x00,
    0x23, 0x00, 0x23, 0x00, 0x23, 0x00, 0x23, 0x00, 0x23, 0x00, 0x23, 0x00, 0x23, 0x00, 0x23, 0x00,
    0x23, 0x00, 0x23, 0x00, 0x23, 0x00, 0x23, 0x00, 0x23, 0x00, 0x23, 0x00, 0x23, 0x00, 0x23, 0x00,
    0x23, 0x00, 0x23, 0x00, 0x23, 0x00, 0x23, 0x00, 0x23, 0x00, 0x23, 0x00, 0x23, 0x00, 0x23, 0x00,
    0x23, 0x00, 0x23, 0x00, 0x23, 0x00, 0x23, 0x00, 0x23, 0x00, 0x23, 0x00, 0x23, 0x00, 0x23, 0x00,
    0x23, 0x00, 0x23, 0x00, 0x23, 0x00, 0x23, 0x00, 0x23, 0x00, 0x23, 0x00, 0x23, 0x00, 0x23, 0x00,
    0x23, 0x00, 0x23, 0x00, 0x23, 0x00, 0x23, 0x00, 0x23, 0x00, 0x23, 0x00, 0x23, 0x00, 0x23, 0x00,
    0x23, 0x00, 0x23, 0x00, 0x23, 0x00, 0x23, 0x00, 0x23, 0x00, 0x23, 0x00, 0x23, 0x00, 0x23, 0x00,
    0x23, 0x00, 0x23, 0x00, 0x23, 0x00, 0x23, 0x00, 0xe8, 0x00, 0xe8, 0x00, 0x23, 0x00, 0x23, 0x00,
    0x23, 0x00, 0x51, 0x01, 0x51, 0x01, 0x00, 0x00, 0x00, 0x00, 0x00, 0x00, 0x00, 0x00, 0x00, 0x00,
    0x00, 0x00, 0x8a, 0x00, 0xe8, 0x00, 0x00, 0x00, 0x00, 0x00, 0x23, 0x00, 0x23, 0x00, 0x00, 0x00,
    0x46, 0x00, 0x0c, 0x01, 0x23, 0x00, 0x00, 0x00, 0x00, 0x00, 0x00, 0x00, 0x00, 0x00, 0x00, 0x00,
    0x00, 0x00, 0x00, 0x00, 0x00, 0x00, 0x00, 0x00, 0x00, 0x00, 0x00, 0x00, 0x00, 0x00, 0x51, 0x01,
    0xef, 0x00, 0x23, 0x00, 0x23, 0x00, 0x23, 0x00, 0x46, 0x00, 0x8a, 0x00, 0x23, 0x00, 0x23, 0x00,
    0x23, 0x00, 0x23, 0x00, 0x23, 0x00, 0x23, 0x00, 0x23, 0x00, 0x23, 0x00, 0x23, 0x00, 0x23, 0x00,
    0x23, 0x00, 0x23, 0x00, 0x23, 0x00, 0x23, 0x00, 0x23, 0x00, 0x23, 0x00, 0x23, 0x00, 0x23, 0x00,
    0x23, 0x00, 0x23, 0x00, 0x23, 0x00, 0x23, 0x00, 0x23, 0x00, 0x23, 0x00, 0x23, 0x00, 0x23, 0x00,
    0x23, 0x00, 0x23, 0x00, 0x23, 0x00, 0x23, 0x00, 0x23, 0x00, 0x23, 0x00, 0x23, 0x00, 0x23, 0x00,
    0x23, 0x00, 0x23, 0x00, 0x23, 0x00, 0x23, 0x00, 0x23, 0x00, 0x23, 0x00, 0x23, 0x00, 0x23, 0x00,
    0x23, 0x00, 0x23, 0x00, 0x23, 0x00, 0x23, 0x00, 0x23, 0x00, 0x23, 0x00, 0x23, 0x00, 0x23, 0x00,
    0x23, 0x00, 0x23, 0x00, 0x23, 0x00, 0x23, 0x00, 0x23, 0x00, 0x23, 0x00, 0x23, 0x00, 0x23, 0x00,
    0x23, 0x00, 0x23, 0x00, 0x23, 0x00, 0x23, 0x00, 0x23, 0x00, 0x23, 0x00, 0x23, 0x00, 0x23, 0x00,
    0x23, 0x00, 0x23, 0x00, 0x23, 0x00, 0x23, 0x00, 0x23, 0x00, 0x23, 0x00, 0x23, 0x00, 0x23, 0x00,
    0x23, 0x00, 0x23, 0x00, 0x23, 0x00, 0x23, 0x00, 0x23, 0x00, 0x23, 0x00, 0x23, 0x00, 0x23, 0x00,
    0x23, 0x00, 0x23, 0x00, 0x23, 0x00, 0x23, 0x00, 0x23, 0x00, 0x23, 0x00, 0x23, 0x00, 0x23, 0x00,
    0x23, 0x00, 0x23, 0x00, 0x23, 0x00, 0x23, 0x00, 0x23, 0x00, 0x23, 0x00, 0x23, 0x00, 0x23, 0x00,
    0x23, 0x00, 0x23, 0x00, 0x23, 0x00, 0x23, 0x00, 0x23, 0x00, 0x23, 0x00, 0x23, 0x00, 0x23, 0x00,
    0x23, 0x00, 0x23, 0x00, 0x23, 0x00, 0x23, 0x00, 0x23, 0x00, 0x23, 0x00, 0x23, 0x00, 0x23, 0x00,
    0x23, 0x00, 0x23, 0x00, 0x23, 0x00, 0x23, 0x00, 0x23, 0x00, 0x23, 0x00, 0x23, 0x00, 0x23, 0x00,
    0x23, 0x00, 0x23, 0x00, 0x23, 0x00, 0x23, 0x00, 0x23, 0x00, 0x23, 0x00, 0x23, 0x00, 0x23, 0x00,
    0x23, 0x00, 0x23, 0x00, 0x23, 0x00, 0x23, 0x00, 0x23, 0x00, 0x23, 0x00, 0x23, 0x00, 0x23, 0x00,
    0x23, 0x00, 0x23, 0x00, 0x23, 0x00, 0x23, 0x00, 0x23, 0x00, 0x23, 0x00, 0x23, 0x00, 0x23, 0x00,
    0x23, 0x00, 0x23, 0x00, 0x23, 0x00, 0x23, 0x00, 0x23, 0x00, 0x23, 0x00, 0x23, 0x00, 0x23, 0x00,
    0x23, 0x00, 0x23, 0x00, 0x23, 0x00, 0x23, 0x00, 0x23, 0x00, 0x23, 0x00, 0x23, 0x00, 0x23, 0x00,
    0x23, 0x00, 0x23, 0x00, 0x23, 0x00, 0x23, 0x00, 0x23, 0x00, 0x23, 0x00, 0x23, 0x00, 0x23, 0x00,
    0x23, 0x00, 0x23, 0x00, 0x23, 0x00, 0x23, 0x00, 0x23, 0x00, 0x23, 0x00, 0x23, 0x00, 0x23, 0x00,
    0x23, 0x00, 0x23, 0x00, 0x23, 0x00, 0x23, 0x00, 0x23, 0x00, 0x23, 0x00, 0x23, 0x00, 0x23, 0x00,
    0x23, 0x00, 0x23, 0x00, 0x23, 0x00, 0x23, 0x00, 0x23, 0x00, 0x23, 0x00, 0x23, 0x00, 0x23, 0x00,
    0x23, 0x00, 0x23, 0x00, 0x23, 0x00, 0x23, 0x00, 0xe8, 0x00, 0xe8, 0x00, 0x23, 0x00, 0x23, 0x00,
    0x23, 0x00, 0x51, 0x01, 0x51, 0x01, 0x00, 0x00, 0x00, 0x00, 0x00, 0x00, 0x00, 0x00, 0x00, 0x00,
    0x00, 0x00, 0x8a, 0x00, 0xe8, 0x00, 0x00, 0x00, 0xe8, 0x00, 0x3d, 0x02, 0xb5, 0x01, 0x00, 0x00,
    0x46, 0x00, 0x0c, 0x01, 0x23, 0x00, 0x00, 0x00, 0x00, 0x00, 0x00, 0x00, 0x00, 0x00, 0x00, 0x00,
    0x00, 0x00, 0x00, 0x00, 0x00, 0x00, 0x00, 0x00, 0x00, 0x00, 0x00, 0x00, 0x00, 0x00, 0x51, 0x01,
    0xef, 0x00, 0x23, 0x00, 0x23, 0x00, 0x23, 0x00, 0x46, 0x00, 0x8a, 0x00, 0x23, 0x00, 0x23, 0x00,
    0x23, 0x00, 0x23, 0x00, 0x23, 0x00, 0x23, 0x00, 0x23, 0x00, 0x23, 0x00, 0x23, 0x00, 0x23, 0x00,
    0x23, 0x00, 0x23, 0x00, 0x23, 0x00, 0x23, 0x00, 0x23, 0x00, 0x23, 0x00, 0x23, 0x00, 0x23, 0x00,
    0x23, 0x00, 0x23, 0x00, 0x23, 0x00, 0x23, 0x00, 0x23, 0x00, 0x23, 0x00, 0x23, 0x00, 0x23, 0x00,
    0x23, 0x00, 0x23, 0x00, 0x23, 0x00, 0x23, 0x00, 0x23, 0x00, 0x23, 0x00, 0x23, 0x00, 0x23, 0x00,
    0x23, 0x00, 0x23, 0x00, 0x23, 0x00, 0x23, 0x00, 0x23, 0x00, 0x23, 0x00, 0x23, 0x00, 0x23, 0x00,
    0x23, 0x00, 0x23, 0x00, 0x23, 0x00, 0x23, 0x00, 0x23, 0x00, 0x23, 0x00, 0x23, 0x00, 0x23, 0x00,
    0x23, 0x00, 0x23, 0x00, 0x23, 0x00, 0x23, 0x00, 0x23, 0x00, 0x23, 0x00, 0x23, 0x00, 0x23, 0x00,
    0x23, 0x00, 0x23, 0x00, 0x23, 0x00, 0x23, 0x00, 0x23, 0x00, 0x23, 0x00, 0x23, 0x00, 0x23, 0x00,
    0x23, 0x00, 0x23, 0x00, 0x23, 0x00, 0x23, 0x00, 0x23, 0x00, 0x23, 0x00, 0x23, 0x00, 0x23, 0x00,
    0x23, 0x00, 0x23, 0x00, 0x23, 0x00, 0x23, 0x00, 0x23, 0x00, 0x23, 0x00, 0x23, 0x00, 0x23, 0x00,
    0x23, 0x00, 0x23, 0x00, 0x23, 0x00, 0x23, 0x00, 0x23, 0x00, 0x23, 0x00, 0x23, 0x00, 0x23, 0x00,
    0x23, 0x00, 0x23, 0x00, 0x23, 0x00, 0x23, 0x00, 0x23, 0x00, 0x23, 0x00, 0x23, 0x00, 0x23, 0x00,
    0x23, 0x00, 0x23, 0x00, 0x23, 0x00, 0x23, 0x00, 0x23, 0x00, 0x23, 0x00, 0x23, 0x00, 0x23, 0x00,
    0x23, 0x00, 0x23, 0x00, 0x23, 0x00, 0x23, 0x00, 0x23, 0x00, 0x23, 0x00, 0x23, 0x00, 0x23, 0x00,
    0x23, 0x00, 0x23, 0x00, 0x23, 0x00, 0x23, 0x00, 0x23, 0x00, 0x23, 0x00, 0x23, 0x00, 0x23, 0x00,
    0x23, 0x00, 0x23, 0x00, 0x23, 0x00, 0x23, 0x00, 0x23, 0x00, 0x23, 0x00, 0x23, 0x00, 0x23, 0x00,
    0x23, 0x00, 0x23, 0x00, 0x23, 0x00, 0x23, 0x00, 0x23, 0x00, 0x23, 0x00, 0x23, 0x00, 0x23, 0x00,
    0x23, 0x00, 0x23, 0x00, 0x23, 0x00, 0x23, 0x00, 0x23, 0x00, 0x23, 0x00, 0x23, 0x00, 0x23, 0x00,
    0x23, 0x00, 0x23, 0x00, 0x23, 0x00, 0x23, 0x00, 0x23, 0x00, 0x23, 0x00, 0x23, 0x00, 0x23, 0x00,
    0x23, 0x00, 0x23, 0x00, 0x23, 0x00, 0x23, 0x00, 0x23, 0x00, 0x23, 0x00, 0x23, 0x00, 0x23, 0x00,
    0x23, 0x00, 0x23, 0x00, 0x23, 0x00, 0x23, 0x00, 0x23, 0x00, 0x23, 0x00, 0x23, 0x00, 0x23, 0x00,
    0x23, 0x00, 0x23, 0x00, 0x23, 0x00, 0x23, 0x00, 0x23, 0x00, 0x23, 0x00, 0x23, 0x00, 0x23, 0x00,
    0x23, 0x00, 0x23, 0x00, 0x23, 0x00, 0x23, 0x00, 0x23, 0x00, 0x23, 0x00, 0x23, 0x00, 0x23, 0x00,
    0x23, 0x00, 0x23, 0x00, 0x23, 0x00, 0x23, 0x00, 0x23, 0x00, 0x23, 0x00, 0x23, 0x00, 0x23, 0x00,
    0x23, 0x00, 0x23, 0x00, 0x23, 0x00, 0x23, 0x00, 0xe8, 0x00, 0x8a, 0x00, 0x23, 0x00, 0x23, 0x00,
    0x23, 0x00, 0x51, 0x01, 0x51, 0x01, 0x00, 0x00, 0x00, 0x00, 0x00, 0x00, 0x00, 0x00, 0x00, 0x00,
    0x00, 0x00, 0x8a, 0x00, 0xe8, 0x00, 0x00, 0x00, 0x46, 0x00, 0xb5, 0x01, 0x51, 0x01, 0x00, 0x00,
    0x46, 0x00, 0x0c, 0x01, 0x23, 0x00, 0x00, 0x00, 0x00, 0x00, 0x00, 0x00, 0x00, 0x00, 0x00, 0x00,
    0x00, 0x00, 0x00, 0x00, 0x00, 0x00, 0x00, 0x00, 0x00, 0x00, 0x00, 0x00, 0x00, 0x00, 0x51, 0x01,
    0xef, 0x00, 0x23, 0x00, 0x23, 0x00, 0x23, 0x00, 0x46, 0x00, 0x8a, 0x00, 0x23, 0x00, 0x23, 0x00,
    0x23, 0x00, 0x23, 0x00, 0x23, 0x00, 0x23, 0x00, 0x23, 0x00, 0x23, 0x00, 0x23, 0x00, 0x23, 0x00,
    0x23, 0x00, 0x23, 0x00, 0x23, 0x00, 0x23, 0x00, 0x23, 0x00, 0x23, 0x00, 0x23, 0x00, 0x23, 0x00,
    0x23, 0x00, 0x23, 0x00, 0x23, 0x00, 0x23, 0x00, 0x23, 0x00, 0x23, 0x00, 0x23, 0x00, 0x23, 0x00,
    0x23, 0x00, 0x23, 0x00, 0x23, 0x00, 0x23, 0x00, 0x23, 0x00, 0x23, 0x00, 0x23, 0x00, 0x23, 0x00,
    0x23, 0x00, 0x23, 0x00, 0x23, 0x00, 0x23, 0x00, 0x23, 0x00, 0x23, 0x00, 0x23, 0x00, 0x23, 0x00,
    0x23, 0x00, 0x23, 0x00, 0x23, 0x00, 0x23, 0x00, 0x23, 0x00, 0x23, 0x00, 0x23, 0x00, 0x23, 0x00,
    0x23, 0x00, 0x23, 0x00, 0x23, 0x00, 0x23, 0x00, 0x23, 0x00, 0x23, 0x00, 0x23, 0x00, 0x23, 0x00,
    0x23, 0x00, 0x23, 0x00, 0x23, 0x00, 0x23, 0x00, 0x23, 0x00, 0x23, 0x00, 0x23, 0x00, 0x23, 0x00,
    0x23, 0x00, 0x23, 0x00, 0x23, 0x00, 0x23, 0x00, 0x23, 0x00, 0x23, 0x00, 0x23, 0x00, 0x23, 0x00,
    0x23, 0x00, 0x23, 0x00, 0x23, 0x00, 0x23, 0x00, 0x23, 0x00, 0x23, 0x00, 0x23, 0x00, 0x23, 0x00,
    0x23, 0x00, 0x23, 0x00, 0x23, 0x00, 0x23, 0x00, 0x23, 0x00, 0x23, 0x00, 0x23, 0x00, 0x23, 0x00,
    0x23, 0x00, 0x23, 0x00, 0x23, 0x00, 0x23, 0x00, 0x23, 0x00, 0x23, 0x00, 0x23, 0x00, 0x23, 0x00,
    0x23, 0x00, 0x23, 0x00, 0x23, 0x00, 0x23, 0x00, 0x23, 0x00, 0x23, 0x00, 0x23, 0x00, 0x23, 0x00,
    0x23, 0x00, 0x23, 0x00, 0x23, 0x00, 0x23, 0x00, 0x23, 0x00, 0x23, 0x00, 0x23, 0x00, 0x23, 0x00,
    0x23, 0x00, 0x23, 0x00, 0x23, 0x00, 0x23, 0x00, 0x23, 0x00, 0x23, 0x00, 0x23, 0x00, 0x23, 0x00,
    0x23, 0x00, 0x23, 0x00, 0x23, 0x00, 0x23, 0x00, 0x23, 0x00, 0x23, 0x00, 0x23, 0x00, 0x23, 0x00,
    0x23, 0x00, 0x23, 0x00, 0x23, 0x00, 0x23, 0x00, 0x23, 0x00, 0x23, 0x00, 0x23, 0x00, 0x23, 0x00,
    0x23, 0x00, 0x23, 0x00, 0x23, 0x00, 0x23, 0x00, 0x23, 0x00, 0x23, 0x00, 0x23, 0x00, 0x23, 0x00,
    0x23, 0x00, 0x23, 0x00, 0x23, 0x00, 0x23, 0x00, 0x23, 0x00, 0x23, 0x00, 0x23, 0x00, 0x23, 0x00,
    0x23, 0x00, 0x23, 0x00, 0x23, 0x00, 0x23, 0x00, 0x23, 0x00, 0x23, 0x00, 0x23, 0x00, 0x23, 0x00,
    0x23, 0x00, 0x23, 0x00, 0x23, 0x00, 0x23, 0x00, 0x23, 0x00, 0x23, 0x00, 0x23, 0x00, 0x23, 0x00,
    0x23, 0x00, 0x23, 0x00, 0x23, 0x00, 0x23, 0x00, 0x23, 0x00, 0x23, 0x00, 0x23, 0x00, 0x23, 0x00,
    0x23, 0x00, 0x23, 0x00, 0x23, 0x00, 0x23, 0x00, 0x23, 0x00, 0x23, 0x00, 0x23, 0x00, 0x23, 0x00,
    0x23, 0x00, 0x23, 0x00, 0x23, 0x00, 0x23, 0x00, 0x23, 0x00, 0x23, 0x00, 0x23, 0x00, 0x23, 0x00,
    0x23, 0x00, 0x23, 0x00, 0x23, 0x00, 0x23, 0x00, 0xe8, 0x00, 0xe8, 0x00, 0x23, 0x00, 0x23, 0x00,
    0x23, 0x00, 0x51, 0x01, 0x51, 0x01, 0x00, 0x00, 0x00, 0x00, 0x00, 0x00, 0x00, 0x00, 0x00, 0x00,
    0x00, 0x00, 0x8a, 0x00, 0x8a, 0x00, 0x00, 0x00, 0xe8, 0x00, 0xb5, 0x01, 0x51, 0x01, 0x00, 0x00,
    0x46, 0x00, 0x0c, 0x01, 0x23, 0x00, 0x00, 0x00, 0x00, 0x00, 0x00, 0x00, 0x00, 0x00, 0x00, 0x00,
    0x00, 0x00, 0x00, 0x00, 0x00, 0x00, 0x00, 0x00, 0x00, 0x00, 0x00, 0x00, 0x00, 0x00, 0x51, 0x01,
    0xef, 0x00, 0x23, 0x00, 0x23, 0x00, 0x23, 0x00, 0x46, 0x00, 0x8a, 0x00, 0x23, 0x00, 0x23, 0x00,
    0x23, 0x00, 0x23, 0x00, 0x23, 0x00, 0x23, 0x00, 0x23, 0x00, 0x23, 0x00, 0x23, 0x00, 0x23, 0x00,
    0x23, 0x00, 0x23, 0x00, 0x23, 0x00, 0x23, 0x00, 0x23, 0x00, 0x23, 0x00, 0x23, 0x00, 0x23, 0x00,
    0x23, 0x00, 0x23, 0x00, 0x23, 0x00, 0x23, 0x00, 0x23, 0x00, 0x23, 0x00, 0x23, 0x00, 0x23, 0x00,
    0x23, 0x00, 0x23, 0x00, 0x23, 0x00, 0x23, 0x00, 0x23, 0x00, 0x23, 0x00, 0x23, 0x00, 0x23, 0x00,
    0x23, 0x00, 0x23, 0x00, 0x23, 0x00, 0x23, 0x00, 0x23, 0x00, 0x23, 0x00, 0x23, 0x00, 0x23, 0x00,
    0x23, 0x00, 0x23, 0x00, 0x23, 0x00, 0x23, 0x00, 0x23, 0x00, 0x23, 0x00, 0x23, 0x00, 0x23, 0x00,
    0x23, 0x00, 0x23, 0x00, 0x23, 0x00, 0x23, 0x00, 0x23, 0x00, 0x23, 0x00, 0x23, 0x00, 0x23, 0x00,
    0x23, 0x00, 0x23, 0x00, 0x23, 0x00, 0x23, 0x00, 0x23, 0x00, 0x23, 0x00, 0x23, 0x00, 0x23, 0x00,
    0x23, 0x00, 0x23, 0x00, 0x23, 0x00, 0x23, 0x00, 0x23, 0x00, 0x23, 0x00, 0x23, 0x00, 0x23, 0x00,
    0x23, 0x00, 0x23, 0x00, 0x23, 0x00, 0x23, 0x00, 0x23, 0x00, 0x23, 0x00, 0x23, 0x00, 0x23, 0x00,
    0x23, 0x00, 0x23, 0x00, 0x23, 0x00, 0x23, 0x00, 0x23, 0x00, 0x23, 0x00, 0x23, 0x00, 0x23, 0x00,
    0x23, 0x00, 0x23, 0x00, 0x23, 0x00, 0x23, 0x00, 0x23, 0x00, 0x23, 0x00, 0x23, 0x00, 0x23, 0x00,
    0x23, 0x00, 0x23, 0x00, 0x23, 0x00, 0x23, 0x00, 0x23, 0x00, 0x23, 0x00, 0x23, 0x00, 0x23, 0x00,
    0x23, 0x00, 0x23, 0x00, 0x23, 0x00, 0x23, 0x00, 0x23, 0x00, 0x23, 0x00, 0x23, 0x00, 0x23, 0x00,
    0x23, 0x00, 0x23, 0x00, 0x23, 0x00, 0x23, 0x00, 0x23, 0x00, 0x23, 0x00, 0x23, 0x00, 0x23, 0x00,
    0x23, 0x00, 0x23, 0x00, 0x23, 0x00, 0x23, 0x00, 0x23, 0x00, 0x23, 0x00, 0x23, 0x00, 0x23, 0x00,
    0x23, 0x00, 0x23, 0x00, 0x23, 0x00, 0x23, 0x00, 0x23, 0x00, 0x23, 0x00, 0x23, 0x00, 0x23, 0x00,
    0x23, 0x00, 0x23, 0x00, 0x23, 0x00, 0x23, 0x00, 0x23, 0x00, 0x23, 0x00, 0x23, 0x00, 0x23, 0x00,
    0x23, 0x00, 0x23, 0x00, 0x23, 0x00, 0x23, 0x00, 0x23, 0x00, 0x23, 0x00, 0x23, 0x00, 0x23, 0x00,
    0x23, 0x00, 0x23, 0x00, 0x23, 0x00, 0x23, 0x00, 0x23, 0x00, 0x23, 0x00, 0x23, 0x00, 0x23, 0x00,
    0x23, 0x00, 0x23, 0x00, 0x23, 0x00, 0x23, 0x00, 0x23, 0x00, 0x23, 0x00, 0x23, 0x00, 0x23, 0x00,
    0x23, 0x00, 0x23, 0x00, 0x23, 0x00, 0x23, 0x00, 0x23, 0x00, 0x23, 0x00, 0x23, 0x00, 0x23, 0x00,
    0x23, 0x00, 0x23, 0x00, 0x23, 0x00, 0x23, 0x00, 0x23, 0x00, 0x23, 0x00, 0x23, 0x00, 0x23, 0x00,
    0x23, 0x00, 0x23, 0x00, 0x23, 0x00, 0x23, 0x00, 0x23, 0x00, 0x23, 0x00, 0x23, 0x00, 0x23, 0x00,
    0x23, 0x00, 0x23, 0x00, 0x23, 0x00, 0x23, 0x00, 0xe8, 0x00, 0xe8, 0x00, 0x23, 0x00, 0x23, 0x00,
    0x23, 0x00, 0x51, 0x01, 0x51, 0x01, 0x00, 0x00, 0x00, 0x00, 0x00, 0x00, 0x00, 0x00, 0x00, 0x00,
    0x00, 0x00, 0x8a, 0x00, 0x8a, 0x00, 0x00, 0x00, 0xe8, 0x00, 0xb5, 0x01, 0x51, 0x01, 0x00, 0x00,
    0x46, 0x00, 0x0c, 0x01, 0x23, 0x00, 0x00, 0x00, 0x00, 0x00, 0x00, 0x00, 0x00, 0x00, 0x00, 0x00,
    0x00, 0x00, 0x00, 0x00, 0x00, 0x00, 0x00, 0x00, 0x00, 0x00, 0x00, 0x00, 0x00, 0x00, 0x51, 0x01,
    0xef, 0x00, 0x23, 0x00, 0x23, 0x00, 0x23, 0x00, 0x46, 0x00, 0x8a, 0x00, 0x23, 0x00, 0x23, 0x00,
    0x23, 0x00, 0x23, 0x00, 0x23, 0x00, 0x23, 0x00, 0x23, 0x00, 0x23, 0x00, 0x23, 0x00, 0x23, 0x00,
    0x23, 0x00, 0x23, 0x00, 0x23, 0x00, 0x23, 0x00, 0x23, 0x00, 0x23, 0x00, 0x23, 0x00, 0x23, 0x00,
    0x23, 0x00, 0x23, 0x00, 0x23, 0x00, 0x23, 0x00, 0x23, 0x00, 0x23, 0x00, 0x23, 0x00, 0x23, 0x00,
    0x23, 0x00, 0x23, 0x00, 0x23, 0x00, 0x23, 0x00, 0x23, 0x00, 0x23, 0x00, 0x23, 0x00, 0x23, 0x00,
    0x23, 0x00, 0x23, 0x00, 0x23, 0x00, 0x23, 0x00, 0x23, 0x00, 0x23, 0x00, 0x23, 0x00, 0x23, 0x00,
    0x23, 0x00, 0x23, 0x00, 0x23, 0x00, 0x23, 0x00, 0x23, 0x00, 0x23, 0x00, 0x23, 0x00, 0x23, 0x00,
    0x23, 0x00, 0x23, 0x00, 0x23, 0x00, 0x23, 0x00, 0x23, 0x00, 0x23, 0x00, 0x23, 0x00, 0x23, 0x00,
    0x23, 0x00, 0x23, 0x00, 0x23, 0x00, 0x23, 0x00, 0x23, 0x00, 0x23, 0x00, 0x23, 0x00, 0x23, 0x00,
    0x23, 0x00, 0x23, 0x00, 0x23, 0x00, 0x23, 0x00, 0x23, 0x00, 0x23, 0x00, 0x23, 0x00, 0x23, 0x00,
    0x23, 0x00, 0x23, 0x00, 0x23, 0x00, 0x23, 0x00, 0x23, 0x00, 0x23, 0x00, 0x23, 0x00, 0x23, 0x00,
    0x23, 0x00, 0x23, 0x00, 0x23, 0x00, 0x23, 0x00, 0x23, 0x00, 0x23, 0x00, 0x23, 0x00, 0x23, 0x00,
    0x23, 0x00, 0x23, 0x00, 0x23, 0x00, 0x23, 0x00, 0x23, 0x00, 0x23, 0x00, 0x23, 0x00, 0x23, 0x00,
    0x23, 0x00, 0x23, 0x00, 0x23, 0x00, 0x23, 0x00, 0x23, 0x00, 0x23, 0x00, 0x23, 0x00, 0x23, 0x00,
    0x23, 0x00, 0x23, 0x00, 0x23, 0x00, 0x23, 0x00, 0x23, 0x00, 0x23, 0x00, 0x23, 0x00, 0x23, 0x00,
    0x23, 0x00, 0x23, 0x00, 0x23, 0x00, 0x23, 0x00, 0x23, 0x00, 0x23, 0x00, 0x23, 0x00, 0x23, 0x00,
    0x23, 0x00, 0x23, 0x00, 0x23, 0x00, 0x23, 0x00, 0x23, 0x00, 0x23, 0x00, 0x23, 0x00, 0x23, 0x00,
    0x23, 0x00, 0x23, 0x00, 0x23, 0x00, 0x23, 0x00, 0x23, 0x00, 0x23, 0x00, 0x23, 0x00, 0x23, 0x00,
    0x23, 0x00, 0x23, 0x00, 0x23, 0x00, 0x23, 0x00, 0x23, 0x00, 0x23, 0x00, 0x23, 0x00, 0x23, 0x00,
    0x23, 0x00, 0x23, 0x00, 0x23, 0x00, 0x23, 0x00, 0x23, 0x00, 0x23, 0x00, 0x23, 0x00, 0x23, 0x00,
    0x23, 0x00, 0x23, 0x00, 0x23, 0x00, 0x23, 0x00, 0x23, 0x00, 0x23, 0x00, 0x23, 0x00, 0x23, 0x00,
    0x23, 0x00, 0x23, 0x00, 0x23, 0x00, 0x23, 0x00, 0x23, 0x00, 0x23, 0x00, 0x23, 0x00, 0x23, 0x00,
    0x23, 0x00, 0x23, 0x00, 0x23, 0x00, 0x23, 0x00, 0x23, 0x00, 0x23, 0x00, 0x23, 0x00, 0x23, 0x00,
    0x23, 0x00, 0x23, 0x00, 0x23, 0x00, 0x23, 0x00, 0x23, 0x00, 0x23, 0x00, 0x23, 0x00, 0x23, 0x00,
    0x23, 0x00, 0x23, 0x00, 0x23, 0x00, 0x23, 0x00, 0x23, 0x00, 0x23, 0x00, 0x23, 0x00, 0x23, 0x00,
    0x23, 0x00, 0x23, 0x00, 0x23, 0x00, 0x23, 0x00, 0xe8, 0x00, 0xe8, 0x00, 0x23, 0x00, 0x23, 0x00,
    0x23, 0x00, 0x51, 0x01, 0x51, 0x01, 0x00, 0x00, 0x00, 0x00, 0x00, 0x00, 0x00, 0x00, 0x00, 0x00,
    0x00, 0x00, 0x8a, 0x00, 0x8a, 0x00, 0x00, 0x00, 0x8a, 0x00, 0x19, 0x02, 0xf1, 0x01, 0x00, 0x00,
    0x46, 0x00, 0x0c, 0x01, 0x23, 0x00, 0x00, 0x00, 0x00, 0x00, 0x00, 0x00, 0x00, 0x00, 0x00, 0x00,
    0x00, 0x00, 0x00, 0x00, 0x00, 0x00, 0x00, 0x00, 0x00, 0x00, 0x00, 0x00, 0x00, 0x00, 0x51, 0x01,
    0xef, 0x00, 0x23, 0x00, 0x23, 0x00, 0x23, 0x00, 0x46, 0x00, 0x8a, 0x00, 0x23, 0x00, 0x23, 0x00,
    0x23, 0x00, 0x23, 0x00, 0x23, 0x00, 0x23, 0x00, 0x23, 0x00, 0x23, 0x00, 0x23, 0x00, 0x23, 0x00,
    0x23, 0x00, 0x23, 0x00, 0x23, 0x00, 0x23, 0x00, 0x23, 0x00, 0x23, 0x00, 0x23, 0x00, 0x23, 0x00,
    0x23, 0x00, 0x23, 0x00, 0x23, 0x00, 0x23, 0x00, 0x23, 0x00, 0x23, 0x00, 0x23, 0x00, 0x23, 0x00,
    0x23, 0x00, 0x23, 0x00, 0x23, 0x00, 0x23, 0x00, 0x23, 0x00, 0x23, 0x00, 0x23, 0x00, 0x23, 0x00,
    0x23, 0x00, 0x23, 0x00, 0x23, 0x00, 0x23, 0x00, 0x23, 0x00, 0x23, 0x00, 0x23, 0x00, 0x23, 0x00,
    0x23, 0x00, 0x23, 0x00, 0x23, 0x00, 0x23, 0x00, 0x23, 0x00, 0x23, 0x00, 0x23, 0x00, 0x23, 0x00,
    0x23, 0x00, 0x23, 0x00, 0x23, 0x00, 0x23, 0x00, 0x23, 0x00, 0x23, 0x00, 0x23, 0x00, 0x23, 0x00,
    0x23, 0x00, 0x23, 0x00, 0x23, 0x00, 0x23, 0x00, 0x23, 0x00, 0x23, 0x00, 0x23, 0x00, 0x23, 0x00,
    0x23, 0x00, 0x23, 0x00, 0x23, 0x00, 0x23, 0x00, 0x23, 0x00, 0x23, 0x00, 0x23, 0x00, 0x23, 0x00,
    0x23, 0x00, 0x23, 0x00, 0x23, 0x00, 0x23, 0x00, 0x23, 0x00, 0x23, 0x00, 0x23, 0x00, 0x23, 0x00,
    0x23, 0x00, 0x23, 0x00, 0x23, 0x00, 0x23, 0x00, 0x23, 0x00, 0x23, 0x00, 0x23, 0x00, 0x23, 0x00,
    0x23, 0x00, 0x23, 0x00, 0x23, 0x00, 0x23, 0x00, 0x23, 0x00, 0x23, 0x00, 0x23, 0x00, 0x23, 0x00,
    0x23, 0x00, 0x23, 0x00, 0x23, 0x00, 0x23, 0x00, 0x23, 0x00, 0x23, 0x00, 0x23, 0x00, 0x23, 0x00,
    0x23, 0x00, 0x23, 0x00, 0x23, 0x00, 0x23, 0x00, 0x23, 0x00, 0x23, 0x00, 0x23, 0x00, 0x23, 0x00,
    0x23, 0x00, 0x23, 0x00, 0x23, 0x00, 0x23, 0x00, 0x23, 0x00, 0x23, 0x00, 0x23, 0x00, 0x23, 0x00,
    0x23, 0x00, 0x23, 0x00, 0x23, 0x00, 0x23, 0x00, 0x23, 0x00, 0x23, 0x00, 0x23, 0x00, 0x23, 0x00,
    0x23, 0x00, 0x23, 0x00, 0x23, 0x00, 0x23, 0x00, 0x23, 0x00, 0x23, 0x00, 0x23, 0x00, 0x23, 0x00,
    0x23, 0x00, 0x23, 0x00, 0x23, 0x00, 0x23, 0x00, 0x23, 0x00, 0x23, 0x00, 0x23, 0x00, 0x23, 0x00,
    0x23, 0x00, 0x23, 0x00, 0x23, 0x00, 0x23, 0x00, 0x23, 0x00, 0x23, 0x00, 0x23, 0x00, 0x23, 0x00,
    0x23, 0x00, 0x23, 0x00, 0x23, 0x00, 0x23, 0x00, 0x23, 0x00, 0x23, 0x00, 0x23, 0x00, 0x23, 0x00,
    0x23, 0x00, 0x23, 0x00, 0x23, 0x00, 0x23, 0x00, 0x23, 0x00, 0x23, 0x00, 0x23, 0x00, 0x23, 0x00,
    0x23, 0x00, 0x23, 0x00, 0x23, 0x00, 0x23, 0x00, 0x23, 0x00, 0x23, 0x00, 0x23, 0x00, 0x23, 0x00,
    0x23, 0x00, 0x23, 0x00, 0x23, 0x00, 0x23, 0x00, 0x23, 0x00, 0x23, 0x00, 0x23, 0x00, 0x23, 0x00,
    0x23, 0x00, 0x23, 0x00, 0x23, 0x00, 0x23, 0x00, 0x23, 0x00, 0x23, 0x00, 0x23, 0x00, 0x23, 0x00,
    0x23, 0x00, 0x23, 0x00, 0x23, 0x00, 0x23, 0x00, 0x8a, 0x00, 0xe8, 0x00, 0x23, 0x00, 0x23, 0x00,
    0x23, 0x00, 0x51, 0x01, 0x51, 0x01, 0x00, 0x00, 0x00, 0x00, 0x00, 0x00, 0x00, 0x00, 0x00, 0x00,
    0x00, 0x00, 0x8a, 0x00, 0xe8, 0x00, 0x00, 0x00, 0x23, 0x00, 0x46, 0x00, 0x23, 0x00, 0x00, 0x00,
    0x46, 0x00, 0x0c, 0x01, 0x23, 0x00, 0x00, 0x00, 0x00, 0x00, 0x00, 0x00, 0x00, 0x00, 0x00, 0x00,
    0x00, 0x00, 0x00, 0x00, 0x00, 0x00, 0x00, 0x00, 0x00, 0x00, 0x00, 0x00, 0x00, 0x00, 0x51, 0x01,
    0xef, 0x00, 0x23, 0x00, 0x23, 0x00, 0x23, 0x00, 0x46, 0x00, 0x8a, 0x00, 0x23, 0x00, 0x23, 0x00,
    0x23, 0x00, 0x23, 0x00, 0x23, 0x00, 0x23, 0x00, 0x23, 0x00, 0x23, 0x00, 0x23, 0x00, 0x23, 0x00,
    0x23, 0x00, 0x23, 0x00, 0x23, 0x00, 0x23, 0x00, 0x23, 0x00, 0x23, 0x00, 0x23, 0x00, 0x23, 0x00,
    0x23, 0x00, 0x23, 0x00, 0x23, 0x00, 0x23, 0x00, 0x23, 0x00, 0x23, 0x00, 0x23, 0x00, 0x23, 0x00,
    0x23, 0x00, 0x23, 0x00, 0x23, 0x00, 0x23, 0x00, 0x23, 0x00, 0x23, 0x00, 0x23, 0x00, 0x23, 0x00,
    0x23, 0x00, 0x23, 0x00, 0x23, 0x00, 0x23, 0x00, 0x23, 0x00, 0x23, 0x00, 0x23, 0x00, 0x23, 0x00,
    0x23, 0x00, 0x23, 0x00, 0x23, 0x00, 0x23, 0x00, 0x23, 0x00, 0x23, 0x00, 0x23, 0x00, 0x23, 0x00,
    0x23, 0x00, 0x23, 0x00, 0x23, 0x00, 0x23, 0x00, 0x23, 0x00, 0x23, 0x00, 0x23, 0x00, 0x23, 0x00,
    0x23, 0x00, 0x23, 0x00, 0x23, 0x00, 0x23, 0x00, 0x23, 0x00, 0x23, 0x00, 0x23, 0x00, 0x23, 0x00,
    0x23, 0x00, 0x23, 0x00, 0x23, 0x00, 0x23, 0x00, 0x23, 0x00, 0x23, 0x00, 0x23, 0x00, 0x23, 0x00,
    0x23, 0x00, 0x23, 0x00, 0x23, 0x00, 0x23, 0x00, 0x23, 0x00, 0x23, 0x00, 0x23, 0x00, 0x23, 0x00,
    0x23, 0x00, 0x23, 0x00, 0x23, 0x00, 0x23, 0x00, 0x23, 0x00, 0x23, 0x00, 0x23, 0x00, 0x23, 0x00,
    0x23, 0x00, 0x23, 0x00, 0x23, 0x00, 0x23, 0x00, 0x23, 0x00, 0x23, 0x00, 0x23, 0x00, 0x23, 0x00,
    0x23, 0x00, 0x23, 0x00, 0x23, 0x00, 0x23, 0x00, 0x23, 0x00, 0x23, 0x00, 0x23, 0x00, 0x23, 0x00,
    0x23, 0x00, 0x23, 0x00, 0x23, 0x00, 0x23, 0x00, 0x23, 0x00, 0x23, 0x00, 0x23, 0x00, 0x23, 0x00,
    0x23, 0x00, 0x23, 0x00, 0x23, 0x00, 0x23, 0x00, 0x23, 0x00, 0x23, 0x00, 0x23, 0x00, 0x23, 0x00,
    0x23, 0x00, 0x23, 0x00, 0x23, 0x00, 0x23, 0x00, 0x23, 0x00, 0x23, 0x00, 0x23, 0x00, 0x23, 0x00,
    0x23, 0x00, 0x23, 0x00, 0x23, 0x00, 0x23, 0x00, 0x23, 0x00, 0x23, 0x00, 0x23, 0x00, 0x23, 0x00,
    0x23, 0x00, 0x23, 0x00, 0x23, 0x00, 0x23, 0x00, 0x23, 0x00, 0x23, 0x00, 0x23, 0x00, 0x23, 0x00,
    0x23, 0x00, 0x23, 0x00, 0x23, 0x00, 0x23, 0x00, 0x23, 0x00, 0x23, 0x00, 0x23, 0x00, 0x23, 0x00,
    0x23, 0x00, 0x23, 0x00, 0x23, 0x00, 0x23, 0x00, 0x23, 0x00, 0x23, 0x00, 0x23, 0x00, 0x23, 0x00,
    0x23, 0x00, 0x23, 0x00, 0x23, 0x00, 0x23, 0x00, 0x23, 0x00, 0x23, 0x00, 0x23, 0x00, 0x23, 0x00,
    0x23, 0x00, 0x23, 0x00, 0x23, 0x00, 0x23, 0x00, 0x23, 0x00, 0x23, 0x00, 0x23, 0x00, 0x23, 0x00,
    0x23, 0x00, 0x23, 0x00, 0x23, 0x00, 0x23, 0x00, 0x23, 0x00, 0x23, 0x00, 0x23, 0x00, 0x23, 0x00,
    0x23, 0x00, 0x23, 0x00, 0x23, 0x00, 0x23, 0x00, 0x23, 0x00, 0x23, 0x00, 0x23, 0x00, 0x23, 0x00,
    0x23, 0x00, 0x23, 0x00, 0x23, 0x00, 0x23, 0x00, 0x8a, 0x00, 0xe8, 0x00, 0x23, 0x00, 0x23, 0x00,
    0x23, 0x00, 0x51, 0x01, 0x51, 0x01, 0x00, 0x00, 0x00, 0x00, 0x00, 0x00, 0x00, 0x00, 0x00, 0x00,
    0x00, 0x00, 0x8a, 0x00, 0xe8, 0x00, 0x00, 0x00, 0x00, 0x00, 0x00, 0x00, 0x00, 0x00, 0x00, 0x00,
    0x46, 0x00, 0x0c, 0x01, 0x23, 0x00, 0x00, 0x00, 0x00, 0x00, 0x00, 0x00, 0x00, 0x00, 0x00, 0x00,
    0x00, 0x00, 0x00, 0x00, 0x00, 0x00, 0x00, 0x00, 0x00, 0x00, 0x00, 0x00, 0x00, 0x00, 0x51, 0x01,
    0xef, 0x00, 0x23, 0x00, 0x23, 0x00, 0x23, 0x00, 0x46, 0x00, 0x8a, 0x00, 0x23, 0x00, 0x23, 0x00,
    0x23, 0x00, 0x23, 0x00, 0x23, 0x00, 0x23, 0x00, 0x23, 0x00, 0x23, 0x00, 0x23, 0x00, 0x23, 0x00,
    0x23, 0x00, 0x23, 0x00, 0x23, 0x00, 0x23, 0x00, 0x23, 0x00, 0x23, 0x00, 0x23, 0x00, 0x23, 0x00,
    0x23, 0x00, 0x23, 0x00, 0x23, 0x00, 0x23, 0x00, 0x23, 0x00, 0x23, 0x00, 0x23, 0x00, 0x23, 0x00,
    0x23, 0x00, 0x23, 0x00, 0x23, 0x00, 0x23, 0x00, 0x23, 0x00, 0x23, 0x00, 0x23, 0x00, 0x23, 0x00,
    0x23, 0x00, 0x23, 0x00, 0x23, 0x00, 0x23, 0x00, 0x23, 0x00, 0x23, 0x00, 0x23, 0x00, 0x23, 0x00,
    0x23, 0x00, 0x23, 0x00, 0x23, 0x00, 0x23, 0x00, 0x23, 0x00, 0x23, 0x00, 0x23, 0x00, 0x23, 0x00,
    0x23, 0x00, 0x23, 0x00, 0x23, 0x00, 0x23, 0x00, 0x23, 0x00, 0x23, 0x00, 0x23, 0x00, 0x23, 0x00,
    0x23, 0x00, 0x23, 0x00, 0x23, 0x00, 0x23, 0x00, 0x23, 0x00, 0x23, 0x00, 0x23, 0x00, 0x23, 0x00,
    0x23, 0x00, 0x23, 0x00, 0x23, 0x00, 0x23, 0x00, 0x23, 0x00, 0x23, 0x00, 0x23, 0x00, 0x23, 0x00,
    0x23, 0x00, 0x23, 0x00, 0x23, 0x00, 0x23, 0x00, 0x23, 0x00, 0x23, 0x00, 0x23, 0x00, 0x23, 0x00,
    0x23, 0x00, 0x23, 0x00, 0x23, 0x00, 0x23, 0x00, 0x23, 0x00, 0x23, 0x00, 0x23, 0x00, 0x23, 0x00,
    0x23, 0x00, 0x23, 0x00, 0x23, 0x00, 0x23, 0x00, 0x23, 0x00, 0x23, 0x00, 0x23, 0x00, 0x23, 0x00,
    0x23, 0x00, 0x23, 0x00, 0x23, 0x00, 0x23, 0x00, 0x23, 0x00, 0x23, 0x00, 0x23, 0x00, 0x23, 0x00,
    0x23, 0x00, 0x23, 0x00, 0x23, 0x00, 0x23, 0x00, 0x23, 0x00, 0x23, 0x00, 0x23, 0x00, 0x23, 0x00,
    0x23, 0x00, 0x23, 0x00, 0x23, 0x00, 0x23, 0x00, 0x23, 0x00, 0x23, 0x00, 0x23, 0x00, 0x23, 0x00,
    0x23, 0x00, 0x23, 0x00, 0x23, 0x00, 0x23, 0x00, 0x23, 0x00, 0x23, 0x00, 0x23, 0x00, 0x23, 0x00,
    0x23, 0x00, 0x23, 0x00, 0x23, 0x00, 0x23, 0x00, 0x23, 0x00, 0x23, 0x00, 0x23, 0x00, 0x23, 0x00,
    0x23, 0x00, 0x23, 0x00, 0x23, 0x00, 0x23, 0x00, 0x23, 0x00, 0x23, 0x00, 0x23, 0x00, 0x23, 0x00,
    0x23, 0x00, 0x23, 0x00, 0x23, 0x00, 0x23, 0x00, 0x23, 0x00, 0x23, 0x00, 0x23, 0x00, 0x23, 0x00,
    0x23, 0x00, 0x23, 0x00, 0x23, 0x00, 0x23, 0x00, 0x23, 0x00, 0x23, 0x00, 0x23, 0x00, 0x23, 0x00,
    0x23, 0x00, 0x23, 0x00, 0x23, 0x00, 0x23, 0x00, 0x23, 0x00, 0x23, 0x00, 0x23, 0x00, 0x23, 0x00,
    0x23, 0x00, 0x23, 0x00, 0x23, 0x00, 0x23, 0x00, 0x23, 0x00, 0x23, 0x00, 0x23, 0x00, 0x23, 0x00,
    0x23, 0x00, 0x23, 0x00, 0x23, 0x00, 0x23, 0x00, 0x23, 0x00, 0x23, 0x00, 0x23, 0x00, 0x23, 0x00,
    0x23, 0x00, 0x23, 0x00, 0x23, 0x00, 0x23, 0x00, 0x23, 0x00, 0x23, 0x00, 0x23, 0x00, 0x23, 0x00,
    0x23, 0x00, 0x23, 0x00, 0x23, 0x00, 0x23, 0x00, 0x8a, 0x00, 0x8a, 0x00, 0x23, 0x00, 0x23, 0x00,
    0x23, 0x00, 0x51, 0x01, 0x51, 0x01, 0x00, 0x00, 0x00, 0x00, 0x00, 0x00, 0x00, 0x00, 0x00, 0x00,
    0x00, 0x00, 0x8a, 0x00, 0xe8, 0x00, 0x00, 0x00, 0x00, 0x00, 0x23, 0x00, 0x00, 0x00, 0x00, 0x00,
    0x46, 0x00, 0x0c, 0x01, 0x23, 0x00, 0x00, 0x00, 0x00, 0x00, 0x00, 0x00, 0x00, 0x00, 0x00, 0x00,
    0x00, 0x00, 0x00, 0x00, 0x00, 0x00, 0x00, 0x00, 0x00, 0x00, 0x00, 0x00, 0x00, 0x00, 0x51, 0x01,
    0xef, 0x00, 0x23, 0x00, 0x23, 0x00, 0x23, 0x00, 0x46, 0x00, 0x8a, 0x00, 0x23, 0x00, 0x23, 0x00,
    0x23, 0x00, 0x23, 0x00, 0x23, 0x00, 0x23, 0x00, 0x23, 0x00, 0x23, 0x00, 0x23, 0x00, 0x23, 0x00,
    0x23, 0x00, 0x23, 0x00, 0x23, 0x00, 0x23, 0x00, 0x23, 0x00, 0x23, 0x00, 0x23, 0x00, 0x23, 0x00,
    0x23, 0x00, 0x23, 0x00, 0x23, 0x00, 0x23, 0x00, 0x23, 0x00, 0x23, 0x00, 0x23, 0x00, 0x23, 0x00,
    0x23, 0x00, 0x23, 0x00, 0x23, 0x00, 0x23, 0x00, 0x23, 0x00, 0x23, 0x00, 0x23, 0x00, 0x23, 0x00,
    0x23, 0x00, 0x23, 0x00, 0x23, 0x00, 0x23, 0x00, 0x23, 0x00, 0x23, 0x00, 0x23, 0x00, 0x23, 0x00,
    0x23, 0x00, 0x23, 0x00, 0x23, 0x00, 0x23, 0x00, 0x23, 0x00, 0x23, 0x00, 0x23, 0x00, 0x23, 0x00,
    0x23, 0x00, 0x23, 0x00, 0x23, 0x00, 0x23, 0x00, 0x23, 0x00, 0x23, 0x00, 0x23, 0x00, 0x23, 0x00,
    0x23, 0x00, 0x23, 0x00, 0x23, 0x00, 0x23, 0x00, 0x23, 0x00, 0x23, 0x00, 0x23, 0x00, 0x23, 0x00,
    0x23, 0x00, 0x23, 0x00, 0x23, 0x00, 0x23, 0x00, 0x23, 0x00, 0x23, 0x00, 0x23, 0x00, 0x23, 0x00,
    0x23, 0x00, 0x23, 0x00, 0x23, 0x00, 0x23, 0x00, 0x23, 0x00, 0x23, 0x00, 0x23, 0x00, 0x23, 0x00,
    0x23, 0x00, 0x23, 0x00, 0x23, 0x00, 0x23, 0x00, 0x23, 0x00, 0x23, 0x00, 0x23, 0x00, 0x23, 0x00,
    0x23, 0x00, 0x23, 0x00, 0x23, 0x00, 0x23, 0x00, 0x23, 0x00, 0x23, 0x00, 0x23, 0x00, 0x23, 0x00,
    0x23, 0x00, 0x23, 0x00, 0x23, 0x00, 0x23, 0x00, 0x23, 0x00, 0x23, 0x00, 0x23, 0x00, 0x23, 0x00,
    0x23, 0x00, 0x23, 0x00, 0x23, 0x00, 0x23, 0x00, 0x23, 0x00, 0x23, 0x00, 0x23, 0x00, 0x23, 0x00,
    0x23, 0x00, 0x23, 0x00, 0x23, 0x00, 0x23, 0x00, 0x23, 0x00, 0x23, 0x00, 0x23, 0x00, 0x23, 0x00,
    0x23, 0x00, 0x23, 0x00, 0x23, 0x00, 0x23, 0x00, 0x23, 0x00, 0x23, 0x00, 0x23, 0x00, 0x23, 0x00,
    0x23, 0x00, 0x23, 0x00, 0x23, 0x00, 0x23, 0x00, 0x23, 0x00, 0x23, 0x00, 0x23, 0x00, 0x23, 0x00,
    0x23, 0x00, 0x23, 0x00, 0x23, 0x00, 0x23, 0x00, 0x23, 0x00, 0x23, 0x00, 0x23, 0x00, 0x23, 0x00,
    0x23, 0x00, 0x23, 0x00, 0x23, 0x00, 0x23, 0x00, 0x23, 0x00, 0x23, 0x00, 0x23, 0x00, 0x23, 0x00,
    0x23, 0x00, 0x23, 0x00, 0x23, 0x00, 0x23, 0x00, 0x23, 0x00, 0x23, 0x00, 0x23, 0x00, 0x23, 0x00,
    0x23, 0x00, 0x23, 0x00, 0x23, 0x00, 0x23, 0x00, 0x23, 0x00, 0x23, 0x00, 0x23, 0x00, 0x46, 0x00,
    0x46, 0x00, 0x46, 0x00, 0x46, 0x00, 0x46, 0x00, 0x46, 0x00, 0x46, 0x00, 0x46, 0x00, 0x46, 0x00,
    0x46, 0x00, 0x46, 0x00, 0x46, 0x00, 0x46, 0x00, 0x46, 0x00, 0x46, 0x00, 0x46, 0x00, 0x46, 0x00,
    0x46, 0x00, 0x23, 0x00, 0x46, 0x00, 0x23, 0x00, 0x0c, 0x01, 0x0c, 0x01, 0x23, 0x00, 0x23, 0x00,
    0x23, 0x00, 0x23, 0x00, 0x23, 0x00, 0x23, 0x00, 0x8a, 0x00, 0xe8, 0x00, 0x23, 0x00, 0x23, 0x00,
    0x23, 0x00, 0x51, 0x01, 0x51, 0x01, 0x00, 0x00, 0x00, 0x00, 0x00, 0x00, 0x00, 0x00, 0x00, 0x00,
    0x00, 0x00, 0x8a, 0x00, 0xe8, 0x00, 0x00, 0x00, 0x46, 0x00, 0x33, 0x01, 0xef, 0x00, 0x00, 0x00,
    0x46, 0x00, 0x0c, 0x01, 0x23, 0x00, 0x00, 0x00, 0x00, 0x00, 0x00, 0x00, 0x00, 0x00, 0x00, 0x00,
    0x00, 0x00, 0x00, 0x00, 0x00, 0x00, 0x00, 0x00, 0x00, 0x00, 0x00, 0x00, 0x00, 0x00, 0x51, 0x01,
    0xef, 0x00, 0x23, 0x00, 0x23, 0x00, 0x23, 0x00, 0x46, 0x00, 0x8a, 0x00, 0x23, 0x00, 0x23, 0x00,
    0x23, 0x00, 0x23, 0x00, 0x23, 0x00, 0x23, 0x00, 0x23, 0x00, 0x23, 0x00, 0x23, 0x00, 0x23, 0x00,
    0x23, 0x00, 0x23, 0x00, 0x23, 0x00, 0x23, 0x00, 0x23, 0x00, 0x23, 0x00, 0x23, 0x00, 0x23, 0x00,
    0x23, 0x00, 0x23, 0x00, 0x23, 0x00, 0x23, 0x00, 0x23, 0x00, 0x23, 0x00, 0x23, 0x00, 0x23, 0x00,
    0x23, 0x00, 0x23, 0x00, 0x23, 0x00, 0x23, 0x00, 0x23, 0x00, 0x23, 0x00, 0x23, 0x00, 0x23, 0x00,
    0x23, 0x00, 0x23, 0x00, 0x23, 0x00, 0x23, 0x00, 0x23, 0x00, 0x23, 0x00, 0x23, 0x00, 0x23, 0x00,
    0x23, 0x00, 0x23, 0x00, 0x23, 0x00, 0x23, 0x00, 0x23, 0x00, 0x23, 0x00, 0x23, 0x00, 0x23, 0x00,
    0x23, 0x00, 0x23, 0x00, 0x23, 0x00, 0x23, 0x00, 0x23, 0x00, 0x23, 0x00, 0x23, 0x00, 0x23, 0x00,
    0x23, 0x00, 0x23, 0x00, 0x23, 0x00, 0x23, 0x00, 0x23, 0x00, 0x23, 0x00, 0x23, 0x00, 0x23, 0x00,
    0x23, 0x00, 0x23, 0x00, 0x23, 0x00, 0x23, 0x00, 0x23, 0x00, 0x23, 0x00, 0x23, 0x00, 0x23, 0x00,
    0x23, 0x00, 0x23, 0x00, 0x23, 0x00, 0x23, 0x00, 0x23, 0x00, 0x23, 0x00, 0x23, 0x00, 0x23, 0x00,
    0x23, 0x00, 0x23, 0x00, 0x23, 0x00, 0x23, 0x00, 0x23, 0x00, 0x23, 0x00, 0x23, 0x00, 0x23, 0x00,
    0x23, 0x00, 0x23, 0x00, 0x23, 0x00, 0x23, 0x00, 0x23, 0x00, 0x23, 0x00, 0x23, 0x00, 0x23, 0x00,
    0x23, 0x00, 0x23, 0x00, 0x23, 0x00, 0x23, 0x00, 0x23, 0x00, 0x23, 0x00, 0x23, 0x00, 0x23, 0x00,
    0x23, 0x00, 0x23, 0x00, 0x23, 0x00, 0x23, 0x00, 0x23, 0x00, 0x23, 0x00, 0x23, 0x00, 0x23, 0x00,
    0x23, 0x00, 0x23, 0x00, 0x23, 0x00, 0x23, 0x00, 0x23, 0x00, 0x23, 0x00, 0x23, 0x00, 0x23, 0x00,
    0x23, 0x00, 0x23, 0x00, 0x23, 0x00, 0x23, 0x00, 0x23, 0x00, 0x23, 0x00, 0x23, 0x00, 0x23, 0x00,
    0x23, 0x00, 0x23, 0x00, 0x23, 0x00, 0x23, 0x00, 0x23, 0x00, 0x23, 0x00, 0x23, 0x00, 0x23, 0x00,
    0x23, 0x00, 0x23, 0x00, 0x23, 0x00, 0x23, 0x00, 0x23, 0x00, 0x23, 0x00, 0x23, 0x00, 0x23, 0x00,
    0x23, 0x00, 0x23, 0x00, 0x23, 0x00, 0x23, 0x00, 0x23, 0x00, 0x23, 0x00, 0x23, 0x00, 0x23, 0x00,
    0x23, 0x00, 0x23, 0x00, 0x23, 0x00, 0x23, 0x00, 0x23, 0x00, 0x23, 0x00, 0x23, 0x00, 0x23, 0x00,
    0x23, 0x00, 0x23, 0x00, 0x23, 0x00, 0x23, 0x00, 0x23, 0x00, 0x23, 0x00, 0x46, 0x00, 0x8a, 0x00,
    0xe8, 0x00, 0xe8, 0x00, 0xe8, 0x00, 0x46, 0x00, 0xe8, 0x00, 0xe8, 0x00, 0xe8, 0x00, 0x8a, 0x00,
    0xe8, 0x00, 0xe8, 0x00, 0x46, 0x00, 0x46, 0x00, 0xe8, 0x00, 0x46, 0x00, 0xe8, 0x00, 0xe8, 0x00,
    0xe8, 0x00, 0x46, 0x00, 0x46, 0x00, 0x46, 0x00, 0x51, 0x01, 0x51, 0x01, 0x23, 0x00, 0x23, 0x00,
    0x23, 0x00, 0x23, 0x00, 0x23, 0x00, 0x23, 0x00, 0x8a, 0x00, 0x8a, 0x00, 0x23, 0x00, 0x23, 0x00,
    0x23, 0x00, 0x51, 0x01, 0x51, 0x01, 0x00, 0x00, 0x00, 0x00, 0x00, 0x00, 0x00, 0x00, 0x00, 0x00,
    0x00, 0x00, 0x8a, 0x00, 0xe8, 0x00, 0x00, 0x00, 0x46, 0x00, 0xb5, 0x01, 0x33, 0x01, 0x00, 0x00,
    0x46, 0x00, 0x0c, 0x01, 0x23, 0x00, 0x00, 0x00, 0x00, 0x00, 0x00, 0x00, 0x00, 0x00, 0x00, 0x00,
    0x00, 0x00, 0x00, 0x00, 0x00, 0x00, 0x00, 0x00, 0x00, 0x00, 0x00, 0x00, 0x00, 0x00, 0x51, 0x01,
    0xef, 0x00, 0x23, 0x00, 0x23, 0x00, 0x23, 0x00, 0x46, 0x00, 0x8a, 0x00, 0x23, 0x00, 0x23, 0x00,
    0x23, 0x00, 0x23, 0x00, 0x23, 0x00, 0x23, 0x00, 0x23, 0x00, 0x23, 0x00, 0x23, 0x00, 0x23, 0x00,
    0x23, 0x00, 0x23, 0x00, 0x23, 0x00, 0x23, 0x00, 0x23, 0x00, 0x23, 0x00, 0x23, 0x00, 0x23, 0x00,
    0x23, 0x00, 0x23, 0x00, 0x23, 0x00, 0x23, 0x00, 0x23, 0x00, 0x23, 0x00, 0x23, 0x00, 0x23, 0x00,
    0x23, 0x00, 0x23, 0x00, 0x23, 0x00, 0x23, 0x00, 0x23, 0x00, 0x23, 0x00, 0x23, 0x00, 0x23, 0x00,
    0x23, 0x00, 0x23, 0x00, 0x23, 0x00, 0x23, 0x00, 0x23, 0x00, 0x23, 0x00, 0x23, 0x00, 0x23, 0x00,
    0x23, 0x00, 0x23, 0x00, 0x23, 0x00, 0x23, 0x00, 0x23, 0x00, 0x23, 0x00, 0x23, 0x00, 0x23, 0x00,
    0x23, 0x00, 0x23, 0x00, 0x23, 0x00, 0x23, 0x00, 0x23, 0x00, 0x23, 0x00, 0x23, 0x00, 0x23, 0x00,
    0x23, 0x00, 0x23, 0x00, 0x23, 0x00, 0x23, 0x00, 0x23, 0x00, 0x23, 0x00, 0x23, 0x00, 0x23, 0x00,
    0x23, 0x00, 0x23, 0x00, 0x23, 0x00, 0x23, 0x00, 0x23, 0x00, 0x23, 0x00, 0x23, 0x00, 0x23, 0x00,
    0x23, 0x00, 0x23, 0x00, 0x23, 0x00, 0x23, 0x00, 0x23, 0x00, 0x23, 0x00, 0x23, 0x00, 0x23, 0x00,
    0x23, 0x00, 0x23, 0x00, 0x23, 0x00, 0x23, 0x00, 0x23, 0x00, 0x23, 0x00, 0x23, 0x00, 0x23, 0x00,
    0x23, 0x00, 0x23, 0x00, 0x23, 0x00, 0x23, 0x00, 0x23, 0x00, 0x23, 0x00, 0x23, 0x00, 0x23, 0x00,
    0x23, 0x00, 0x23, 0x00, 0x23, 0x00, 0x23, 0x00, 0x23, 0x00, 0x23, 0x00, 0x23, 0x00, 0x23, 0x00,
    0x23, 0x00, 0x23, 0x00, 0x23, 0x00, 0x23, 0x00, 0x23, 0x00, 0x23, 0x00, 0x23, 0x00, 0x23, 0x00,
    0x23, 0x00, 0x23, 0x00, 0x23, 0x00, 0x23, 0x00, 0x23, 0x00, 0x23, 0x00, 0x23, 0x00, 0x23, 0x00,
    0x23, 0x00, 0x23, 0x00, 0x23, 0x00, 0x23, 0x00, 0x23, 0x00, 0x23, 0x00, 0x23, 0x00, 0x23, 0x00,
    0x23, 0x00, 0x23, 0x00, 0x23, 0x00, 0x23, 0x00, 0x23, 0x00, 0x23, 0x00, 0x23, 0x00, 0x23, 0x00,
    0x23, 0x00, 0x23, 0x00, 0x23, 0x00, 0x23, 0x00, 0x23, 0x00, 0x23, 0x00, 0x23, 0x00, 0x23, 0x00,
    0x23, 0x00, 0x23, 0x00, 0x23, 0x00, 0x23, 0x00, 0x23, 0x00, 0x23, 0x00, 0x23, 0x00, 0x23, 0x00,
    0x23, 0x00, 0x23, 0x00, 0x23, 0x00, 0x23, 0x00, 0x23, 0x00, 0x23, 0x00, 0x23, 0x00, 0x23, 0x00,
    0x23, 0x00, 0x23, 0x00, 0x23, 0x00, 0x23, 0x00, 0x23, 0x00, 0xe8, 0x00, 0x46, 0x00, 0x23, 0x00,
    0x23, 0x00, 0x23, 0x00, 0x23, 0x00, 0x23, 0x00, 0x23, 0x00, 0x23, 0x00, 0x23, 0x00, 0x23, 0x00,
    0x23, 0x00, 0x23, 0x00, 0x23, 0x00, 0x23, 0x00, 0x23, 0x00, 0x23, 0x00, 0x23, 0x00, 0x23, 0x00,
    0x23, 0x00, 0x23, 0x00, 0x23, 0x00, 0x23, 0x00, 0x8a, 0x00, 0x8a, 0x00, 0x23, 0x00, 0x23, 0x00,
    0x23, 0x00, 0x23, 0x00, 0x23, 0x00, 0x23, 0x00, 0xe8, 0x00, 0xe8, 0x00, 0x23, 0x00, 0x23, 0x00,
    0x23, 0x00, 0x51, 0x01, 0x51, 0x01, 0x00, 0x00, 0x00, 0x00, 0x00, 0x00, 0x00, 0x00, 0x00, 0x00,
    0x00, 0x00, 0x8a, 0x00, 0xe8, 0x00, 0x00, 0x00, 0x46, 0x00, 0xb5, 0x01, 0x51, 0x01, 0x00, 0x00,
    0x46, 0x00, 0x0c, 0x01, 0x23, 0x00, 0x00, 0x00, 0x00, 0x00, 0x00, 0x00, 0x00, 0x00, 0x00, 0x00,
    0x00, 0x00, 0x00, 0x00, 0x00, 0x00, 0x00, 0x00, 0x00, 0x00, 0x00, 0x00, 0x00, 0x00, 0x51, 0x01,
    0xef, 0x00, 0x23, 0x00, 0x23, 0x00, 0x23, 0x00, 0x46, 0x00, 0x8a, 0x00, 0x23, 0x00, 0x23, 0x00,
    0x23, 0x00, 0x23, 0x00, 0x23, 0x00, 0x23, 0x00, 0x23, 0x00, 0x23, 0x00, 0x23, 0x00, 0x23, 0x00,
    0x23, 0x00, 0x23, 0x00, 0x23, 0x00, 0x23, 0x00, 0x23, 0x00, 0x23, 0x00, 0x23, 0x00, 0x23, 0x00,
    0x23, 0x00, 0x23, 0x00, 0x23, 0x00, 0x23, 0x00, 0x23, 0x00, 0x23, 0x00, 0x23, 0x00, 0x23, 0x00,
    0x23, 0x00, 0x23, 0x00, 0x23, 0x00, 0x23, 0x00, 0x23, 0x00, 0x23, 0x00, 0x23, 0x00, 0x23, 0x00,
    0x23, 0x00, 0x23, 0x00, 0x23, 0x00, 0x23, 0x00, 0x23, 0x00, 0x23, 0x00, 0x23, 0x00, 0x23, 0x00,
    0x23, 0x00, 0x23, 0x00, 0x23, 0x00, 0x23, 0x00, 0x23, 0x00, 0x23, 0x00, 0x23, 0x00, 0x23, 0x00,
    0x23, 0x00, 0x23, 0x00, 0x23, 0x00, 0x23, 0x00, 0x23, 0x00, 0x23, 0x00, 0x23, 0x00, 0x23, 0x00,
    0x23, 0x00, 0x23, 0x00, 0x23, 0x00, 0x23, 0x00, 0x23, 0x00, 0x23, 0x00, 0x23, 0x00, 0x23, 0x00,
    0x23, 0x00, 0x23, 0x00, 0x23, 0x00, 0x23, 0x00, 0x23, 0x00, 0x23, 0x00, 0x23, 0x00, 0x23, 0x00,
    0x23, 0x00, 0x23, 0x00, 0x23, 0x00, 0x23, 0x00, 0x23, 0x00, 0x23, 0x00, 0x23, 0x00, 0x23, 0x00,
    0x23, 0x00, 0x23, 0x00, 0x23, 0x00, 0x23, 0x00, 0x23, 0x00, 0x23, 0x00, 0x23, 0x00, 0x23, 0x00,
    0x23, 0x00, 0x23, 0x00, 0x23, 0x00, 0x23, 0x00, 0x23, 0x00, 0x23, 0x00, 0x23, 0x00, 0x23, 0x00,
    0x23, 0x00, 0x23, 0x00, 0x23, 0x00, 0x23, 0x00, 0x23, 0x00, 0x23, 0x00, 0x23, 0x00, 0x23, 0x00,
    0x23, 0x00, 0x23, 0x00, 0x23, 0x00, 0x23, 0x00, 0x23, 0x00, 0x23, 0x00, 0x23, 0x00, 0x23, 0x00,
    0x23, 0x00, 0x23, 0x00, 0x23, 0x00, 0x23, 0x00, 0x23, 0x00, 0x23, 0x00, 0x23, 0x00, 0x23, 0x00,
    0x23, 0x00, 0x23, 0x00, 0x23, 0x00, 0x23, 0x00, 0x23, 0x00, 0x23, 0x00, 0x23, 0x00, 0x23, 0x00,
    0x23, 0x00, 0x23, 0x00, 0x23, 0x00, 0x23, 0x00, 0x23, 0x00, 0x23, 0x00, 0x23, 0x00, 0x23, 0x00,
    0x23, 0x00, 0x23, 0x00, 0x23, 0x00, 0x23, 0x00, 0x23, 0x00, 0x23, 0x00, 0x23, 0x00, 0x23, 0x00,
    0x23, 0x00, 0x23, 0x00, 0x23, 0x00, 0x23, 0x00, 0x23, 0x00, 0x23, 0x00, 0x23, 0x00, 0x23, 0x00,
    0x23, 0x00, 0x23, 0x00, 0x23, 0x00, 0x23, 0x00, 0x23, 0x00, 0x23, 0x00, 0x23, 0x00, 0x23, 0x00,
    0x23, 0x00, 0x23, 0x00, 0x23, 0x00, 0x23, 0x00, 0x8a, 0x00, 0x8a, 0x00, 0x23, 0x00, 0x23, 0x00,
    0x23, 0x00, 0x23, 0x00, 0x23, 0x00, 0x23, 0x00, 0x23, 0x00, 0x23, 0x00, 0x23, 0x00, 0x23, 0x00,
    0x23, 0x00, 0x23, 0x00, 0x23, 0x00, 0x23, 0x00, 0x23, 0x00, 0x23, 0x00, 0x23, 0x00, 0x23, 0x00,
    0x23, 0x00, 0x23, 0x00, 0x23, 0x00, 0x23, 0x00, 0x23, 0x00, 0x23, 0x00, 0x23, 0x00, 0x23, 0x00,
    0x23, 0x00, 0x23, 0x00, 0x23, 0x00, 0x23, 0x00, 0xe8, 0x00, 0x8a, 0x00, 0x23, 0x00, 0x23, 0x00,
    0x23, 0x00, 0x51, 0x01, 0x51, 0x01, 0x00, 0x00, 0x00, 0x00, 0x00, 0x00, 0x00, 0x00, 0x00, 0x00,
    0x00, 0x00, 0x8a, 0x00, 0xe8, 0x00, 0x00, 0x00, 0xe8, 0x00, 0xb5, 0x01, 0x51, 0x01, 0x00, 0x00,
    0x46, 0x00, 0x0c, 0x01, 0x23, 0x00, 0x00, 0x00, 0x00, 0x00, 0x00, 0x00, 0x00, 0x00, 0x00, 0x00,
    0x00, 0x00, 0x00, 0x00, 0x00, 0x00, 0x00, 0x00, 0x00, 0x00, 0x00, 0x00, 0x00, 0x00, 0x51, 0x01,
    0xef, 0x00, 0x23, 0x00, 0x23, 0x00, 0x23, 0x00, 0x46, 0x00, 0x8a, 0x00, 0x23, 0x00, 0x23, 0x00,
    0x23, 0x00, 0x23, 0x00, 0x23, 0x00, 0x23, 0x00, 0x23, 0x00, 0x23, 0x00, 0x23, 0x00, 0x23, 0x00,
    0x23, 0x00, 0x23, 0x00, 0x23, 0x00, 0x23, 0x00, 0x23, 0x00, 0x23, 0x00, 0x23, 0x00, 0x23, 0x00,
    0x23, 0x00, 0x23, 0x00, 0x23, 0x00, 0x23, 0x00, 0x23, 0x00, 0x23, 0x00, 0x23, 0x00, 0x23, 0x00,
    0x23, 0x00, 0x23, 0x00, 0x23, 0x00, 0x23, 0x00, 0x23, 0x00, 0x23, 0x00, 0x23, 0x00, 0x23, 0x00,
    0x23, 0x00, 0x23, 0x00, 0x23, 0x00, 0x23, 0x00, 0x23, 0x00, 0x23, 0x00, 0x23, 0x00, 0x23, 0x00,
    0x23, 0x00, 0x23, 0x00, 0x23, 0x00, 0x23, 0x00, 0x23, 0x00, 0x23, 0x00, 0x23, 0x00, 0x23, 0x00,
    0x23, 0x00, 0x23, 0x00, 0x23, 0x00, 0x23, 0x00, 0x23, 0x00, 0x23, 0x00, 0x23, 0x00, 0x23, 0x00,
    0x23, 0x00, 0x23, 0x00, 0x23, 0x00, 0x23, 0x00, 0x23, 0x00, 0x23, 0x00, 0x23, 0x00, 0x23, 0x00,
    0x23, 0x00, 0x23, 0x00, 0x23, 0x00, 0x23, 0x00, 0x23, 0x00, 0x23, 0x00, 0x23, 0x00, 0x23, 0x00,
    0x23, 0x00, 0x23, 0x00, 0x23, 0x00, 0x23, 0x00, 0x23, 0x00, 0x23, 0x00, 0x23, 0x00, 0x23, 0x00,
    0x23, 0x00, 0x23, 0x00, 0x23, 0x00, 0x23, 0x00, 0x23, 0x00, 0x23, 0x00, 0x23, 0x00, 0x23, 0x00,
    0x23, 0x00, 0x23, 0x00, 0x23, 0x00, 0x23, 0x00, 0x23, 0x00, 0x23, 0x00, 0x23, 0x00, 0x23, 0x00,
    0x23, 0x00, 0x23, 0x00, 0x23, 0x00, 0x23, 0x00, 0x23, 0x00, 0x23, 0x00, 0x23, 0x00, 0x23, 0x00,
    0x23, 0x00, 0x23, 0x00, 0x23, 0x00, 0x23, 0x00, 0x23, 0x00, 0x23, 0x00, 0x23, 0x00, 0x23, 0x00,
    0x23, 0x00, 0x23, 0x00, 0x23, 0x00, 0x23, 0x00, 0x23, 0x00, 0x23, 0x00, 0x23, 0x00, 0x23, 0x00,
    0x23, 0x00, 0x23, 0x00, 0x23, 0x00, 0x23, 0x00, 0x23, 0x00, 0x23, 0x00, 0x23, 0x00, 0x23, 0x00,
    0x23, 0x00, 0x23, 0x00, 0x23, 0x00, 0x23, 0x00, 0x23, 0x00, 0x23, 0x00, 0x23, 0x00, 0x23, 0x00,
    0x23, 0x00, 0x23, 0x00, 0x23, 0x00, 0x23, 0x00, 0x23, 0x00, 0x23, 0x00, 0x23, 0x00, 0x23, 0x00,
    0x23, 0x00, 0x23, 0x00, 0x23, 0x00, 0x23, 0x00, 0x23, 0x00, 0x23, 0x00, 0x23, 0x00, 0x23, 0x00,
    0x23, 0x00, 0x23, 0x00, 0x23, 0x00, 0x23, 0x00, 0x23, 0x00, 0x23, 0x00, 0x23, 0x00, 0x23, 0x00,
    0x23, 0x00, 0x23, 0x00, 0x23, 0x00, 0xe8, 0x00, 0x46, 0x00, 0x23, 0x00, 0x23, 0x00, 0x23, 0x00,
    0x23, 0x00, 0x23, 0x00, 0x23, 0x00, 0x23, 0x00, 0x23, 0x00, 0x23, 0x00, 0x23, 0x00, 0x23, 0x00,
    0x23, 0x00, 0x23, 0x00, 0x23, 0x00, 0x23, 0x00, 0x23, 0x00, 0x23, 0x00, 0x23, 0x00, 0x23, 0x00,
    0x23, 0x00, 0x23, 0x00, 0x23, 0x00, 0x23, 0x00, 0xe8, 0x00, 0x8a, 0x00, 0x23, 0x00, 0x23, 0x00,
    0x23, 0x00, 0x23, 0x00, 0x23, 0x00, 0x23, 0x00, 0xe8, 0x00, 0x8a, 0x00, 0x23, 0x00, 0x23, 0x00,
    0x23, 0x00, 0x51, 0x01, 0x51, 0x01, 0x00, 0x00, 0x00, 0x00, 0x00, 0x00, 0x00, 0x00, 0x00, 0x00,
    0x00, 0x00, 0x8a, 0x00, 0xe8, 0x00, 0x00, 0x00, 0xe8, 0x00, 0x19, 0x02, 0x51, 0x01, 0x00, 0x00,
    0x46, 0x00, 0x0c, 0x01, 0x23, 0x00, 0x00, 0x00, 0x00, 0x00, 0x00, 0x00, 0x00, 0x00, 0x00, 0x00,
    0x00, 0x00, 0x00, 0x00, 0x00, 0x00, 0x00, 0x00, 0x00, 0x00, 0x00, 0x00, 0x00, 0x00, 0x51, 0x01,
    0xef, 0x00, 0x23, 0x00, 0x23, 0x00, 0x23, 0x00, 0x23, 0x00, 0x46, 0x00, 0x23, 0x00, 0x23, 0x00,
    0x23, 0x00, 0x23, 0x00, 0x23, 0x00, 0x23, 0x00, 0x23, 0x00, 0x23, 0x00, 0x23, 0x00, 0x23, 0x00,
    0x23, 0x00, 0x23, 0x00, 0x23, 0x00, 0x23, 0x00, 0x23, 0x00, 0x23, 0x00, 0x23, 0x00, 0x23, 0x00,
    0x23, 0x00, 0x23, 0x00, 0x23, 0x00, 0x23, 0x00, 0x23, 0x00, 0x23, 0x00, 0x23, 0x00, 0x23, 0x00,
    0x23, 0x00, 0x23, 0x00, 0x23, 0x00, 0x23, 0x00, 0x23, 0x00, 0x23, 0x00, 0x23, 0x00, 0x23, 0x00,
    0x23, 0x00, 0x23, 0x00, 0x23, 0x00, 0x23, 0x00, 0x23, 0x00, 0x23, 0x00, 0x23, 0x00, 0x23, 0x00,
    0x23, 0x00, 0x23, 0x00, 0x23, 0x00, 0x23, 0x00, 0x23, 0x00, 0x23, 0x00, 0x23, 0x00, 0x23, 0x00,
    0x23, 0x00, 0x23, 0x00, 0x23, 0x00, 0x23, 0x00, 0x23, 0x00, 0x23, 0x00, 0x23, 0x00, 0x23, 0x00,
    0x23, 0x00, 0x23, 0x00, 0x23, 0x00, 0x23, 0x00, 0x23, 0x00, 0x23, 0x00, 0x23, 0x00, 0x23, 0x00,
    0x23, 0x00, 0x23, 0x00, 0x23, 0x00, 0x23, 0x00, 0x23, 0x00, 0x23, 0x00, 0x23, 0x00, 0x23, 0x00,
    0x23, 0x00, 0x23, 0x00, 0x23, 0x00, 0x23, 0x00, 0x23, 0x00, 0x23, 0x00, 0x23, 0x00, 0x23, 0x00,
    0x23, 0x00, 0x23, 0x00, 0x23, 0x00, 0x23, 0x00, 0x23, 0x00, 0x23, 0x00, 0x23, 0x00, 0x23, 0x00,
    0x23, 0x00, 0x23, 0x00, 0x23, 0x00, 0x23, 0x00, 0x23, 0x00, 0x23, 0x00, 0x23, 0x00, 0x23, 0x00,
    0x23, 0x00, 0x23, 0x00, 0x23, 0x00, 0x23, 0x00, 0x23, 0x00, 0x23, 0x00, 0x23, 0x00, 0x23, 0x00,
    0x23, 0x00, 0x23, 0x00, 0x23, 0x00, 0x23, 0x00, 0x23, 0x00, 0x23, 0x00, 0x23, 0x00, 0x23, 0x00,
    0x23, 0x00, 0x23, 0x00, 0x23, 0x00, 0x23, 0x00, 0x23, 0x00, 0x23, 0x00, 0x23, 0x00, 0x23, 0x00,
    0x23, 0x00, 0x23, 0x00, 0x23, 0x00, 0x23, 0x00, 0x23, 0x00, 0x23, 0x00, 0x23, 0x00, 0x23, 0x00,
    0x23, 0x00, 0x23, 0x00, 0x23, 0x00, 0x23, 0x00, 0x23, 0x00, 0x23, 0x00, 0x23, 0x00, 0x23, 0x00,
    0x23, 0x00, 0x23, 0x00, 0x23, 0x00, 0x23, 0x00, 0x23, 0x00, 0x23, 0x00, 0x23, 0x00, 0x23, 0x00,
    0x23, 0x00, 0x23, 0x00, 0x23, 0x00, 0x23, 0x00, 0xe8, 0x00, 0x46, 0x00, 0x8a, 0x00, 0x8a, 0x00,
    0x8a, 0x00, 0x8a, 0x00, 0x8a, 0x00, 0xe8, 0x00, 0x46, 0x00, 0x46, 0x00, 0xe8, 0x00, 0x8a, 0x00,
    0x8a, 0x00, 0x46, 0x00, 0x8a, 0x00, 0x46, 0x00, 0x23, 0x00, 0x23, 0x00, 0x23, 0x00, 0x23, 0x00,
    0x23, 0x00, 0x46, 0x00, 0xe8, 0x00, 0x8a, 0x00, 0x8a, 0x00, 0x8a, 0x00, 0x46, 0x00, 0x46, 0x00,
    0xe8, 0x00, 0x8a, 0x00, 0x8a, 0x00, 0xe8, 0x00, 0x8a, 0x00, 0xe8, 0x00, 0x8a, 0x00, 0x46, 0x00,
    0x8a, 0x00, 0x8a, 0x00, 0x8a, 0x00, 0x23, 0x00, 0x0c, 0x01, 0xef, 0x00, 0x23, 0x00, 0x23, 0x00,
    0x23, 0x00, 0x23, 0x00, 0x23, 0x00, 0x23, 0x00, 0xe8, 0x00, 0x8a, 0x00, 0x23, 0x00, 0x23, 0x00,
    0x23, 0x00, 0x51, 0x01, 0x51, 0x01, 0x00, 0x00, 0x00, 0x00, 0x00, 0x00, 0x00, 0x00, 0x00, 0x00,
    0x00, 0x00, 0x8a, 0x00, 0xe8, 0x00, 0x00, 0x00, 0x23, 0x00, 0xe8, 0x00, 0x46, 0x00, 0x00, 0x00,
    0x46, 0x00, 0x0c, 0x01, 0x23, 0x00, 0x00, 0x00, 0x00, 0x00, 0x00, 0x00, 0x00, 0x00, 0x00, 0x00,
    0x00, 0x00, 0x00, 0x00, 0x00, 0x00, 0x00, 0x00, 0x00, 0x00, 0x00, 0x00, 0x00, 0x00, 0x51, 0x01,
    0xef, 0x00, 0x23, 0x00, 0x23, 0x00, 0x23, 0x00, 0x23, 0x00, 0x23, 0x00, 0x23, 0x00, 0x23, 0x00,
    0x23, 0x00, 0x23, 0x00, 0x23, 0x00, 0x23, 0x00, 0x23, 0x00, 0x23, 0x00, 0x23, 0x00, 0x23, 0x00,
    0x23, 0x00, 0x23, 0x00, 0x23, 0x00, 0x23, 0x00, 0x23, 0x00, 0x23, 0x00, 0x23, 0x00, 0x23, 0x00,
    0x23, 0x00, 0x23, 0x00, 0x23, 0x00, 0x23, 0x00, 0x23, 0x00, 0x23, 0x00, 0x23, 0x00, 0x23, 0x00,
    0x23, 0x00, 0x23, 0x00, 0x23, 0x00, 0x23, 0x00, 0x23, 0x00, 0x23, 0x00, 0x23, 0x00, 0x23, 0x00,
    0x23, 0x00, 0x23, 0x00, 0x23, 0x00, 0x23, 0x00, 0x23, 0x00, 0x23, 0x00, 0x23, 0x00, 0x23, 0x00,
    0x23, 0x00, 0x23, 0x00, 0x23, 0x00, 0x23, 0x00, 0x23, 0x00, 0x23, 0x00, 0x23, 0x00, 0x23, 0x00,
    0x23, 0x00, 0x23, 0x00, 0x23, 0x00, 0x23, 0x00, 0x23, 0x00, 0x23, 0x00, 0x23, 0x00, 0x23, 0x00,
    0x23, 0x00, 0x23, 0x00, 0x23, 0x00, 0x23, 0x00, 0x23, 0x00, 0x23, 0x00, 0x23, 0x00, 0x23, 0x00,
    0x23, 0x00, 0x23, 0x00, 0x23, 0x00, 0x23, 0x00, 0x23, 0x00, 0x23, 0x00, 0x23, 0x00, 0x23, 0x00,
    0x23, 0x00, 0x23, 0x00, 0x23, 0x00, 0x23, 0x00, 0x23, 0x00, 0x23, 0x00, 0x23, 0x00, 0x23, 0x00,
    0x23, 0x00, 0x23, 0x00, 0x23, 0x00, 0x23, 0x00, 0x23, 0x00, 0x23, 0x00, 0x23, 0x00, 0x23, 0x00,
    0x23, 0x00, 0x23, 0x00, 0x23, 0x00, 0x23, 0x00, 0x23, 0x00, 0x23, 0x00, 0x23, 0x00, 0x23, 0x00,
    0x23, 0x00, 0x23, 0x00, 0x23, 0x00, 0x23, 0x00, 0x23, 0x00, 0x23, 0x00, 0x23, 0x00, 0x23, 0x00,
    0x23, 0x00, 0x23, 0x00, 0x23, 0x00, 0x23, 0x00, 0x23, 0x00, 0x23, 0x00, 0x23, 0x00, 0x23, 0x00,
    0x23, 0x00, 0x23, 0x00, 0x23, 0x00, 0x23, 0x00, 0x23, 0x00, 0x23, 0x00, 0x23, 0x00, 0x23, 0x00,
    0x23, 0x00, 0x23, 0x00, 0x23, 0x00, 0x23, 0x00, 0x23, 0x00, 0x23, 0x00, 0x23, 0x00, 0x23, 0x00,
    0x23, 0x00, 0x23, 0x00, 0x23, 0x00, 0x23, 0x00, 0x23, 0x00, 0x23, 0x00, 0x23, 0x00, 0x23, 0x00,
    0x23, 0x00, 0x23, 0x00, 0x23, 0x00, 0x23, 0x00, 0x23, 0x00, 0x23, 0x00, 0x23, 0x00, 0x23, 0x00,
    0x23, 0x00, 0x23, 0x00, 0x23, 0x00, 0x8a, 0x00, 0x46, 0x00, 0x46, 0x00, 0x46, 0x00, 0x46, 0x00,
    0x46, 0x00, 0x46, 0x00, 0x46, 0x00, 0x46, 0x00, 0x23, 0x00, 0x23, 0x00, 0x23, 0x00, 0x46, 0x00,
    0x46, 0x00, 0x46, 0x00, 0x46, 0x00, 0x23, 0x00, 0x23, 0x00, 0x23, 0x00, 0x23, 0x00, 0x23, 0x00,
    0x46, 0x00, 0x8a, 0x00, 0x46, 0x00, 0x46, 0x00, 0x46, 0x00, 0x46, 0x00, 0x23, 0x00, 0x23, 0x00,
    0x46, 0x00, 0x46, 0x00, 0x46, 0x00, 0x46, 0x00, 0x23, 0x00, 0x23, 0x00, 0x23, 0x00, 0x23, 0x00,
    0x46, 0x00, 0x46, 0x00, 0x46, 0x00, 0x23, 0x00, 0x8a, 0x00, 0x0c, 0x01, 0x23, 0x00, 0x23, 0x00,
    0x23, 0x00, 0x23, 0x00, 0x23, 0x00, 0x23, 0x00, 0xe8, 0x00, 0xe8, 0x00, 0x23, 0x00, 0x23, 0x00,
    0x23, 0x00, 0x51, 0x01, 0x51, 0x01, 0x00, 0x00, 0x00, 0x00, 0x00, 0x00, 0x00, 0x00, 0x00, 0x00,
    0x00, 0x00, 0x8a, 0x00, 0xe8, 0x00, 0x00, 0x00, 0x00, 0x00, 0x00, 0x00, 0x00, 0x00, 0x00, 0x00,
    0x46, 0x00, 0x0c, 0x01, 0x23, 0x00, 0x00, 0x00, 0x00, 0x00, 0x00, 0x00, 0x00, 0x00, 0x00, 0x00,
    0x00, 0x00, 0x00, 0x00, 0x00, 0x00, 0x00, 0x00, 0x00, 0x00, 0x00, 0x00, 0x00, 0x00, 0x51, 0x01,
    0xef, 0x00, 0x23, 0x00, 0x23, 0x00, 0x23, 0x00, 0x23, 0x00, 0x23, 0x00, 0x23, 0x00, 0x23, 0x00,
    0x23, 0x00, 0x23, 0x00, 0x23, 0x00, 0x23, 0x00, 0x23, 0x00, 0x23, 0x00, 0x23, 0x00, 0x23, 0x00,
    0x23, 0x00, 0x23, 0x00, 0x23, 0x00, 0x23, 0x00, 0x23, 0x00, 0x23, 0x00, 0x23, 0x00, 0x23, 0x00,
    0x23, 0x00, 0x23, 0x00, 0x23, 0x00, 0x23, 0x00, 0x23, 0x00, 0x23, 0x00, 0x23, 0x00, 0x23, 0x00,
    0x23, 0x00, 0x23, 0x00, 0x23, 0x00, 0x23, 0x00, 0x23, 0x00, 0x23, 0x00, 0x23, 0x00, 0x23, 0x00,
    0x23, 0x00, 0x23, 0x00, 0x23, 0x00, 0x23, 0x00, 0x23, 0x00, 0x23, 0x00, 0x23, 0x00, 0x23, 0x00,
    0x23, 0x00, 0x23, 0x00, 0x23, 0x00, 0x23, 0x00, 0x23, 0x00, 0x23, 0x00, 0x23, 0x00, 0x23, 0x00,
    0x23, 0x00, 0x23, 0x00, 0x23, 0x00, 0x23, 0x00, 0x23, 0x00, 0x23, 0x00, 0x23, 0x00, 0x23, 0x00,
    0x23, 0x00, 0x23, 0x00, 0x23, 0x00, 0x23, 0x00, 0x23, 0x00, 0x23, 0x00, 0x23, 0x00, 0x23, 0x00,
    0x23, 0x00, 0x23, 0x00, 0x23, 0x00, 0x23, 0x00, 0x23, 0x00, 0x23, 0x00, 0x23, 0x00, 0x23, 0x00,
    0x23, 0x00, 0x23, 0x00, 0x23, 0x00, 0x23, 0x00, 0x23, 0x00, 0x23, 0x00, 0x23, 0x00, 0x23, 0x00,
    0x23, 0x00, 0x23, 0x00, 0x23, 0x00, 0x23, 0x00, 0x23, 0x00, 0x23, 0x00, 0x23, 0x00, 0x23, 0x00,
    0x23, 0x00, 0x23, 0x00, 0x23, 0x00, 0x23, 0x00, 0x23, 0x00, 0x23, 0x00, 0x23, 0x00, 0x23, 0x00,
    0x23, 0x00, 0x23, 0x00, 0x23, 0x00, 0x23, 0x00, 0x23, 0x00, 0x23, 0x00, 0x23, 0x00, 0x23, 0x00,
    0x23, 0x00, 0x23, 0x00, 0x23, 0x00, 0x23, 0x00, 0x23, 0x00, 0x23, 0x00, 0x23, 0x00, 0x23, 0x00,
    0x23, 0x00, 0x23, 0x00, 0x23, 0x00, 0x23, 0x00, 0x23, 0x00, 0x23, 0x00, 0x23, 0x00, 0x23, 0x00,
    0x23, 0x00, 0x23, 0x00, 0x23, 0x00, 0x23, 0x00, 0x23, 0x00, 0x23, 0x00, 0x23, 0x00, 0x23, 0x00,
    0x23, 0x00, 0x23, 0x00, 0x23, 0x00, 0x23, 0x00, 0x23, 0x00, 0x23, 0x00, 0x23, 0x00, 0x23, 0x00,
    0x23, 0x00, 0x23, 0x00, 0x23, 0x00, 0x23, 0x00, 0x23, 0x00, 0x23, 0x00, 0x23, 0x00, 0x23, 0x00,
    0x23, 0x00, 0x23, 0x00, 0xe8, 0x00, 0xe8, 0x00, 0x23, 0x00, 0x23, 0x00, 0x23, 0x00, 0x23, 0x00,
    0x23, 0x00, 0x23, 0x00, 0x23, 0x00, 0x23, 0x00, 0x23, 0x00, 0x23, 0x00, 0x23, 0x00, 0x23, 0x00,
    0x23, 0x00, 0x23, 0x00, 0x23, 0x00, 0x23, 0x00, 0x23, 0x00, 0x23, 0x00, 0x23, 0x00, 0x46, 0x00,
    0xe8, 0x00, 0x46, 0x00, 0x23, 0x00, 0x23, 0x00, 0x23, 0x00, 0x23, 0x00, 0x23, 0x00, 0x23, 0x00,
    0x23, 0x00, 0x23, 0x00, 0x23, 0x00, 0x23, 0x00, 0x23, 0x00, 0x23, 0x00, 0x23, 0x00, 0x23, 0x00,
    0x23, 0x00, 0x23, 0x00, 0x23, 0x00, 0x23, 0x00, 0x00, 0x00, 0x00, 0x00, 0x23, 0x00, 0x23, 0x00,
    0x23, 0x00, 0x23, 0x00, 0x23, 0x00, 0x23, 0x00, 0xe8, 0x00, 0x46, 0x00, 0x23, 0x00, 0x23, 0x00,
    0x23, 0x00, 0x51, 0x01, 0x51, 0x01, 0x00, 0x00, 0x00, 0x00, 0x00, 0x00, 0x00, 0x00, 0x00, 0x00,
    0x00, 0x00, 0x8a, 0x00, 0xe8, 0x00, 0x00, 0x00, 0x00, 0x00, 0x00, 0x00, 0x00, 0x00, 0x00, 0x00,
    0x46, 0x00, 0x8a, 0x00, 0x23, 0x00, 0x00, 0x00, 0x00, 0x00, 0x00, 0x00, 0x00, 0x00, 0x00, 0x00,
    0x00, 0x00, 0x00, 0x00, 0x00, 0x00, 0x00, 0x00, 0x00, 0x00, 0x00, 0x00, 0x00, 0x00, 0x51, 0x01,
    0xef, 0x00, 0x23, 0x00, 0x23, 0x00, 0x23, 0x00, 0x23, 0x00, 0x23, 0x00, 0x23, 0x00, 0x23, 0x00,
    0x23, 0x00, 0x23, 0x00, 0x23, 0x00, 0x23, 0x00, 0x23, 0x00, 0x23, 0x00, 0x23, 0x00, 0x23, 0x00,
    0x23, 0x00, 0x23, 0x00, 0x23, 0x00, 0x23, 0x00, 0x23, 0x00, 0x23, 0x00, 0x23, 0x00, 0x23, 0x00,
    0x23, 0x00, 0x23, 0x00, 0x23, 0x00, 0x23, 0x00, 0x23, 0x00, 0x23, 0x00, 0x23, 0x00, 0x23, 0x00,
    0x23, 0x00, 0x23, 0x00, 0x23, 0x00, 0x23, 0x00, 0x23, 0x00, 0x23, 0x00, 0x23, 0x00, 0x23, 0x00,
    0x23, 0x00, 0x23, 0x00, 0x23, 0x00, 0x23, 0x00, 0x23, 0x00, 0x23, 0x00, 0x23, 0x00, 0x23, 0x00,
    0x23, 0x00, 0x23, 0x00, 0x23, 0x00, 0x23, 0x00, 0x23, 0x00, 0x23, 0x00, 0x23, 0x00, 0x23, 0x00,
    0x23, 0x00, 0x23, 0x00, 0x23, 0x00, 0x23, 0x00, 0x23, 0x00, 0x23, 0x00, 0x23, 0x00, 0x23, 0x00,
    0x23, 0x00, 0x23, 0x00, 0x23, 0x00, 0x23, 0x00, 0x23, 0x00, 0x23, 0x00, 0x23, 0x00, 0x23, 0x00,
    0x23, 0x00, 0x23, 0x00, 0x23, 0x00, 0x23, 0x00, 0x23, 0x00, 0x23, 0x00, 0x23, 0x00, 0x23, 0x00,
    0x23, 0x00, 0x23, 0x00, 0x23, 0x00, 0x23, 0x00, 0x23, 0x00, 0x23, 0x00, 0x23, 0x00, 0x23, 0x00,
    0x23, 0x00, 0x23, 0x00, 0x23, 0x00, 0x23, 0x00, 0x23, 0x00, 0x23, 0x00, 0x23, 0x00, 0x23, 0x00,
    0x23, 0x00, 0x23, 0x00, 0x23, 0x00, 0x23, 0x00, 0x23, 0x00, 0x23, 0x00, 0x23, 0x00, 0x23, 0x00,
    0x23, 0x00, 0x23, 0x00, 0x23, 0x00, 0x23, 0x00, 0x23, 0x00, 0x23, 0x00, 0x23, 0x00, 0x23, 0x00,
    0x23, 0x00, 0x23, 0x00, 0x23, 0x00, 0x23, 0x00, 0x23, 0x00, 0x23, 0x00, 0x23, 0x00, 0x23, 0x00,
    0x23, 0x00, 0x23, 0x00, 0x23, 0x00, 0x23, 0x00, 0x46, 0x00, 0x46, 0x00, 0x23, 0x00, 0x23, 0x00,
    0x46, 0x00, 0x46, 0x00, 0x23, 0x00, 0x23, 0x00, 0x23, 0x00, 0x46, 0x00, 0x46, 0x00, 0x23, 0x00,
    0x23, 0x00, 0x46, 0x00, 0x46, 0x00, 0x23, 0x00, 0x23, 0x00, 0x23, 0x00, 0x46, 0x00, 0x46, 0x00,
    0x23, 0x00, 0x23, 0x00, 0x46, 0x00, 0x46, 0x00, 0x46, 0x00, 0x23, 0x00, 0x23, 0x00, 0x23, 0x00,
    0x46, 0x00, 0x46, 0x00, 0x46, 0x00, 0x23, 0x00, 0x23, 0x00, 0x23, 0x00, 0x23, 0x00, 0x23, 0x00,
    0x23, 0x00, 0x23, 0x00, 0x23, 0x00, 0x23, 0x00, 0x23, 0x00, 0x23, 0x00, 0x23, 0x00, 0x23, 0x00,
    0x23, 0x00, 0x23, 0x00, 0x23, 0x00, 0x23, 0x00, 0x00, 0x00, 0x23, 0x00, 0x46, 0x00, 0x46, 0x00,
    0x46, 0x00, 0x23, 0x00, 0x23, 0x00, 0x23, 0x00, 0x23, 0x00, 0x00, 0x00, 0x23, 0x00, 0x23, 0x00,
    0x23, 0x00, 0x23, 0x00, 0x23, 0x00, 0x23, 0x00, 0x23, 0x00, 0x23, 0x00, 0x23, 0x00, 0x23, 0x00,
    0x23, 0x00, 0x23, 0x00, 0x23, 0x00, 0x23, 0x00, 0x23, 0x00, 0x23, 0x00, 0x23, 0x00, 0x23, 0x00,
    0x23, 0x00, 0x23, 0x00, 0x23, 0x00, 0x23, 0x00, 0x23, 0x00, 0x23, 0x00, 0x23, 0x00, 0x23, 0x00,
    0x23, 0x00, 0x51, 0x01, 0x51, 0x01, 0x00, 0x00, 0x00, 0x00, 0x00, 0x00, 0x00, 0x00, 0x00, 0x00,
    0x00, 0x00, 0x8a, 0x00, 0xe8, 0x00, 0x00, 0x00, 0x23, 0x00, 0x0c, 0x01, 0xe8, 0x00, 0x00, 0x00,
    0x46, 0x00, 0x0c, 0x01, 0x23, 0x00, 0x00, 0x00, 0x00, 0x00, 0x00, 0x00, 0x00, 0x00, 0x00, 0x00,
    0x00, 0x00, 0x00, 0x00, 0x00, 0x00, 0x00, 0x00, 0x00, 0x00, 0x00, 0x00, 0x23, 0x00, 0x33, 0x01,
    0xef, 0x00, 0x23, 0x00, 0x23, 0x00, 0x23, 0x00, 0x23, 0x00, 0x23, 0x00, 0x23, 0x00, 0x23, 0x00,
    0x23, 0x00, 0x23, 0x00, 0x23, 0x00, 0x23, 0x00, 0x23, 0x00, 0x23, 0x00, 0x23, 0x00, 0x23, 0x00,
    0x23, 0x00, 0x23, 0x00, 0x23, 0x00, 0x23, 0x00, 0x23, 0x00, 0x23, 0x00, 0x23, 0x00, 0x23, 0x00,
    0x23, 0x00, 0x23, 0x00, 0x23, 0x00, 0x23, 0x00, 0x23, 0x00, 0x23, 0x00, 0x23, 0x00, 0x23, 0x00,
    0x23, 0x00, 0x23, 0x00, 0x23, 0x00, 0x23, 0x00, 0x23, 0x00, 0x23, 0x00, 0x23, 0x00, 0x23, 0x00,
    0x23, 0x00, 0x23, 0x00, 0x23, 0x00, 0x23, 0x00, 0x23, 0x00, 0x23, 0x00, 0x23, 0x00, 0x23, 0x00,
    0x23, 0x00, 0x23, 0x00, 0x23, 0x00, 0x23, 0x00, 0x23, 0x00, 0x23, 0x00, 0x23, 0x00, 0x23, 0x00,
    0x23, 0x00, 0x23, 0x00, 0x23, 0x00, 0x23, 0x00, 0x23, 0x00, 0x23, 0x00, 0x23, 0x00, 0x23, 0x00,
    0x23, 0x00, 0x23, 0x00, 0x23, 0x00, 0x23, 0x00, 0x23, 0x00, 0x23, 0x00, 0x23, 0x00, 0x23, 0x00,
    0x23, 0x00, 0x23, 0x00, 0x23, 0x00, 0x23, 0x00, 0x23, 0x00, 0x23, 0x00, 0x23, 0x00, 0x23, 0x00,
    0x23, 0x00, 0x23, 0x00, 0x23, 0x00, 0x23, 0x00, 0x23, 0x00, 0x23, 0x00, 0x23, 0x00, 0x23, 0x00,
    0x23, 0x00, 0x23, 0x00, 0x23, 0x00, 0x23, 0x00, 0x23, 0x00, 0x23, 0x00, 0x23, 0x00, 0x23, 0x00,
    0x23, 0x00, 0x23, 0x00, 0x23, 0x00, 0x23, 0x00, 0x23, 0x00, 0x23, 0x00, 0x23, 0x00, 0x23, 0x00,
    0x23, 0x00, 0x23, 0x00, 0x23, 0x00, 0x23, 0x00, 0x23, 0x00, 0x23, 0x00, 0x23, 0x00, 0x23, 0x00,
    0x23, 0x00, 0x23, 0x00, 0x23, 0x00, 0x23, 0x00, 0x23, 0x00, 0x23, 0x00, 0x23, 0x00, 0x23, 0x00,
    0x23, 0x00, 0x23, 0x00, 0x23, 0x00, 0x46, 0x00, 0x8a, 0x00, 0x46, 0x00, 0x23, 0x00, 0x23, 0x00,
    0x46, 0x00, 0x8a, 0x00, 0x23, 0x00, 0x23, 0x00, 0x46, 0x00, 0x8a, 0x00, 0x46, 0x00, 0x23, 0x00,
    0x23, 0x00, 0x46, 0x00, 0x46, 0x00, 0x23, 0x00, 0x23, 0x00, 0x23, 0x00, 0x8a, 0x00, 0x46, 0x00,
    0x23, 0x00, 0x23, 0x00, 0x46, 0x00, 0x46, 0x00, 0x46, 0x00, 0x23, 0x00, 0x23, 0x00, 0x23, 0x00,
    0x8a, 0x00, 0xe8, 0x00, 0x23, 0x00, 0x23, 0x00, 0x23, 0x00, 0x23, 0x00, 0x23, 0x00, 0x23, 0x00,
    0x23, 0x00, 0x23, 0x00, 0x23, 0x00, 0x23, 0x00, 0x23, 0x00, 0x23, 0x00, 0xef, 0x00, 0xef, 0x00,
    0x46, 0x00, 0x23, 0x00, 0x46, 0x00, 0x8a, 0x00, 0x8a, 0x00, 0x23, 0x00, 0x46, 0x00, 0x46, 0x00,
    0x23, 0x00, 0x23, 0x00, 0x23, 0x00, 0x46, 0x00, 0x8a, 0x00, 0xe8, 0x00, 0x23, 0x00, 0x23, 0x00,
    0x46, 0x00, 0x8a, 0x00, 0x8a, 0x00, 0x23, 0x00, 0x23, 0x00, 0x46, 0x00, 0x8a, 0x00, 0x8a, 0x00,
    0x23, 0x00, 0x23, 0x00, 0x23, 0x00, 0x46, 0x00, 0x5d, 0x04, 0x5d, 0x04, 0x23, 0x00, 0x23, 0x00,
    0x23, 0x00, 0x23, 0x00, 0x23, 0x00, 0x23, 0x00, 0x23, 0x00, 0x23, 0x00, 0x23, 0x00, 0x23, 0x00,
    0x23, 0x00, 0x51, 0x01, 0x51, 0x01, 0x00, 0x00, 0x00, 0x00, 0x00, 0x00, 0x00, 0x00, 0x00, 0x00,
    0x00, 0x00, 0x8a, 0x00, 0xe8, 0x00, 0x00, 0x00, 0xe8, 0x00, 0x57, 0x01, 0x33, 0x01, 0x00, 0x00,
    0x46, 0x00, 0x0c, 0x01, 0x23, 0x00, 0x00, 0x00, 0x00, 0x00, 0x00, 0x00, 0x00, 0x00, 0x00, 0x00,
    0x00, 0x00, 0x00, 0x00, 0x00, 0x00, 0x00, 0x00, 0x00, 0x00, 0x00, 0x00, 0x23, 0x00, 0x33, 0x01,
    0xef, 0x00, 0x23, 0x00, 0x23, 0x00, 0x23, 0x00, 0x23, 0x00, 0x23, 0x00, 0x23, 0x00, 0x23, 0x00,
    0x23, 0x00, 0x23, 0x00, 0x23, 0x00, 0x23, 0x00, 0x23, 0x00, 0x23, 0x00, 0x23, 0x00, 0x23, 0x00,
    0x23, 0x00, 0x23, 0x00, 0x23, 0x00, 0x23, 0x00, 0x23, 0x00, 0x23, 0x00, 0x23, 0x00, 0x23, 0x00,
    0x23, 0x00, 0x23, 0x00, 0x23, 0x00, 0x23, 0x00, 0x23, 0x00, 0x23, 0x00, 0x23, 0x00, 0x23, 0x00,
    0x23, 0x00, 0x23, 0x00, 0x23, 0x00, 0x23, 0x00, 0x23, 0x00, 0x23, 0x00, 0x23, 0x00, 0x23, 0x00,
    0x23, 0x00, 0x23, 0x00, 0x23, 0x00, 0x23, 0x00, 0x23, 0x00, 0x23, 0x00, 0x23, 0x00, 0x23, 0x00,
    0x23, 0x00, 0x23, 0x00, 0x23, 0x00, 0x23, 0x00, 0x23, 0x00, 0x23, 0x00, 0x23, 0x00, 0x23, 0x00,
    0x23, 0x00, 0x23, 0x00, 0x23, 0x00, 0x23, 0x00, 0x23, 0x00, 0x23, 0x00, 0x23, 0x00, 0x23, 0x00,
    0x23, 0x00, 0x23, 0x00, 0x23, 0x00, 0x23, 0x00, 0x23, 0x00, 0x23, 0x00, 0x23, 0x00, 0x23, 0x00,
    0x23, 0x00, 0x23, 0x00, 0x23, 0x00, 0x23, 0x00, 0x23, 0x00, 0x23, 0x00, 0x23, 0x00, 0x23, 0x00,
    0x23, 0x00, 0x23, 0x00, 0x23, 0x00, 0x23, 0x00, 0x23, 0x00, 0x23, 0x00, 0x23, 0x00, 0x23, 0x00,
    0x23, 0x00, 0x23, 0x00, 0x23, 0x00, 0x23, 0x00, 0x23, 0x00, 0x23, 0x00, 0x23, 0x00, 0x23, 0x00,
    0x23, 0x00, 0x23, 0x00, 0x23, 0x00, 0x23, 0x00, 0x23, 0x00, 0x23, 0x00, 0x23, 0x00, 0x23, 0x00,
    0x23, 0x00, 0x23, 0x00, 0x23, 0x00, 0x23, 0x00, 0x23, 0x00, 0x23, 0x00, 0x23, 0x00, 0x23, 0x00,
    0x23, 0x00, 0x23, 0x00, 0x23, 0x00, 0x23, 0x00, 0x23, 0x00, 0x23, 0x00, 0x23, 0x00, 0x23, 0x00,
    0x23, 0x00, 0x23, 0x00, 0x23, 0x00, 0x23, 0x00, 0x46, 0x00, 0x23, 0x00, 0x23, 0x00, 0x23, 0x00,
    0x46, 0x00, 0x46, 0x00, 0x23, 0x00, 0x23, 0x00, 0x23, 0x00, 0x46, 0x00, 0x23, 0x00, 0x23, 0x00,
    0x23, 0x00, 0x23, 0x00, 0x46, 0x00, 0x23, 0x00, 0x23, 0x00, 0x23, 0x00, 0x46, 0x00, 0x46, 0x00,
    0x23, 0x00, 0x23, 0x00, 0x23, 0x00, 0x23, 0x00, 0x23, 0x00, 0x23, 0x00, 0x23, 0x00, 0x23, 0x00,
    0x23, 0x00, 0x23, 0x00, 0x23, 0x00, 0x23, 0x00, 0x23, 0x00, 0x23, 0x00, 0x23, 0x00, 0x23, 0x00,
    0x23, 0x00, 0x23, 0x00, 0x23, 0x00, 0x23, 0x00, 0x23, 0x00, 0x23, 0x00, 0xef, 0x00, 0x0c, 0x01,
    0x46, 0x00, 0x23, 0x00, 0x46, 0x00, 0x8a, 0x00, 0x8a, 0x00, 0x23, 0x00, 0x23, 0x00, 0x23, 0x00,
    0x23, 0x00, 0x23, 0x00, 0x23, 0x00, 0x46, 0x00, 0x8a, 0x00, 0x8a, 0x00, 0x23, 0x00, 0x23, 0x00,
    0xe8, 0x00, 0x8a, 0x00, 0x8a, 0x00, 0x23, 0x00, 0x23, 0x00, 0x46, 0x00, 0x8a, 0x00, 0x8a, 0x00,
    0x23, 0x00, 0x23, 0x00, 0x23, 0x00, 0x46, 0x00, 0x1f, 0x05, 0x1f, 0x05, 0x23, 0x00, 0x23, 0x00,
    0x23, 0x00, 0x23, 0x00, 0x23, 0x00, 0x23, 0x00, 0x23, 0x00, 0x23, 0x00, 0x23, 0x00, 0x23, 0x00,
    0x23, 0x00, 0x51, 0x01, 0x51, 0x01, 0x00, 0x00, 0x00, 0x00, 0x00, 0x00, 0x00, 0x00, 0x00, 0x00,
    0x00, 0x00, 0x8a, 0x00, 0xe8, 0x00, 0x00, 0x00, 0xe8, 0x00, 0x19, 0x02, 0xb5, 0x01, 0x00, 0x00,
    0x46, 0x00, 0x0c, 0x01, 0x23, 0x00, 0x00, 0x00, 0x00, 0x00, 0x00, 0x00, 0x00, 0x00, 0x00, 0x00,
    0x00, 0x00, 0x00, 0x00, 0x00, 0x00, 0x00, 0x00, 0x00, 0x00, 0x00, 0x00, 0x00, 0x00, 0x51, 0x01,
    0xef, 0x00, 0x23, 0x00, 0x23, 0x00, 0x23, 0x00, 0x23, 0x00, 0x23, 0x00, 0x23, 0x00, 0x23, 0x00,
    0x23, 0x00, 0x23, 0x00, 0x23, 0x00, 0x23, 0x00, 0x23, 0x00, 0x23, 0x00, 0x23, 0x00, 0x23, 0x00,
    0x23, 0x00, 0x23, 0x00, 0x23, 0x00, 0x23, 0x00, 0x23, 0x00, 0x23, 0x00, 0x23, 0x00, 0x23, 0x00,
    0x23, 0x00, 0x23, 0x00, 0x23, 0x00, 0x23, 0x00, 0x23, 0x00, 0x23, 0x00, 0x23, 0x00, 0x23, 0x00,
    0x23, 0x00, 0x23, 0x00, 0x23, 0x00, 0x23, 0x00, 0x23, 0x00, 0x23, 0x00, 0x23, 0x00, 0x23, 0x00,
    0x23, 0x00, 0x23, 0x00, 0x23, 0x00, 0x23, 0x00, 0x23, 0x00, 0x23, 0x00, 0x23, 0x00, 0x23, 0x00,
    0x23, 0x00, 0x23, 0x00, 0x23, 0x00, 0x23, 0x00, 0x23, 0x00, 0x23, 0x00, 0x23, 0x00, 0x23, 0x00,
    0x23, 0x00, 0x23, 0x00, 0x23, 0x00, 0x23, 0x00, 0x23, 0x00, 0x23, 0x00, 0x23, 0x00, 0x23, 0x00,
    0x23, 0x00, 0x23, 0x00, 0x23, 0x00, 0x23, 0x00, 0x23, 0x00, 0x23, 0x00, 0x23, 0x00, 0x23, 0x00,
    0x23, 0x00, 0x23, 0x00, 0x23, 0x00, 0x23, 0x00, 0x23, 0x00, 0x23, 0x00, 0x23, 0x00, 0x23, 0x00,
    0x23, 0x00, 0x23, 0x00, 0x23, 0x00, 0x23, 0x00, 0x23, 0x00, 0x23, 0x00, 0x23, 0x00, 0x23, 0x00,
    0x23, 0x00, 0x23, 0x00, 0x23, 0x00, 0x23, 0x00, 0x23, 0x00, 0x23, 0x00, 0x23, 0x00, 0x23, 0x00,
    0x23, 0x00, 0x23, 0x00, 0x23, 0x00, 0x23, 0x00, 0x23, 0x00, 0x23, 0x00, 0x23, 0x00, 0x23, 0x00,
    0x23, 0x00, 0x23, 0x00, 0x23, 0x00, 0x23, 0x00, 0x23, 0x00, 0x23, 0x00, 0x23, 0x00, 0x23, 0x00,
    0x23, 0x00, 0x23, 0x00, 0x23, 0x00, 0x23, 0x00, 0x23, 0x00, 0x23, 0x00, 0x23, 0x00, 0x23, 0x00,
    0x23, 0x00, 0x23, 0x00, 0x23, 0x00, 0x23, 0x00, 0x23, 0x00, 0x23, 0x00, 0x23, 0x00, 0x23, 0x00,
    0x23, 0x00, 0x23, 0x00, 0x23, 0x00, 0x23, 0x00, 0x23, 0x00, 0x23, 0x00, 0x23, 0x00, 0x23, 0x00,
    0x23, 0x00, 0x23, 0x00, 0x23, 0x00, 0x23, 0x00, 0x23, 0x00, 0x23, 0x00, 0x23, 0x00, 0x23, 0x00,
    0x23, 0x00, 0x23, 0x00, 0x23, 0x00, 0x23, 0x00, 0x23, 0x00, 0x23, 0x00, 0x23, 0x00, 0x23, 0x00,
    0x23, 0x00, 0x23, 0x00, 0x23, 0x00, 0x23, 0x00, 0x23, 0x00, 0x23, 0x00, 0x23, 0x00, 0x23, 0x00,
    0x23, 0x00, 0x23, 0x00, 0x23, 0x00, 0x23, 0x00, 0x23, 0x00, 0x23, 0x00, 0x46, 0x00, 0x46, 0x00,
    0x23, 0x00, 0x23, 0x00, 0x23, 0x00, 0x46, 0x00, 0x46, 0x00, 0x23, 0x00, 0x23, 0x00, 0x23, 0x00,
    0x23, 0x00, 0x23, 0x00, 0x23, 0x00, 0x23, 0x00, 0x46, 0x00, 0x46, 0x00, 0x23, 0x00, 0x23, 0x00,
    0x23, 0x00, 0x46, 0x00, 0x46, 0x00, 0x23, 0x00, 0x23, 0x00, 0x23, 0x00, 0x46, 0x00, 0x46, 0x00,
    0x23, 0x00, 0x23, 0x00, 0x23, 0x00, 0x23, 0x00, 0x90, 0x02, 0x90, 0x02, 0x23, 0x00, 0x23, 0x00,
    0x23, 0x00, 0x23, 0x00, 0x23, 0x00, 0x23, 0x00, 0x23, 0x00, 0x23, 0x00, 0x23, 0x00, 0x23, 0x00,
    0x23, 0x00, 0x51, 0x01, 0x51, 0x01, 0x00, 0x00, 0x00, 0x00, 0x00, 0x00, 0x00, 0x00, 0x00, 0x00,
    0x00, 0x00, 0x8a, 0x00, 0xe8, 0x00, 0x00, 0x00, 0xe8, 0x00, 0x19, 0x02, 0x33, 0x01, 0x00, 0x00,
    0x46, 0x00, 0x0c, 0x01, 0x23, 0x00, 0x00, 0x00, 0x00, 0x00, 0x00, 0x00, 0x00, 0x00, 0x00, 0x00,
    0x00, 0x00, 0x00, 0x00, 0x00, 0x00, 0x00, 0x00, 0x00, 0x00, 0x00, 0x00, 0x00, 0x00, 0x51, 0x01,
    0x51, 0x01, 0x23, 0x00, 0x23, 0x00, 0x23, 0x00, 0x00, 0x00, 0x23, 0x00, 0x23, 0x00, 0x23, 0x00,
    0x23, 0x00, 0x23, 0x00, 0x23, 0x00, 0x23, 0x00, 0x23, 0x00, 0x23, 0x00, 0x23, 0x00, 0x23, 0x00,
    0x23, 0x00, 0x23, 0x00, 0x23, 0x00, 0x23, 0x00, 0x23, 0x00, 0x23, 0x00, 0x23, 0x00, 0x23, 0x00,
    0x23, 0x00, 0x23, 0x00, 0x23, 0x00, 0x23, 0x00, 0x23, 0x00, 0x23, 0x00, 0x23, 0x00, 0x23, 0x00,
    0x23, 0x00, 0x23, 0x00, 0x23, 0x00, 0x23, 0x00, 0x23, 0x00, 0x23, 0x00, 0x23, 0x00, 0x23, 0x00,
    0x23, 0x00, 0x23, 0x00, 0x23, 0x00, 0x23, 0x00, 0x23, 0x00, 0x23, 0x00, 0x23, 0x00, 0x23, 0x00,
    0x23, 0x00, 0x23, 0x00, 0x23, 0x00, 0x23, 0x00, 0x23, 0x00, 0x23, 0x00, 0x23, 0x00, 0x23, 0x00,
    0x23, 0x00, 0x23, 0x00, 0x23, 0x00, 0x23, 0x00, 0x23, 0x00, 0x23, 0x00, 0x23, 0x00, 0x23, 0x00,
    0x23, 0x00, 0x23, 0x00, 0x23, 0x00, 0x23, 0x00, 0x23, 0x00, 0x23, 0x00, 0x23, 0x00, 0x23, 0x00,
    0x23, 0x00, 0x23, 0x00, 0x23, 0x00, 0x23, 0x00, 0x23, 0x00, 0x23, 0x00, 0x23, 0x00, 0x23, 0x00,
    0x23, 0x00, 0x23, 0x00, 0x23, 0x00, 0x23, 0x00, 0x23, 0x00, 0x23, 0x00, 0x23, 0x00, 0x23, 0x00,
    0x23, 0x00, 0x23, 0x00, 0x23, 0x00, 0x23, 0x00, 0x23, 0x00, 0x23, 0x00, 0x23, 0x00, 0x23, 0x00,
    0x23, 0x00, 0x23, 0x00, 0x23, 0x00, 0x23, 0x00, 0x23, 0x00, 0x23, 0x00, 0x23, 0x00, 0x23, 0x00,
    0x23, 0x00, 0x23, 0x00, 0x23, 0x00, 0x23, 0x00, 0x23, 0x00, 0x23, 0x00, 0x23, 0x00, 0x23, 0x00,
    0x23, 0x00, 0x23, 0x00, 0x23, 0x00, 0x23, 0x00, 0x23, 0x00, 0x23, 0x00, 0x23, 0x00, 0x23, 0x00,
    0x23, 0x00, 0x23, 0x00, 0x23, 0x00, 0x23, 0x00, 0x23, 0x00, 0x23, 0x00, 0x23, 0x00, 0x23, 0x00,
    0x23, 0x00, 0x23, 0x00, 0x23, 0x00, 0x23, 0x00, 0x23, 0x00, 0x23, 0x00, 0x23, 0x00, 0x23, 0x00,
    0x23, 0x00, 0x23, 0x00, 0x23, 0x00, 0x23, 0x00, 0x23, 0x00, 0x23, 0x00, 0x23, 0x00, 0x23, 0x00,
    0x23, 0x00, 0x23, 0x00, 0x23, 0x00, 0x23, 0x00, 0x23, 0x00, 0x23, 0x00, 0x23, 0x00, 0x23, 0x00,
    0x23, 0x00, 0x23, 0x00, 0x23, 0x00, 0x23, 0x00, 0x23, 0x00, 0x23, 0x00, 0x23, 0x00, 0x23, 0x00,
    0x23, 0x00, 0x23, 0x00, 0x23, 0x00, 0x23, 0x00, 0x23, 0x00, 0x23, 0x00, 0x23, 0x00, 0x23, 0x00,
    0x23, 0x00, 0x23, 0x00, 0x23, 0x00, 0x23, 0x00, 0x23, 0x00, 0x23, 0x00, 0x23, 0x00, 0x23, 0x00,
    0x23, 0x00, 0x23, 0x00, 0x23, 0x00, 0x23, 0x00, 0x23, 0x00, 0x23, 0x00, 0x23, 0x00, 0x23, 0x00,
    0x23, 0x00, 0x23, 0x00, 0x23, 0x00, 0x23, 0x00, 0x23, 0x00, 0x23, 0x00, 0x23, 0x00, 0x23, 0x00,
    0x23, 0x00, 0x23, 0x00, 0x23, 0x00, 0x23, 0x00, 0x23, 0x00, 0x23, 0x00, 0x23, 0x00, 0x23, 0x00,
    0x23, 0x00, 0x23, 0x00, 0x23, 0x00, 0x23, 0x00, 0x00, 0x00, 0x23, 0x00, 0x23, 0x00, 0x23, 0x00,
    0x23, 0x00, 0x51, 0x01, 0x51, 0x01, 0x00, 0x00, 0x00, 0x00, 0x00, 0x00, 0x00, 0x00, 0x00, 0x00,
    0x00, 0x00, 0x8a, 0x00, 0x8a, 0x00, 0x00, 0x00, 0x46, 0x00, 0xb5, 0x01, 0x51, 0x01, 0x00, 0x00,
    0x46, 0x00, 0x0c, 0x01, 0x23, 0x00, 0x00, 0x00, 0x00, 0x00, 0x00, 0x00, 0x00, 0x00, 0x00, 0x00,
    0x00, 0x00, 0x00, 0x00, 0x00, 0x00, 0x00, 0x00, 0x00, 0x00, 0x00, 0x00, 0x00, 0x00, 0x51, 0x01,
    0x51, 0x01, 0x23, 0x00, 0x23, 0x00, 0x23, 0x00, 0xbb, 0x02, 0xdf, 0x02, 0x0c, 0x01, 0x23, 0x00,
    0x23, 0x00, 0x23, 0x00, 0x23, 0x00, 0x23, 0x00, 0x23, 0x00, 0x23, 0x00, 0x23, 0x00, 0x23, 0x00,
    0x23, 0x00, 0x23, 0x00, 0x23, 0x00, 0x23, 0x00, 0x23, 0x00, 0x23, 0x00, 0x23, 0x00, 0x23, 0x00,
    0x23, 0x00, 0x23, 0x00, 0x23, 0x00, 0x23, 0x00, 0x23, 0x00, 0x23, 0x00, 0x23, 0x00, 0x23, 0x00,
    0x23, 0x00, 0x23, 0x00, 0x23, 0x00, 0x23, 0x00, 0x23, 0x00, 0x23, 0x00, 0x23, 0x00, 0x23, 0x00,
    0x23, 0x00, 0x23, 0x00, 0x23, 0x00, 0x23, 0x00, 0x23, 0x00, 0x23, 0x00, 0x23, 0x00, 0x23, 0x00,
    0x23, 0x00, 0x23, 0x00, 0x23, 0x00, 0x23, 0x00, 0x23, 0x00, 0x23, 0x00, 0x23, 0x00, 0x23, 0x00,
    0x23, 0x00, 0x23, 0x00, 0x23, 0x00, 0x23, 0x00, 0x23, 0x00, 0x23, 0x00, 0x23, 0x00, 0x23, 0x00,
    0x23, 0x00, 0x23, 0x00, 0x23, 0x00, 0x23, 0x00, 0x23, 0x00, 0x23, 0x00, 0x23, 0x00, 0x23, 0x00,
    0x23, 0x00, 0x23, 0x00, 0x23, 0x00, 0x23, 0x00, 0x23, 0x00, 0x23, 0x00, 0x23, 0x00, 0x23, 0x00,
    0x23, 0x00, 0x23, 0x00, 0x23, 0x00, 0x23, 0x00, 0x23, 0x00, 0x23, 0x00, 0x23, 0x00, 0x23, 0x00,
    0x23, 0x00, 0x23, 0x00, 0x23, 0x00, 0x23, 0x00, 0x23, 0x00, 0x23, 0x00, 0x23, 0x00, 0x23, 0x00,
    0x23, 0x00, 0x23, 0x00, 0x23, 0x00, 0x23, 0x00, 0x23, 0x00, 0x23, 0x00, 0x23, 0x00, 0x23, 0x00,
    0x23, 0x00, 0x23, 0x00, 0x23, 0x00, 0x23, 0x00, 0x23, 0x00, 0x23, 0x00, 0x23, 0x00, 0x23, 0x00,
    0x23, 0x00, 0x23, 0x00, 0x23, 0x00, 0x23, 0x00, 0x23, 0x00, 0x23, 0x00, 0x23, 0x00, 0x23, 0x00,
    0x23, 0x00, 0x23, 0x00, 0x23, 0x00, 0x23, 0x00, 0x23, 0x00, 0x23, 0x00, 0x23, 0x00, 0x23, 0x00,
    0x23, 0x00, 0x23, 0x00, 0x23, 0x00, 0x23, 0x00, 0x23, 0x00, 0x23, 0x00, 0x23, 0x00, 0x23, 0x00,
    0x23, 0x00, 0x23, 0x00, 0x23, 0x00, 0x23, 0x00, 0x23, 0x00, 0x23, 0x00, 0x23, 0x00, 0x23, 0x00,
    0x23, 0x00, 0x23, 0x00, 0x23, 0x00, 0x23, 0x00, 0x23, 0x00, 0x23, 0x00, 0x23, 0x00, 0x23, 0x00,
    0x23, 0x00, 0x23, 0x00, 0x23, 0x00, 0x23, 0x00, 0x23, 0x00, 0x23, 0x00, 0x23, 0x00, 0x23, 0x00,
    0x23, 0x00, 0x23, 0x00, 0x23, 0x00, 0x23, 0x00, 0x23, 0x00, 0x23, 0x00, 0x23, 0x00, 0x23, 0x00,
    0x23, 0x00, 0x23, 0x00, 0x23, 0x00, 0x23, 0x00, 0x23, 0x00, 0x23, 0x00, 0x23, 0x00, 0x23, 0x00,
    0x23, 0x00, 0x23, 0x00, 0x23, 0x00, 0x23, 0x00, 0x23, 0x00, 0x23, 0x00, 0x23, 0x00, 0x23, 0x00,
    0x23, 0x00, 0x23, 0x00, 0x23, 0x00, 0x23, 0x00, 0x23, 0x00, 0x23, 0x00, 0x23, 0x00, 0x23, 0x00,
    0x23, 0x00, 0x23, 0x00, 0x23, 0x00, 0x23, 0x00, 0x23, 0x00, 0x23, 0x00, 0x23, 0x00, 0x23, 0x00,
    0x23, 0x00, 0x23, 0x00, 0x23, 0x00, 0x23, 0x00, 0xdf, 0x02, 0xdf, 0x03, 0x23, 0x00, 0x23, 0x00,
    0x23, 0x00, 0x33, 0x01, 0x51, 0x01, 0x00, 0x00, 0x00, 0x00, 0x00, 0x00, 0x00, 0x00, 0x00, 0x00,
    0x00, 0x00, 0x0c, 0x01, 0xe8, 0x00, 0x00, 0x00, 0x46, 0x00, 0x51, 0x01, 0x0c, 0x01, 0x00, 0x00,
    0x46, 0x00, 0x0c, 0x01, 0x23, 0x00, 0x00, 0x00, 0x00, 0x00, 0x00, 0x00, 0x00, 0x00, 0x00, 0x00,
    0x00, 0x00, 0x00, 0x00, 0x00, 0x00, 0x00, 0x00, 0x00, 0x00, 0x00, 0x00, 0x23, 0x00, 0x33, 0x01,
    0x51, 0x01, 0x23, 0x00, 0x23, 0x00, 0x23, 0x00, 0xdf, 0x02, 0xdf, 0x02, 0x51, 0x01, 0x23, 0x00,
    0x23, 0x00, 0x23, 0x00, 0x23, 0x00, 0x23, 0x00, 0x23, 0x00, 0x23, 0x00, 0x23, 0x00, 0x23, 0x00,
    0x23, 0x00, 0x23, 0x00, 0x23, 0x00, 0x23, 0x00, 0x23, 0x00, 0x23, 0x00, 0x23, 0x00, 0x23, 0x00,
    0x23, 0x00, 0x23, 0x00, 0x23, 0x00, 0x23, 0x00, 0x23, 0x00, 0x23, 0x00, 0x23, 0x00, 0x23, 0x00,
    0x23, 0x00, 0x23, 0x00, 0x23, 0x00, 0x23, 0x00, 0x23, 0x00, 0x23, 0x00, 0x23, 0x00, 0x23, 0x00,
    0x23, 0x00, 0x23, 0x00, 0x23, 0x00, 0x23, 0x00, 0x23, 0x00, 0x23, 0x00, 0x23, 0x00, 0x23, 0x00,
    0x23, 0x00, 0x23, 0x00, 0x23, 0x00, 0x23, 0x00, 0x23, 0x00, 0x23, 0x00, 0x23, 0x00, 0x23, 0x00,
    0x23, 0x00, 0x23, 0x00, 0x23, 0x00, 0x23, 0x00, 0x23, 0x00, 0x23, 0x00, 0x23, 0x00, 0x23, 0x00,
    0x23, 0x00, 0x23, 0x00, 0x23, 0x00, 0x23, 0x00, 0x23, 0x00, 0x23, 0x00, 0x23, 0x00, 0x23, 0x00,
    0x23, 0x00, 0x23, 0x00, 0x23, 0x00, 0x23, 0x00, 0x23, 0x00, 0x23, 0x00, 0x23, 0x00, 0x23, 0x00,
    0x23, 0x00, 0x23, 0x00, 0x23, 0x00, 0x23, 0x00, 0x23, 0x00, 0x23, 0x00, 0x23, 0x00, 0x23, 0x00,
    0x23, 0x00, 0x23, 0x00, 0x23, 0x00, 0x23, 0x00, 0x23, 0x00, 0x23, 0x00, 0x23, 0x00, 0x23, 0x00,
    0x23, 0x00, 0x23, 0x00, 0x23, 0x00, 0x23, 0x00, 0x23, 0x00, 0x23, 0x00, 0x23, 0x00, 0x23, 0x00,
    0x23, 0x00, 0x23, 0x00, 0x23, 0x00, 0x23, 0x00, 0x23, 0x00, 0x23, 0x00, 0x23, 0x00, 0x23, 0x00,
    0x23, 0x00, 0x23, 0x00, 0x23, 0x00, 0x23, 0x00, 0x23, 0x00, 0x23, 0x00, 0x23, 0x00, 0x23, 0x00,
    0x23, 0x00, 0x23, 0x00, 0x23, 0x00, 0x23, 0x00, 0x23, 0x00, 0x23, 0x00, 0x23, 0x00, 0x23, 0x00,
    0x23, 0x00, 0x23, 0x00, 0x23, 0x00, 0x23, 0x00, 0x23, 0x00, 0x23, 0x00, 0x23, 0x00, 0x23, 0x00,
    0x23, 0x00, 0x23, 0x00, 0x23, 0x00, 0x23, 0x00, 0x23, 0x00, 0x23, 0x00, 0x23, 0x00, 0x23, 0x00,
    0x23, 0x00, 0x23, 0x00, 0x23, 0x00, 0x23, 0x00, 0x23, 0x00, 0x23, 0x00, 0x23, 0x00, 0x23, 0x00,
    0x23, 0x00, 0x23, 0x00, 0x23, 0x00, 0x23, 0x00, 0x23, 0x00, 0x23, 0x00, 0x23, 0x00, 0x23, 0x00,
    0x23, 0x00, 0x23, 0x00, 0x23, 0x00, 0x23, 0x00, 0x23, 0x00, 0x23, 0x00, 0x23, 0x00, 0x23, 0x00,
    0x23, 0x00, 0x23, 0x00, 0x23, 0x00, 0x23, 0x00, 0x23, 0x00, 0x23, 0x00, 0x23, 0x00, 0x23, 0x00,
    0x23, 0x00, 0x23, 0x00, 0x23, 0x00, 0x23, 0x00, 0x23, 0x00, 0x23, 0x00, 0x23, 0x00, 0x23, 0x00,
    0x23, 0x00, 0x23, 0x00, 0x23, 0x00, 0x23, 0x00, 0x23, 0x00, 0x23, 0x00, 0x23, 0x00, 0x23, 0x00,
    0x23, 0x00, 0x23, 0x00, 0x23, 0x00, 0x23, 0x00, 0x23, 0x00, 0x23, 0x00, 0x23, 0x00, 0x23, 0x00,
    0x23, 0x00, 0x23, 0x00, 0x23, 0x00, 0x23, 0x00, 0xdf, 0x03, 0xdf, 0x03, 0x23, 0x00, 0x23, 0x00,
    0x23, 0x00, 0x33, 0x01, 0x51, 0x01, 0x00, 0x00, 0x00, 0x00, 0x00, 0x00, 0x00, 0x00, 0x00, 0x00,
    0x00, 0x00, 0x8a, 0x00, 0xe8, 0x00, 0x00, 0x00, 0x00, 0x00, 0x00, 0x00, 0x00, 0x00, 0x00, 0x00,
    0x46, 0x00, 0x0c, 0x01, 0x23, 0x00, 0x00, 0x00, 0x00, 0x00, 0x00, 0x00, 0x00, 0x00, 0x00, 0x00,
    0x00, 0x00, 0x00, 0x00, 0x00, 0x00, 0x00, 0x00, 0x00, 0x00, 0x00, 0x00, 0x23, 0x00, 0x33, 0x01,
    0xef, 0x00, 0x00, 0x00, 0x23, 0x00, 0x23, 0x00, 0xdf, 0x02, 0xdf, 0x02, 0xce, 0x01, 0x23, 0x00,
    0x23, 0x00, 0x23, 0x00, 0x23, 0x00, 0x23, 0x00, 0x23, 0x00, 0x23, 0x00, 0x23, 0x00, 0x23, 0x00,
    0x23, 0x00, 0x23, 0x00, 0x23, 0x00, 0x23, 0x00, 0x23, 0x00, 0x23, 0x00, 0x23, 0x00, 0x23, 0x00,
    0x23, 0x00, 0x23, 0x00, 0x23, 0x00, 0x23, 0x00, 0x23, 0x00, 0x23, 0x00, 0x23, 0x00, 0x23, 0x00,
    0x23, 0x00, 0x23, 0x00, 0x23, 0x00, 0x23, 0x00, 0x23, 0x00, 0x23, 0x00, 0x23, 0x00, 0x23, 0x00,
    0x23, 0x00, 0x23, 0x00, 0x23, 0x00, 0x23, 0x00, 0x23, 0x00, 0x23, 0x00, 0x23, 0x00, 0x23, 0x00,
    0x23, 0x00, 0x23, 0x00, 0x23, 0x00, 0x23, 0x00, 0x23, 0x00, 0x23, 0x00, 0x23, 0x00, 0x23, 0x00,
    0x23, 0x00, 0x23, 0x00, 0x23, 0x00, 0x23, 0x00, 0x23, 0x00, 0x23, 0x00, 0x23, 0x00, 0x23, 0x00,
    0x23, 0x00, 0x23, 0x00, 0x23, 0x00, 0x23, 0x00, 0x23, 0x00, 0x23, 0x00, 0x23, 0x00, 0x23, 0x00,
    0x23, 0x00, 0x23, 0x00, 0x23, 0x00, 0x23, 0x00, 0x23, 0x00, 0x23, 0x00, 0x23, 0x00, 0x23, 0x00,
    0x23, 0x00, 0x23, 0x00, 0x23, 0x00, 0x23, 0x00, 0x23, 0x00, 0x23, 0x00, 0x23, 0x00, 0x23, 0x00,
    0x23, 0x00, 0x23, 0x00, 0x23, 0x00, 0x23, 0x00, 0x23, 0x00, 0x23, 0x00, 0x23, 0x00, 0x23, 0x00,
    0x23, 0x00, 0x23, 0x00, 0x23, 0x00, 0x23, 0x00, 0x23, 0x00, 0x23, 0x00, 0x23, 0x00, 0x23, 0x00,
    0x23, 0x00, 0x23, 0x00, 0x23, 0x00, 0x23, 0x00, 0x23, 0x00, 0x23, 0x00, 0x23, 0x00, 0x23, 0x00,
    0x23, 0x00, 0x23, 0x00, 0x23, 0x00, 0x23, 0x00, 0x23, 0x00, 0x23, 0x00, 0x23, 0x00, 0x23, 0x00,
    0x23, 0x00, 0x23, 0x00, 0x23, 0x00, 0x23, 0x00, 0x23, 0x00, 0x23, 0x00, 0x23, 0x00, 0x23, 0x00,
    0x23, 0x00, 0x23, 0x00, 0x23, 0x00, 0x23, 0x00, 0x23, 0x00, 0x23, 0x00, 0x23, 0x00, 0x23, 0x00,
    0x23, 0x00, 0x23, 0x00, 0x23, 0x00, 0x23, 0x00, 0x23, 0x00, 0x23, 0x00, 0x23, 0x00, 0x23, 0x00,
    0x23, 0x00, 0x23, 0x00, 0x23, 0x00, 0x23, 0x00, 0x23, 0x00, 0x23, 0x00, 0x23, 0x00, 0x23, 0x00,
    0x23, 0x00, 0x23, 0x00, 0x23, 0x00, 0x23, 0x00, 0x23, 0x00, 0x23, 0x00, 0x23, 0x00, 0x23, 0x00,
    0x23, 0x00, 0x23, 0x00, 0x23, 0x00, 0x23, 0x00, 0x23, 0x00, 0x23, 0x00, 0x23, 0x00, 0x23, 0x00,
    0x23, 0x00, 0x23, 0x00, 0x23, 0x00, 0x23, 0x00, 0x23, 0x00, 0x23, 0x00, 0x23, 0x00, 0x23, 0x00,
    0x23, 0x00, 0x23, 0x00, 0x23, 0x00, 0x23, 0x00, 0x23, 0x00, 0x23, 0x00, 0x23, 0x00, 0x23, 0x00,
    0x23, 0x00, 0x23, 0x00, 0x23, 0x00, 0x23, 0x00, 0x23, 0x00, 0x23, 0x00, 0x23, 0x00, 0x23, 0x00,
    0x23, 0x00, 0x23, 0x00, 0x23, 0x00, 0x23, 0x00, 0x23, 0x00, 0x23, 0x00, 0x23, 0x00, 0x23, 0x00,
    0x23, 0x00, 0x23, 0x00, 0x23, 0x00, 0x23, 0x00, 0xdf, 0x03, 0xdf, 0x03, 0x23, 0x00, 0x23, 0x00,
    0x23, 0x00, 0x51, 0x01, 0x51, 0x01, 0x00, 0x00, 0x00, 0x00, 0x00, 0x00, 0x00, 0x00, 0x00, 0x00,
    0x00, 0x00, 0x8a, 0x00, 0xe8, 0x00, 0x00, 0x00, 0x00, 0x00, 0x00, 0x00, 0x00, 0x00, 0x00, 0x00,
    0x46, 0x00, 0x0c, 0x01, 0x23, 0x00, 0x00, 0x00, 0x00, 0x00, 0x00, 0x00, 0x00, 0x00, 0x00, 0x00,
    0x00, 0x00, 0x00, 0x00, 0x00, 0x00, 0x00, 0x00, 0x00, 0x00, 0x00, 0x00, 0x23, 0x00, 0x51, 0x01,
    0xef, 0x00, 0x23, 0x00, 0x23, 0x00, 0x23, 0x00, 0xce, 0x01, 0xdf, 0x02, 0xdf, 0x02, 0xdf, 0x02,
    0xdf, 0x02, 0x46, 0x00, 0x23, 0x00, 0x23, 0x00, 0x23, 0x00, 0x23, 0x00, 0x23, 0x00, 0x23, 0x00,
    0x23, 0x00, 0x23, 0x00, 0x23, 0x00, 0x23, 0x00, 0x23, 0x00, 0x23, 0x00, 0x23, 0x00, 0x23, 0x00,
    0x23, 0x00, 0x23, 0x00, 0x23, 0x00, 0x23, 0x00, 0x23, 0x00, 0x23, 0x00, 0x23, 0x00, 0x23, 0x00,
    0x23, 0x00, 0x23, 0x00, 0x23, 0x00, 0x23, 0x00, 0x23, 0x00, 0x23, 0x00, 0x23, 0x00, 0x23, 0x00,
    0x23, 0x00, 0x23, 0x00, 0x23, 0x00, 0x23, 0x00, 0x23, 0x00, 0x23, 0x00, 0x23, 0x00, 0x23, 0x00,
    0x23, 0x00, 0x23, 0x00, 0x23, 0x00, 0x23, 0x00, 0x23, 0x00, 0x23, 0x00, 0x23, 0x00, 0x23, 0x00,
    0x23, 0x00, 0x23, 0x00, 0x23, 0x00, 0x23, 0x00, 0x23, 0x00, 0x23, 0x00, 0x23, 0x00, 0x23, 0x00,
    0x23, 0x00, 0x23, 0x00, 0x23, 0x00, 0x23, 0x00, 0x23, 0x00, 0x23, 0x00, 0x23, 0x00, 0x23, 0x00,
    0x23, 0x00, 0x23, 0x00, 0x23, 0x00, 0x23, 0x00, 0x23, 0x00, 0x23, 0x00, 0x23, 0x00, 0x23, 0x00,
    0x23, 0x00, 0x23, 0x00, 0x23, 0x00, 0x23, 0x00, 0x23, 0x00, 0x23, 0x00, 0x23, 0x00, 0x23, 0x00,
    0x23, 0x00, 0x23, 0x00, 0x23, 0x00, 0x23, 0x00, 0x23, 0x00, 0x23, 0x00, 0x23, 0x00, 0x23, 0x00,
    0x23, 0x00, 0x23, 0x00, 0x23, 0x00, 0x23, 0x00, 0x23, 0x00, 0x23, 0x00, 0x23, 0x00, 0x23, 0x00,
    0x23, 0x00, 0x23, 0x00, 0x23, 0x00, 0x23, 0x00, 0x23, 0x00, 0x23, 0x00, 0x23, 0x00, 0x23, 0x00,
    0x23, 0x00, 0x23, 0x00, 0x23, 0x00, 0x23, 0x00, 0x23, 0x00, 0x23, 0x00, 0x23, 0x00, 0x23, 0x00,
    0x23, 0x00, 0x23, 0x00, 0x23, 0x00, 0x23, 0x00, 0x23, 0x00, 0x23, 0x00, 0x23, 0x00, 0x23, 0x00,
    0x23, 0x00, 0x23, 0x00, 0x23, 0x00, 0x23, 0x00, 0x23, 0x00, 0x23, 0x00, 0x23, 0x00, 0x23, 0x00,
    0x23, 0x00, 0x23, 0x00, 0x23, 0x00, 0x23, 0x00, 0x23, 0x00, 0x23, 0x00, 0x23, 0x00, 0x23, 0x00,
    0x23, 0x00, 0x23, 0x00, 0x23, 0x00, 0x23, 0x00, 0x23, 0x00, 0x23, 0x00, 0x23, 0x00, 0x23, 0x00,
    0x23, 0x00, 0x23, 0x00, 0x23, 0x00, 0x23, 0x00, 0x23, 0x00, 0x23, 0x00, 0x23, 0x00, 0x23, 0x00,
    0x23, 0x00, 0x23, 0x00, 0x23, 0x00, 0x23, 0x00, 0x23, 0x00, 0x23, 0x00, 0x23, 0x00, 0x23, 0x00,
    0x23, 0x00, 0x23, 0x00, 0x23, 0x00, 0x23, 0x00, 0x23, 0x00, 0x23, 0x00, 0x23, 0x00, 0x23, 0x00,
    0x23, 0x00, 0x23, 0x00, 0x23, 0x00, 0x23, 0x00, 0x23, 0x00, 0x23, 0x00, 0x23, 0x00, 0x23, 0x00,
    0x23, 0x00, 0x23, 0x00, 0x23, 0x00, 0x23, 0x00, 0x23, 0x00, 0x23, 0x00, 0x23, 0x00, 0x23, 0x00,
    0x23, 0x00, 0x23, 0x00, 0x23, 0x00, 0x23, 0x00, 0x23, 0x00, 0x23, 0x00, 0x23, 0x00, 0x23, 0x00,
    0x23, 0x00, 0xbb, 0x02, 0xdf, 0x02, 0xdf, 0x02, 0xdf, 0x03, 0xb5, 0x01, 0x23, 0x00, 0x23, 0x00,
    0x23, 0x00, 0x51, 0x01, 0x51, 0x01, 0x00, 0x00, 0x00, 0x00, 0x00, 0x00, 0x00, 0x00, 0x00, 0x00,
    0x00, 0x00, 0x8a, 0x00, 0xe8, 0x00, 0x00, 0x00, 0x00, 0x00, 0x23, 0x00, 0x23, 0x00, 0x00, 0x00,
    0x46, 0x00, 0x0c, 0x01, 0x23, 0x00, 0x00, 0x00, 0x00, 0x00, 0x00, 0x00, 0x00, 0x00, 0x00, 0x00,
    0x00, 0x00, 0x00, 0x00, 0x00, 0x00, 0x00, 0x00, 0x00, 0x00, 0x00, 0x00, 0x23, 0x00, 0x51, 0x01,
    0xef, 0x00, 0x46, 0x00, 0x23, 0x00, 0x23, 0x00, 0x23, 0x00, 0xb5, 0x01, 0x3f, 0x02, 0xdf, 0x02,
    0xdf, 0x03, 0x46, 0x00, 0x23, 0x00, 0x23, 0x00, 0x23, 0x00, 0x23, 0x00, 0x23, 0x00, 0x23, 0x00,
    0x23, 0x00, 0x23, 0x00, 0x23, 0x00, 0x23, 0x00, 0x23, 0x00, 0x23, 0x00, 0x23, 0x00, 0x23, 0x00,
    0x23, 0x00, 0x23, 0x00, 0x23, 0x00, 0x23, 0x00, 0x23, 0x00, 0x23, 0x00, 0x23, 0x00, 0x23, 0x00,
    0x23, 0x00, 0x23, 0x00, 0x23, 0x00, 0x23, 0x00, 0x23, 0x00, 0x23, 0x00, 0x23, 0x00, 0x23, 0x00,
    0x23, 0x00, 0x23, 0x00, 0x23, 0x00, 0x23, 0x00, 0x23, 0x00, 0x23, 0x00, 0x23, 0x00, 0x23, 0x00,
    0x23, 0x00, 0x23, 0x00, 0x23, 0x00, 0x23, 0x00, 0x23, 0x00, 0x23, 0x00, 0x23, 0x00, 0x23, 0x00,
    0x23, 0x00, 0x23, 0x00, 0x23, 0x00, 0x23, 0x00, 0x23, 0x00, 0x23, 0x00, 0x23, 0x00, 0x23, 0x00,
    0x23, 0x00, 0x23, 0x00, 0x23, 0x00, 0x23, 0x00, 0x23, 0x00, 0x23, 0x00, 0x23, 0x00, 0x23, 0x00,
    0x23, 0x00, 0x23, 0x00, 0x23, 0x00, 0x23, 0x00, 0x23, 0x00, 0x23, 0x00, 0x23, 0x00, 0x23, 0x00,
    0x23, 0x00, 0x23, 0x00, 0x23, 0x00, 0x23, 0x00, 0x23, 0x00, 0x23, 0x00, 0x23, 0x00, 0x23, 0x00,
    0x23, 0x00, 0x23, 0x00, 0x23, 0x00, 0x23, 0x00, 0x23, 0x00, 0x23, 0x00, 0x23, 0x00, 0x23, 0x00,
    0x23, 0x00, 0x23, 0x00, 0x23, 0x00, 0x23, 0x00, 0x23, 0x00, 0x23, 0x00, 0x23, 0x00, 0x23, 0x00,
    0x23, 0x00, 0x23, 0x00, 0x23, 0x00, 0x23, 0x00, 0x23, 0x00, 0x23, 0x00, 0x23, 0x00, 0x23, 0x00,
    0x23, 0x00, 0x23, 0x00, 0x23, 0x00, 0x23, 0x00, 0x23, 0x00, 0x23, 0x00, 0x23, 0x00, 0x23, 0x00,
    0x23, 0x00, 0x23, 0x00, 0x23, 0x00, 0x23, 0x00, 0x23, 0x00, 0x23, 0x00, 0x23, 0x00, 0x23, 0x00,
    0x23, 0x00, 0x23, 0x00, 0x23, 0x00, 0x23, 0x00, 0x23, 0x00, 0x23, 0x00, 0x23, 0x00, 0x23, 0x00,
    0x23, 0x00, 0x23, 0x00, 0x23, 0x00, 0x23, 0x00, 0x23, 0x00, 0x23, 0x00, 0x23, 0x00, 0x23, 0x00,
    0x23, 0x00, 0x23, 0x00, 0x23, 0x00, 0x23, 0x00, 0x23, 0x00, 0x23, 0x00, 0x23, 0x00, 0x23, 0x00,
    0x23, 0x00, 0x23, 0x00, 0x23, 0x00, 0x23, 0x00, 0x23, 0x00, 0x23, 0x00, 0x23, 0x00, 0x23, 0x00,
    0x23, 0x00, 0x23, 0x00, 0x23, 0x00, 0x23, 0x00, 0x23, 0x00, 0x23, 0x00, 0x23, 0x00, 0x23, 0x00,
    0x23, 0x00, 0x23, 0x00, 0x23, 0x00, 0x23, 0x00, 0x23, 0x00, 0x23, 0x00, 0x23, 0x00, 0x23, 0x00,
    0x23, 0x00, 0x23, 0x00, 0x23, 0x00, 0x23, 0x00, 0x23, 0x00, 0x23, 0x00, 0x23, 0x00, 0x23, 0x00,
    0x23, 0x00, 0x23, 0x00, 0x23, 0x00, 0x23, 0x00, 0x23, 0x00, 0x23, 0x00, 0x23, 0x00, 0x23, 0x00,
    0x23, 0x00, 0x23, 0x00, 0x23, 0x00, 0x23, 0x00, 0x23, 0x00, 0x23, 0x00, 0x23, 0x00, 0x23, 0x00,
    0x23, 0x00, 0xdf, 0x02, 0xdf, 0x02, 0xdf, 0x02, 0xdf, 0x02, 0x23, 0x00, 0x23, 0x00, 0x46, 0x00,
    0x46, 0x00, 0x51, 0x01, 0x51, 0x01, 0x00, 0x00, 0x00, 0x00, 0x00, 0x00, 0x00, 0x00, 0x00, 0x00,
    0x00, 0x00, 0x8a, 0x00, 0xe8, 0x00, 0x00, 0x00, 0xe8, 0x00, 0x3d, 0x02, 0xb5, 0x01, 0x00, 0x00,
    0x46, 0x00, 0x0c, 0x01, 0x23, 0x00, 0x00, 0x00, 0x00, 0x00, 0x00, 0x00, 0x00, 0x00, 0x00, 0x00,
    0x00, 0x00, 0x00, 0x00, 0x00, 0x00, 0x00, 0x00, 0x00, 0x00, 0x00, 0x00, 0x23, 0x00, 0x51, 0x01,
    0x51, 0x01, 0x33, 0x01, 0x0c, 0x01, 0x46, 0x00, 0x23, 0x00, 0xe8, 0x00, 0x51, 0x01, 0xf1, 0x01,
    0xf1, 0x01, 0x23, 0x00, 0x23, 0x00, 0x23, 0x00, 0x23, 0x00, 0x23, 0x00, 0x23, 0x00, 0x23, 0x00,
    0x23, 0x00, 0x23, 0x00, 0x23, 0x00, 0x23, 0x00, 0x23, 0x00, 0x23, 0x00, 0x23, 0x00, 0x23, 0x00,
    0x23, 0x00, 0x23, 0x00, 0x23, 0x00, 0x23, 0x00, 0x23, 0x00, 0x23, 0x00, 0x23, 0x00, 0x23, 0x00,
    0x23, 0x00, 0x23, 0x00, 0x23, 0x00, 0x23, 0x00, 0x23, 0x00, 0x23, 0x00, 0x23, 0x00, 0x23, 0x00,
    0x23, 0x00, 0x23, 0x00, 0x23, 0x00, 0x23, 0x00, 0x23, 0x00, 0x23, 0x00, 0x23, 0x00, 0x23, 0x00,
    0x23, 0x00, 0x23, 0x00, 0x23, 0x00, 0x23, 0x00, 0x23, 0x00, 0x23, 0x00, 0x23, 0x00, 0x23, 0x00,
    0x23, 0x00, 0x23, 0x00, 0x23, 0x00, 0x23, 0x00, 0x23, 0x00, 0x23, 0x00, 0x23, 0x00, 0x23, 0x00,
    0x23, 0x00, 0x23, 0x00, 0x23, 0x00, 0x23, 0x00, 0x23, 0x00, 0x23, 0x00, 0x23, 0x00, 0x23, 0x00,
    0x23, 0x00, 0x23, 0x00, 0x23, 0x00, 0x23, 0x00, 0x23, 0x00, 0x23, 0x00, 0x23, 0x00, 0x23, 0x00,
    0x23, 0x00, 0x23, 0x00, 0x23, 0x00, 0x23, 0x00, 0x23, 0x00, 0x23, 0x00, 0x23, 0x00, 0x23, 0x00,
    0x23, 0x00, 0x23, 0x00, 0x23, 0x00, 0x23, 0x00, 0x23, 0x00, 0x23, 0x00, 0x23, 0x00, 0x23, 0x00,
    0x23, 0x00, 0x23, 0x00, 0x23, 0x00, 0x23, 0x00, 0x23, 0x00, 0x23, 0x00, 0x23, 0x00, 0x23, 0x00,
    0x23, 0x00, 0x23, 0x00, 0x23, 0x00, 0x23, 0x00, 0x23, 0x00, 0x23, 0x00, 0x23, 0x00, 0x23, 0x00,
    0x23, 0x00, 0x23, 0x00, 0x23, 0x00, 0x23, 0x00, 0x23, 0x00, 0x23, 0x00, 0x23, 0x00, 0x23, 0x00,
    0x23, 0x00, 0x23, 0x00, 0x23, 0x00, 0x23, 0x00, 0x23, 0x00, 0x23, 0x00, 0x23, 0x00, 0x23, 0x00,
    0x23, 0x00, 0x23, 0x00, 0x23, 0x00, 0x23, 0x00, 0x23, 0x00, 0x23, 0x00, 0x23, 0x00, 0x23, 0x00,
    0x23, 0x00, 0x23, 0x00, 0x23, 0x00, 0x23, 0x00, 0x23, 0x00, 0x23, 0x00, 0x23, 0x00, 0x23, 0x00,
    0x23, 0x00, 0x23, 0x00, 0x23, 0x00, 0x23, 0x00, 0x23, 0x00, 0x23, 0x00, 0x23, 0x00, 0x23, 0x00,
    0x23, 0x00, 0x23, 0x00, 0x23, 0x00, 0x23, 0x00, 0x23, 0x00, 0x23, 0x00, 0x23, 0x00, 0x23, 0x00,
    0x23, 0x00, 0x23, 0x00, 0x23, 0x00, 0x23, 0x00, 0x23, 0x00, 0x23, 0x00, 0x23, 0x00, 0x23, 0x00,
    0x23, 0x00, 0x23, 0x00, 0x23, 0x00, 0x23, 0x00, 0x23, 0x00, 0x23, 0x00, 0x23, 0x00, 0x23, 0x00,
    0x23, 0x00, 0x23, 0x00, 0x23, 0x00, 0x23, 0x00, 0x23, 0x00, 0x23, 0x00, 0x23, 0x00, 0x23, 0x00,
    0x23, 0x00, 0x23, 0x00, 0x23, 0x00, 0x23, 0x00, 0x23, 0x00, 0x23, 0x00, 0x23, 0x00, 0x23, 0x00,
    0x23, 0x00, 0x23, 0x00, 0x23, 0x00, 0x23, 0x00, 0x23, 0x00, 0x23, 0x00, 0x23, 0x00, 0x23, 0x00,
    0x23, 0x00, 0x0c, 0x01, 0xf1, 0x01, 0xf1, 0x01, 0xce, 0x01, 0x00, 0x00, 0x23, 0x00, 0x0c, 0x01,
    0x33, 0x01, 0x51, 0x01, 0x51, 0x01, 0x00, 0x00, 0x00, 0x00, 0x00, 0x00, 0x00, 0x00, 0x00, 0x00,
    0x00, 0x00, 0x8a, 0x00, 0xe8, 0x00, 0x00, 0x00, 0xe8, 0x00, 0x57, 0x01, 0x33, 0x01, 0x00, 0x00,
    0x46, 0x00, 0x0c, 0x01, 0x23, 0x00, 0x00, 0x00, 0x00, 0x00, 0x00, 0x00, 0x00, 0x00, 0x00, 0x00,
    0x00, 0x00, 0x00, 0x00, 0x00, 0x00, 0x00, 0x00, 0x00, 0x00, 0x00, 0x00, 0x00, 0x00, 0x00, 0x00,
    0x46, 0x00, 0x33, 0x01, 0x51, 0x01, 0xef, 0x00, 0x46, 0x00, 0x23, 0x00, 0x23, 0x00, 0x23, 0x00,
    0x23, 0x00, 0x23, 0x00, 0x23, 0x00, 0x23, 0x00, 0x23, 0x00, 0x23, 0x00, 0x23, 0x00, 0x23, 0x00,
    0x23, 0x00, 0x23, 0x00, 0x23, 0x00, 0x23, 0x00, 0x23, 0x00, 0x23, 0x00, 0x23, 0x00, 0x23, 0x00,
    0x23, 0x00, 0x23, 0x00, 0x23, 0x00, 0x23, 0x00, 0x23, 0x00, 0x23, 0x00, 0x23, 0x00, 0x23, 0x00,
    0x23, 0x00, 0x23, 0x00, 0x23, 0x00, 0x23, 0x00, 0x23, 0x00, 0x23, 0x00, 0x23, 0x00, 0x23, 0x00,
    0x23, 0x00, 0x23, 0x00, 0x23, 0x00, 0x23, 0x00, 0x23, 0x00, 0x23, 0x00, 0x23, 0x00, 0x23, 0x00,
    0x23, 0x00, 0x23, 0x00, 0x23, 0x00, 0x23, 0x00, 0x23, 0x00, 0x23, 0x00, 0x23, 0x00, 0x23, 0x00,
    0x23, 0x00, 0x23, 0x00, 0x23, 0x00, 0x23, 0x00, 0x23, 0x00, 0x23, 0x00, 0x23, 0x00, 0x23, 0x00,
    0x23, 0x00, 0x23, 0x00, 0x23, 0x00, 0x23, 0x00, 0x23, 0x00, 0x23, 0x00, 0x23, 0x00, 0x23, 0x00,
    0x23, 0x00, 0x23, 0x00, 0x23, 0x00, 0x23, 0x00, 0x23, 0x00, 0x23, 0x00, 0x23, 0x00, 0x23, 0x00,
    0x23, 0x00, 0x23, 0x00, 0x23, 0x00, 0x23, 0x00, 0x23, 0x00, 0x23, 0x00, 0x23, 0x00, 0x23, 0x00,
    0x23, 0x00, 0x23, 0x00, 0x23, 0x00, 0x23, 0x00, 0x23, 0x00, 0x23, 0x00, 0x23, 0x00, 0x23, 0x00,
    0x23, 0x00, 0x23, 0x00, 0x23, 0x00, 0x23, 0x00, 0x23, 0x00, 0x23, 0x00, 0x23, 0x00, 0x23, 0x00,
    0x23, 0x00, 0x23, 0x00, 0x23, 0x00, 0x23, 0x00, 0x23, 0x00, 0x23, 0x00, 0x23, 0x00, 0x23, 0x00,
    0x23, 0x00, 0x23, 0x00, 0x23, 0x00, 0x23, 0x00, 0x23, 0x00, 0x23, 0x00, 0x23, 0x00, 0x23, 0x00,
    0x23, 0x00, 0x23, 0x00, 0x23, 0x00, 0x23, 0x00, 0x23, 0x00, 0x23, 0x00, 0x23, 0x00, 0x23, 0x00,
    0x23, 0x00, 0x23, 0x00, 0x23, 0x00, 0x23, 0x00, 0x23, 0x00, 0x23, 0x00, 0x23, 0x00, 0x23, 0x00,
    0x23, 0x00, 0x23, 0x00, 0x23, 0x00, 0x23, 0x00, 0x23, 0x00, 0x23, 0x00, 0x23, 0x00, 0x23, 0x00,
    0x23, 0x00, 0x23, 0x00, 0x23, 0x00, 0x23, 0x00, 0x23, 0x00, 0x23, 0x00, 0x23, 0x00, 0x23, 0x00,
    0x23, 0x00, 0x23, 0x00, 0x23, 0x00, 0x23, 0x00, 0x23, 0x00, 0x23, 0x00, 0x23, 0x00, 0x23, 0x00,
    0x23, 0x00, 0x23, 0x00, 0x23, 0x00, 0x23, 0x00, 0x23, 0x00, 0x23, 0x00, 0x23, 0x00, 0x23, 0x00,
    0x23, 0x00, 0x23, 0x00, 0x23, 0x00, 0x23, 0x00, 0x23, 0x00, 0x23, 0x00, 0x23, 0x00, 0x23, 0x00,
    0x23, 0x00, 0x23, 0x00, 0x23, 0x00, 0x23, 0x00, 0x23, 0x00, 0x23, 0x00, 0x23, 0x00, 0x23, 0x00,
    0x23, 0x00, 0x23, 0x00, 0x23, 0x00, 0x23, 0x00, 0x23, 0x00, 0x23, 0x00, 0x23, 0x00, 0x23, 0x00,
    0x23, 0x00, 0x23, 0x00, 0x23, 0x00, 0x23, 0x00, 0x23, 0x00, 0x23, 0x00, 0x23, 0x00, 0x23, 0x00,
    0x23, 0x00, 0x23, 0x00, 0x23, 0x00, 0x23, 0x00, 0x23, 0x00, 0x00, 0x00, 0xef, 0x00, 0x51, 0x01,
    0x51, 0x01, 0x46, 0x00, 0x00, 0x00, 0x00, 0x00, 0x00, 0x00, 0x00, 0x00, 0x00, 0x00, 0x00, 0x00,
    0x00, 0x00, 0x8a, 0x00, 0x8a, 0x00, 0x00, 0x00, 0xe8, 0x00, 0xb5, 0x01, 0x51, 0x01, 0x00, 0x00,
    0x46, 0x00, 0x0c, 0x01, 0x23, 0x00, 0x00, 0x00, 0x00, 0x00, 0x00, 0x00, 0x00, 0x00, 0x00, 0x00,
    0x00, 0x00, 0x00, 0x00, 0x00, 0x00, 0x00, 0x00, 0x00, 0x00, 0x00, 0x00, 0x00, 0x00, 0x00, 0x00,
    0x46, 0x00, 0x51, 0x01, 0x51, 0x01, 0xef, 0x00, 0x8a, 0x00, 0x46, 0x00, 0x46, 0x00, 0x8a, 0x00,
    0x8a, 0x00, 0xe8, 0x00, 0xe8, 0x00, 0xe8, 0x00, 0x46, 0x00, 0x46, 0x00, 0xe8, 0x00, 0xe8, 0x00,
    0xe8, 0x00, 0xe8, 0x00, 0xe8, 0x00, 0xe8, 0x00, 0xe8, 0x00, 0xe8, 0x00, 0x46, 0x00, 0x46, 0x00,
    0xe8, 0x00, 0xe8, 0x00, 0xe8, 0x00, 0x46, 0x00, 0x46, 0x00, 0x46, 0x00, 0x46, 0x00, 0x46, 0x00,
    0x46, 0x00, 0x46, 0x00, 0x46, 0x00, 0x46, 0x00, 0x46, 0x00, 0xe8, 0x00, 0xe8, 0x00, 0x46, 0x00,
    0x46, 0x00, 0xe8, 0x00, 0xe8, 0x00, 0xe8, 0x00, 0xe8, 0x00, 0xe8, 0x00, 0xe8, 0x00, 0x46, 0x00,
    0x46, 0x00, 0xe8, 0x00, 0xe8, 0x00, 0xe8, 0x00, 0xe8, 0x00, 0x46, 0x00, 0x46, 0x00, 0xe8, 0x00,
    0xe8, 0x00, 0xe8, 0x00, 0xe8, 0x00, 0xe8, 0x00, 0xe8, 0x00, 0xe8, 0x00, 0xe8, 0x00, 0xe8, 0x00,
    0xe8, 0x00, 0xe8, 0x00, 0xe8, 0x00, 0xe8, 0x00, 0xe8, 0x00, 0xe8, 0x00, 0xe8, 0x00, 0x46, 0x00,
    0x46, 0x00, 0xe8, 0x00, 0xe8, 0x00, 0xe8, 0x00, 0x46, 0x00, 0x46, 0x00, 0x46, 0x00, 0xe8, 0x00,
    0xe8, 0x00, 0x46, 0x00, 0x46, 0x00, 0xe8, 0x00, 0xe8, 0x00, 0x46, 0x00, 0xe8, 0x00, 0xe8, 0x00,
    0x46, 0x00, 0xe8, 0x00, 0x46, 0x00, 0x46, 0x00, 0xe8, 0x00, 0xe8, 0x00, 0xe8, 0x00, 0xe8, 0x00,
    0xe8, 0x00, 0xe8, 0x00, 0x8a, 0x00, 0xe8, 0x00, 0xe8, 0x00, 0x46, 0x00, 0x46, 0x00, 0xe8, 0x00,
    0xe8, 0x00, 0x46, 0x00, 0x46, 0x00, 0x46, 0x00, 0xe8, 0x00, 0x46, 0x00, 0xe8, 0x00, 0xe8, 0x00,
    0xe8, 0x00, 0xe8, 0x00, 0xe8, 0x00, 0x46, 0x00, 0x46, 0x00, 0x46, 0x00, 0xe8, 0x00, 0x46, 0x00,
    0x46, 0x00, 0xe8, 0x00, 0xe8, 0x00, 0xe8, 0x00, 0xe8, 0x00, 0xe8, 0x00, 0xe8, 0x00, 0x46, 0x00,
    0x46, 0x00, 0xe8, 0x00, 0x46, 0x00, 0x46, 0x00, 0xe8, 0x00, 0xe8, 0x00, 0xe8, 0x00, 0x46, 0x00,
    0xe8, 0x00, 0x46, 0x00, 0x46, 0x00, 0x46, 0x00, 0xe8, 0x00, 0xe8, 0x00, 0xe8, 0x00, 0xe8, 0x00,
    0xe8, 0x00, 0xe8, 0x00, 0x46, 0x00, 0x46, 0x00, 0xe8, 0x00, 0xe8, 0x00, 0xe8, 0x00, 0xe8, 0x00,
    0x46, 0x00, 0xe8, 0x00, 0xe8, 0x00, 0xe8, 0x00, 0xe8, 0x00, 0xe8, 0x00, 0x46, 0x00, 0xe8, 0x00,
    0xe8, 0x00, 0xe8, 0x00, 0xe8, 0x00, 0xe8, 0x00, 0xe8, 0x00, 0xe8, 0x00, 0xe8, 0x00, 0xe8, 0x00,
    0xe8, 0x00, 0xe8, 0x00, 0xe8, 0x00, 0xe8, 0x00, 0xe8, 0x00, 0xe8, 0x00, 0xe8, 0x00, 0xe8, 0x00,
    0xe8, 0x00, 0xe8, 0x00, 0xe8, 0x00, 0xe8, 0x00, 0xe8, 0x00, 0xe8, 0x00, 0xe8, 0x00, 0xe8, 0x00,
    0x46, 0x00, 0x46, 0x00, 0xe8, 0x00, 0xe8, 0x00, 0xe8, 0x00, 0xe8, 0x00, 0x46, 0x00, 0x46, 0x00,
    0xe8, 0x00, 0xe8, 0x00, 0xe8, 0x00, 0xe8, 0x00, 0x46, 0x00, 0x46, 0x00, 0xe8, 0x00, 0x8a, 0x00,
    0x8a, 0x00, 0xe8, 0x00, 0xe8, 0x00, 0x8a, 0x00, 0x8a, 0x00, 0x46, 0x00, 0x0c, 0x01, 0xef, 0x00,
    0x0c, 0x01, 0x46, 0x00, 0x00, 0x00, 0x00, 0x00, 0x00, 0x00, 0x00, 0x00, 0x00, 0x00, 0x00, 0x00,
    0x00, 0x00, 0x8a, 0x00, 0x8a, 0x00, 0x00, 0x00, 0xe8, 0x00, 0x57, 0x01, 0x33, 0x01, 0x00, 0x00,
    0x46, 0x00, 0x0c, 0x01, 0x23, 0x00, 0x00, 0x00, 0x00, 0x00, 0x00, 0x00, 0x00, 0x00, 0x00, 0x00,
    0x00, 0x00, 0x00, 0x00, 0x00, 0x00, 0x00, 0x00, 0x00, 0x00, 0x00, 0x00, 0x00, 0x00, 0x00, 0x00,
    0x00, 0x00, 0x00, 0x00, 0x8a, 0x00, 0xef, 0x00, 0xef, 0x00, 0xef, 0x00, 0xef, 0x00, 0xef, 0x00,
    0xef, 0x00, 0xef, 0x00, 0xef, 0x00, 0xef, 0x00, 0xef, 0x00, 0xef, 0x00, 0xef, 0x00, 0xef, 0x00,
    0xef, 0x00, 0xef, 0x00, 0xef, 0x00, 0xef, 0x00, 0xef, 0x00, 0xef, 0x00, 0xef, 0x00, 0xef, 0x00,
    0xef, 0x00, 0xef, 0x00, 0xef, 0x00, 0xef, 0x00, 0xef, 0x00, 0xef, 0x00, 0xef, 0x00, 0xef, 0x00,
    0xef, 0x00, 0xef, 0x00, 0xef, 0x00, 0xef, 0x00, 0xef, 0x00, 0xef, 0x00, 0xef, 0x00, 0xef, 0x00,
    0xef, 0x00, 0xef, 0x00, 0xef, 0x00, 0xef, 0x00, 0xef, 0x00, 0xef, 0x00, 0xef, 0x00, 0xef, 0x00,
    0xef, 0x00, 0xef, 0x00, 0xef, 0x00, 0xef, 0x00, 0xef, 0x00, 0xef, 0x00, 0xef, 0x00, 0xef, 0x00,
    0xef, 0x00, 0xef, 0x00, 0xef, 0x00, 0xef, 0x00, 0xef, 0x00, 0xef, 0x00, 0xef, 0x00, 0xef, 0x00,
    0xef, 0x00, 0xef, 0x00, 0xef, 0x00, 0xef, 0x00, 0xef, 0x00, 0xef, 0x00, 0xef, 0x00, 0xef, 0x00,
    0xef, 0x00, 0xef, 0x00, 0xef, 0x00, 0xef, 0x00, 0xef, 0x00, 0xef, 0x00, 0xef, 0x00, 0xef, 0x00,
    0xef, 0x00, 0xef, 0x00, 0xef, 0x00, 0xef, 0x00, 0xef, 0x00, 0xef, 0x00, 0xef, 0x00, 0xef, 0x00,
    0xef, 0x00, 0xef, 0x00, 0xef, 0x00, 0xef, 0x00, 0xef, 0x00, 0xef, 0x00, 0xef, 0x00, 0xef, 0x00,
    0xef, 0x00, 0xef, 0x00, 0xef, 0x00, 0xef, 0x00, 0xef, 0x00, 0xef, 0x00, 0xef, 0x00, 0xef, 0x00,
    0xef, 0x00, 0xef, 0x00, 0xef, 0x00, 0xef, 0x00, 0xef, 0x00, 0xef, 0x00, 0xef, 0x00, 0xef, 0x00,
    0xef, 0x00, 0xef, 0x00, 0xef, 0x00, 0xef, 0x00, 0xef, 0x00, 0xef, 0x00, 0xef, 0x00, 0xef, 0x00,
    0xef, 0x00, 0xef, 0x00, 0xef, 0x00, 0xef, 0x00, 0xef, 0x00, 0xef, 0x00, 0xef, 0x00, 0xef, 0x00,
    0xef, 0x00, 0xef, 0x00, 0xef, 0x00, 0xef, 0x00, 0xef, 0x00, 0xef, 0x00, 0xef, 0x00, 0xef, 0x00,
    0xef, 0x00, 0xef, 0x00, 0xef, 0x00, 0xef, 0x00, 0xef, 0x00, 0xef, 0x00, 0xef, 0x00, 0xef, 0x00,
    0xef, 0x00, 0xef, 0x00, 0xef, 0x00, 0xef, 0x00, 0xef, 0x00, 0xef, 0x00, 0xef, 0x00, 0xef, 0x00,
    0xef, 0x00, 0xef, 0x00, 0xef, 0x00, 0xef, 0x00, 0xef, 0x00, 0xef, 0x00, 0xef, 0x00, 0xef, 0x00,
    0xef, 0x00, 0xef, 0x00, 0xef, 0x00, 0xef, 0x00, 0xef, 0x00, 0xef, 0x00, 0xef, 0x00, 0xef, 0x00,
    0xef, 0x00, 0xef, 0x00, 0xef, 0x00, 0xef, 0x00, 0xef, 0x00, 0xef, 0x00, 0xef, 0x00, 0xef, 0x00,
    0xef, 0x00, 0xef, 0x00, 0xef, 0x00, 0xef, 0x00, 0xef, 0x00, 0xef, 0x00, 0xef, 0x00, 0xef, 0x00,
    0xef, 0x00, 0xef, 0x00, 0xef, 0x00, 0xef, 0x00, 0xef, 0x00, 0xef, 0x00, 0xef, 0x00, 0xef, 0x00,
    0xef, 0x00, 0xef, 0x00, 0xef, 0x00, 0xef, 0x00, 0xef, 0x00, 0xef, 0x00, 0xef, 0x00, 0xef, 0x00,
    0xef, 0x00, 0xef, 0x00, 0xef, 0x00, 0xef, 0x00, 0xef, 0x00, 0xef, 0x00, 0xef, 0x00, 0xe8, 0x00,
    0x00, 0x00, 0x00, 0x00, 0x00, 0x00, 0x00, 0x00, 0x00, 0x00, 0x00, 0x00, 0x00, 0x00, 0x00, 0x00,
    0x00, 0x00, 0x0c, 0x01, 0xe8, 0x00, 0x00, 0x00, 0xe8, 0x00, 0xbb, 0x02, 0xb5, 0x01, 0x00, 0x00,
    0x46, 0x00, 0x0c, 0x01, 0x23, 0x00, 0x00, 0x00, 0x00, 0x00, 0x00, 0x00, 0x00, 0x00, 0x00, 0x00,
    0x00, 0x00, 0x00, 0x00, 0x00, 0x00, 0x00, 0x00, 0x00, 0x00, 0x00, 0x00, 0x00, 0x00, 0x00, 0x00,
    0x00, 0x00, 0x00, 0x00, 0x46, 0x00, 0x8a, 0x00, 0x8a, 0x00, 0x8a, 0x00, 0x8a, 0x00, 0x8a, 0x00,
    0x8a, 0x00, 0x8a, 0x00, 0x8a, 0x00, 0x8a, 0x00, 0x8a, 0x00, 0x8a, 0x00, 0x8a, 0x00, 0x8a, 0x00,
    0x8a, 0x00, 0x8a, 0x00, 0x8a, 0x00, 0x8a, 0x00, 0x8a, 0x00, 0x8a, 0x00, 0x8a, 0x00, 0x8a, 0x00,
    0x0c, 0x01, 0x0c, 0x01, 0x0c, 0x01, 0x8a, 0x00, 0x8a, 0x00, 0x8a, 0x00, 0x8a, 0x00, 0x8a, 0x00,
    0x8a, 0x00, 0x8a, 0x00, 0x8a, 0x00, 0x8a, 0x00, 0x8a, 0x00, 0x8a, 0x00, 0x8a, 0x00, 0x8a, 0x00,
    0x8a, 0x00, 0x0c, 0x01, 0x8a, 0x00, 0x8a, 0x00, 0x8a, 0x00, 0x0c, 0x01, 0x0c, 0x01, 0x0c, 0x01,
    0x8a, 0x00, 0x8a, 0x00, 0x8a, 0x00, 0x0c, 0x01, 0x0c, 0x01, 0x8a, 0x00, 0x8a, 0x00, 0x8a, 0x00,
    0x8a, 0x00, 0x8a, 0x00, 0x8a, 0x00, 0x8a, 0x00, 0x8a, 0x00, 0x8a, 0x00, 0x8a, 0x00, 0x8a, 0x00,
    0x8a, 0x00, 0x8a, 0x00, 0x8a, 0x00, 0x8a, 0x00, 0x8a, 0x00, 0x8a, 0x00, 0x8a, 0x00, 0x8a, 0x00,
    0x8a, 0x00, 0x8a, 0x00, 0x8a, 0x00, 0x8a, 0x00, 0x8a, 0x00, 0x8a, 0x00, 0x8a, 0x00, 0x8a, 0x00,
    0x8a, 0x00, 0x8a, 0x00, 0x8a, 0x00, 0x8a, 0x00, 0x8a, 0x00, 0x0c, 0x01, 0x0c, 0x01, 0x0c, 0x01,
    0x8a, 0x00, 0x8a, 0x00, 0x8a, 0x00, 0x8a, 0x00, 0x8a, 0x00, 0x8a, 0x00, 0x0c, 0x01, 0x0c, 0x01,
    0x0c, 0x01, 0x0c, 0x01, 0x0c, 0x01, 0x0c, 0x01, 0x0c, 0x01, 0x8a, 0x00, 0x8a, 0x00, 0x8a, 0x00,
    0x8a, 0x00, 0x8a, 0x00, 0x8a, 0x00, 0x8a, 0x00, 0x8a, 0x00, 0x8a, 0x00, 0x0c, 0x01, 0x0c, 0x01,
    0x8a, 0x00, 0x8a, 0x00, 0x8a, 0x00, 0x8a, 0x00, 0x0c, 0x01, 0x8a, 0x00, 0x8a, 0x00, 0x8a, 0x00,
    0x0c, 0x01, 0x0c, 0x01, 0x0c, 0x01, 0x0c, 0x01, 0x0c, 0x01, 0x0c, 0x01, 0x8a, 0x00, 0x8a, 0x00,
    0x8a, 0x00, 0x8a, 0x00, 0x8a, 0x00, 0x0c, 0x01, 0x0c, 0x01, 0x0c, 0x01, 0x0c, 0x01, 0x0c, 0x01,
    0x8a, 0x00, 0x8a, 0x00, 0x8a, 0x00, 0x8a, 0x00, 0x8a, 0x00, 0x8a, 0x00, 0x0c, 0x01, 0x0c, 0x01,
    0x0c, 0x01, 0x8a, 0x00, 0x8a, 0x00, 0x8a, 0x00, 0x8a, 0x00, 0x8a, 0x00, 0x8a, 0x00, 0x0c, 0x01,
    0x0c, 0x01, 0x0c, 0x01, 0x0c, 0x01, 0x0c, 0x01, 0x0c, 0x01, 0x0c, 0x01, 0x0c, 0x01, 0x0c, 0x01,
    0x0c, 0x01, 0x0c, 0x01, 0x0c, 0x01, 0x0c, 0x01, 0x0c, 0x01, 0x0c, 0x01, 0x0c, 0x01, 0x8a, 0x00,
    0x8a, 0x00, 0x8a, 0x00, 0x0c, 0x01, 0x0c, 0x01, 0x0c, 0x01, 0x0c, 0x01, 0x0c, 0x01, 0x0c, 0x01,
    0x0c, 0x01, 0x8a, 0x00, 0x0c, 0x01, 0x0c, 0x01, 0x0c, 0x01, 0x0c, 0x01, 0x8a, 0x00, 0x8a, 0x00,
    0x8a, 0x00, 0x8a, 0x00, 0x8a, 0x00, 0x8a, 0x00, 0x8a, 0x00, 0x8a, 0x00, 0x8a, 0x00, 0x8a, 0x00,
    0x8a, 0x00, 0x8a, 0x00, 0x8a, 0x00, 0x8a, 0x00, 0x8a, 0x00, 0x8a, 0x00, 0x8a, 0x00, 0x8a, 0x00,
    0x8a, 0x00, 0x8a, 0x00, 0x8a, 0x00, 0x0c, 0x01, 0x8a, 0x00, 0x8a, 0x00, 0x8a, 0x00, 0x46, 0x00,
    0x00, 0x00, 0x00, 0x00, 0x00, 0x00, 0x00, 0x00, 0x00, 0x00, 0x00, 0x00, 0x00, 0x00, 0x00, 0x00,
    0x00, 0x00, 0x8a, 0x00, 0xe8, 0x00, 0x00, 0x00, 0x00, 0x00, 0x23, 0x00, 0x00, 0x00, 0x00, 0x00,
    0x46, 0x00, 0x0c, 0x01, 0x23, 0x00, 0x00, 0x00, 0x00, 0x00, 0x00, 0x00, 0x00, 0x00, 0x00, 0x00,
    0x00, 0x00, 0x00, 0x00, 0x00, 0x00, 0x00, 0x00, 0x00, 0x00, 0x00, 0x00, 0x00, 0x00, 0x00, 0x00,
    0x00, 0x00, 0x00, 0x00, 0x00, 0x00, 0x00, 0x00, 0x00, 0x00, 0x00, 0x00, 0x00, 0x00, 0x00, 0x00,
    0x00, 0x00, 0x00, 0x00, 0x00, 0x00, 0x00, 0x00, 0x00, 0x00, 0x00, 0x00, 0x00, 0x00, 0x00, 0x00,
    0x00, 0x00, 0x00, 0x00, 0x00, 0x00, 0x00, 0x00, 0x00, 0x00, 0x00, 0x00, 0x00, 0x00, 0x00, 0x00,
    0x00, 0x00, 0x00, 0x00, 0x00, 0x00, 0x00, 0x00, 0x00, 0x00, 0x00, 0x00, 0x00, 0x00, 0x00, 0x00,
    0x00, 0x00, 0x00, 0x00, 0x00, 0x00, 0x00, 0x00, 0x00, 0x00, 0x00, 0x00, 0x00, 0x00, 0x00, 0x00,
    0x00, 0x00, 0x00, 0x00, 0x00, 0x00, 0x00, 0x00, 0x00, 0x00, 0x00, 0x00, 0x00, 0x00, 0x00, 0x00,
    0x00, 0x00, 0x00, 0x00, 0x00, 0x00, 0x00, 0x00, 0x00, 0x00, 0x00, 0x00, 0x00, 0x00, 0x00, 0x00,
    0x00, 0x00, 0x00, 0x00, 0x00, 0x00, 0x00, 0x00, 0x00, 0x00, 0x00, 0x00, 0x00, 0x00, 0x00, 0x00,
    0x00, 0x00, 0x00, 0x00, 0x00, 0x00, 0x00, 0x00, 0x00, 0x00, 0x00, 0x00, 0x00, 0x00, 0x00, 0x00,
    0x00, 0x00, 0x00, 0x00, 0x00, 0x00, 0x00, 0x00, 0x00, 0x00, 0x00, 0x00, 0x00, 0x00, 0x00, 0x00,
    0x00, 0x00, 0x00, 0x00, 0x00, 0x00, 0x00, 0x00, 0x00, 0x00, 0x00, 0x00, 0x00, 0x00, 0x00, 0x00,
    0x00, 0x00, 0x00, 0x00, 0x00, 0x00, 0x00, 0x00, 0x00, 0x00, 0x00, 0x00, 0x00, 0x00, 0x00, 0x00,
    0x00, 0x00, 0x00, 0x00, 0x00, 0x00, 0x00, 0x00, 0x00, 0x00, 0x00, 0x00, 0x00, 0x00, 0x00, 0x00,
    0x00, 0x00, 0x00, 0x00, 0x00, 0x00, 0x00, 0x00, 0x00, 0x00, 0x00, 0x00, 0x00, 0x00, 0x00, 0x00,
    0x00, 0x00, 0x00, 0x00, 0x00, 0x00, 0x00, 0x00, 0x00, 0x00, 0x00, 0x00, 0x00, 0x00, 0x00, 0x00,
    0x00, 0x00, 0x00, 0x00, 0x00, 0x00, 0x00, 0x00, 0x00, 0x00, 0x00, 0x00, 0x00, 0x00, 0x00, 0x00,
    0x00, 0x00, 0x00, 0x00, 0x00, 0x00, 0x00, 0x00, 0x00, 0x00, 0x00, 0x00, 0x00, 0x00, 0x00, 0x00,
    0x00, 0x00, 0x00, 0x00, 0x00, 0x00, 0x00, 0x00, 0x00, 0x00, 0x00, 0x00, 0x00, 0x00, 0x00, 0x00,
    0x00, 0x00, 0x00, 0x00, 0x00, 0x00, 0x00, 0x00, 0x00, 0x00, 0x00, 0x00, 0x00, 0x00, 0x00, 0x00,
    0x00, 0x00, 0x00, 0x00, 0x00, 0x00, 0x00, 0x00, 0x00, 0x00, 0x00, 0x00, 0x00, 0x00, 0x00, 0x00,
    0x00, 0x00, 0x00, 0x00, 0x00, 0x00, 0x00, 0x00, 0x00, 0x00, 0x00, 0x00, 0x00, 0x00, 0x00, 0x00,
    0x00, 0x00, 0x00, 0x00, 0x00, 0x00, 0x00, 0x00, 0x00, 0x00, 0x00, 0x00, 0x00, 0x00, 0x00, 0x00,
    0x00, 0x00, 0x00, 0x00, 0x00, 0x00, 0x00, 0x00, 0x00, 0x00, 0x00, 0x00, 0x00, 0x00, 0x00, 0x00,
    0x00, 0x00, 0x00, 0x00, 0x00, 0x00, 0x00, 0x00, 0x00, 0x00, 0x00, 0x00, 0x00, 0x00, 0x00, 0x00,
    0x00, 0x00, 0x00, 0x00, 0x00, 0x00, 0x00, 0x00, 0x00, 0x00, 0x00, 0x00, 0x00, 0x00, 0x00, 0x00,
    0x00, 0x00, 0x00, 0x00, 0x00, 0x00, 0x00, 0x00, 0x00, 0x00, 0x00, 0x00, 0x00, 0x00, 0x00, 0x00,
    0x00, 0x00, 0x00, 0x00, 0x00, 0x00, 0x00, 0x00, 0x00, 0x00, 0x00, 0x00, 0x00, 0x00, 0x00, 0x00,
    0x00, 0x00, 0x8a, 0x00, 0xe8, 0x00, 0x00, 0x00, 0x00, 0x00, 0x00, 0x00, 0x00, 0x00, 0x00, 0x00,
    0x46, 0x00, 0x0c, 0x01, 0x23, 0x00, 0x00, 0x00, 0x00, 0x00, 0x00, 0x00, 0x00, 0x00, 0x00, 0x00,
    0x00, 0x00, 0x00, 0x00, 0x00, 0x00, 0x00, 0x00, 0x00, 0x00, 0x00, 0x00, 0x00, 0x00, 0x00, 0x00,
    0x00, 0x00, 0x00, 0x00, 0x00, 0x00, 0x00, 0x00, 0x00, 0x00, 0x00, 0x00, 0x00, 0x00, 0x00, 0x00,
    0x00, 0x00, 0x00, 0x00, 0x00, 0x00, 0x00, 0x00, 0x00, 0x00, 0x00, 0x00, 0x00, 0x00, 0x00, 0x00,
    0x00, 0x00, 0x00, 0x00, 0x00, 0x00, 0x00, 0x00, 0x00, 0x00, 0x00, 0x00, 0x00, 0x00, 0x00, 0x00,
    0x00, 0x00, 0x00, 0x00, 0x00, 0x00, 0x00, 0x00, 0x00, 0x00, 0x00, 0x00, 0x00, 0x00, 0x00, 0x00,
    0x00, 0x00, 0x00, 0x00, 0x00, 0x00, 0x00, 0x00, 0x00, 0x00, 0x00, 0x00, 0x00, 0x00, 0x00, 0x00,
    0x00, 0x00, 0x00, 0x00, 0x00, 0x00, 0x00, 0x00, 0x00, 0x00, 0x00, 0x00, 0x00, 0x00, 0x00, 0x00,
    0x00, 0x00, 0x00, 0x00, 0x00, 0x00, 0x00, 0x00, 0x00, 0x00, 0x00, 0x00, 0x00, 0x00, 0x00, 0x00,
    0x00, 0x00, 0x00, 0x00, 0x00, 0x00, 0x00, 0x00, 0x00, 0x00, 0x00, 0x00, 0x00, 0x00, 0x00, 0x00,
    0x00, 0x00, 0x00, 0x00, 0x00, 0x00, 0x00, 0x00, 0x00, 0x00, 0x00, 0x00, 0x00, 0x00, 0x00, 0x00,
    0x00, 0x00, 0x00, 0x00, 0x00, 0x00, 0x00, 0x00, 0x00, 0x00, 0x00, 0x00, 0x00, 0x00, 0x00, 0x00,
    0x00, 0x00, 0x00, 0x00, 0x00, 0x00, 0x00, 0x00, 0x00, 0x00, 0x00, 0x00, 0x00, 0x00, 0x00, 0x00,
    0x00, 0x00, 0x00, 0x00, 0x00, 0x00, 0x00, 0x00, 0x00, 0x00, 0x00, 0x00, 0x00, 0x00, 0x00, 0x00,
    0x00, 0x00, 0x00, 0x00, 0x00, 0x00, 0x00, 0x00, 0x00, 0x00, 0x00, 0x00, 0x00, 0x00, 0x00, 0x00,
    0x00, 0x00, 0x00, 0x00, 0x00, 0x00, 0x00, 0x00, 0x00, 0x00, 0x00, 0x00, 0x00, 0x00, 0x00, 0x00,
    0x00, 0x00, 0x00, 0x00, 0x00, 0x00, 0x00, 0x00, 0x00, 0x00, 0x00, 0x00, 0x00, 0x00, 0x00, 0x00,
    0x00, 0x00, 0x00, 0x00, 0x00, 0x00, 0x00, 0x00, 0x00, 0x00, 0x00, 0x00, 0x00, 0x00, 0x00, 0x00,
    0x00, 0x00, 0x00, 0x00, 0x00, 0x00, 0x00, 0x00, 0x00, 0x00, 0x00, 0x00, 0x00, 0x00, 0x00, 0x00,
    0x00, 0x00, 0x00, 0x00, 0x00, 0x00, 0x00, 0x00, 0x00, 0x00, 0x00, 0x00, 0x00, 0x00, 0x00, 0x00,
    0x00, 0x00, 0x00, 0x00, 0x00, 0x00, 0x00, 0x00, 0x00, 0x00, 0x00, 0x00, 0x00, 0x00, 0x00, 0x00,
    0x00, 0x00, 0x00, 0x00, 0x00, 0x00, 0x00, 0x00, 0x00, 0x00, 0x00, 0x00, 0x00, 0x00, 0x00, 0x00,
    0x00, 0x00, 0x00, 0x00, 0x00, 0x00, 0x00, 0x00, 0x00, 0x00, 0x00, 0x00, 0x00, 0x00, 0x00, 0x00,
    0x00, 0x00, 0x00, 0x00, 0x00, 0x00, 0x00, 0x00, 0x00, 0x00, 0x00, 0x00, 0x00, 0x00, 0x00, 0x00,
    0x00, 0x00, 0x00, 0x00, 0x00, 0x00, 0x00, 0x00, 0x00, 0x00, 0x00, 0x00, 0x00, 0x00, 0x00, 0x00,
    0x00, 0x00, 0x00, 0x00, 0x00, 0x00, 0x00, 0x00, 0x00, 0x00, 0x00, 0x00, 0x00, 0x00, 0x00, 0x00,
    0x00, 0x00, 0x00, 0x00, 0x00, 0x00, 0x00, 0x00, 0x00, 0x00, 0x00, 0x00, 0x00, 0x00, 0x00, 0x00,
    0x00, 0x00, 0x00, 0x00, 0x00, 0x00, 0x00, 0x00, 0x00, 0x00, 0x00, 0x00, 0x00, 0x00, 0x00, 0x00,
    0x00, 0x00, 0x00, 0x00, 0x00, 0x00, 0x00, 0x00, 0x00, 0x00, 0x00, 0x00, 0x00, 0x00, 0x00, 0x00,
    0x00, 0x00, 0x8a, 0x00, 0xe8, 0x00, 0x00, 0x00, 0x00, 0x00, 0x23, 0x00, 0x23, 0x00, 0x00, 0x00,
    0x46, 0x00, 0x0c, 0x01, 0x23, 0x00, 0x00, 0x00, 0x00, 0x00, 0x00, 0x00, 0x00, 0x00, 0x00, 0x00,
    0x00, 0x00, 0x00, 0x00, 0x00, 0x00, 0x00, 0x00, 0x00, 0x00, 0x00, 0x00, 0x00, 0x00, 0x00, 0x00,
    0x00, 0x00, 0x00, 0x00, 0x00, 0x00, 0x00, 0x00, 0x00, 0x00, 0x00, 0x00, 0x00, 0x00, 0x00, 0x00,
    0x00, 0x00, 0x00, 0x00, 0x00, 0x00, 0x00, 0x00, 0x00, 0x00, 0x00, 0x00, 0x00, 0x00, 0x00, 0x00,
    0x00, 0x00, 0x00, 0x00, 0x00, 0x00, 0x00, 0x00, 0x00, 0x00, 0x00, 0x00, 0x00, 0x00, 0x00, 0x00,
    0x00, 0x00, 0x00, 0x00, 0x00, 0x00, 0x00, 0x00, 0x00, 0x00, 0x00, 0x00, 0x00, 0x00, 0x00, 0x00,
    0x00, 0x00, 0x00, 0x00, 0x00, 0x00, 0x00, 0x00, 0x00, 0x00, 0x00, 0x00, 0x00, 0x00, 0x00, 0x00,
    0x00, 0x00, 0x00, 0x00, 0x00, 0x00, 0x00, 0x00, 0x00, 0x00, 0x00, 0x00, 0x00, 0x00, 0x00, 0x00,
    0x00, 0x00, 0x00, 0x00, 0x00, 0x00, 0x00, 0x00, 0x00, 0x00, 0x00, 0x00, 0x00, 0x00, 0x00, 0x00,
    0x00, 0x00, 0x00, 0x00, 0x00, 0x00, 0x00, 0x00, 0x00, 0x00, 0x00, 0x00, 0x00, 0x00, 0x00, 0x00,
    0x00, 0x00, 0x00, 0x00, 0x00, 0x00, 0x00, 0x00, 0x00, 0x00, 0x00, 0x00, 0x00, 0x00, 0x00, 0x00,
    0x00, 0x00, 0x00, 0x00, 0x00, 0x00, 0x00, 0x00, 0x00, 0x00, 0x00, 0x00, 0x00, 0x00, 0x00, 0x00,
    0x00, 0x00, 0x00, 0x00, 0x00, 0x00, 0x00, 0x00, 0x00, 0x00, 0x00, 0x00, 0x00, 0x00, 0x00, 0x00,
    0x00, 0x00, 0x00, 0x00, 0x00, 0x00, 0x00, 0x00, 0x00, 0x00, 0x00, 0x00, 0x00, 0x00, 0x00, 0x00,
    0x00, 0x00, 0x00, 0x00, 0x00, 0x00, 0x00, 0x00, 0x00, 0x00, 0x00, 0x00, 0x00, 0x00, 0x00, 0x00,
    0x00, 0x00, 0x00, 0x00, 0x00, 0x00, 0x00, 0x00, 0x00, 0x00, 0x00, 0x00, 0x00, 0x00, 0x00, 0x00,
    0x00, 0x00, 0x00, 0x00, 0x00, 0x00, 0x00, 0x00, 0x00, 0x00, 0x00, 0x00, 0x00, 0x00, 0x00, 0x00,
    0x00, 0x00, 0x00, 0x00, 0x00, 0x00, 0x00, 0x00, 0x00, 0x00, 0x00, 0x00, 0x00, 0x00, 0x00, 0x00,
    0x00, 0x00, 0x00, 0x00, 0x00, 0x00, 0x00, 0x00, 0x00, 0x00, 0x00, 0x00, 0x00, 0x00, 0x00, 0x00,
    0x00, 0x00, 0x00, 0x00, 0x00, 0x00, 0x00, 0x00, 0x00, 0x00, 0x00, 0x00, 0x00, 0x00, 0x00, 0x00,
    0x00, 0x00, 0x00, 0x00, 0x00, 0x00, 0x00, 0x00, 0x00, 0x00, 0x00, 0x00, 0x00, 0x00, 0x00, 0x00,
    0x00, 0x00, 0x00, 0x00, 0x00, 0x00, 0x00, 0x00, 0x00, 0x00, 0x00, 0x00, 0x00, 0x00, 0x00, 0x00,
    0x00, 0x00, 0x00, 0x00, 0x00, 0x00, 0x00, 0x00, 0x00, 0x00, 0x00, 0x00, 0x00, 0x00, 0x00, 0x00,
    0x00, 0x00, 0x00, 0x00, 0x00, 0x00, 0x00, 0x00, 0x00, 0x00, 0x00, 0x00, 0x00, 0x00, 0x00, 0x00,
    0x00, 0x00, 0x00, 0x00, 0x00, 0x00, 0x00, 0x00, 0x00, 0x00, 0x00, 0x00, 0x00, 0x00, 0x00, 0x00,
    0x00, 0x00, 0x00, 0x00, 0x00, 0x00, 0x00, 0x00, 0x00, 0x00, 0x00, 0x00, 0x00, 0x00, 0x00, 0x00,
    0x00, 0x00, 0x00, 0x00, 0x00, 0x00, 0x00, 0x00, 0x00, 0x00, 0x00, 0x00, 0x00, 0x00, 0x00, 0x00,
    0x00, 0x00, 0x00, 0x00, 0x00, 0x00, 0x00, 0x00, 0x00, 0x00, 0x00, 0x00, 0x00, 0x00, 0x00, 0x00,
    0x00, 0x00, 0x00, 0x00, 0x00, 0x00, 0x00, 0x00, 0x00, 0x00, 0x00, 0x00, 0x00, 0x00, 0x00, 0x00,
    0x00, 0x00, 0x8a, 0x00, 0xe8, 0x00, 0x00, 0x00, 0x46, 0x00, 0x33, 0x01, 0xef, 0x00, 0x00, 0x00,
    0x46, 0x00, 0x0c, 0x01, 0x23, 0x00, 0x00, 0x00, 0x00, 0x00, 0x00, 0x00, 0x00, 0x00, 0x00, 0x00,
    0x00, 0x00, 0x00, 0x00, 0x00, 0x00, 0x00, 0x00, 0x00, 0x00, 0x00, 0x00, 0x00, 0x00, 0x00, 0x00,
    0x00, 0x00, 0x00, 0x00, 0x00, 0x00, 0x00, 0x00, 0x00, 0x00, 0x00, 0x00, 0x00, 0x00, 0x00, 0x00,
    0x00, 0x00, 0x00, 0x00, 0x00, 0x00, 0x00, 0x00, 0x00, 0x00, 0x00, 0x00, 0x00, 0x00, 0x00, 0x00,
    0x00, 0x00, 0x00, 0x00, 0x00, 0x00, 0x00, 0x00, 0x00, 0x00, 0x00, 0x00, 0x00, 0x00, 0x00, 0x00,
    0x00, 0x00, 0x00, 0x00, 0x00, 0x00, 0x00, 0x00, 0x00, 0x00, 0x00, 0x00, 0x00, 0x00, 0x00, 0x00,
    0x00, 0x00, 0x00, 0x00, 0x00, 0x00, 0x00, 0x00, 0x00, 0x00, 0x00, 0x00, 0x00, 0x00, 0x00, 0x00,
    0x00, 0x00, 0x00, 0x00, 0x00, 0x00, 0x00, 0x00, 0x00, 0x00, 0x00, 0x00, 0x00, 0x00, 0x00, 0x00,
    0x00, 0x00, 0x00, 0x00, 0x00, 0x00, 0x00, 0x00, 0x00, 0x00, 0x00, 0x00, 0x00, 0x00, 0x00, 0x00,
    0x00, 0x00, 0x00, 0x00, 0x00, 0x00, 0x00, 0x00, 0x00, 0x00, 0x00, 0x00, 0x00, 0x00, 0x00, 0x00,
    0x00, 0x00, 0x00, 0x00, 0x00, 0x00, 0x00, 0x00, 0x00, 0x00, 0x00, 0x00, 0x00, 0x00, 0x00, 0x00,
    0x00, 0x00, 0x00, 0x00, 0x00, 0x00, 0x00, 0x00, 0x00, 0x00, 0x00, 0x00, 0x00, 0x00, 0x00, 0x00,
    0x00, 0x00, 0x00, 0x00, 0x00, 0x00, 0x00, 0x00, 0x00, 0x00, 0x00, 0x00, 0x00, 0x00, 0x00, 0x00,
    0x00, 0x00, 0x00, 0x00, 0x00, 0x00, 0x00, 0x00, 0x00, 0x00, 0x00, 0x00, 0x00, 0x00, 0x00, 0x00,
    0x00, 0x00, 0x00, 0x00, 0x00, 0x00, 0x00, 0x00, 0x00, 0x00, 0x00, 0x00, 0x00, 0x00, 0x00, 0x00,
    0x00, 0x00, 0x00, 0x00, 0x00, 0x00, 0x00, 0x00, 0x00, 0x00, 0x00, 0x00, 0x00, 0x00, 0x00, 0x00,
    0x00, 0x00, 0x00, 0x00, 0x00, 0x00, 0x00, 0x00, 0x00, 0x00, 0x00, 0x00, 0x00, 0x00, 0x00, 0x00,
    0x00, 0x00, 0x00, 0x00, 0x00, 0x00, 0x00, 0x00, 0x00, 0x00, 0x00, 0x00, 0x00, 0x00, 0x00, 0x00,
    0x00, 0x00, 0x00, 0x00, 0x00, 0x00, 0x00, 0x00, 0x00, 0x00, 0x00, 0x00, 0x00, 0x00, 0x00, 0x00,
    0x00, 0x00, 0x00, 0x00, 0x00, 0x00, 0x00, 0x00, 0x00, 0x00, 0x00, 0x00, 0x00, 0x00, 0x00, 0x00,
    0x00, 0x00, 0x00, 0x00, 0x00, 0x00, 0x00, 0x00, 0x00, 0x00, 0x00, 0x00, 0x00, 0x00, 0x00, 0x00,
    0x00, 0x00, 0x00, 0x00, 0x00, 0x00, 0x00, 0x00, 0x00, 0x00, 0x00, 0x00, 0x00, 0x00, 0x00, 0x00,
    0x00, 0x00, 0x00, 0x00, 0x00, 0x00, 0x00, 0x00, 0x00, 0x00, 0x00, 0x00, 0x00, 0x00, 0x00, 0x00,
    0x00, 0x00, 0x00, 0x00, 0x00, 0x00, 0x00, 0x00, 0x00, 0x00, 0x00, 0x00, 0x00, 0x00, 0x00, 0x00,
    0x00, 0x00, 0x00, 0x00, 0x00, 0x00, 0x00, 0x00, 0x00, 0x00, 0x00, 0x00, 0x00, 0x00, 0x00, 0x00,
    0x00, 0x00, 0x00, 0x00, 0x00, 0x00, 0x00, 0x00, 0x00, 0x00, 0x00, 0x00, 0x00, 0x00, 0x00, 0x00,
    0x00, 0x00, 0x00, 0x00, 0x00, 0x00, 0x00, 0x00, 0x00, 0x00, 0x00, 0x00, 0x00, 0x00, 0x00, 0x00,
    0x00, 0x00, 0x00, 0x00, 0x00, 0x00, 0x00, 0x00, 0x00, 0x00, 0x00, 0x00, 0x00, 0x00, 0x00, 0x00,
    0x00, 0x00, 0x00, 0x00, 0x00, 0x00, 0x00, 0x00, 0x00, 0x00, 0x00, 0x00, 0x00, 0x00, 0x00, 0x00,
    0x00, 0x00, 0x8a, 0x00, 0xe8, 0x00, 0x00, 0x00, 0x46, 0x00, 0x57, 0x01, 0x33, 0x01, 0x00, 0x00,
    0x46, 0x00, 0x0c, 0x01, 0x23, 0x00, 0x00, 0x00, 0x00, 0x00, 0x00, 0x00, 0x00, 0x00, 0x00, 0x00,
    0x00, 0x00, 0x00, 0x00, 0x00, 0x00, 0x00, 0x00, 0x00, 0x00, 0x00, 0x00, 0x00, 0x00, 0x00, 0x00,
    0x00, 0x00, 0x00, 0x00, 0x00, 0x00, 0x00, 0x00, 0x00, 0x00, 0x00, 0x00, 0x00, 0x00, 0x00, 0x00,
    0x00, 0x00, 0x00, 0x00, 0x00, 0x00, 0x00, 0x00, 0x00, 0x00, 0x00, 0x00, 0x00, 0x00, 0x00, 0x00,
    0x00, 0x00, 0x00, 0x00, 0x00, 0x00, 0x00, 0x00, 0x00, 0x00, 0x00, 0x00, 0x00, 0x00, 0x00, 0x00,
    0x00, 0x00, 0x00, 0x00, 0x00, 0x00, 0x00, 0x00, 0x00, 0x00, 0x00, 0x00, 0x00, 0x00, 0x00, 0x00,
    0x00, 0x00, 0x00, 0x00, 0x00, 0x00, 0x00, 0x00, 0x00, 0x00, 0x00, 0x00, 0x00, 0x00, 0x00, 0x00,
    0x00, 0x00, 0x00, 0x00, 0x00, 0x00, 0x00, 0x00, 0x00, 0x00, 0x00, 0x00, 0x00, 0x00, 0x00, 0x00,
    0x00, 0x00, 0x00, 0x00, 0x00, 0x00, 0x00, 0x00, 0x00, 0x00, 0x00, 0x00, 0x00, 0x00, 0x00, 0x00,
    0x00, 0x00, 0x00, 0x00, 0x00, 0x00, 0x00, 0x00, 0x00, 0x00, 0x00, 0x00, 0x00, 0x00, 0x00, 0x00,
    0x00, 0x00, 0x00, 0x00, 0x00, 0x00, 0x00, 0x00, 0x00, 0x00, 0x00, 0x00, 0x00, 0x00, 0x00, 0x00,
    0x00, 0x00, 0x00, 0x00, 0x00, 0x00, 0x00, 0x00, 0x00, 0x00, 0x00, 0x00, 0x00, 0x00, 0x00, 0x00,
    0x00, 0x00, 0x00, 0x00, 0x00, 0x00, 0x00, 0x00, 0x00, 0x00, 0x00, 0x00, 0x00, 0x00, 0x00, 0x00,
    0x00, 0x00, 0x00, 0x00, 0x00, 0x00, 0x00, 0x00, 0x00, 0x00, 0x00, 0x00, 0x00, 0x00, 0x00, 0x00,
    0x00, 0x00, 0x00, 0x00, 0x00, 0x00, 0x00, 0x00, 0x00, 0x00, 0x00, 0x00, 0x00, 0x00, 0x00, 0x00,
    0x00, 0x00, 0x00, 0x00, 0x00, 0x00, 0x00, 0x00, 0x00, 0x00, 0x00, 0x00, 0x00, 0x00, 0x00, 0x00,
    0x00, 0x00, 0x00, 0x00, 0x00, 0x00, 0x00, 0x00, 0x00, 0x00, 0x00, 0x00, 0x00, 0x00, 0x00, 0x00,
    0x00, 0x00, 0x00, 0x00, 0x00, 0x00, 0x00, 0x00, 0x00, 0x00, 0x00, 0x00, 0x00, 0x00, 0x00, 0x00,
    0x00, 0x00, 0x00, 0x00, 0x00, 0x00, 0x00, 0x00, 0x00, 0x00, 0x00, 0x00, 0x00, 0x00, 0x00, 0x00,
    0x00, 0x00, 0x00, 0x00, 0x00, 0x00, 0x00, 0x00, 0x00, 0x00, 0x00, 0x00, 0x00, 0x00, 0x00, 0x00,
    0x00, 0x00, 0x00, 0x00, 0x00, 0x00, 0x00, 0x00, 0x00, 0x00, 0x00, 0x00, 0x00, 0x00, 0x00, 0x00,
    0x00, 0x00, 0x00, 0x00, 0x00, 0x00, 0x00, 0x00, 0x00, 0x00, 0x00, 0x00, 0x00, 0x00, 0x00, 0x00,
    0x00, 0x00, 0x00, 0x00, 0x00, 0x00, 0x00, 0x00, 0x00, 0x00, 0x00, 0x00, 0x00, 0x00, 0x00, 0x00,
    0x00, 0x00, 0x00, 0x00, 0x00, 0x00, 0x00, 0x00, 0x00, 0x00, 0x00, 0x00, 0x00, 0x00, 0x00, 0x00,
    0x00, 0x00, 0x00, 0x00, 0x00, 0x00, 0x00, 0x00, 0x00, 0x00, 0x00, 0x00, 0x00, 0x00, 0x00, 0x00,
    0x00, 0x00, 0x00, 0x00, 0x00, 0x00, 0x00, 0x00, 0x00, 0x00, 0x00, 0x00, 0x00, 0x00, 0x00, 0x00,
    0x00, 0x00, 0x00, 0x00, 0x00, 0x00, 0x00, 0x00, 0x00, 0x00, 0x00, 0x00, 0x00, 0x00, 0x00, 0x00,
    0x00, 0x00, 0x00, 0x00, 0x00, 0x00, 0x00, 0x00, 0x00, 0x00, 0x00, 0x00, 0x00, 0x00, 0x00, 0x00,
    0x00, 0x00, 0x00, 0x00, 0x00, 0x00, 0x00, 0x00, 0x00, 0x00, 0x00, 0x00, 0x00, 0x00, 0x00, 0x00,
    0x00, 0x00, 0x8a, 0x00, 0xe8, 0x00, 0x00, 0x00, 0x46, 0x00, 0xb5, 0x01, 0x51, 0x01, 0x00, 0x00,
    0x46, 0x00, 0x0c, 0x01, 0x23, 0x00, 0x00, 0x00, 0x00, 0x00, 0x00, 0x00, 0x00, 0x00, 0x00, 0x00,
    0x00, 0x00, 0x00, 0x00, 0x00, 0x00, 0x00, 0x00, 0x00, 0x00, 0x00, 0x00, 0x00, 0x00, 0x00, 0x00,
    0x00, 0x00, 0x00, 0x00, 0x00, 0x00, 0x00, 0x00, 0x00, 0x00, 0x00, 0x00, 0x00, 0x00, 0x00, 0x00,
    0x00, 0x00, 0x00, 0x00, 0x00, 0x00, 0x00, 0x00, 0x00, 0x00, 0x00, 0x00, 0x00, 0x00, 0x00, 0x00,
    0x00, 0x00, 0x00, 0x00, 0x00, 0x00, 0x00, 0x00, 0x00, 0x00, 0x00, 0x00, 0x00, 0x00, 0x00, 0x00,
    0x00, 0x00, 0x00, 0x00, 0x00, 0x00, 0x00, 0x00, 0x00, 0x00, 0x00, 0x00, 0x00, 0x00, 0x00, 0x00,
    0x00, 0x00, 0x00, 0x00, 0x00, 0x00, 0x00, 0x00, 0x00, 0x00, 0x00, 0x00, 0x00, 0x00, 0x00, 0x00,
    0x00, 0x00, 0x00, 0x00, 0x00, 0x00, 0x00, 0x00, 0x00, 0x00, 0x00, 0x00, 0x00, 0x00, 0x00, 0x00,
    0x00, 0x00, 0x00, 0x00, 0x00, 0x00, 0x00, 0x00, 0x00, 0x00, 0x00, 0x00, 0x00, 0x00, 0x00, 0x00,
    0x00, 0x00, 0x00, 0x00, 0x00, 0x00, 0x00, 0x00, 0x00, 0x00, 0x00, 0x00, 0x00, 0x00, 0x00, 0x00,
    0x00, 0x00, 0x00, 0x00, 0x00, 0x00, 0x00, 0x00, 0x00, 0x00, 0x00, 0x00, 0x00, 0x00, 0x00, 0x00,
    0x00, 0x00, 0x00, 0x00, 0x00, 0x00, 0x00, 0x00, 0x00, 0x00, 0x00, 0x00, 0x00, 0x00, 0x00, 0x00,
    0x00, 0x00, 0x00, 0x00, 0x00, 0x00, 0x00, 0x00, 0x00, 0x00, 0x00, 0x00, 0x00, 0x00, 0x00, 0x00,
    0x00, 0x00, 0x00, 0x00, 0x00, 0x00, 0x00, 0x00, 0x00, 0x00, 0x00, 0x00, 0x00, 0x00, 0x00, 0x00,
    0x00, 0x00, 0x00, 0x00, 0x00, 0x00, 0x00, 0x00, 0x00, 0x00, 0x00, 0x00, 0x00, 0x00, 0x00, 0x00,
    0x00, 0x00, 0x00, 0x00, 0x00, 0x00, 0x00, 0x00, 0x00, 0x00, 0x00, 0x00, 0x00, 0x00, 0x00, 0x00,
    0x00, 0x00, 0x00, 0x00, 0x00, 0x00, 0x00, 0x00, 0x00, 0x00, 0x00, 0x00, 0x00, 0x00, 0x00, 0x00,
    0x00, 0x00, 0x00, 0x00, 0x00, 0x00, 0x00, 0x00, 0x00, 0x00, 0x00, 0x00, 0x00, 0x00, 0x00, 0x00,
    0x00, 0x00, 0x00, 0x00, 0x00, 0x00, 0x00, 0x00, 0x00, 0x00, 0x00, 0x00, 0x00, 0x00, 0x00, 0x00,
    0x00, 0x00, 0x00, 0x00, 0x00, 0x00, 0x00, 0x00, 0x00, 0x00, 0x00, 0x00, 0x00, 0x00, 0x00, 0x00,
    0x00, 0x00, 0x00, 0x00, 0x00, 0x00, 0x00, 0x00, 0x00, 0x00, 0x00, 0x00, 0x00, 0x00, 0x00, 0x00,
    0x00, 0x00, 0x00, 0x00, 0x00, 0x00, 0x00, 0x00, 0x00, 0x00, 0x00, 0x00, 0x00, 0x00, 0x00, 0x00,
    0x00, 0x00, 0x00, 0x00, 0x00, 0x00, 0x00, 0x00, 0x00, 0x00, 0x00, 0x00, 0x00, 0x00, 0x00, 0x00,
    0x00, 0x00, 0x00, 0x00, 0x00, 0x00, 0x00, 0x00, 0x00, 0x00, 0x00, 0x00, 0x00, 0x00, 0x00, 0x00,
    0x00, 0x00, 0x00, 0x00, 0x00, 0x00, 0x00, 0x00, 0x00, 0x00, 0x00, 0x00, 0x00, 0x00, 0x00, 0x00,
    0x00, 0x00, 0x00, 0x00, 0x00, 0x00, 0x00, 0x00, 0x00, 0x00, 0x00, 0x00, 0x00, 0x00, 0x00, 0x00,
    0x00, 0x00, 0x00, 0x00, 0x00, 0x00, 0x00, 0x00, 0x00, 0x00, 0x00, 0x00, 0x00, 0x00, 0x00, 0x00,
    0x00, 0x00, 0x00, 0x00, 0x00, 0x00, 0x00, 0x00, 0x00, 0x00, 0x00, 0x00, 0x00, 0x00, 0x00, 0x00,
    0x00, 0x00, 0x00, 0x00, 0x00, 0x00, 0x00, 0x00, 0x00, 0x00, 0x00, 0x00, 0x00, 0x00, 0x00, 0x00,
    0x00, 0x00, 0x8a, 0x00, 0x8a, 0x00, 0x00, 0x00, 0xe8, 0x00, 0xb5, 0x01, 0x51, 0x01, 0x00, 0x00,
    0x46, 0x00, 0x0c, 0x01, 0x23, 0x00, 0x00, 0x00, 0x00, 0x00, 0x00, 0x00, 0x00, 0x00, 0x00, 0x00,
    0x00, 0x00, 0x00, 0x00, 0x00, 0x00, 0x00, 0x00, 0x00, 0x00, 0x00, 0x00, 0x00, 0x00, 0x00, 0x00,
    0x00, 0x00, 0x00, 0x00, 0x46, 0x00, 0x0c, 0x01, 0x0c, 0x01, 0x0c, 0x01, 0xef, 0x00, 0xef, 0x00,
    0xef, 0x00, 0x0c, 0x01, 0x0c, 0x01, 0x0c, 0x01, 0x0c, 0x01, 0x0c, 0x01, 0x0c, 0x01, 0x0c, 0x01,
    0x0c, 0x01, 0x0c, 0x01, 0x0c, 0x01, 0x0c, 0x01, 0x0c, 0x01, 0x0c, 0x01, 0x0c, 0x01, 0x0c, 0x01,
    0x0c, 0x01, 0x0c, 0x01, 0x0c, 0x01, 0x0c, 0x01, 0x0c, 0x01, 0x0c, 0x01, 0x0c, 0x01, 0x0c, 0x01,
    0x0c, 0x01, 0x0c, 0x01, 0x0c, 0x01, 0x0c, 0x01, 0x0c, 0x01, 0x0c, 0x01, 0x0c, 0x01, 0x0c, 0x01,
    0x0c, 0x01, 0x0c, 0x01, 0x0c, 0x01, 0x0c, 0x01, 0x0c, 0x01, 0x0c, 0x01, 0x0c, 0x01, 0x0c, 0x01,
    0x0c, 0x01, 0x0c, 0x01, 0x0c, 0x01, 0x0c, 0x01, 0x0c, 0x01, 0x0c, 0x01, 0x0c, 0x01, 0x0c, 0x01,
    0x0c, 0x01, 0x0c, 0x01, 0x0c, 0x01, 0x0c, 0x01, 0x0c, 0x01, 0x0c, 0x01, 0x0c, 0x01, 0x0c, 0x01,
    0x0c, 0x01, 0x0c, 0x01, 0x0c, 0x01, 0x0c, 0x01, 0x0c, 0x01, 0x0c, 0x01, 0x0c, 0x01, 0x0c, 0x01,
    0x0c, 0x01, 0x0c, 0x01, 0x0c, 0x01, 0x0c, 0x01, 0x0c, 0x01, 0x0c, 0x01, 0x0c, 0x01, 0x0c, 0x01,
    0x0c, 0x01, 0x0c, 0x01, 0x0c, 0x01, 0x0c, 0x01, 0x0c, 0x01, 0x0c, 0x01, 0x0c, 0x01, 0x0c, 0x01,
    0x0c, 0x01, 0x0c, 0x01, 0x0c, 0x01, 0x0c, 0x01, 0x0c, 0x01, 0x0c, 0x01, 0x0c, 0x01, 0x0c, 0x01,
    0x0c, 0x01, 0x0c, 0x01, 0x0c, 0x01, 0x0c, 0x01, 0x0c, 0x01, 0x0c, 0x01, 0x0c, 0x01, 0x0c, 0x01,
    0x0c, 0x01, 0x0c, 0x01, 0x0c, 0x01, 0x0c, 0x01, 0x0c, 0x01, 0x0c, 0x01, 0x0c, 0x01, 0x0c, 0x01,
    0x0c, 0x01, 0x0c, 0x01, 0x0c, 0x01, 0x0c, 0x01, 0x0c, 0x01, 0x0c, 0x01, 0x0c, 0x01, 0x0c, 0x01,
    0x0c, 0x01, 0x0c, 0x01, 0x0c, 0x01, 0x0c, 0x01, 0x0c, 0x01, 0x0c, 0x01, 0x0c, 0x01, 0x0c, 0x01,
    0x0c, 0x01, 0x0c, 0x01, 0x0c, 0x01, 0x0c, 0x01, 0x0c, 0x01, 0x0c, 0x01, 0x0c, 0x01, 0x0c, 0x01,
    0x0c, 0x01, 0x0c, 0x01, 0x0c, 0x01, 0x0c, 0x01, 0x0c, 0x01, 0x0c, 0x01, 0x0c, 0x01, 0x0c, 0x01,
    0x0c, 0x01, 0x0c, 0x01, 0x0c, 0x01, 0x0c, 0x01, 0x0c, 0x01, 0x0c, 0x01, 0x0c, 0x01, 0x0c, 0x01,
    0x0c, 0x01, 0x0c, 0x01, 0x0c, 0x01, 0x0c, 0x01, 0x0c, 0x01, 0x0c, 0x01, 0x0c, 0x01, 0x0c, 0x01,
    0x0c, 0x01, 0x0c, 0x01, 0x0c, 0x01, 0x0c, 0x01, 0x0c, 0x01, 0x0c, 0x01, 0x0c, 0x01, 0x0c, 0x01,
    0x0c, 0x01, 0x0c, 0x01, 0x0c, 0x01, 0x0c, 0x01, 0x0c, 0x01, 0x0c, 0x01, 0x0c, 0x01, 0x0c, 0x01,
    0x0c, 0x01, 0x0c, 0x01, 0x0c, 0x01, 0x0c, 0x01, 0x0c, 0x01, 0x0c, 0x01, 0x0c, 0x01, 0x0c, 0x01,
    0x0c, 0x01, 0x0c, 0x01, 0x0c, 0x01, 0x0c, 0x01, 0x0c, 0x01, 0x0c, 0x01, 0x0c, 0x01, 0x0c, 0x01,
    0x0c, 0x01, 0x0c, 0x01, 0x0c, 0x01, 0x0c, 0x01, 0x0c, 0x01, 0x0c, 0x01, 0x0c, 0x01, 0x0c, 0x01,
    0x0c, 0x01, 0x0c, 0x01, 0xef, 0x00, 0x0c, 0x01, 0x0c, 0x01, 0x0c, 0x01, 0x0c, 0x01, 0x46, 0x00,
    0x00, 0x00, 0x00, 0x00, 0x00, 0x00, 0x00, 0x00, 0x00, 0x00, 0x00, 0x00, 0x00, 0x00, 0x00, 0x00,
    0x00, 0x00, 0x8a, 0x00, 0xe8, 0x00, 0x00, 0x00, 0xe8, 0x00, 0x57, 0x01, 0x51, 0x01, 0x00, 0x00,
    0x46, 0x00, 0x0c, 0x01, 0x23, 0x00, 0x00, 0x00, 0x00, 0x00, 0x00, 0x00, 0x00, 0x00, 0x00, 0x00,
    0x00, 0x00, 0x00, 0x00, 0x00, 0x00, 0x00, 0x00, 0x00, 0x00, 0x00, 0x00, 0x00, 0x00, 0x00, 0x00,
    0x00, 0x00, 0x00, 0x00, 0x8a, 0x00, 0xef, 0x00, 0xef, 0x00, 0xef, 0x00, 0xef, 0x00, 0xef, 0x00,
    0xef, 0x00, 0xef, 0x00, 0xef, 0x00, 0xef, 0x00, 0xef, 0x00, 0xef, 0x00, 0xef, 0x00, 0xef, 0x00,
    0xef, 0x00, 0xef, 0x00, 0xef, 0x00, 0xef, 0x00, 0xef, 0x00, 0xef, 0x00, 0xef, 0x00, 0xef, 0x00,
    0xef, 0x00, 0xef, 0x00, 0xef, 0x00, 0xef, 0x00, 0xef, 0x00, 0xef, 0x00, 0xef, 0x00, 0xef, 0x00,
    0xef, 0x00, 0xef, 0x00, 0xef, 0x00, 0xef, 0x00, 0xef, 0x00, 0xef, 0x00, 0xef, 0x00, 0xef, 0x00,
    0xef, 0x00, 0xef, 0x00, 0xef, 0x00, 0xef, 0x00, 0xef, 0x00, 0xef, 0x00, 0xef, 0x00, 0xef, 0x00,
    0xef, 0x00, 0xef, 0x00, 0xef, 0x00, 0xef, 0x00, 0xef, 0x00, 0xef, 0x00, 0xef, 0x00, 0xef, 0x00,
    0xef, 0x00, 0xef, 0x00, 0xef, 0x00, 0xef, 0x00, 0xef, 0x00, 0xef, 0x00, 0xef, 0x00, 0xef, 0x00,
    0xef, 0x00, 0xef, 0x00, 0xef, 0x00, 0xef, 0x00, 0xef, 0x00, 0xef, 0x00, 0xef, 0x00, 0xef, 0x00,
    0xef, 0x00, 0xef, 0x00, 0xef, 0x00, 0xef, 0x00, 0xef, 0x00, 0xef, 0x00, 0xef, 0x00, 0xef, 0x00,
    0xef, 0x00, 0xef, 0x00, 0xef, 0x00, 0xef, 0x00, 0xef, 0x00, 0xef, 0x00, 0xef, 0x00, 0xef, 0x00,
    0xef, 0x00, 0xef, 0x00, 0xef, 0x00, 0xef, 0x00, 0xef, 0x00, 0xef, 0x00, 0xef, 0x00, 0xef, 0x00,
    0xef, 0x00, 0xef, 0x00, 0xef, 0x00, 0xef, 0x00, 0xef, 0x00, 0xef, 0x00, 0xef, 0x00, 0xef, 0x00,
    0xef, 0x00, 0xef, 0x00, 0xef, 0x00, 0xef, 0x00, 0xef, 0x00, 0xef, 0x00, 0xef, 0x00, 0xef, 0x00,
    0xef, 0x00, 0xef, 0x00, 0xef, 0x00, 0xef, 0x00, 0xef, 0x00, 0xef, 0x00, 0xef, 0x00, 0xef, 0x00,
    0xef, 0x00, 0xef, 0x00, 0xef, 0x00, 0xef, 0x00, 0xef, 0x00, 0xef, 0x00, 0xef, 0x00, 0xef, 0x00,
    0xef, 0x00, 0xef, 0x00, 0xef, 0x00, 0xef, 0x00, 0xef, 0x00, 0xef, 0x00, 0xef, 0x00, 0xef, 0x00,
    0xef, 0x00, 0xef, 0x00, 0xef, 0x00, 0xef, 0x00, 0xef, 0x00, 0xef, 0x00, 0xef, 0x00, 0xef, 0x00,
    0xef, 0x00, 0xef, 0x00, 0xef, 0x00, 0xef, 0x00, 0xef, 0x00, 0xef, 0x00, 0xef, 0x00, 0xef, 0x00,
    0xef, 0x00, 0xef, 0x00, 0xef, 0x00, 0xef, 0x00, 0xef, 0x00, 0xef, 0x00, 0xef, 0x00, 0xef, 0x00,
    0xef, 0x00, 0xef, 0x00, 0xef, 0x00, 0xef, 0x00, 0xef, 0x00, 0xef, 0x00, 0xef, 0x00, 0xef, 0x00,
    0xef, 0x00, 0xef, 0x00, 0xef, 0x00, 0xef, 0x00, 0xef, 0x00, 0xef, 0x00, 0xef, 0x00, 0xef, 0x00,
    0xef, 0x00, 0xef, 0x00, 0xef, 0x00, 0xef, 0x00, 0xef, 0x00, 0xef, 0x00, 0xef, 0x00, 0xef, 0x00,
    0xef, 0x00, 0xef, 0x00, 0xef, 0x00, 0xef, 0x00, 0xef, 0x00, 0xef, 0x00, 0xef, 0x00, 0xef, 0x00,
    0xef, 0x00, 0xef, 0x00, 0xef, 0x00, 0xef, 0x00, 0xef, 0x00, 0xef, 0x00, 0xef, 0x00, 0xef, 0x00,
    0xef, 0x00, 0xef, 0x00, 0xef, 0x00, 0x51, 0x01, 0xef, 0x00, 0x0c, 0x01, 0xef, 0x00, 0xe8, 0x00,
    0x00, 0x00, 0x00, 0x00, 0x00, 0x00, 0x00, 0x00, 0x00, 0x00, 0x00, 0x00, 0x00, 0x00, 0x00, 0x00,
    0x00, 0x00, 0x8a, 0x00, 0xe8, 0x00, 0x00, 0x00, 0x23, 0x00, 0x0c, 0x01, 0x8a, 0x00, 0x00, 0x00,
    0x46, 0x00, 0x0c, 0x01, 0x23, 0x00, 0x00, 0x00, 0x00, 0x00, 0x00, 0x00, 0x00, 0x00, 0x00, 0x00,
    0x00, 0x00, 0x00, 0x00, 0x00, 0x00, 0x00, 0x00, 0x00, 0x00, 0x00, 0x00, 0x00, 0x00, 0x00, 0x00,
    0x46, 0x00, 0xef, 0x00, 0xef, 0x00, 0x51, 0x01, 0x8a, 0x00, 0x46, 0x00, 0x46, 0x00, 0x46, 0x00,
    0x46, 0x00, 0x46, 0x00, 0x46, 0x00, 0x46, 0x00, 0x46, 0x00, 0x46, 0x00, 0x46, 0x00, 0x46, 0x00,
    0x46, 0x00, 0x46, 0x00, 0x46, 0x00, 0x46, 0x00, 0x46, 0x00, 0x46, 0x00, 0x46, 0x00, 0x46, 0x00,
    0x46, 0x00, 0x46, 0x00, 0x46, 0x00, 0x46, 0x00, 0x46, 0x00, 0x46, 0x00, 0x46, 0x00, 0x46, 0x00,
    0x46, 0x00, 0x46, 0x00, 0x46, 0x00, 0x46, 0x00, 0x46, 0x00, 0x46, 0x00, 0x46, 0x00, 0x46, 0x00,
    0x46, 0x00, 0x46, 0x00, 0x46, 0x00, 0x46, 0x00, 0x46, 0x00, 0x46, 0x00, 0x46, 0x00, 0x46, 0x00,
    0x46, 0x00, 0x46, 0x00, 0x46, 0x00, 0x46, 0x00, 0x46, 0x00, 0x46, 0x00, 0x46, 0x00, 0x46, 0x00,
    0x46, 0x00, 0x46, 0x00, 0x46, 0x00, 0x46, 0x00, 0x46, 0x00, 0x46, 0x00, 0x46, 0x00, 0x46, 0x00,
    0x46, 0x00, 0x46, 0x00, 0x46, 0x00, 0x46, 0x00, 0x46, 0x00, 0x46, 0x00, 0x46, 0x00, 0x46, 0x00,
    0x46, 0x00, 0x46, 0x00, 0x46, 0x00, 0x46, 0x00, 0x46, 0x00, 0x46, 0x00, 0x46, 0x00, 0x46, 0x00,
    0x46, 0x00, 0x46, 0x00, 0x46, 0x00, 0x46, 0x00, 0x46, 0x00, 0x46, 0x00, 0x46, 0x00, 0x46, 0x00,
    0x46, 0x00, 0x46, 0x00, 0x46, 0x00, 0x46, 0x00, 0x46, 0x00, 0x46, 0x00, 0x46, 0x00, 0x46, 0x00,
    0x46, 0x00, 0x46, 0x00, 0x46, 0x00, 0x46, 0x00, 0x46, 0x00, 0x46, 0x00, 0x46, 0x00, 0x46, 0x00,
    0x46, 0x00, 0x46, 0x00, 0x46, 0x00, 0x46, 0x00, 0x46, 0x00, 0x46, 0x00, 0x46, 0x00, 0x46, 0x00,
    0x46, 0x00, 0x46, 0x00, 0x46, 0x00, 0x46, 0x00, 0x46, 0x00, 0x46, 0x00, 0x46, 0x00, 0x46, 0x00,
    0x46, 0x00, 0x46, 0x00, 0x46, 0x00, 0x46, 0x00, 0x46, 0x00, 0x46, 0x00, 0x46, 0x00, 0x46, 0x00,
    0x46, 0x00, 0x46, 0x00, 0x46, 0x00, 0x46, 0x00, 0x46, 0x00, 0x46, 0x00, 0x46, 0x00, 0x46, 0x00,
    0x46, 0x00, 0x46, 0x00, 0x46, 0x00, 0x46, 0x00, 0x46, 0x00, 0x46, 0x00, 0x46, 0x00, 0x46, 0x00,
    0x46, 0x00, 0x46, 0x00, 0x46, 0x00, 0x46, 0x00, 0x46, 0x00, 0x46, 0x00, 0x46, 0x00, 0x46, 0x00,
    0x46, 0x00, 0x46, 0x00, 0x46, 0x00, 0x46, 0x00, 0x46, 0x00, 0x46, 0x00, 0x46, 0x00, 0x46, 0x00,
    0x46, 0x00, 0x46, 0x00, 0x46, 0x00, 0x46, 0x00, 0x46, 0x00, 0x46, 0x00, 0x46, 0x00, 0x46, 0x00,
    0x46, 0x00, 0x46, 0x00, 0x46, 0x00, 0x46, 0x00, 0x46, 0x00, 0x46, 0x00, 0x46, 0x00, 0x46, 0x00,
    0x46, 0x00, 0x46, 0x00, 0x46, 0x00, 0x46, 0x00, 0x46, 0x00, 0x46, 0x00, 0x46, 0x00, 0x46, 0x00,
    0x46, 0x00, 0x46, 0x00, 0x46, 0x00, 0x46, 0x00, 0x46, 0x00, 0x46, 0x00, 0x46, 0x00, 0x46, 0x00,
    0x46, 0x00, 0x46, 0x00, 0x46, 0x00, 0x46, 0x00, 0x46, 0x00, 0x46, 0x00, 0x46, 0x00, 0x46, 0x00,
    0x46, 0x00, 0x46, 0x00, 0x46, 0x00, 0x46, 0x00, 0x46, 0x00, 0x46, 0x00, 0xef, 0x00, 0xef, 0x00,
    0xef, 0x00, 0x46, 0x00, 0x00, 0x00, 0x00, 0x00, 0x00, 0x00, 0x00, 0x00, 0x00, 0x00, 0x00, 0x00,
    0x00, 0x00, 0x8a, 0x00, 0xe8, 0x00, 0x00, 0x00, 0x00, 0x00, 0x00, 0x00, 0x00, 0x00, 0x00, 0x00,
    0x46, 0x00, 0x0c, 0x01, 0x23, 0x00, 0x00, 0x00, 0x00, 0x00, 0x00, 0x00, 0x00, 0x00, 0x00, 0x00,
    0x00, 0x00, 0x00, 0x00, 0x00, 0x00, 0x00, 0x00, 0x00, 0x00, 0x00, 0x00, 0x00, 0x00, 0x00, 0x00,
    0x46, 0x00, 0x51, 0x01, 0xef, 0x00, 0x51, 0x01, 0x46, 0x00, 0x23, 0x00, 0x00, 0x00, 0x00, 0x00,
    0x23, 0x00, 0x23, 0x00, 0x23, 0x00, 0x23, 0x00, 0x23, 0x00, 0x23, 0x00, 0x23, 0x00, 0x23, 0x00,
    0x23, 0x00, 0x23, 0x00, 0x23, 0x00, 0x23, 0x00, 0x23, 0x00, 0x23, 0x00, 0x23, 0x00, 0x23, 0x00,
    0x23, 0x00, 0x23, 0x00, 0x23, 0x00, 0x23, 0x00, 0x23, 0x00, 0x23, 0x00, 0x23, 0x00, 0x23, 0x00,
    0x23, 0x00, 0x23, 0x00, 0x23, 0x00, 0x23, 0x00, 0x23, 0x00, 0x23, 0x00, 0x23, 0x00, 0x23, 0x00,
    0x23, 0x00, 0x23, 0x00, 0x23, 0x00, 0x23, 0x00, 0x23, 0x00, 0x23, 0x00, 0x23, 0x00, 0x23, 0x00,
    0x23, 0x00, 0x23, 0x00, 0x23, 0x00, 0x23, 0x00, 0x23, 0x00, 0x23, 0x00, 0x23, 0x00, 0x23, 0x00,
    0x23, 0x00, 0x23, 0x00, 0x23, 0x00, 0x23, 0x00, 0x23, 0x00, 0x23, 0x00, 0x23, 0x00, 0x23, 0x00,
    0x23, 0x00, 0x23, 0x00, 0x23, 0x00, 0x23, 0x00, 0x23, 0x00, 0x23, 0x00, 0x23, 0x00, 0x23, 0x00,
    0x23, 0x00, 0x23, 0x00, 0x23, 0x00, 0x23, 0x00, 0x23, 0x00, 0x23, 0x00, 0x23, 0x00, 0x23, 0x00,
    0x23, 0x00, 0x23, 0x00, 0x23, 0x00, 0x23, 0x00, 0x23, 0x00, 0x23, 0x00, 0x23, 0x00, 0x23, 0x00,
    0x23, 0x00, 0x23, 0x00, 0x23, 0x00, 0x23, 0x00, 0x23, 0x00, 0x23, 0x00, 0x23, 0x00, 0x23, 0x00,
    0x23, 0x00, 0x23, 0x00, 0x23, 0x00, 0x23, 0x00, 0x23, 0x00, 0x23, 0x00, 0x23, 0x00, 0x23, 0x00,
    0x23, 0x00, 0x23, 0x00, 0x23, 0x00, 0x23, 0x00, 0x23, 0x00, 0x23, 0x00, 0x23, 0x00, 0x23, 0x00,
    0x23, 0x00, 0x23, 0x00, 0x23, 0x00, 0x23, 0x00, 0x23, 0x00, 0x23, 0x00, 0x23, 0x00, 0x23, 0x00,
    0x23, 0x00, 0x23, 0x00, 0x23, 0x00, 0x23, 0x00, 0x23, 0x00, 0x23, 0x00, 0x23, 0x00, 0x23, 0x00,
    0x23, 0x00, 0x23, 0x00, 0x23, 0x00, 0x23, 0x00, 0x23, 0x00, 0x23, 0x00, 0x23, 0x00, 0x23, 0x00,
    0x23, 0x00, 0x23, 0x00, 0x23, 0x00, 0x23, 0x00, 0x23, 0x00, 0x23, 0x00, 0x23, 0x00, 0x23, 0x00,
    0x23, 0x00, 0x23, 0x00, 0x23, 0x00, 0x23, 0x00, 0x23, 0x00, 0x23, 0x00, 0x23, 0x00, 0x23, 0x00,
    0x23, 0x00, 0x23, 0x00, 0x23, 0x00, 0x23, 0x00, 0x23, 0x00, 0x23, 0x00, 0x23, 0x00, 0x23, 0x00,
    0x23, 0x00, 0x23, 0x00, 0x23, 0x00, 0x23, 0x00, 0x23, 0x00, 0x23, 0x00, 0x23, 0x00, 0x23, 0x00,
    0x23, 0x00, 0x23, 0x00, 0x23, 0x00, 0x23, 0x00, 0x23, 0x00, 0x23, 0x00, 0x23, 0x00, 0x23, 0x00,
    0x23, 0x00, 0x23, 0x00, 0x23, 0x00, 0x23, 0x00, 0x23, 0x00, 0x23, 0x00, 0x23, 0x00, 0x23, 0x00,
    0x23, 0x00, 0x23, 0x00, 0x23, 0x00, 0x23, 0x00, 0x23, 0x00, 0x23, 0x00, 0x23, 0x00, 0x23, 0x00,
    0x23, 0x00, 0x23, 0x00, 0x23, 0x00, 0x23, 0x00, 0x23, 0x00, 0x23, 0x00, 0x23, 0x00, 0x23, 0x00,
    0x23, 0x00, 0x23, 0x00, 0x23, 0x00, 0x23, 0x00, 0x23, 0x00, 0x23, 0x00, 0x51, 0x01, 0xef, 0x00,
    0x51, 0x01, 0xe8, 0x00, 0x00, 0x00, 0x00, 0x00, 0x00, 0x00, 0x00, 0x00, 0x00, 0x00, 0x00, 0x00,
    0x00, 0x00, 0x8a, 0x00, 0xe8, 0x00, 0x00, 0x00, 0x00, 0x00, 0x23, 0x00, 0x00, 0x00, 0x00, 0x00,
    0x46, 0x00, 0x0c, 0x01, 0x23, 0x00, 0x00, 0x00, 0x00, 0x00, 0x00, 0x00, 0x00, 0x00, 0x00, 0x00,
    0x00, 0x00, 0x00, 0x00, 0x00, 0x00, 0x00, 0x00, 0x00, 0x00, 0x00, 0x00, 0x00, 0x00, 0x51, 0x01,
    0xef, 0x00, 0x51, 0x01, 0x0c, 0x01, 0x46, 0x00, 0x23, 0x00, 0xef, 0x00, 0xb5, 0x01, 0xb5, 0x01,
    0x55, 0x02, 0x46, 0x00, 0x23, 0x00, 0x23, 0x00, 0x23, 0x00, 0x23, 0x00, 0x23, 0x00, 0x23, 0x00,
    0x23, 0x00, 0x23, 0x00, 0x23, 0x00, 0x23, 0x00, 0x23, 0x00, 0x23, 0x00, 0x23, 0x00, 0x23, 0x00,
    0x23, 0x00, 0x23, 0x00, 0x23, 0x00, 0x23, 0x00, 0x23, 0x00, 0x23, 0x00, 0x23, 0x00, 0x23, 0x00,
    0x23, 0x00, 0x23, 0x00, 0x23, 0x00, 0x23, 0x00, 0x23, 0x00, 0x23, 0x00, 0x23, 0x00, 0x23, 0x00,
    0x23, 0x00, 0x23, 0x00, 0x23, 0x00, 0x23, 0x00, 0x23, 0x00, 0x23, 0x00, 0x23, 0x00, 0x23, 0x00,
    0x23, 0x00, 0x23, 0x00, 0x23, 0x00, 0x23, 0x00, 0x23, 0x00, 0x23, 0x00, 0x23, 0x00, 0x23, 0x00,
    0x23, 0x00, 0x23, 0x00, 0x23, 0x00, 0x23, 0x00, 0x23, 0x00, 0x23, 0x00, 0x23, 0x00, 0x23, 0x00,
    0x23, 0x00, 0x23, 0x00, 0x23, 0x00, 0x23, 0x00, 0x23, 0x00, 0x23, 0x00, 0x23, 0x00, 0x23, 0x00,
    0x23, 0x00, 0x23, 0x00, 0x23, 0x00, 0x23, 0x00, 0x23, 0x00, 0x23, 0x00, 0x23, 0x00, 0x23, 0x00,
    0x23, 0x00, 0x23, 0x00, 0x23, 0x00, 0x23, 0x00, 0x23, 0x00, 0x23, 0x00, 0x23, 0x00, 0x23, 0x00,
    0x23, 0x00, 0x23, 0x00, 0x23, 0x00, 0x23, 0x00, 0x23, 0x00, 0x23, 0x00, 0x23, 0x00, 0x23, 0x00,
    0x23, 0x00, 0x23, 0x00, 0x23, 0x00, 0x23, 0x00, 0x23, 0x00, 0x23, 0x00, 0x23, 0x00, 0x23, 0x00,
    0x23, 0x00, 0x23, 0x00, 0x23, 0x00, 0x23, 0x00, 0x23, 0x00, 0x23, 0x00, 0x23, 0x00, 0x23, 0x00,
    0x23, 0x00, 0x23, 0x00, 0x23, 0x00, 0x23, 0x00, 0x23, 0x00, 0x23, 0x00, 0x23, 0x00, 0x23, 0x00,
    0x23, 0x00, 0x23, 0x00, 0x23, 0x00, 0x23, 0x00, 0x23, 0x00, 0x23, 0x00, 0x23, 0x00, 0x23, 0x00,
    0x23, 0x00, 0x23, 0x00, 0x23, 0x00, 0x23, 0x00, 0x23, 0x00, 0x23, 0x00, 0x23, 0x00, 0x23, 0x00,
    0x23, 0x00, 0x23, 0x00, 0x23, 0x00, 0x23, 0x00, 0x23, 0x00, 0x23, 0x00, 0x23, 0x00, 0x23, 0x00,
    0x23, 0x00, 0x23, 0x00, 0x23, 0x00, 0x23, 0x00, 0x23, 0x00, 0x23, 0x00, 0x23, 0x00, 0x23, 0x00,
    0x23, 0x00, 0x23, 0x00, 0x23, 0x00, 0x23, 0x00, 0x23, 0x00, 0x23, 0x00, 0x23, 0x00, 0x23, 0x00,
    0x23, 0x00, 0x23, 0x00, 0x23, 0x00, 0x23, 0x00, 0x23, 0x00, 0x23, 0x00, 0x23, 0x00, 0x23, 0x00,
    0x23, 0x00, 0x23, 0x00, 0x23, 0x00, 0x23, 0x00, 0x23, 0x00, 0x23, 0x00, 0x23, 0x00, 0x23, 0x00,
    0x23, 0x00, 0x23, 0x00, 0x23, 0x00, 0x23, 0x00, 0x23, 0x00, 0x23, 0x00, 0x23, 0x00, 0x23, 0x00,
    0x23, 0x00, 0x23, 0x00, 0x23, 0x00, 0x23, 0x00, 0x23, 0x00, 0x23, 0x00, 0x23, 0x00, 0x23, 0x00,
    0x23, 0x00, 0x23, 0x00, 0x23, 0x00, 0x23, 0x00, 0x23, 0x00, 0x23, 0x00, 0x23, 0x00, 0x23, 0x00,
    0x23, 0x00, 0xce, 0x01, 0xf1, 0x01, 0xb5, 0x01, 0x51, 0x01, 0x23, 0x00, 0x46, 0x00, 0x8a, 0x00,
    0x51, 0x01, 0x33, 0x01, 0x33, 0x01, 0x00, 0x00, 0x00, 0x00, 0x00, 0x00, 0x00, 0x00, 0x00, 0x00,
    0x00, 0x00, 0x8a, 0x00, 0xe8, 0x00, 0x00, 0x00, 0x23, 0x00, 0x0c, 0x01, 0xe8, 0x00, 0x00, 0x00,
    0x46, 0x00, 0x0c, 0x01, 0x23, 0x00, 0x00, 0x00, 0x00, 0x00, 0x00, 0x00, 0x00, 0x00, 0x00, 0x00,
    0x00, 0x00, 0x00, 0x00, 0x00, 0x00, 0x00, 0x00, 0x00, 0x00, 0x00, 0x00, 0x00, 0x00, 0x51, 0x01,
    0xef, 0x00, 0x46, 0x00, 0x46, 0x00, 0x23, 0x00, 0x23, 0x00, 0x19, 0x02, 0xdf, 0x02, 0xdf, 0x02,
    0xdf, 0x03, 0x46, 0x00, 0x23, 0x00, 0x23, 0x00, 0x23, 0x00, 0x23, 0x00, 0x23, 0x00, 0x23, 0x00,
    0x23, 0x00, 0x23, 0x00, 0x23, 0x00, 0x23, 0x00, 0x23, 0x00, 0x23, 0x00, 0x23, 0x00, 0x23, 0x00,
    0x23, 0x00, 0x23, 0x00, 0x23, 0x00, 0x23, 0x00, 0x23, 0x00, 0x23, 0x00, 0x23, 0x00, 0x23, 0x00,
    0x23, 0x00, 0x23, 0x00, 0x23, 0x00, 0x23, 0x00, 0x23, 0x00, 0x23, 0x00, 0x23, 0x00, 0x23, 0x00,
    0x23, 0x00, 0x23, 0x00, 0x23, 0x00, 0x23, 0x00, 0x23, 0x00, 0x23, 0x00, 0x23, 0x00, 0x23, 0x00,
    0x23, 0x00, 0x23, 0x00, 0x23, 0x00, 0x23, 0x00, 0x23, 0x00, 0x23, 0x00, 0x23, 0x00, 0x23, 0x00,
    0x23, 0x00, 0x23, 0x00, 0x23, 0x00, 0x23, 0x00, 0x23, 0x00, 0x23, 0x00, 0x23, 0x00, 0x23, 0x00,
    0x23, 0x00, 0x23, 0x00, 0x23, 0x00, 0x23, 0x00, 0x23, 0x00, 0x23, 0x00, 0x23, 0x00, 0x23, 0x00,
    0x23, 0x00, 0x23, 0x00, 0x23, 0x00, 0x23, 0x00, 0x23, 0x00, 0x23, 0x00, 0x23, 0x00, 0x23, 0x00,
    0x23, 0x00, 0x23, 0x00, 0x23, 0x00, 0x23, 0x00, 0x23, 0x00, 0x23, 0x00, 0x23, 0x00, 0x23, 0x00,
    0x23, 0x00, 0x23, 0x00, 0x23, 0x00, 0x23, 0x00, 0x23, 0x00, 0x23, 0x00, 0x23, 0x00, 0x23, 0x00,
    0x23, 0x00, 0x23, 0x00, 0x23, 0x00, 0x23, 0x00, 0x23, 0x00, 0x23, 0x00, 0x23, 0x00, 0x23, 0x00,
    0x23, 0x00, 0x23, 0x00, 0x23, 0x00, 0x23, 0x00, 0x23, 0x00, 0x23, 0x00, 0x23, 0x00, 0x23, 0x00,
    0x23, 0x00, 0x23, 0x00, 0x23, 0x00, 0x23, 0x00, 0x23, 0x00, 0x23, 0x00, 0x23, 0x00, 0x23, 0x00,
    0x23, 0x00, 0x23, 0x00, 0x23, 0x00, 0x23, 0x00, 0x23, 0x00, 0x23, 0x00, 0x23, 0x00, 0x23, 0x00,
    0x23, 0x00, 0x23, 0x00, 0x23, 0x00, 0x23, 0x00, 0x23, 0x00, 0x23, 0x00, 0x23, 0x00, 0x23, 0x00,
    0x23, 0x00, 0x23, 0x00, 0x23, 0x00, 0x23, 0x00, 0x23, 0x00, 0x23, 0x00, 0x23, 0x00, 0x23, 0x00,
    0x23, 0x00, 0x23, 0x00, 0x23, 0x00, 0x23, 0x00, 0x23, 0x00, 0x23, 0x00, 0x23, 0x00, 0x23, 0x00,
    0x23, 0x00, 0x23, 0x00, 0x23, 0x00, 0x23, 0x00, 0x23, 0x00, 0x23, 0x00, 0x23, 0x00, 0x23, 0x00,
    0x23, 0x00, 0x23, 0x00, 0x23, 0x00, 0x23, 0x00, 0x23, 0x00, 0x23, 0x00, 0x23, 0x00, 0x23, 0x00,
    0x23, 0x00, 0x23, 0x00, 0x23, 0x00, 0x23, 0x00, 0x23, 0x00, 0x23, 0x00, 0x23, 0x00, 0x23, 0x00,
    0x23, 0x00, 0x23, 0x00, 0x23, 0x00, 0x23, 0x00, 0x23, 0x00, 0x23, 0x00, 0x23, 0x00, 0x23, 0x00,
    0x23, 0x00, 0x23, 0x00, 0x23, 0x00, 0x23, 0x00, 0x23, 0x00, 0x23, 0x00, 0x23, 0x00, 0x23, 0x00,
    0x23, 0x00, 0x23, 0x00, 0x23, 0x00, 0x23, 0x00, 0x23, 0x00, 0x23, 0x00, 0x23, 0x00, 0x23, 0x00,
    0x23, 0x00, 0x3d, 0x02, 0x3f, 0x02, 0xdf, 0x02, 0x3d, 0x02, 0x23, 0x00, 0x00, 0x00, 0x23, 0x00,
    0x46, 0x00, 0x33, 0x01, 0x51, 0x01, 0x00, 0x00, 0x00, 0x00, 0x00, 0x00, 0x00, 0x00, 0x00, 0x00,
    0x00, 0x00, 0x8a, 0x00, 0xe8, 0x00, 0x00, 0x00, 0xe8, 0x00, 0x57, 0x01, 0x33, 0x01, 0x00, 0x00,
    0x46, 0x00, 0x0c, 0x01, 0x23, 0x00, 0x00, 0x00, 0x00, 0x00, 0x00, 0x00, 0x00, 0x00, 0x00, 0x00,
    0x00, 0x00, 0x00, 0x00, 0x00, 0x00, 0x00, 0x00, 0x00, 0x00, 0x00, 0x00, 0x00, 0x00, 0x51, 0x01,
    0x51, 0x01, 0x23, 0x00, 0x23, 0x00, 0x23, 0x00, 0x55, 0x02, 0x3f, 0x02, 0xdf, 0x02, 0xbb, 0x02,
    0x5d, 0x03, 0x46, 0x00, 0x23, 0x00, 0x23, 0x00, 0x23, 0x00, 0x23, 0x00, 0x23, 0x00, 0x23, 0x00,
    0x23, 0x00, 0x23, 0x00, 0x23, 0x00, 0x23, 0x00, 0x23, 0x00, 0x23, 0x00, 0x23, 0x00, 0x23, 0x00,
    0x23, 0x00, 0x23, 0x00, 0x23, 0x00, 0x23, 0x00, 0x23, 0x00, 0x23, 0x00, 0x23, 0x00, 0x23, 0x00,
    0x23, 0x00, 0x23, 0x00, 0x23, 0x00, 0x23, 0x00, 0x23, 0x00, 0x23, 0x00, 0x23, 0x00, 0x23, 0x00,
    0x23, 0x00, 0x23, 0x00, 0x23, 0x00, 0x23, 0x00, 0x23, 0x00, 0x23, 0x00, 0x23, 0x00, 0x23, 0x00,
    0x23, 0x00, 0x23, 0x00, 0x23, 0x00, 0x23, 0x00, 0x23, 0x00, 0x23, 0x00, 0x23, 0x00, 0x23, 0x00,
    0x23, 0x00, 0x23, 0x00, 0x23, 0x00, 0x23, 0x00, 0x23, 0x00, 0x23, 0x00, 0x23, 0x00, 0x23, 0x00,
    0x23, 0x00, 0x23, 0x00, 0x23, 0x00, 0x23, 0x00, 0x23, 0x00, 0x23, 0x00, 0x23, 0x00, 0x23, 0x00,
    0x23, 0x00, 0x23, 0x00, 0x23, 0x00, 0x23, 0x00, 0x23, 0x00, 0x23, 0x00, 0x23, 0x00, 0x23, 0x00,
    0x23, 0x00, 0x23, 0x00, 0x23, 0x00, 0x23, 0x00, 0x23, 0x00, 0x23, 0x00, 0x23, 0x00, 0x23, 0x00,
    0x23, 0x00, 0x23, 0x00, 0x23, 0x00, 0x23, 0x00, 0x23, 0x00, 0x23, 0x00, 0x23, 0x00, 0x23, 0x00,
    0x23, 0x00, 0x23, 0x00, 0x23, 0x00, 0x23, 0x00, 0x23, 0x00, 0x23, 0x00, 0x23, 0x00, 0x23, 0x00,
    0x23, 0x00, 0x23, 0x00, 0x23, 0x00, 0x23, 0x00, 0x23, 0x00, 0x23, 0x00, 0x23, 0x00, 0x23, 0x00,
    0x23, 0x00, 0x23, 0x00, 0x23, 0x00, 0x23, 0x00, 0x23, 0x00, 0x23, 0x00, 0x23, 0x00, 0x23, 0x00,
    0x23, 0x00, 0x23, 0x00, 0x23, 0x00, 0x23, 0x00, 0x23, 0x00, 0x23, 0x00, 0x23, 0x00, 0x23, 0x00,
    0x23, 0x00, 0x23, 0x00, 0x23, 0x00, 0x23, 0x00, 0x23, 0x00, 0x23, 0x00, 0x23, 0x00, 0x23, 0x00,
    0x23, 0x00, 0x23, 0x00, 0x23, 0x00, 0x23, 0x00, 0x23, 0x00, 0x23, 0x00, 0x23, 0x00, 0x23, 0x00,
    0x23, 0x00, 0x23, 0x00, 0x23, 0x00, 0x23, 0x00, 0x23, 0x00, 0x23, 0x00, 0x23, 0x00, 0x23, 0x00,
    0x23, 0x00, 0x23, 0x00, 0x23, 0x00, 0x23, 0x00, 0x23, 0x00, 0x23, 0x00, 0x23, 0x00, 0x23, 0x00,
    0x23, 0x00, 0x23, 0x00, 0x23, 0x00, 0x23, 0x00, 0x23, 0x00, 0x23, 0x00, 0x23, 0x00, 0x23, 0x00,
    0x23, 0x00, 0x23, 0x00, 0x23, 0x00, 0x23, 0x00, 0x23, 0x00, 0x23, 0x00, 0x23, 0x00, 0x23, 0x00,
    0x23, 0x00, 0x23, 0x00, 0x23, 0x00, 0x23, 0x00, 0x23, 0x00, 0x23, 0x00, 0x23, 0x00, 0x23, 0x00,
    0x23, 0x00, 0x23, 0x00, 0x23, 0x00, 0x23, 0x00, 0x23, 0x00, 0x23, 0x00, 0x23, 0x00, 0x23, 0x00,
    0x23, 0x00, 0x23, 0x00, 0x23, 0x00, 0x23, 0x00, 0x23, 0x00, 0x23, 0x00, 0x23, 0x00, 0x23, 0x00,
    0x23, 0x00, 0x55, 0x02, 0x3d, 0x02, 0x3f, 0x02, 0xdf, 0x02, 0xbb, 0x02, 0x23, 0x00, 0x23, 0x00,
    0x46, 0x00, 0x33, 0x01, 0x51, 0x01, 0x00, 0x00, 0x00, 0x00, 0x00, 0x00, 0x00, 0x00, 0x00, 0x00,
    0x00, 0x00, 0x8a, 0x00, 0xe8, 0x00, 0x00, 0x00, 0xe8, 0x00, 0x57, 0x01, 0x33, 0x01, 0x00, 0x00,
    0x46, 0x00, 0x0c, 0x01, 0x23, 0x00, 0x00, 0x00, 0x00, 0x00, 0x00, 0x00, 0x00, 0x00, 0x00, 0x00,
    0x00, 0x00, 0x00, 0x00, 0x00, 0x00, 0x00, 0x00, 0x00, 0x00, 0x00, 0x00, 0x00, 0x00, 0x33, 0x01,
    0xef, 0x00, 0x23, 0x00, 0x23, 0x00, 0x23, 0x00, 0xbb, 0x02, 0x3f, 0x02, 0x51, 0x01, 0x23, 0x00,
    0x23, 0x00, 0x23, 0x00, 0x23, 0x00, 0x23, 0x00, 0x23, 0x00, 0x23, 0x00, 0x23, 0x00, 0x23, 0x00,
    0x23, 0x00, 0x23, 0x00, 0x23, 0x00, 0x23, 0x00, 0x23, 0x00, 0x23, 0x00, 0x23, 0x00, 0x23, 0x00,
    0x23, 0x00, 0x23, 0x00, 0x23, 0x00, 0x23, 0x00, 0x23, 0x00, 0x23, 0x00, 0x23, 0x00, 0x23, 0x00,
    0x23, 0x00, 0x23, 0x00, 0x23, 0x00, 0x23, 0x00, 0x23, 0x00, 0x23, 0x00, 0x23, 0x00, 0x23, 0x00,
    0x23, 0x00, 0x23, 0x00, 0x23, 0x00, 0x23, 0x00, 0x23, 0x00, 0x23, 0x00, 0x23, 0x00, 0x23, 0x00,
    0x23, 0x00, 0x23, 0x00, 0x23, 0x00, 0x23, 0x00, 0x23, 0x00, 0x23, 0x00, 0x23, 0x00, 0x23, 0x00,
    0x23, 0x00, 0x23, 0x00, 0x23, 0x00, 0x23, 0x00, 0x23, 0x00, 0x23, 0x00, 0x23, 0x00, 0x23, 0x00,
    0x23, 0x00, 0x23, 0x00, 0x23, 0x00, 0x23, 0x00, 0x23, 0x00, 0x23, 0x00, 0x23, 0x00, 0x23, 0x00,
    0x23, 0x00, 0x23, 0x00, 0x23, 0x00, 0x23, 0x00, 0x23, 0x00, 0x23, 0x00, 0x23, 0x00, 0x23, 0x00,
    0x23, 0x00, 0x23, 0x00, 0x23, 0x00, 0x23, 0x00, 0x23, 0x00, 0x23, 0x00, 0x23, 0x00, 0x23, 0x00,
    0x23, 0x00, 0x23, 0x00, 0x23, 0x00, 0x23, 0x00, 0x23, 0x00, 0x23, 0x00, 0x23, 0x00, 0x23, 0x00,
    0x23, 0x00, 0x23, 0x00, 0x23, 0x00, 0x23, 0x00, 0x23, 0x00, 0x23, 0x00, 0x23, 0x00, 0x23, 0x00,
    0x23, 0x00, 0x23, 0x00, 0x23, 0x00, 0x23, 0x00, 0x23, 0x00, 0x23, 0x00, 0x23, 0x00, 0x23, 0x00,
    0x23, 0x00, 0x23, 0x00, 0x23, 0x00, 0x23, 0x00, 0x23, 0x00, 0x23, 0x00, 0x23, 0x00, 0x23, 0x00,
    0x23, 0x00, 0x23, 0x00, 0x23, 0x00, 0x23, 0x00, 0x23, 0x00, 0x23, 0x00, 0x23, 0x00, 0x23, 0x00,
    0x23, 0x00, 0x23, 0x00, 0x23, 0x00, 0x23, 0x00, 0x23, 0x00, 0x23, 0x00, 0x23, 0x00, 0x23, 0x00,
    0x23, 0x00, 0x23, 0x00, 0x23, 0x00, 0x23, 0x00, 0x23, 0x00, 0x23, 0x00, 0x23, 0x00, 0x23, 0x00,
    0x23, 0x00, 0x23, 0x00, 0x23, 0x00, 0x23, 0x00, 0x23, 0x00, 0x23, 0x00, 0x23, 0x00, 0x23, 0x00,
    0x23, 0x00, 0x23, 0x00, 0x23, 0x00, 0x23, 0x00, 0x23, 0x00, 0x23, 0x00, 0x23, 0x00, 0x23, 0x00,
    0x23, 0x00, 0x23, 0x00, 0x23, 0x00, 0x23, 0x00, 0x23, 0x00, 0x23, 0x00, 0x23, 0x00, 0x23, 0x00,
    0x23, 0x00, 0x23, 0x00, 0x23, 0x00, 0x23, 0x00, 0x23, 0x00, 0x23, 0x00, 0x23, 0x00, 0x23, 0x00,
    0x23, 0x00, 0x23, 0x00, 0x23, 0x00, 0x23, 0x00, 0x23, 0x00, 0x23, 0x00, 0x23, 0x00, 0x23, 0x00,
    0x23, 0x00, 0x23, 0x00, 0x23, 0x00, 0x23, 0x00, 0x23, 0x00, 0x23, 0x00, 0x23, 0x00, 0x23, 0x00,
    0x23, 0x00, 0x23, 0x00, 0x23, 0x00, 0x23, 0x00, 0x23, 0x00, 0x23, 0x00, 0x23, 0x00, 0x23, 0x00,
    0x23, 0x00, 0x23, 0x00, 0x23, 0x00, 0x46, 0x00, 0xdf, 0x02, 0xdf, 0x02, 0x23, 0x00, 0x23, 0x00,
    0x23, 0x00, 0x51, 0x01, 0x51, 0x01, 0x00, 0x00, 0x00, 0x00, 0x00, 0x00, 0x00, 0x00, 0x00, 0x00,
    0x00, 0x00, 0x8a, 0x00, 0xe8, 0x00, 0x00, 0x00, 0x46, 0x00, 0xb5, 0x01, 0x51, 0x01, 0x00, 0x00,
    0x46, 0x00, 0x0c, 0x01, 0x23, 0x00, 0x00, 0x00, 0x00, 0x00, 0x00, 0x00, 0x00, 0x00, 0x00, 0x00,
    0x00, 0x00, 0x00, 0x00, 0x00, 0x00, 0x00, 0x00, 0x00, 0x00, 0x00, 0x00, 0x23, 0x00, 0x33, 0x01,
    0xef, 0x00, 0x23, 0x00, 0x23, 0x00, 0x23, 0x00, 0x3d, 0x02, 0xdf, 0x02, 0x51, 0x01, 0x23, 0x00,
    0x23, 0x00, 0x23, 0x00, 0x23, 0x00, 0x23, 0x00, 0x23, 0x00, 0x23, 0x00, 0x23, 0x00, 0x23, 0x00,
    0x23, 0x00, 0x23, 0x00, 0x23, 0x00, 0x23, 0x00, 0x23, 0x00, 0x23, 0x00, 0x23, 0x00, 0x23, 0x00,
    0x23, 0x00, 0x23, 0x00, 0x23, 0x00, 0x23, 0x00, 0x23, 0x00, 0x23, 0x00, 0x23, 0x00, 0x23, 0x00,
    0x23, 0x00, 0x23, 0x00, 0x23, 0x00, 0x23, 0x00, 0x23, 0x00, 0x23, 0x00, 0x23, 0x00, 0x23, 0x00,
    0x23, 0x00, 0x23, 0x00, 0x23, 0x00, 0x23, 0x00, 0x23, 0x00, 0x23, 0x00, 0x23, 0x00, 0x23, 0x00,
    0x23, 0x00, 0x23, 0x00, 0x23, 0x00, 0x23, 0x00, 0x23, 0x00, 0x23, 0x00, 0x23, 0x00, 0x23, 0x00,
    0x23, 0x00, 0x23, 0x00, 0x23, 0x00, 0x23, 0x00, 0x23, 0x00, 0x23, 0x00, 0x23, 0x00, 0x23, 0x00,
    0x23, 0x00, 0x23, 0x00, 0x23, 0x00, 0x23, 0x00, 0x23, 0x00, 0x23, 0x00, 0x23, 0x00, 0x23, 0x00,
    0x23, 0x00, 0x23, 0x00, 0x23, 0x00, 0x23, 0x00, 0x23, 0x00, 0x23, 0x00, 0x23, 0x00, 0x23, 0x00,
    0x23, 0x00, 0x23, 0x00, 0x23, 0x00, 0x23, 0x00, 0x23, 0x00, 0x23, 0x00, 0x23, 0x00, 0x23, 0x00,
    0x23, 0x00, 0x23, 0x00, 0x23, 0x00, 0x23, 0x00, 0x23, 0x00, 0x23, 0x00, 0x23, 0x00, 0x23, 0x00,
    0x23, 0x00, 0x23, 0x00, 0x23, 0x00, 0x23, 0x00, 0x23, 0x00, 0x23, 0x00, 0x23, 0x00, 0x23, 0x00,
    0x23, 0x00, 0x23, 0x00, 0x23, 0x00, 0x23, 0x00, 0x23, 0x00, 0x23, 0x00, 0x23, 0x00, 0x23, 0x00,
    0x23, 0x00, 0x23, 0x00, 0x23, 0x00, 0x23, 0x00, 0x23, 0x00, 0x23, 0x00, 0x23, 0x00, 0x23, 0x00,
    0x23, 0x00, 0x23, 0x00, 0x23, 0x00, 0x23, 0x00, 0x23, 0x00, 0x23, 0x00, 0x23, 0x00, 0x23, 0x00,
    0x23, 0x00, 0x23, 0x00, 0x23, 0x00, 0x23, 0x00, 0x23, 0x00, 0x23, 0x00, 0x23, 0x00, 0x23, 0x00,
    0x23, 0x00, 0x23, 0x00, 0x23, 0x00, 0x23, 0x00, 0x23, 0x00, 0x23, 0x00, 0x23, 0x00, 0x23, 0x00,
    0x23, 0x00, 0x23, 0x00, 0x23, 0x00, 0x23, 0x00, 0x23, 0x00, 0x23, 0x00, 0x23, 0x00, 0x23, 0x00,
    0x23, 0x00, 0x23, 0x00, 0x23, 0x00, 0x23, 0x00, 0x23, 0x00, 0x23, 0x00, 0x23, 0x00, 0x23, 0x00,
    0x23, 0x00, 0x23, 0x00, 0x23, 0x00, 0x23, 0x00, 0x23, 0x00, 0x23, 0x00, 0x23, 0x00, 0x23, 0x00,
    0x23, 0x00, 0x23, 0x00, 0x23, 0x00, 0x23, 0x00, 0x23, 0x00, 0x23, 0x00, 0x23, 0x00, 0x23, 0x00,
    0x23, 0x00, 0x23, 0x00, 0x23, 0x00, 0x23, 0x00, 0x23, 0x00, 0x23, 0x00, 0x23, 0x00, 0x23, 0x00,
    0x23, 0x00, 0x23, 0x00, 0x23, 0x00, 0x23, 0x00, 0x23, 0x00, 0x23, 0x00, 0x23, 0x00, 0x23, 0x00,
    0x23, 0x00, 0x23, 0x00, 0x23, 0x00, 0x23, 0x00, 0x23, 0x00, 0x23, 0x00, 0x23, 0x00, 0x23, 0x00,
    0x23, 0x00, 0x23, 0x00, 0x23, 0x00, 0x23, 0x00, 0xdf, 0x02, 0xdf, 0x02, 0x23, 0x00, 0x23, 0x00,
    0x23, 0x00, 0x51, 0x01, 0x51, 0x01, 0x00, 0x00, 0x00, 0x00, 0x00, 0x00, 0x00, 0x00, 0x00, 0x00,
    0x00, 0x00, 0x8a, 0x00, 0x8a, 0x00, 0x00, 0x00, 0x46, 0x00, 0xb5, 0x01, 0xef, 0x00, 0x00, 0x00,
    0x46, 0x00, 0x0c, 0x01, 0x23, 0x00, 0x00, 0x00, 0x00, 0x00, 0x00, 0x00, 0x00, 0x00, 0x00, 0x00,
    0x00, 0x00, 0x00, 0x00, 0x00, 0x00, 0x00, 0x00, 0x00, 0x00, 0x00, 0x00, 0x00, 0x00, 0x33, 0x01,
    0xef, 0x00, 0x00, 0x00, 0x23, 0x00, 0x23, 0x00, 0x51, 0x01, 0x55, 0x02, 0xe8, 0x00, 0x23, 0x00,
    0x23, 0x00, 0x23, 0x00, 0x23, 0x00, 0x23, 0x00, 0x23, 0x00, 0x23, 0x00, 0x23, 0x00, 0x23, 0x00,
    0x23, 0x00, 0x23, 0x00, 0x23, 0x00, 0x23, 0x00, 0x23, 0x00, 0x23, 0x00, 0x23, 0x00, 0x23, 0x00,
    0x23, 0x00, 0x23, 0x00, 0x23, 0x00, 0x23, 0x00, 0x23, 0x00, 0x23, 0x00, 0x23, 0x00, 0x23, 0x00,
    0x23, 0x00, 0x23, 0x00, 0x23, 0x00, 0x23, 0x00, 0x23, 0x00, 0x23, 0x00, 0x23, 0x00, 0x23, 0x00,
    0x23, 0x00, 0x23, 0x00, 0x23, 0x00, 0x23, 0x00, 0x23, 0x00, 0x23, 0x00, 0x23, 0x00, 0x23, 0x00,
    0x23, 0x00, 0x23, 0x00, 0x23, 0x00, 0x23, 0x00, 0x23, 0x00, 0x23, 0x00, 0x23, 0x00, 0x23, 0x00,
    0x23, 0x00, 0x23, 0x00, 0x23, 0x00, 0x23, 0x00, 0x23, 0x00, 0x23, 0x00, 0x23, 0x00, 0x23, 0x00,
    0x23, 0x00, 0x23, 0x00, 0x23, 0x00, 0x23, 0x00, 0x23, 0x00, 0x23, 0x00, 0x23, 0x00, 0x23, 0x00,
    0x23, 0x00, 0x23, 0x00, 0x23, 0x00, 0x23, 0x00, 0x23, 0x00, 0x23, 0x00, 0x23, 0x00, 0x23, 0x00,
    0x23, 0x00, 0x23, 0x00, 0x23, 0x00, 0x23, 0x00, 0x23, 0x00, 0x23, 0x00, 0x23, 0x00, 0x23, 0x00,
    0x23, 0x00, 0x23, 0x00, 0x23, 0x00, 0x23, 0x00, 0x23, 0x00, 0x23, 0x00, 0x23, 0x00, 0x23, 0x00,
    0x23, 0x00, 0x23, 0x00, 0x23, 0x00, 0x23, 0x00, 0x23, 0x00, 0x23, 0x00, 0x23, 0x00, 0x23, 0x00,
    0x23, 0x00, 0x23, 0x00, 0x23, 0x00, 0x23, 0x00, 0x23, 0x00, 0x23, 0x00, 0x23, 0x00, 0x23, 0x00,
    0x23, 0x00, 0x23, 0x00, 0x23, 0x00, 0x23, 0x00, 0x23, 0x00, 0x23, 0x00, 0x23, 0x00, 0x23, 0x00,
    0x23, 0x00, 0x23, 0x00, 0x23, 0x00, 0x00, 0x00, 0x23, 0x00, 0x23, 0x00, 0x23, 0x00, 0x23, 0x00,
    0x23, 0x00, 0x23, 0x00, 0x23, 0x00, 0x23, 0x00, 0x23, 0x00, 0x23, 0x00, 0x23, 0x00, 0x23, 0x00,
    0x23, 0x00, 0x23, 0x00, 0x23, 0x00, 0x23, 0x00, 0x46, 0x00, 0x23, 0x00, 0x23, 0x00, 0x46, 0x00,
    0x46, 0x00, 0x23, 0x00, 0x23, 0x00, 0x46, 0x00, 0x46, 0x00, 0x23, 0x00, 0x23, 0x00, 0x46, 0x00,
    0x46, 0x00, 0x46, 0x00, 0x23, 0x00, 0x23, 0x00, 0x23, 0x00, 0x23, 0x00, 0x46, 0x00, 0x46, 0x00,
    0x46, 0x00, 0x23, 0x00, 0x23, 0x00, 0x23, 0x00, 0x46, 0x00, 0x46, 0x00, 0x23, 0x00, 0x23, 0x00,
    0x23, 0x00, 0x23, 0x00, 0x23, 0x00, 0x23, 0x00, 0x23, 0x00, 0x23, 0x00, 0x23, 0x00, 0x23, 0x00,
    0x23, 0x00, 0x23, 0x00, 0x23, 0x00, 0x23, 0x00, 0x23, 0x00, 0x23, 0x00, 0x23, 0x00, 0x23, 0x00,
    0x23, 0x00, 0x23, 0x00, 0x23, 0x00, 0x23, 0x00, 0x23, 0x00, 0x23, 0x00, 0x23, 0x00, 0x23, 0x00,
    0x23, 0x00, 0x23, 0x00, 0x23, 0x00, 0x23, 0x00, 0x23, 0x00, 0x23, 0x00, 0x23, 0x00, 0x23, 0x00,
    0x23, 0x00, 0x23, 0x00, 0x23, 0x00, 0x23, 0x00, 0x51, 0x01, 0xf1, 0x01, 0x23, 0x00, 0x23, 0x00,
    0x23, 0x00, 0x51, 0x01, 0x51, 0x01, 0x00, 0x00, 0x00, 0x00, 0x00, 0x00, 0x00, 0x00, 0x00, 0x00,
    0x00, 0x00, 0x8a, 0x00, 0x8a, 0x00, 0x00, 0x00, 0x23, 0x00, 0x51, 0x01, 0x0c, 0x01, 0x00, 0x00,
    0x46, 0x00, 0x0c, 0x01, 0x23, 0x00, 0x00, 0x00, 0x00, 0x00, 0x00, 0x00, 0x00, 0x00, 0x00, 0x00,
    0x00, 0x00, 0x00, 0x00, 0x00, 0x00, 0x00, 0x00, 0x00, 0x00, 0x00, 0x00, 0x00, 0x00, 0x33, 0x01,
    0xef, 0x00, 0x00, 0x00, 0x23, 0x00, 0x23, 0x00, 0x46, 0x00, 0x46, 0x00, 0x23, 0x00, 0x23, 0x00,
    0x23, 0x00, 0x23, 0x00, 0x23, 0x00, 0x23, 0x00, 0x23, 0x00, 0x23, 0x00, 0x23, 0x00, 0x23, 0x00,
    0x23, 0x00, 0x23, 0x00, 0x23, 0x00, 0x23, 0x00, 0x23, 0x00, 0x23, 0x00, 0x23, 0x00, 0x23, 0x00,
    0x23, 0x00, 0x23, 0x00, 0x23, 0x00, 0x23, 0x00, 0x23, 0x00, 0x23, 0x00, 0x23, 0x00, 0x23, 0x00,
    0x23, 0x00, 0x23, 0x00, 0x23, 0x00, 0x23, 0x00, 0x23, 0x00, 0x23, 0x00, 0x23, 0x00, 0x23, 0x00,
    0x23, 0x00, 0x23, 0x00, 0x23, 0x00, 0x23, 0x00, 0x23, 0x00, 0x23, 0x00, 0x23, 0x00, 0x23, 0x00,
    0x23, 0x00, 0x23, 0x00, 0x23, 0x00, 0x23, 0x00, 0x23, 0x00, 0x23, 0x00, 0x23, 0x00, 0x23, 0x00,
    0x23, 0x00, 0x23, 0x00, 0x23, 0x00, 0x23, 0x00, 0x23, 0x00, 0x23, 0x00, 0x23, 0x00, 0x23, 0x00,
    0x23, 0x00, 0x23, 0x00, 0x23, 0x00, 0x23, 0x00, 0x23, 0x00, 0x23, 0x00, 0x23, 0x00, 0x23, 0x00,
    0x23, 0x00, 0x23, 0x00, 0x23, 0x00, 0x23, 0x00, 0x23, 0x00, 0x23, 0x00, 0x23, 0x00, 0x23, 0x00,
    0x23, 0x00, 0x23, 0x00, 0x23, 0x00, 0x23, 0x00, 0x23, 0x00, 0x23, 0x00, 0x23, 0x00, 0x23, 0x00,
    0x23, 0x00, 0x23, 0x00, 0x23, 0x00, 0x23, 0x00, 0x23, 0x00, 0x46, 0x00, 0x46, 0x00, 0x23, 0x00,
    0x23, 0x00, 0x46, 0x00, 0x46, 0x00, 0x23, 0x00, 0x23, 0x00, 0x23, 0x00, 0x46, 0x00, 0x46, 0x00,
    0x23, 0x00, 0x23, 0x00, 0x46, 0x00, 0x46, 0x00, 0x00, 0x00, 0x23, 0x00, 0x46, 0x00, 0x8a, 0x00,
    0x23, 0x00, 0x23, 0x00, 0x23, 0x00, 0x46, 0x00, 0x23, 0x00, 0x23, 0x00, 0x23, 0x00, 0x8a, 0x00,
    0x46, 0x00, 0x23, 0x00, 0x23, 0x00, 0x23, 0x00, 0x46, 0x00, 0x46, 0x00, 0x23, 0x00, 0x23, 0x00,
    0x8a, 0x00, 0x46, 0x00, 0x23, 0x00, 0x23, 0x00, 0x46, 0x00, 0x46, 0x00, 0x23, 0x00, 0x23, 0x00,
    0x23, 0x00, 0x23, 0x00, 0x23, 0x00, 0x46, 0x00, 0x8a, 0x00, 0xe8, 0x00, 0xe8, 0x00, 0x46, 0x00,
    0x8a, 0x00, 0xe8, 0x00, 0x46, 0x00, 0xe8, 0x00, 0x8a, 0x00, 0xe8, 0x00, 0x46, 0x00, 0x46, 0x00,
    0x46, 0x00, 0x8a, 0x00, 0x46, 0x00, 0x8a, 0x00, 0xe8, 0x00, 0x46, 0x00, 0x8a, 0x00, 0xe8, 0x00,
    0x8a, 0x00, 0x46, 0x00, 0xe8, 0x00, 0x8a, 0x00, 0xe8, 0x00, 0xe8, 0x00, 0x46, 0x00, 0xe8, 0x00,
    0x46, 0x00, 0x23, 0x00, 0x23, 0x00, 0x23, 0x00, 0x23, 0x00, 0x23, 0x00, 0x23, 0x00, 0x23, 0x00,
    0x23, 0x00, 0x23, 0x00, 0x23, 0x00, 0x23, 0x00, 0x23, 0x00, 0x23, 0x00, 0x23, 0x00, 0x23, 0x00,
    0x23, 0x00, 0x23, 0x00, 0x23, 0x00, 0x23, 0x00, 0x23, 0x00, 0x23, 0x00, 0x23, 0x00, 0x23, 0x00,
    0x23, 0x00, 0x23, 0x00, 0x23, 0x00, 0x23, 0x00, 0x23, 0x00, 0x23, 0x00, 0x23, 0x00, 0x23, 0x00,
    0x23, 0x00, 0x23, 0x00, 0x23, 0x00, 0x23, 0x00, 0x23, 0x00, 0x23, 0x00, 0x23, 0x00, 0x23, 0x00,
    0x23, 0x00, 0x51, 0x01, 0x51, 0x01, 0x00, 0x00, 0x00, 0x00, 0x00, 0x00, 0x00, 0x00, 0x00, 0x00,
    0x00, 0x00, 0x0c, 0x01, 0xe8, 0x00, 0x00, 0x00, 0x00, 0x00, 0x00, 0x00, 0x00, 0x00, 0x00, 0x00,
    0x46, 0x00, 0x0c, 0x01, 0x23, 0x00, 0x00, 0x00, 0x00, 0x00, 0x00, 0x00, 0x00, 0x00, 0x00, 0x00,
    0x00, 0x00, 0x00, 0x00, 0x00, 0x00, 0x00, 0x00, 0x00, 0x00, 0x00, 0x00, 0x00, 0x00, 0x33, 0x01,
    0x51, 0x01, 0x23, 0x00, 0x23, 0x00, 0x23, 0x00, 0x46, 0x00, 0x46, 0x00, 0x23, 0x00, 0x23, 0x00,
    0x23, 0x00, 0x23, 0x00, 0x23, 0x00, 0x23, 0x00, 0x23, 0x00, 0x23, 0x00, 0x23, 0x00, 0x23, 0x00,
    0x23, 0x00, 0x23, 0x00, 0x23, 0x00, 0x23, 0x00, 0x23, 0x00, 0x23, 0x00, 0x23, 0x00, 0x23, 0x00,
    0x23, 0x00, 0x23, 0x00, 0x23, 0x00, 0x23, 0x00, 0x23, 0x00, 0x23, 0x00, 0x23, 0x00, 0x23, 0x00,
    0x23, 0x00, 0x23, 0x00, 0x23, 0x00, 0x23, 0x00, 0x23, 0x00, 0x23, 0x00, 0x23, 0x00, 0x23, 0x00,
    0x23, 0x00, 0x23, 0x00, 0x23, 0x00, 0x23, 0x00, 0x23, 0x00, 0x23, 0x00, 0x23, 0x00, 0x23, 0x00,
    0x23, 0x00, 0x23, 0x00, 0x23, 0x00, 0x23, 0x00, 0x23, 0x00, 0x23, 0x00, 0x23, 0x00, 0x23, 0x00,
    0x23, 0x00, 0x23, 0x00, 0x23, 0x00, 0x23, 0x00, 0x23, 0x00, 0x23, 0x00, 0x23, 0x00, 0x23, 0x00,
    0x23, 0x00, 0x23, 0x00, 0x23, 0x00, 0x23, 0x00, 0x23, 0x00, 0x23, 0x00, 0x23, 0x00, 0x23, 0x00,
    0x23, 0x00, 0x23, 0x00, 0x23, 0x00, 0x23, 0x00, 0x23, 0x00, 0x23, 0x00, 0x23, 0x00, 0x23, 0x00,
    0x23, 0x00, 0x23, 0x00, 0x23, 0x00, 0x23, 0x00, 0x23, 0x00, 0x23, 0x00, 0x23, 0x00, 0x23, 0x00,
    0x23, 0x00, 0x23, 0x00, 0x23, 0x00, 0x23, 0x00, 0x23, 0x00, 0xe8, 0x00, 0x46, 0x00, 0x23, 0x00,
    0x23, 0x00, 0x46, 0x00, 0x46, 0x00, 0x23, 0x00, 0x23, 0x00, 0x46, 0x00, 0x46, 0x00, 0x46, 0x00,
    0x23, 0x00, 0x23, 0x00, 0xe8, 0x00, 0x46, 0x00, 0x23, 0x00, 0x23, 0x00, 0x46, 0x00, 0x8a, 0x00,
    0x23, 0x00, 0x23, 0x00, 0x23, 0x00, 0x46, 0x00, 0x46, 0x00, 0x23, 0x00, 0x23, 0x00, 0x8a, 0x00,
    0x46, 0x00, 0x23, 0x00, 0x23, 0x00, 0x23, 0x00, 0x46, 0x00, 0x46, 0x00, 0x23, 0x00, 0x23, 0x00,
    0x8a, 0x00, 0x46, 0x00, 0x23, 0x00, 0x23, 0x00, 0x8a, 0x00, 0x46, 0x00, 0x23, 0x00, 0x23, 0x00,
    0x23, 0x00, 0x23, 0x00, 0x46, 0x00, 0x8a, 0x00, 0x46, 0x00, 0x23, 0x00, 0x23, 0x00, 0x23, 0x00,
    0x23, 0x00, 0x46, 0x00, 0x23, 0x00, 0x23, 0x00, 0x23, 0x00, 0x23, 0x00, 0x23, 0x00, 0x23, 0x00,
    0x23, 0x00, 0x23, 0x00, 0x23, 0x00, 0x23, 0x00, 0x23, 0x00, 0x23, 0x00, 0x23, 0x00, 0x23, 0x00,
    0x23, 0x00, 0x23, 0x00, 0x23, 0x00, 0x23, 0x00, 0x23, 0x00, 0x23, 0x00, 0x23, 0x00, 0x23, 0x00,
    0xe8, 0x00, 0x46, 0x00, 0x23, 0x00, 0x23, 0x00, 0x23, 0x00, 0x23, 0x00, 0x23, 0x00, 0x23, 0x00,
    0x23, 0x00, 0x23, 0x00, 0x8a, 0x00, 0x8a, 0x00, 0x23, 0x00, 0x23, 0x00, 0x23, 0x00, 0x8a, 0x00,
    0x8a, 0x00, 0x23, 0x00, 0x23, 0x00, 0x23, 0x00, 0x8a, 0x00, 0x8a, 0x00, 0x46, 0x00, 0x23, 0x00,
    0x23, 0x00, 0x46, 0x00, 0x8a, 0x00, 0x8a, 0x00, 0x23, 0x00, 0x23, 0x00, 0x23, 0x00, 0x23, 0x00,
    0x23, 0x00, 0x23, 0x00, 0x23, 0x00, 0x23, 0x00, 0x23, 0x00, 0x23, 0x00, 0x23, 0x00, 0x23, 0x00,
    0x23, 0x00, 0x33, 0x01, 0x51, 0x01, 0x00, 0x00, 0x00, 0x00, 0x00, 0x00, 0x00, 0x00, 0x00, 0x00,
    0x00, 0x00, 0x0c, 0x01, 0xe8, 0x00, 0x00, 0x00, 0x00, 0x00, 0x00, 0x00, 0x00, 0x00, 0x00, 0x00,
    0x46, 0x00, 0x0c, 0x01, 0x23, 0x00, 0x00, 0x00, 0x00, 0x00, 0x00, 0x00, 0x00, 0x00, 0x00, 0x00,
    0x00, 0x00, 0x00, 0x00, 0x00, 0x00, 0x00, 0x00, 0x00, 0x00, 0x00, 0x00, 0x00, 0x00, 0x51, 0x01,
    0x51, 0x01, 0x23, 0x00, 0x23, 0x00, 0x23, 0x00, 0x46, 0x00, 0x46, 0x00, 0x23, 0x00, 0x23, 0x00,
    0x23, 0x00, 0x46, 0x00, 0xe8, 0x00, 0x23, 0x00, 0x23, 0x00, 0x46, 0x00, 0x46, 0x00, 0x23, 0x00,
    0x23, 0x00, 0x46, 0x00, 0x23, 0x00, 0x23, 0x00, 0x46, 0x00, 0x46, 0x00, 0x23, 0x00, 0x23, 0x00,
    0x23, 0x00, 0x23, 0x00, 0x23, 0x00, 0x23, 0x00, 0x23, 0x00, 0x23, 0x00, 0x23, 0x00, 0x23, 0x00,
    0x23, 0x00, 0x23, 0x00, 0x23, 0x00, 0x23, 0x00, 0x23, 0x00, 0x23, 0x00, 0x23, 0x00, 0x23, 0x00,
    0x23, 0x00, 0x23, 0x00, 0x23, 0x00, 0x23, 0x00, 0x23, 0x00, 0x23, 0x00, 0x23, 0x00, 0x23, 0x00,
    0x23, 0x00, 0x23, 0x00, 0x23, 0x00, 0x23, 0x00, 0x23, 0x00, 0x23, 0x00, 0x23, 0x00, 0x23, 0x00,
    0x23, 0x00, 0x23, 0x00, 0x23, 0x00, 0x23, 0x00, 0x23, 0x00, 0x23, 0x00, 0x23, 0x00, 0x23, 0x00,
    0x23, 0x00, 0x23, 0x00, 0x23, 0x00, 0x23, 0x00, 0x23, 0x00, 0x23, 0x00, 0x23, 0x00, 0x23, 0x00,
    0x23, 0x00, 0x23, 0x00, 0x23, 0x00, 0x23, 0x00, 0x23, 0x00, 0x23, 0x00, 0x23, 0x00, 0x23, 0x00,
    0x23, 0x00, 0x23, 0x00, 0x23, 0x00, 0x23, 0x00, 0x23, 0x00, 0x23, 0x00, 0x23, 0x00, 0x23, 0x00,
    0x23, 0x00, 0x23, 0x00, 0x23, 0x00, 0x23, 0x00, 0x23, 0x00, 0x23, 0x00, 0x23, 0x00, 0x23, 0x00,
    0x23, 0x00, 0x23, 0x00, 0x23, 0x00, 0x23, 0x00, 0x23, 0x00, 0x23, 0x00, 0x23, 0x00, 0x23, 0x00,
    0x23, 0x00, 0x23, 0x00, 0x23, 0x00, 0x23, 0x00, 0x23, 0x00, 0x23, 0x00, 0x23, 0x00, 0x23, 0x00,
    0x23, 0x00, 0x23, 0x00, 0x23, 0x00, 0x23, 0x00, 0x23, 0x00, 0x23, 0x00, 0x23, 0x00, 0x23, 0x00,
    0x23, 0x00, 0x23, 0x00, 0x23, 0x00, 0x23, 0x00, 0x23, 0x00, 0x23, 0x00, 0x23, 0x00, 0x23, 0x00,
    0x23, 0x00, 0x23, 0x00, 0x23, 0x00, 0x23, 0x00, 0x23, 0x00, 0x23, 0x00, 0x23, 0x00, 0x23, 0x00,
    0x23, 0x00, 0x46, 0x00, 0x8a, 0x00, 0x46, 0x00, 0x23, 0x00, 0x23, 0x00, 0x23, 0x00, 0x23, 0x00,
    0x23, 0x00, 0x23, 0x00, 0x23, 0x00, 0x23, 0x00, 0x23, 0x00, 0x23, 0x00, 0x23, 0x00, 0x23, 0x00,
    0x23, 0x00, 0x23, 0x00, 0x23, 0x00, 0x23, 0x00, 0x23, 0x00, 0x23, 0x00, 0x23, 0x00, 0x23, 0x00,
    0x23, 0x00, 0x23, 0x00, 0x23, 0x00, 0x23, 0x00, 0x23, 0x00, 0x23, 0x00, 0x23, 0x00, 0x23, 0x00,
    0x23, 0x00, 0xe8, 0x00, 0xe8, 0x00, 0x23, 0x00, 0x23, 0x00, 0x23, 0x00, 0x23, 0x00, 0x23, 0x00,
    0x23, 0x00, 0x23, 0x00, 0x8a, 0x00, 0x8a, 0x00, 0x23, 0x00, 0x23, 0x00, 0x23, 0x00, 0x8a, 0x00,
    0x8a, 0x00, 0x23, 0x00, 0x23, 0x00, 0x23, 0x00, 0x8a, 0x00, 0x8a, 0x00, 0x46, 0x00, 0x23, 0x00,
    0x23, 0x00, 0x46, 0x00, 0x8a, 0x00, 0x8a, 0x00, 0x23, 0x00, 0x23, 0x00, 0x23, 0x00, 0x23, 0x00,
    0x23, 0x00, 0x23, 0x00, 0x23, 0x00, 0x23, 0x00, 0x46, 0x00, 0xe8, 0x00, 0x23, 0x00, 0x23, 0x00,
    0x23, 0x00, 0x51, 0x01, 0x51, 0x01, 0x00, 0x00, 0x00, 0x00, 0x00, 0x00, 0x00, 0x00, 0x00, 0x00,
    0x00, 0x00, 0x8a, 0x00, 0xe8, 0x00, 0x00, 0x00, 0x00, 0x00, 0x23, 0x00, 0x00, 0x00, 0x00, 0x00,
    0x46, 0x00, 0x0c, 0x01, 0x23, 0x00, 0x00, 0x00, 0x00, 0x00, 0x00, 0x00, 0x00, 0x00, 0x00, 0x00,
    0x00, 0x00, 0x00, 0x00, 0x00, 0x00, 0x00, 0x00, 0x00, 0x00, 0x00, 0x00, 0x00, 0x00, 0x51, 0x01,
    0x51, 0x01, 0x23, 0x00, 0x23, 0x00, 0x23, 0x00, 0x23, 0x00, 0x23, 0x00, 0x23, 0x00, 0x23, 0x00,
    0x23, 0x00, 0x46, 0x00, 0xe8, 0x00, 0x23, 0x00, 0x23, 0x00, 0x46, 0x00, 0x46, 0x00, 0x23, 0x00,
    0x23, 0x00, 0xe8, 0x00, 0x23, 0x00, 0x23, 0x00, 0x46, 0x00, 0xe8, 0x00, 0x46, 0x00, 0x23, 0x00,
    0x23, 0x00, 0x23, 0x00, 0x23, 0x00, 0x23, 0x00, 0x23, 0x00, 0x23, 0x00, 0x23, 0x00, 0x23, 0x00,
    0x23, 0x00, 0x23, 0x00, 0x23, 0x00, 0x23, 0x00, 0x23, 0x00, 0x23, 0x00, 0x23, 0x00, 0x23, 0x00,
    0x23, 0x00, 0x23, 0x00, 0x23, 0x00, 0x23, 0x00, 0x23, 0x00, 0x23, 0x00, 0x23, 0x00, 0x23, 0x00,
    0x23, 0x00, 0x23, 0x00, 0x23, 0x00, 0x23, 0x00, 0x23, 0x00, 0x23, 0x00, 0x23, 0x00, 0x23, 0x00,
    0x23, 0x00, 0x23, 0x00, 0x23, 0x00, 0x23, 0x00, 0x23, 0x00, 0x23, 0x00, 0x23, 0x00, 0x23, 0x00,
    0x23, 0x00, 0x23, 0x00, 0x23, 0x00, 0x23, 0x00, 0x23, 0x00, 0x23, 0x00, 0x23, 0x00, 0x23, 0x00,
    0x23, 0x00, 0x23, 0x00, 0x23, 0x00, 0x23, 0x00, 0x23, 0x00, 0x23, 0x00, 0x23, 0x00, 0x23, 0x00,
    0x23, 0x00, 0x23, 0x00, 0x23, 0x00, 0x23, 0x00, 0x23, 0x00, 0x23, 0x00, 0x23, 0x00, 0x23, 0x00,
    0x23, 0x00, 0x23, 0x00, 0x23, 0x00, 0x23, 0x00, 0x23, 0x00, 0x23, 0x00, 0x23, 0x00, 0x23, 0x00,
    0x23, 0x00, 0x23, 0x00, 0x23, 0x00, 0x23, 0x00, 0x23, 0x00, 0x23, 0x00, 0x23, 0x00, 0x23, 0x00,
    0x23, 0x00, 0x23, 0x00, 0x23, 0x00, 0x23, 0x00, 0x23, 0x00, 0x23, 0x00, 0x23, 0x00, 0x23, 0x00,
    0x23, 0x00, 0x23, 0x00, 0x23, 0x00, 0x23, 0x00, 0x23, 0x00, 0x23, 0x00, 0x23, 0x00, 0x23, 0x00,
    0x23, 0x00, 0x23, 0x00, 0x23, 0x00, 0x23, 0x00, 0x23, 0x00, 0x23, 0x00, 0x23, 0x00, 0x23, 0x00,
    0x23, 0x00, 0x23, 0x00, 0x23, 0x00, 0x23, 0x00, 0x23, 0x00, 0x23, 0x00, 0x23, 0x00, 0x23, 0x00,
    0x46, 0x00, 0xe8, 0x00, 0x23, 0x00, 0x23, 0x00, 0x23, 0x00, 0x23, 0x00, 0x23, 0x00, 0x23, 0x00,
    0x23, 0x00, 0x23, 0x00, 0x23, 0x00, 0x23, 0x00, 0x23, 0x00, 0x23, 0x00, 0x23, 0x00, 0x23, 0x00,
    0x23, 0x00, 0x23, 0x00, 0x23, 0x00, 0x23, 0x00, 0x23, 0x00, 0x23, 0x00, 0x23, 0x00, 0x23, 0x00,
    0x23, 0x00, 0x23, 0x00, 0x23, 0x00, 0x23, 0x00, 0x23, 0x00, 0x23, 0x00, 0x23, 0x00, 0x23, 0x00,
    0x23, 0x00, 0x23, 0x00, 0x46, 0x00, 0x46, 0x00, 0x23, 0x00, 0x23, 0x00, 0x23, 0x00, 0x23, 0x00,
    0x23, 0x00, 0x23, 0x00, 0x23, 0x00, 0x23, 0x00, 0x23, 0x00, 0x23, 0x00, 0x23, 0x00, 0x23, 0x00,
    0x23, 0x00, 0x23, 0x00, 0x23, 0x00, 0x23, 0x00, 0x23, 0x00, 0x23, 0x00, 0x23, 0x00, 0x23, 0x00,
    0x23, 0x00, 0x23, 0x00, 0x23, 0x00, 0x23, 0x00, 0x23, 0x00, 0x23, 0x00, 0x23, 0x00, 0x23, 0x00,
    0x23, 0x00, 0x23, 0x00, 0x23, 0x00, 0x23, 0x00, 0x8a, 0x00, 0x8a, 0x00, 0x23, 0x00, 0x23, 0x00,
    0x23, 0x00, 0x51, 0x01, 0x51, 0x01, 0x00, 0x00, 0x00, 0x00, 0x00, 0x00, 0x00, 0x00, 0x00, 0x00,
    0x00, 0x00, 0x8a, 0x00, 0x8a, 0x00, 0x00, 0x00, 0xe8, 0x00, 0x19, 0x02, 0xb5, 0x01, 0x00, 0x00,
    0x46, 0x00, 0x0c, 0x01, 0x23, 0x00, 0x00, 0x00, 0x00, 0x00, 0x00, 0x00, 0x00, 0x00, 0x00, 0x00,
    0x00, 0x00, 0x00, 0x00, 0x00, 0x00, 0x00, 0x00, 0x00, 0x00, 0x00, 0x00, 0x00, 0x00, 0x51, 0x01,
    0x51, 0x01, 0x23, 0x00, 0x23, 0x00, 0x23, 0x00, 0x23, 0x00, 0x23, 0x00, 0x23, 0x00, 0x23, 0x00,
    0x23, 0x00, 0x23, 0x00, 0x23, 0x00, 0x23, 0x00, 0x23, 0x00, 0x23, 0x00, 0x23, 0x00, 0x23, 0x00,
    0x23, 0x00, 0x23, 0x00, 0x23, 0x00, 0x23, 0x00, 0x23, 0x00, 0x23, 0x00, 0x23, 0x00, 0x23, 0x00,
    0x23, 0x00, 0x23, 0x00, 0x23, 0x00, 0x23, 0x00, 0x23, 0x00, 0x23, 0x00, 0x23, 0x00, 0x23, 0x00,
    0x23, 0x00, 0x23, 0x00, 0x23, 0x00, 0x23, 0x00, 0x23, 0x00, 0x23, 0x00, 0x23, 0x00, 0x23, 0x00,
    0x23, 0x00, 0x23, 0x00, 0x23, 0x00, 0x23, 0x00, 0x23, 0x00, 0x23, 0x00, 0x23, 0x00, 0x23, 0x00,
    0x23, 0x00, 0x23, 0x00, 0x23, 0x00, 0x23, 0x00, 0x23, 0x00, 0x23, 0x00, 0x23, 0x00, 0x23, 0x00,
    0x23, 0x00, 0x23, 0x00, 0x23, 0x00, 0x23, 0x00, 0x23, 0x00, 0x23, 0x00, 0x23, 0x00, 0x23, 0x00,
    0x23, 0x00, 0x23, 0x00, 0x23, 0x00, 0x23, 0x00, 0x23, 0x00, 0x23, 0x00, 0x23, 0x00, 0x23, 0x00,
    0x23, 0x00, 0x23, 0x00, 0x23, 0x00, 0x23, 0x00, 0x23, 0x00, 0x23, 0x00, 0x23, 0x00, 0x23, 0x00,
    0x23, 0x00, 0x23, 0x00, 0x23, 0x00, 0x23, 0x00, 0x23, 0x00, 0x23, 0x00, 0x23, 0x00, 0x23, 0x00,
    0x23, 0x00, 0x23, 0x00, 0x23, 0x00, 0x23, 0x00, 0x23, 0x00, 0x23, 0x00, 0x23, 0x00, 0x23, 0x00,
    0x23, 0x00, 0x23, 0x00, 0x23, 0x00, 0x23, 0x00, 0x23, 0x00, 0x23, 0x00, 0x23, 0x00, 0x23, 0x00,
    0x23, 0x00, 0x23, 0x00, 0x23, 0x00, 0x23, 0x00, 0x23, 0x00, 0x23, 0x00, 0x23, 0x00, 0x23, 0x00,
    0x23, 0x00, 0x23, 0x00, 0x23, 0x00, 0x23, 0x00, 0x23, 0x00, 0x23, 0x00, 0x23, 0x00, 0x23, 0x00,
    0x23, 0x00, 0x23, 0x00, 0x23, 0x00, 0x23, 0x00, 0x23, 0x00, 0x23, 0x00, 0x23, 0x00, 0x23, 0x00,
    0x23, 0x00, 0x23, 0x00, 0x23, 0x00, 0x23, 0x00, 0x23, 0x00, 0x23, 0x00, 0x23, 0x00, 0x46, 0x00,
    0x8a, 0x00, 0x46, 0x00, 0x23, 0x00, 0x23, 0x00, 0x23, 0x00, 0x23, 0x00, 0x23, 0x00, 0x23, 0x00,
    0x23, 0x00, 0x23, 0x00, 0x23, 0x00, 0x23, 0x00, 0x23, 0x00, 0x23, 0x00, 0x23, 0x00, 0x8a, 0x00,
    0x8a, 0x00, 0x46, 0x00, 0x46, 0x00, 0x46, 0x00, 0x46, 0x00, 0x46, 0x00, 0x8a, 0x00, 0x46, 0x00,
    0x8a, 0x00, 0xe8, 0x00, 0xe8, 0x00, 0x46, 0x00, 0x46, 0x00, 0x8a, 0x00, 0x8a, 0x00, 0x8a, 0x00,
    0x23, 0x00, 0x23, 0x00, 0x23, 0x00, 0xe8, 0x00, 0x46, 0x00, 0x23, 0x00, 0x23, 0x00, 0x23, 0x00,
    0x23, 0x00, 0x23, 0x00, 0x23, 0x00, 0x23, 0x00, 0x23, 0x00, 0x23, 0x00, 0x23, 0x00, 0x23, 0x00,
    0x23, 0x00, 0x23, 0x00, 0x23, 0x00, 0x23, 0x00, 0x23, 0x00, 0x23, 0x00, 0x23, 0x00, 0x23, 0x00,
    0x23, 0x00, 0x23, 0x00, 0x23, 0x00, 0x23, 0x00, 0x23, 0x00, 0x23, 0x00, 0x23, 0x00, 0x23, 0x00,
    0x23, 0x00, 0x23, 0x00, 0x23, 0x00, 0x23, 0x00, 0x8a, 0x00, 0xe8, 0x00, 0x23, 0x00, 0x23, 0x00,
    0x23, 0x00, 0x51, 0x01, 0x51, 0x01, 0x00, 0x00, 0x00, 0x00, 0x00, 0x00, 0x00, 0x00, 0x00, 0x00,
    0x00, 0x00, 0x8a, 0x00, 0xe8, 0x00, 0x00, 0x00, 0x46, 0x00, 0x57, 0x01, 0x33, 0x01, 0x00, 0x00,
    0x46, 0x00, 0x0c, 0x01, 0x23, 0x00, 0x00, 0x00, 0x00, 0x00, 0x00, 0x00, 0x00, 0x00, 0x00, 0x00,
    0x00, 0x00, 0x00, 0x00, 0x00, 0x00, 0x00, 0x00, 0x00, 0x00, 0x00, 0x00, 0x00, 0x00, 0x51, 0x01,
    0x51, 0x01, 0x23, 0x00, 0x23, 0x00, 0x23, 0x00, 0x23, 0x00, 0x23, 0x00, 0x23, 0x00, 0x23, 0x00,
    0x23, 0x00, 0x23, 0x00, 0x23, 0x00, 0x23, 0x00, 0x23, 0x00, 0x23, 0x00, 0x23, 0x00, 0x23, 0x00,
    0x23, 0x00, 0x23, 0x00, 0x23, 0x00, 0x23, 0x00, 0x23, 0x00, 0x23, 0x00, 0x23, 0x00, 0x23, 0x00,
    0x23, 0x00, 0x23, 0x00, 0x23, 0x00, 0x23, 0x00, 0x23, 0x00, 0x23, 0x00, 0x23, 0x00, 0x23, 0x00,
    0x23, 0x00, 0x23, 0x00, 0x23, 0x00, 0x23, 0x00, 0x23, 0x00, 0x23, 0x00, 0x23, 0x00, 0x23, 0x00,
    0x23, 0x00, 0x23, 0x00, 0x23, 0x00, 0x23, 0x00, 0x23, 0x00, 0x23, 0x00, 0x23, 0x00, 0x23, 0x00,
    0x23, 0x00, 0x23, 0x00, 0x23, 0x00, 0x23, 0x00, 0x23, 0x00, 0x23, 0x00, 0x23, 0x00, 0x23, 0x00,
    0x23, 0x00, 0x23, 0x00, 0x23, 0x00, 0x23, 0x00, 0x23, 0x00, 0x23, 0x00, 0x23, 0x00, 0x23, 0x00,
    0x23, 0x00, 0x23, 0x00, 0x23, 0x00, 0x23, 0x00, 0x23, 0x00, 0x23, 0x00, 0x23, 0x00, 0x23, 0x00,
    0x23, 0x00, 0x23, 0x00, 0x23, 0x00, 0x23, 0x00, 0x23, 0x00, 0x23, 0x00, 0x23, 0x00, 0x23, 0x00,
    0x23, 0x00, 0x23, 0x00, 0x23, 0x00, 0x23, 0x00, 0x23, 0x00, 0x23, 0x00, 0x23, 0x00, 0x23, 0x00,
    0x23, 0x00, 0x23, 0x00, 0x23, 0x00, 0x23, 0x00, 0x23, 0x00, 0x23, 0x00, 0x23, 0x00, 0x23, 0x00,
    0x23, 0x00, 0x23, 0x00, 0x23, 0x00, 0x23, 0x00, 0x23, 0x00, 0x23, 0x00, 0x23, 0x00, 0x23, 0x00,
    0x23, 0x00, 0x23, 0x00, 0x23, 0x00, 0x23, 0x00, 0x23, 0x00, 0x23, 0x00, 0x23, 0x00, 0x23, 0x00,
    0x23, 0x00, 0x23, 0x00, 0x23, 0x00, 0x23, 0x00, 0x23, 0x00, 0x23, 0x00, 0x23, 0x00, 0x23, 0x00,
    0x23, 0x00, 0x23, 0x00, 0x23, 0x00, 0x23, 0x00, 0x23, 0x00, 0x23, 0x00, 0x23, 0x00, 0x23, 0x00,
    0x23, 0x00, 0x23, 0x00, 0x23, 0x00, 0x23, 0x00, 0x23, 0x00, 0x23, 0x00, 0x23, 0x00, 0x23, 0x00,
    0x23, 0x00, 0x23, 0x00, 0x23, 0x00, 0x23, 0x00, 0x23, 0x00, 0x23, 0x00, 0x23, 0x00, 0x23, 0x00,
    0x23, 0x00, 0x23, 0x00, 0x23, 0x00, 0x23, 0x00, 0x23, 0x00, 0x23, 0x00, 0x23, 0x00, 0xe8, 0x00,
    0x8a, 0x00, 0x46, 0x00, 0x46, 0x00, 0x46, 0x00, 0x46, 0x00, 0x46, 0x00, 0x46, 0x00, 0x46, 0x00,
    0xe8, 0x00, 0x46, 0x00, 0x46, 0x00, 0x46, 0x00, 0x46, 0x00, 0xe8, 0x00, 0xe8, 0x00, 0xe8, 0x00,
    0x46, 0x00, 0x23, 0x00, 0x23, 0x00, 0x23, 0x00, 0xe8, 0x00, 0x46, 0x00, 0x23, 0x00, 0x23, 0x00,
    0x23, 0x00, 0x23, 0x00, 0x23, 0x00, 0x23, 0x00, 0x23, 0x00, 0x23, 0x00, 0x23, 0x00, 0x23, 0x00,
    0x23, 0x00, 0x23, 0x00, 0x23, 0x00, 0x23, 0x00, 0x23, 0x00, 0x23, 0x00, 0x23, 0x00, 0x23, 0x00,
    0x23, 0x00, 0x46, 0x00, 0x46, 0x00, 0x23, 0x00, 0x23, 0x00, 0x23, 0x00, 0x23, 0x00, 0x23, 0x00,
    0x23, 0x00, 0x23, 0x00, 0x23, 0x00, 0x23, 0x00, 0x8a, 0x00, 0xe8, 0x00, 0x23, 0x00, 0x23, 0x00,
    0x23, 0x00, 0x51, 0x01, 0x51, 0x01, 0x00, 0x00, 0x00, 0x00, 0x00, 0x00, 0x00, 0x00, 0x00, 0x00,
    0x00, 0x00, 0x8a, 0x00, 0xe8, 0x00, 0x00, 0x00, 0x46, 0x00, 0x57, 0x01, 0xb5, 0x01, 0x00, 0x00,
    0x46, 0x00, 0x0c, 0x01, 0x23, 0x00, 0x00, 0x00, 0x00, 0x00, 0x00, 0x00, 0x00, 0x00, 0x00, 0x00,
    0x00, 0x00, 0x00, 0x00, 0x00, 0x00, 0x00, 0x00, 0x00, 0x00, 0x00, 0x00, 0x00, 0x00, 0x51, 0x01,
    0x51, 0x01, 0x23, 0x00, 0x23, 0x00, 0x23, 0x00, 0x23, 0x00, 0x23, 0x00, 0x23, 0x00, 0x23, 0x00,
    0x23, 0x00, 0x23, 0x00, 0x23, 0x00, 0x23, 0x00, 0x23, 0x00, 0x23, 0x00, 0x23, 0x00, 0x23, 0x00,
    0x23, 0x00, 0x23, 0x00, 0x23, 0x00, 0x23, 0x00, 0x23, 0x00, 0x23, 0x00, 0x23, 0x00, 0x23, 0x00,
    0x23, 0x00, 0x23, 0x00, 0x23, 0x00, 0x23, 0x00, 0x23, 0x00, 0x23, 0x00, 0x23, 0x00, 0x23, 0x00,
    0x23, 0x00, 0x23, 0x00, 0x23, 0x00, 0x23, 0x00, 0x23, 0x00, 0x23, 0x00, 0x23, 0x00, 0x23, 0x00,
    0x23, 0x00, 0x23, 0x00, 0x23, 0x00, 0x23, 0x00, 0x23, 0x00, 0x23, 0x00, 0x23, 0x00, 0x23, 0x00,
    0x23, 0x00, 0x23, 0x00, 0x23, 0x00, 0x23, 0x00, 0x23, 0x00, 0x23, 0x00, 0x23, 0x00, 0x23, 0x00,
    0x23, 0x00, 0x23, 0x00, 0x23, 0x00, 0x23, 0x00, 0x23, 0x00, 0x23, 0x00, 0x23, 0x00, 0x23, 0x00,
    0x23, 0x00, 0x23, 0x00, 0x23, 0x00, 0x23, 0x00, 0x23, 0x00, 0x23, 0x00, 0x23, 0x00, 0x23, 0x00,
    0x23, 0x00, 0x23, 0x00, 0x23, 0x00, 0x23, 0x00, 0x23, 0x00, 0x23, 0x00, 0x23, 0x00, 0x23, 0x00,
    0x23, 0x00, 0x23, 0x00, 0x23, 0x00, 0x23, 0x00, 0x23, 0x00, 0x23, 0x00, 0x23, 0x00, 0x23, 0x00,
    0x23, 0x00, 0x23, 0x00, 0x23, 0x00, 0x23, 0x00, 0x23, 0x00, 0x23, 0x00, 0x23, 0x00, 0x23, 0x00,
    0x23, 0x00, 0x23, 0x00, 0x23, 0x00, 0x23, 0x00, 0x23, 0x00, 0x23, 0x00, 0x23, 0x00, 0x23, 0x00,
    0x23, 0x00, 0x23, 0x00, 0x23, 0x00, 0x23, 0x00, 0x23, 0x00, 0x23, 0x00, 0x23, 0x00, 0x23, 0x00,
    0x23, 0x00, 0x23, 0x00, 0x23, 0x00, 0x23, 0x00, 0x23, 0x00, 0x23, 0x00, 0x23, 0x00, 0x23, 0x00,
    0x23, 0x00, 0x23, 0x00, 0x23, 0x00, 0x23, 0x00, 0x23, 0x00, 0x23, 0x00, 0x23, 0x00, 0x23, 0x00,
    0x23, 0x00, 0x23, 0x00, 0x23, 0x00, 0x23, 0x00, 0x23, 0x00, 0x23, 0x00, 0x23, 0x00, 0x23, 0x00,
    0x23, 0x00, 0x23, 0x00, 0x23, 0x00, 0x23, 0x00, 0x23, 0x00, 0x23, 0x00, 0x23, 0x00, 0x23, 0x00,
    0x23, 0x00, 0x23, 0x00, 0x23, 0x00, 0x23, 0x00, 0x23, 0x00, 0x23, 0x00, 0x23, 0x00, 0x23, 0x00,
    0x23, 0x00, 0x23, 0x00, 0x23, 0x00, 0x23, 0x00, 0x23, 0x00, 0x23, 0x00, 0x23, 0x00, 0x23, 0x00,
    0x23, 0x00, 0x23, 0x00, 0x23, 0x00, 0x23, 0x00, 0x23, 0x00, 0x23, 0x00, 0x23, 0x00, 0x23, 0x00,
    0xe8, 0x00, 0x46, 0x00, 0x23, 0x00, 0x23, 0x00, 0x46, 0x00, 0x8a, 0x00, 0x8a, 0x00, 0x8a, 0x00,
    0x8a, 0x00, 0xe8, 0x00, 0xe8, 0x00, 0xe8, 0x00, 0x8a, 0x00, 0x8a, 0x00, 0xe8, 0x00, 0x8a, 0x00,
    0x8a, 0x00, 0x8a, 0x00, 0x8a, 0x00, 0x8a, 0x00, 0x8a, 0x00, 0xe8, 0x00, 0xe8, 0x00, 0x46, 0x00,
    0xe8, 0x00, 0x8a, 0x00, 0xef, 0x00, 0x8a, 0x00, 0x23, 0x00, 0x23, 0x00, 0x23, 0x00, 0x23, 0x00,
    0x23, 0x00, 0x23, 0x00, 0x23, 0x00, 0x23, 0x00, 0x8a, 0x00, 0xe8, 0x00, 0x23, 0x00, 0x23, 0x00,
    0x23, 0x00, 0x51, 0x01, 0x51, 0x01, 0x00, 0x00, 0x00, 0x00, 0x00, 0x00, 0x00, 0x00, 0x00, 0x00,
    0x00, 0x00, 0x8a, 0x00, 0x8a, 0x00, 0x00, 0x00, 0xe8, 0x00, 0x19, 0x02, 0xb5, 0x01, 0x00, 0x00,
    0x46, 0x00, 0x0c, 0x01, 0x23, 0x00, 0x00, 0x00, 0x00, 0x00, 0x00, 0x00, 0x00, 0x00, 0x00, 0x00,
    0x00, 0x00, 0x00, 0x00, 0x00, 0x00, 0x00, 0x00, 0x00, 0x00, 0x00, 0x00, 0x00, 0x00, 0x51, 0x01,
    0xef, 0x00, 0x23, 0x00, 0x23, 0x00, 0x23, 0x00, 0x46, 0x00, 0xe8, 0x00, 0x23, 0x00, 0x23, 0x00,
    0x23, 0x00, 0x23, 0x00, 0x46, 0x00, 0x23, 0x00, 0x23, 0x00, 0x46, 0x00, 0x46, 0x00, 0x23, 0x00,
    0x23, 0x00, 0x46, 0x00, 0x23, 0x00, 0x23, 0x00, 0x23, 0x00, 0x46, 0x00, 0x23, 0x00, 0x23, 0x00,
    0x23, 0x00, 0x23, 0x00, 0x23, 0x00, 0x23, 0x00, 0x23, 0x00, 0x23, 0x00, 0x23, 0x00, 0x23, 0x00,
    0x23, 0x00, 0x23, 0x00, 0x23, 0x00, 0x23, 0x00, 0x23, 0x00, 0x23, 0x00, 0x23, 0x00, 0x23, 0x00,
    0x23, 0x00, 0x23, 0x00, 0x23, 0x00, 0x23, 0x00, 0x23, 0x00, 0x23, 0x00, 0x23, 0x00, 0x23, 0x00,
    0x23, 0x00, 0x23, 0x00, 0x23, 0x00, 0x23, 0x00, 0x23, 0x00, 0x23, 0x00, 0x23, 0x00, 0x23, 0x00,
    0x23, 0x00, 0x23, 0x00, 0x23, 0x00, 0x23, 0x00, 0x23, 0x00, 0x23, 0x00, 0x23, 0x00, 0x23, 0x00,
    0x23, 0x00, 0x23, 0x00, 0x23, 0x00, 0x23, 0x00, 0x23, 0x00, 0x23, 0x00, 0x23, 0x00, 0x23, 0x00,
    0x23, 0x00, 0x23, 0x00, 0x23, 0x00, 0x23, 0x00, 0x23, 0x00, 0x23, 0x00, 0x23, 0x00, 0x23, 0x00,
    0x23, 0x00, 0x23, 0x00, 0x23, 0x00, 0x23, 0x00, 0x23, 0x00, 0x23, 0x00, 0x23, 0x00, 0x23, 0x00,
    0x23, 0x00, 0x23, 0x00, 0x23, 0x00, 0x23, 0x00, 0x23, 0x00, 0x23, 0x00, 0x23, 0x00, 0x23, 0x00,
    0x23, 0x00, 0x23, 0x00, 0x23, 0x00, 0x23, 0x00, 0x23, 0x00, 0x23, 0x00, 0x23, 0x00, 0x23, 0x00,
    0x23, 0x00, 0x23, 0x00, 0x23, 0x00, 0x23, 0x00, 0x23, 0x00, 0x23, 0x00, 0x23, 0x00, 0x23, 0x00,
    0x23, 0x00, 0x23, 0x00, 0x23, 0x00, 0x23, 0x00, 0x23, 0x00, 0x23, 0x00, 0x23, 0x00, 0x23, 0x00,
    0x23, 0x00, 0x23, 0x00, 0x23, 0x00, 0x23, 0x00, 0x23, 0x00, 0x23, 0x00, 0x23, 0x00, 0x23, 0x00,
    0x23, 0x00, 0x23, 0x00, 0x23, 0x00, 0x23, 0x00, 0x23, 0x00, 0x23, 0x00, 0x23, 0x00, 0x23, 0x00,
    0x23, 0x00, 0x23, 0x00, 0x23, 0x00, 0x23, 0x00, 0x23, 0x00, 0x23, 0x00, 0x23, 0x00, 0x23, 0x00,
    0x23, 0x00, 0x23, 0x00, 0x23, 0x00, 0x23, 0x00, 0x23, 0x00, 0x23, 0x00, 0x23, 0x00, 0x23, 0x00,
    0x23, 0x00, 0x23, 0x00, 0x23, 0x00, 0x23, 0x00, 0x23, 0x00, 0x23, 0x00, 0x23, 0x00, 0x23, 0x00,
    0x23, 0x00, 0x23, 0x00, 0x23, 0x00, 0x23, 0x00, 0x23, 0x00, 0x23, 0x00, 0x23, 0x00, 0x23, 0x00,
    0x23, 0x00, 0x46, 0x00, 0x46, 0x00, 0x23, 0x00, 0x23, 0x00, 0x46, 0x00, 0x46, 0x00, 0x46, 0x00,
    0x46, 0x00, 0x46, 0x00, 0x46, 0x00, 0x46, 0x00, 0x46, 0x00, 0x46, 0x00, 0x46, 0x00, 0x46, 0x00,
    0x46, 0x00, 0x46, 0x00, 0x46, 0x00, 0x46, 0x00, 0x46, 0x00, 0x46, 0x00, 0x46, 0x00, 0x46, 0x00,
    0x46, 0x00, 0x46, 0x00, 0x0c, 0x01, 0xe8, 0x00, 0x23, 0x00, 0x23, 0x00, 0x23, 0x00, 0x23, 0x00,
    0x23, 0x00, 0x23, 0x00, 0x23, 0x00, 0x23, 0x00, 0x8a, 0x00, 0xe8, 0x00, 0x23, 0x00, 0x23, 0x00,
    0x23, 0x00, 0x51, 0x01, 0x51, 0x01, 0x00, 0x00, 0x00, 0x00, 0x00, 0x00, 0x00, 0x00, 0x00, 0x00,
    0x00, 0x00, 0x8a, 0x00, 0x8a, 0x00, 0x00, 0x00, 0x8a, 0x00, 0x3d, 0x02, 0xb5, 0x01, 0x00, 0x00,
    0x46, 0x00, 0x0c, 0x01, 0x23, 0x00, 0x00, 0x00, 0x00, 0x00, 0x00, 0x00, 0x00, 0x00, 0x00, 0x00,
    0x00, 0x00, 0x00, 0x00, 0x00, 0x00, 0x00, 0x00, 0x00, 0x00, 0x00, 0x00, 0x00, 0x00, 0x51, 0x01,
    0xef, 0x00, 0x23, 0x00, 0x23, 0x00, 0x23, 0x00, 0x46, 0x00, 0x8a, 0x00, 0x23, 0x00, 0x23, 0x00,
    0x23, 0x00, 0x46, 0x00, 0xe8, 0x00, 0x23, 0x00, 0x23, 0x00, 0x8a, 0x00, 0x8a, 0x00, 0x23, 0x00,
    0x23, 0x00, 0xe8, 0x00, 0x23, 0x00, 0x23, 0x00, 0x46, 0x00, 0x46, 0x00, 0x23, 0x00, 0x23, 0x00,
    0x23, 0x00, 0x23, 0x00, 0x23, 0x00, 0x23, 0x00, 0x23, 0x00, 0x23, 0x00, 0x23, 0x00, 0x23, 0x00,
    0x23, 0x00, 0x23, 0x00, 0x23, 0x00, 0x23, 0x00, 0x23, 0x00, 0x23, 0x00, 0x23, 0x00, 0x23, 0x00,
    0x23, 0x00, 0x23, 0x00, 0x23, 0x00, 0x23, 0x00, 0x23, 0x00, 0x23, 0x00, 0x23, 0x00, 0x23, 0x00,
    0x23, 0x00, 0x23, 0x00, 0x23, 0x00, 0x23, 0x00, 0x23, 0x00, 0x23, 0x00, 0x23, 0x00, 0x23, 0x00,
    0x23, 0x00, 0x23, 0x00, 0x23, 0x00, 0x23, 0x00, 0x23, 0x00, 0x23, 0x00, 0x23, 0x00, 0x23, 0x00,
    0x23, 0x00, 0x23, 0x00, 0x23, 0x00, 0x23, 0x00, 0x23, 0x00, 0x23, 0x00, 0x23, 0x00, 0x23, 0x00,
    0x23, 0x00, 0x23, 0x00, 0x23, 0x00, 0x23, 0x00, 0x23, 0x00, 0x23, 0x00, 0x23, 0x00, 0x23, 0x00,
    0x23, 0x00, 0x23, 0x00, 0x23, 0x00, 0x23, 0x00, 0x23, 0x00, 0x23, 0x00, 0x23, 0x00, 0x23, 0x00,
    0x23, 0x00, 0x23, 0x00, 0x23, 0x00, 0x23, 0x00, 0x23, 0x00, 0x23, 0x00, 0x23, 0x00, 0x23, 0x00,
    0x23, 0x00, 0x23, 0x00, 0x23, 0x00, 0x23, 0x00, 0x23, 0x00, 0x23, 0x00, 0x23, 0x00, 0x23, 0x00,
    0x23, 0x00, 0x23, 0x00, 0x23, 0x00, 0x23, 0x00, 0x23, 0x00, 0x23, 0x00, 0x23, 0x00, 0x23, 0x00,
    0x23, 0x00, 0x23, 0x00, 0x23, 0x00, 0x23, 0x00, 0x23, 0x00, 0x23, 0x00, 0x23, 0x00, 0x23, 0x00,
    0x23, 0x00, 0x23, 0x00, 0x23, 0x00, 0x23, 0x00, 0x23, 0x00, 0x23, 0x00, 0x23, 0x00, 0x23, 0x00,
    0x23, 0x00, 0x23, 0x00, 0x23, 0x00, 0x23, 0x00, 0x23, 0x00, 0x23, 0x00, 0x23, 0x00, 0x23, 0x00,
    0x23, 0x00, 0x23, 0x00, 0x23, 0x00, 0x23, 0x00, 0x23, 0x00, 0x23, 0x00, 0x23, 0x00, 0x23, 0x00,
    0x23, 0x00, 0x23, 0x00, 0x23, 0x00, 0x23, 0x00, 0x23, 0x00, 0x23, 0x00, 0x23, 0x00, 0x23, 0x00,
    0x23, 0x00, 0x23, 0x00, 0x23, 0x00, 0x23, 0x00, 0x23, 0x00, 0x23, 0x00, 0x23, 0x00, 0x23, 0x00,
    0x23, 0x00, 0x23, 0x00, 0x23, 0x00, 0x23, 0x00, 0x23, 0x00, 0x23, 0x00, 0x23, 0x00, 0x23, 0x00,
    0x23, 0x00, 0x23, 0x00, 0x46, 0x00, 0x46, 0x00, 0x23, 0x00, 0x23, 0x00, 0x23, 0x00, 0x23, 0x00,
    0x23, 0x00, 0x23, 0x00, 0x23, 0x00, 0x23, 0x00, 0x23, 0x00, 0x23, 0x00, 0x23, 0x00, 0x23, 0x00,
    0x23, 0x00, 0x23, 0x00, 0x23, 0x00, 0x23, 0x00, 0x23, 0x00, 0x23, 0x00, 0x23, 0x00, 0x23, 0x00,
    0x23, 0x00, 0x23, 0x00, 0x00, 0x00, 0x23, 0x00, 0x23, 0x00, 0x23, 0x00, 0x23, 0x00, 0x23, 0x00,
    0x23, 0x00, 0x23, 0x00, 0x23, 0x00, 0x23, 0x00, 0x8a, 0x00, 0x8a, 0x00, 0x23, 0x00, 0x23, 0x00,
    0x23, 0x00, 0x51, 0x01, 0x51, 0x01, 0x00, 0x00, 0x00, 0x00, 0x00, 0x00, 0x00, 0x00, 0x00, 0x00,
    0x00, 0x00, 0x0c, 0x01, 0xe8, 0x00, 0x00, 0x00, 0x00, 0x00, 0x23, 0x00, 0x23, 0x00, 0x00, 0x00,
    0x46, 0x00, 0x8a, 0x00, 0x23, 0x00, 0x00, 0x00, 0x00, 0x00, 0x00, 0x00, 0x00, 0x00, 0x00, 0x00,
    0x00, 0x00, 0x00, 0x00, 0x00, 0x00, 0x00, 0x00, 0x00, 0x00, 0x00, 0x00, 0x00, 0x00, 0x33, 0x01,
    0xef, 0x00, 0x23, 0x00, 0x23, 0x00, 0x23, 0x00, 0x46, 0x00, 0x8a, 0x00, 0x23, 0x00, 0x23, 0x00,
    0x23, 0x00, 0x23, 0x00, 0x23, 0x00, 0x23, 0x00, 0x23, 0x00, 0x23, 0x00, 0x23, 0x00, 0x23, 0x00,
    0x23, 0x00, 0x23, 0x00, 0x23, 0x00, 0x23, 0x00, 0x23, 0x00, 0x23, 0x00, 0x23, 0x00, 0x23, 0x00,
    0x23, 0x00, 0x23, 0x00, 0x23, 0x00, 0x23, 0x00, 0x23, 0x00, 0x23, 0x00, 0x23, 0x00, 0x23, 0x00,
    0x23, 0x00, 0x23, 0x00, 0x23, 0x00, 0x23, 0x00, 0x23, 0x00, 0x23, 0x00, 0x23, 0x00, 0x23, 0x00,
    0x23, 0x00, 0x23, 0x00, 0x23, 0x00, 0x23, 0x00, 0x23, 0x00, 0x23, 0x00, 0x23, 0x00, 0x23, 0x00,
    0x23, 0x00, 0x23, 0x00, 0x23, 0x00, 0x23, 0x00, 0x23, 0x00, 0x23, 0x00, 0x23, 0x00, 0x23, 0x00,
    0x23, 0x00, 0x23, 0x00, 0x23, 0x00, 0x23, 0x00, 0x23, 0x00, 0x23, 0x00, 0x23, 0x00, 0x23, 0x00,
    0x23, 0x00, 0x23, 0x00, 0x23, 0x00, 0x23, 0x00, 0x23, 0x00, 0x23, 0x00, 0x23, 0x00, 0x23, 0x00,
    0x23, 0x00, 0x23, 0x00, 0x23, 0x00, 0x23, 0x00, 0x23, 0x00, 0x23, 0x00, 0x23, 0x00, 0x23, 0x00,
    0x23, 0x00, 0x23, 0x00, 0x23, 0x00, 0x23, 0x00, 0x23, 0x00, 0x23, 0x00, 0x23, 0x00, 0x23, 0x00,
    0x23, 0x00, 0x23, 0x00, 0x23, 0x00, 0x23, 0x00, 0x23, 0x00, 0x23, 0x00, 0x23, 0x00, 0x23, 0x00,
    0x23, 0x00, 0x23, 0x00, 0x23, 0x00, 0x23, 0x00, 0x23, 0x00, 0x23, 0x00, 0x23, 0x00, 0x23, 0x00,
    0x23, 0x00, 0x23, 0x00, 0x23, 0x00, 0x23, 0x00, 0x23, 0x00, 0x23, 0x00, 0x23, 0x00, 0x23, 0x00,
    0x23, 0x00, 0x23, 0x00, 0x23, 0x00, 0x23, 0x00, 0x23, 0x00, 0x23, 0x00, 0x23, 0x00, 0x23, 0x00,
    0x23, 0x00, 0x23, 0x00, 0x23, 0x00, 0x23, 0x00, 0x23, 0x00, 0x23, 0x00, 0x23, 0x00, 0x23, 0x00,
    0x23, 0x00, 0x23, 0x00, 0x23, 0x00, 0x23, 0x00, 0x23, 0x00, 0x23, 0x00, 0x23, 0x00, 0x23, 0x00,
    0x23, 0x00, 0x23, 0x00, 0x23, 0x00, 0x23, 0x00, 0x23, 0x00, 0x23, 0x00, 0x23, 0x00, 0x23, 0x00,
    0x23, 0x00, 0x23, 0x00, 0x23, 0x00, 0x23, 0x00, 0x23, 0x00, 0x23, 0x00, 0x23, 0x00, 0x23, 0x00,
    0x23, 0x00, 0x23, 0x00, 0x23, 0x00, 0x23, 0x00, 0x23, 0x00, 0x23, 0x00, 0x23, 0x00, 0x23, 0x00,
    0x23, 0x00, 0x23, 0x00, 0x23, 0x00, 0x23, 0x00, 0x23, 0x00, 0x23, 0x00, 0x23, 0x00, 0x23, 0x00,
    0x23, 0x00, 0x23, 0x00, 0x46, 0x00, 0x8a, 0x00, 0x46, 0x00, 0x23, 0x00, 0x23, 0x00, 0x23, 0x00,
    0x23, 0x00, 0x23, 0x00, 0x23, 0x00, 0x23, 0x00, 0x23, 0x00, 0x23, 0x00, 0x23, 0x00, 0x23, 0x00,
    0x23, 0x00, 0x23, 0x00, 0x23, 0x00, 0x23, 0x00, 0x23, 0x00, 0x23, 0x00, 0x23, 0x00, 0x23, 0x00,
    0x23, 0x00, 0x23, 0x00, 0x00, 0x00, 0x00, 0x00, 0x23, 0x00, 0x23, 0x00, 0x23, 0x00, 0x23, 0x00,
    0x23, 0x00, 0x23, 0x00, 0x23, 0x00, 0x23, 0x00, 0x8a, 0x00, 0xe8, 0x00, 0x23, 0x00, 0x23, 0x00,
    0x23, 0x00, 0x51, 0x01, 0x51, 0x01, 0x00, 0x00, 0x00, 0x00, 0x00, 0x00, 0x00, 0x00, 0x00, 0x00,
    0x00, 0x00, 0x0c, 0x01, 0xe8, 0x00, 0x00, 0x00, 0x00, 0x00, 0x00, 0x00, 0x00, 0x00, 0x00, 0x00,
    0x46, 0x00, 0x8a, 0x00, 0x23, 0x00, 0x00, 0x00, 0x00, 0x00, 0x00, 0x00, 0x00, 0x00, 0x00, 0x00,
    0x00, 0x00, 0x00, 0x00, 0x00, 0x00, 0x00, 0x00, 0x00, 0x00, 0x00, 0x00, 0x00, 0x00, 0x33, 0x01,
    0xef, 0x00, 0x00, 0x00, 0x23, 0x00, 0x23, 0x00, 0x46, 0x00, 0x8a, 0x00, 0x23, 0x00, 0x23, 0x00,
    0x23, 0x00, 0x23, 0x00, 0x23, 0x00, 0x23, 0x00, 0x23, 0x00, 0x23, 0x00, 0x23, 0x00, 0x23, 0x00,
    0x23, 0x00, 0x23, 0x00, 0x23, 0x00, 0x23, 0x00, 0x23, 0x00, 0x23, 0x00, 0x23, 0x00, 0x23, 0x00,
    0x23, 0x00, 0x23, 0x00, 0x23, 0x00, 0x23, 0x00, 0x23, 0x00, 0x23, 0x00, 0x23, 0x00, 0x23, 0x00,
    0x23, 0x00, 0x23, 0x00, 0x23, 0x00, 0x23, 0x00, 0x23, 0x00, 0x23, 0x00, 0x23, 0x00, 0x23, 0x00,
    0x23, 0x00, 0x23, 0x00, 0x23, 0x00, 0x23, 0x00, 0x23, 0x00, 0x23, 0x00, 0x23, 0x00, 0x23, 0x00,
    0x23, 0x00, 0x23, 0x00, 0x23, 0x00, 0x23, 0x00, 0x23, 0x00, 0x23, 0x00, 0x23, 0x00, 0x23, 0x00,
    0x23, 0x00, 0x23, 0x00, 0x23, 0x00, 0x23, 0x00, 0x23, 0x00, 0x23, 0x00, 0x23, 0x00, 0x23, 0x00,
    0x23, 0x00, 0x23, 0x00, 0x23, 0x00, 0x23, 0x00, 0x23, 0x00, 0x23, 0x00, 0x23, 0x00, 0x23, 0x00,
    0x23, 0x00, 0x23, 0x00, 0x23, 0x00, 0x23, 0x00, 0x23, 0x00, 0x23, 0x00, 0x23, 0x00, 0x23, 0x00,
    0x23, 0x00, 0x23, 0x00, 0x23, 0x00, 0x23, 0x00, 0x23, 0x00, 0x23, 0x00, 0x23, 0x00, 0x23, 0x00,
    0x23, 0x00, 0x23, 0x00, 0x23, 0x00, 0x23, 0x00, 0x23, 0x00, 0x23, 0x00, 0x23, 0x00, 0x23, 0x00,
    0x23, 0x00, 0x23, 0x00, 0x23, 0x00, 0x23, 0x00, 0x23, 0x00, 0x23, 0x00, 0x23, 0x00, 0x23, 0x00,
    0x23, 0x00, 0x23, 0x00, 0x23, 0x00, 0x23, 0x00, 0x23, 0x00, 0x23, 0x00, 0x23, 0x00, 0x23, 0x00,
    0x23, 0x00, 0x23, 0x00, 0x23, 0x00, 0x23, 0x00, 0x23, 0x00, 0x23, 0x00, 0x23, 0x00, 0x23, 0x00,
    0x23, 0x00, 0x23, 0x00, 0x23, 0x00, 0x23, 0x00, 0x23, 0x00, 0x23, 0x00, 0x23, 0x00, 0x23, 0x00,
    0x23, 0x00, 0x23, 0x00, 0x23, 0x00, 0x23, 0x00, 0x23, 0x00, 0x23, 0x00, 0x23, 0x00, 0x23, 0x00,
    0x23, 0x00, 0x23, 0x00, 0x23, 0x00, 0x23, 0x00, 0x23, 0x00, 0x23, 0x00, 0x23, 0x00, 0x23, 0x00,
    0x23, 0x00, 0x23, 0x00, 0x23, 0x00, 0x23, 0x00, 0x23, 0x00, 0x23, 0x00, 0x23, 0x00, 0x23, 0x00,
    0x23, 0x00, 0x23, 0x00, 0x23, 0x00, 0x23, 0x00, 0x23, 0x00, 0x23, 0x00, 0x23, 0x00, 0x23, 0x00,
    0x23, 0x00, 0x23, 0x00, 0x23, 0x00, 0x23, 0x00, 0x23, 0x00, 0x23, 0x00, 0x23, 0x00, 0x23, 0x00,
    0x23, 0x00, 0x23, 0x00, 0x23, 0x00, 0x46, 0x00, 0xe8, 0x00, 0x46, 0x00, 0x23, 0x00, 0x46, 0x00,
    0x46, 0x00, 0x46, 0x00, 0x46, 0x00, 0x46, 0x00, 0x46, 0x00, 0x46, 0x00, 0x46, 0x00, 0x46, 0x00,
    0x46, 0x00, 0x46, 0x00, 0x46, 0x00, 0x46, 0x00, 0x46, 0x00, 0x46, 0x00, 0x46, 0x00, 0x46, 0x00,
    0x46, 0x00, 0x46, 0x00, 0x8a, 0x00, 0xe8, 0x00, 0x23, 0x00, 0x23, 0x00, 0x23, 0x00, 0x23, 0x00,
    0x23, 0x00, 0x23, 0x00, 0x23, 0x00, 0x23, 0x00, 0xe8, 0x00, 0x46, 0x00, 0x23, 0x00, 0x23, 0x00,
    0x23, 0x00, 0x51, 0x01, 0x51, 0x01, 0x00, 0x00, 0x00, 0x00, 0x00, 0x00, 0x00, 0x00, 0x00, 0x00,
    0x00, 0x00, 0x0c, 0x01, 0xe8, 0x00, 0x00, 0x00, 0x00, 0x00, 0x00, 0x00, 0x00, 0x00, 0x00, 0x00,
    0x46, 0x00, 0x0c, 0x01, 0x23, 0x00, 0x00, 0x00, 0x00, 0x00, 0x00, 0x00, 0x00, 0x00, 0x00, 0x00,
    0x00, 0x00, 0x00, 0x00, 0x00, 0x00, 0x00, 0x00, 0x00, 0x00, 0x00, 0x00, 0x00, 0x00, 0x33, 0x01,
    0xef, 0x00, 0x00, 0x00, 0x23, 0x00, 0x23, 0x00, 0x46, 0x00, 0x8a, 0x00, 0x23, 0x00, 0x23, 0x00,
    0x23, 0x00, 0x23, 0x00, 0x23, 0x00, 0x23, 0x00, 0x23, 0x00, 0x23, 0x00, 0x23, 0x00, 0x23, 0x00,
    0x23, 0x00, 0x23, 0x00, 0x23, 0x00, 0x23, 0x00, 0x23, 0x00, 0x23, 0x00, 0x23, 0x00, 0x23, 0x00,
    0x23, 0x00, 0x23, 0x00, 0x23, 0x00, 0x23, 0x00, 0x23, 0x00, 0x23, 0x00, 0x23, 0x00, 0x23, 0x00,
    0x23, 0x00, 0x23, 0x00, 0x23, 0x00, 0x23, 0x00, 0x23, 0x00, 0x23, 0x00, 0x23, 0x00, 0x23, 0x00,
    0x23, 0x00, 0x23, 0x00, 0x23, 0x00, 0x23, 0x00, 0x23, 0x00, 0x23, 0x00, 0x23, 0x00, 0x23, 0x00,
    0x23, 0x00, 0x23, 0x00, 0x23, 0x00, 0x23, 0x00, 0x23, 0x00, 0x23, 0x00, 0x23, 0x00, 0x23, 0x00,
    0x23, 0x00, 0x23, 0x00, 0x23, 0x00, 0x23, 0x00, 0x23, 0x00, 0x23, 0x00, 0x23, 0x00, 0x23, 0x00,
    0x23, 0x00, 0x23, 0x00, 0x23, 0x00, 0x23, 0x00, 0x23, 0x00, 0x23, 0x00, 0x23, 0x00, 0x23, 0x00,
    0x23, 0x00, 0x23, 0x00, 0x23, 0x00, 0x23, 0x00, 0x23, 0x00, 0x23, 0x00, 0x23, 0x00, 0x23, 0x00,
    0x23, 0x00, 0x23, 0x00, 0x23, 0x00, 0x23, 0x00, 0x23, 0x00, 0x23, 0x00, 0x23, 0x00, 0x23, 0x00,
    0x23, 0x00, 0x23, 0x00, 0x23, 0x00, 0x23, 0x00, 0x23, 0x00, 0x23, 0x00, 0x23, 0x00, 0x23, 0x00,
    0x23, 0x00, 0x23, 0x00, 0x23, 0x00, 0x23, 0x00, 0x23, 0x00, 0x23, 0x00, 0x23, 0x00, 0x23, 0x00,
    0x23, 0x00, 0x23, 0x00, 0x23, 0x00, 0x23, 0x00, 0x23, 0x00, 0x23, 0x00, 0x23, 0x00, 0x23, 0x00,
    0x23, 0x00, 0x23, 0x00, 0x23, 0x00, 0x23, 0x00, 0x23, 0x00, 0x23, 0x00, 0x23, 0x00, 0x23, 0x00,
    0x23, 0x00, 0x23, 0x00, 0x23, 0x00, 0x23, 0x00, 0x23, 0x00, 0x23, 0x00, 0x23, 0x00, 0x23, 0x00,
    0x23, 0x00, 0x23, 0x00, 0x23, 0x00, 0x23, 0x00, 0x23, 0x00, 0x23, 0x00, 0x23, 0x00, 0x23, 0x00,
    0x23, 0x00, 0x23, 0x00, 0x23, 0x00, 0x23, 0x00, 0x23, 0x00, 0x23, 0x00, 0x23, 0x00, 0x23, 0x00,
    0x23, 0x00, 0x23, 0x00, 0x23, 0x00, 0x23, 0x00, 0x23, 0x00, 0x23, 0x00, 0x23, 0x00, 0x23, 0x00,
    0x23, 0x00, 0x23, 0x00, 0x23, 0x00, 0x23, 0x00, 0x23, 0x00, 0x23, 0x00, 0x23, 0x00, 0x23, 0x00,
    0x23, 0x00, 0x23, 0x00, 0x23, 0x00, 0x23, 0x00, 0x23, 0x00, 0x23, 0x00, 0x23, 0x00, 0x23, 0x00,
    0x23, 0x00, 0x23, 0x00, 0x23, 0x00, 0x23, 0x00, 0x23, 0x00, 0x8a, 0x00, 0xe8, 0x00, 0x8a, 0x00,
    0x8a, 0x00, 0x8a, 0x00, 0x8a, 0x00, 0xe8, 0x00, 0x8a, 0x00, 0x8a, 0x00, 0x8a, 0x00, 0x8a, 0x00,
    0xe8, 0x00, 0xe8, 0x00, 0x8a, 0x00, 0x8a, 0x00, 0x8a, 0x00, 0x8a, 0x00, 0x8a, 0x00, 0x46, 0x00,
    0x46, 0x00, 0x8a, 0x00, 0x0c, 0x01, 0x8a, 0x00, 0x23, 0x00, 0x23, 0x00, 0x23, 0x00, 0x23, 0x00,
    0x23, 0x00, 0x23, 0x00, 0x23, 0x00, 0x23, 0x00, 0x8a, 0x00, 0xe8, 0x00, 0x23, 0x00, 0x23, 0x00,
    0x23, 0x00, 0x51, 0x01, 0x51, 0x01, 0x00, 0x00, 0x00, 0x00, 0x00, 0x00, 0x00, 0x00, 0x00, 0x00,
    0x00, 0x00, 0x0c, 0x01, 0x8a, 0x00, 0x00, 0x00, 0x23, 0x00, 0x51, 0x01, 0x0c, 0x01, 0x00, 0x00,
    0x46, 0x00, 0x0c, 0x01, 0x23, 0x00, 0x00, 0x00, 0x00, 0x00, 0x00, 0x00, 0x00, 0x00, 0x00, 0x00,
    0x00, 0x00, 0x00, 0x00, 0x00, 0x00, 0x00, 0x00, 0x00, 0x00, 0x00, 0x00, 0x00, 0x00, 0x51, 0x01,
    0xef, 0x00, 0x23, 0x00, 0x23, 0x00, 0x23, 0x00, 0x46, 0x00, 0x8a, 0x00, 0x23, 0x00, 0x23, 0x00,
    0x23, 0x00, 0x23, 0x00, 0x23, 0x00, 0x23, 0x00, 0x23, 0x00, 0x23, 0x00, 0x23, 0x00, 0x23, 0x00,
    0x23, 0x00, 0x23, 0x00, 0x23, 0x00, 0x23, 0x00, 0x23, 0x00, 0x23, 0x00, 0x23, 0x00, 0x23, 0x00,
    0x23, 0x00, 0x23, 0x00, 0x23, 0x00, 0x23, 0x00, 0x23, 0x00, 0x23, 0x00, 0x23, 0x00, 0x23, 0x00,
    0x23, 0x00, 0x23, 0x00, 0x23, 0x00, 0x23, 0x00, 0x23, 0x00, 0x23, 0x00, 0x23, 0x00, 0x23, 0x00,
    0x23, 0x00, 0x23, 0x00, 0x23, 0x00, 0x23, 0x00, 0x23, 0x00, 0x23, 0x00, 0x23, 0x00, 0x23, 0x00,
    0x23, 0x00, 0x23, 0x00, 0x23, 0x00, 0x23, 0x00, 0x23, 0x00, 0x23, 0x00, 0x23, 0x00, 0x23, 0x00,
    0x23, 0x00, 0x23, 0x00, 0x23, 0x00, 0x23, 0x00, 0x23, 0x00, 0x23, 0x00, 0x23, 0x00, 0x23, 0x00,
    0x23, 0x00, 0x23, 0x00, 0x23, 0x00, 0x23, 0x00, 0x23, 0x00, 0x23, 0x00, 0x23, 0x00, 0x23, 0x00,
    0x23, 0x00, 0x23, 0x00, 0x23, 0x00, 0x23, 0x00, 0x23, 0x00, 0x23, 0x00, 0x23, 0x00, 0x23, 0x00,
    0x23, 0x00, 0x23, 0x00, 0x23, 0x00, 0x23, 0x00, 0x23, 0x00, 0x23, 0x00, 0x23, 0x00, 0x23, 0x00,
    0x23, 0x00, 0x23, 0x00, 0x23, 0x00, 0x23, 0x00, 0x23, 0x00, 0x23, 0x00, 0x23, 0x00, 0x23, 0x00,
    0x23, 0x00, 0x23, 0x00, 0x23, 0x00, 0x23, 0x00, 0x23, 0x00, 0x23, 0x00, 0x23, 0x00, 0x23, 0x00,
    0x23, 0x00, 0x23, 0x00, 0x23, 0x00, 0x23, 0x00, 0x23, 0x00, 0x23, 0x00, 0x23, 0x00, 0x23, 0x00,
    0x23, 0x00, 0x23, 0x00, 0x23, 0x00, 0x23, 0x00, 0x23, 0x00, 0x23, 0x00, 0x23, 0x00, 0x23, 0x00,
    0x23, 0x00, 0x23, 0x00, 0x23, 0x00, 0x23, 0x00, 0x23, 0x00, 0x23, 0x00, 0x23, 0x00, 0x23, 0x00,
    0x23, 0x00, 0x23, 0x00, 0x23, 0x00, 0x23, 0x00, 0x23, 0x00, 0x23, 0x00, 0x23, 0x00, 0x23, 0x00,
    0x23, 0x00, 0x23, 0x00, 0x23, 0x00, 0x23, 0x00, 0x23, 0x00, 0x23, 0x00, 0x23, 0x00, 0x23, 0x00,
    0x23, 0x00, 0x23, 0x00, 0x23, 0x00, 0x23, 0x00, 0x23, 0x00, 0x23, 0x00, 0x23, 0x00, 0x23, 0x00,
    0x23, 0x00, 0x23, 0x00, 0x23, 0x00, 0x23, 0x00, 0x23, 0x00, 0x23, 0x00, 0x23, 0x00, 0x23, 0x00,
    0x23, 0x00, 0x23, 0x00, 0x23, 0x00, 0x23, 0x00, 0x23, 0x00, 0x23, 0x00, 0x23, 0x00, 0x23, 0x00,
    0x23, 0x00, 0x23, 0x00, 0x23, 0x00, 0x23, 0x00, 0x23, 0x00, 0x23, 0x00, 0x23, 0x00, 0x23, 0x00,
    0x23, 0x00, 0x23, 0x00, 0x23, 0x00, 0x23, 0x00, 0x23, 0x00, 0x23, 0x00, 0x23, 0x00, 0x23, 0x00,
    0x23, 0x00, 0x23, 0x00, 0x23, 0x00, 0x23, 0x00, 0x23, 0x00, 0x23, 0x00, 0x23, 0x00, 0x23, 0x00,
    0x23, 0x00, 0x23, 0x00, 0x46, 0x00, 0x46, 0x00, 0x23, 0x00, 0x23, 0x00, 0x23, 0x00, 0x23, 0x00,
    0x23, 0x00, 0x23, 0x00, 0x23, 0x00, 0x23, 0x00, 0x8a, 0x00, 0xe8, 0x00, 0x23, 0x00, 0x23, 0x00,
    0x23, 0x00, 0x51, 0x01, 0x51, 0x01, 0x00, 0x00, 0x00, 0x00, 0x00, 0x00, 0x00, 0x00, 0x00, 0x00,
    0x00, 0x00, 0x8a, 0x00, 0x8a, 0x00, 0x00, 0x00, 0x46, 0x00, 0xb5, 0x01, 0x51, 0x01, 0x00, 0x00,
    0x46, 0x00, 0x0c, 0x01, 0x23, 0x00, 0x00, 0x00, 0x00, 0x00, 0x00, 0x00, 0x00, 0x00, 0x00, 0x00,
    0x00, 0x00, 0x00, 0x00, 0x00, 0x00, 0x00, 0x00, 0x00, 0x00, 0x00, 0x00, 0x00, 0x00, 0x51, 0x01,
    0xef, 0x00, 0x23, 0x00, 0x23, 0x00, 0x23, 0x00, 0x46, 0x00, 0x8a, 0x00, 0x23, 0x00, 0x23, 0x00,
    0x23, 0x00, 0x23, 0x00, 0x23, 0x00, 0x23, 0x00, 0x23, 0x00, 0x23, 0x00, 0x23, 0x00, 0x23, 0x00,
    0x23, 0x00, 0x23, 0x00, 0x23, 0x00, 0x23, 0x00, 0x23, 0x00, 0x23, 0x00, 0x23, 0x00, 0x23, 0x00,
    0x23, 0x00, 0x23, 0x00, 0x23, 0x00, 0x23, 0x00, 0x23, 0x00, 0x23, 0x00, 0x23, 0x00, 0x23, 0x00,
    0x23, 0x00, 0x23, 0x00, 0x23, 0x00, 0x23, 0x00, 0x23, 0x00, 0x23, 0x00, 0x23, 0x00, 0x23, 0x00,
    0x23, 0x00, 0x23, 0x00, 0x23, 0x00, 0x23, 0x00, 0x23, 0x00, 0x23, 0x00, 0x23, 0x00, 0x23, 0x00,
    0x23, 0x00, 0x23, 0x00, 0x23, 0x00, 0x23, 0x00, 0x23, 0x00, 0x23, 0x00, 0x23, 0x00, 0x23, 0x00,
    0x23, 0x00, 0x23, 0x00, 0x23, 0x00, 0x23, 0x00, 0x23, 0x00, 0x23, 0x00, 0x23, 0x00, 0x23, 0x00,
    0x23, 0x00, 0x23, 0x00, 0x23, 0x00, 0x23, 0x00, 0x23, 0x00, 0x23, 0x00, 0x23, 0x00, 0x23, 0x00,
    0x23, 0x00, 0x23, 0x00, 0x23, 0x00, 0x23, 0x00, 0x23, 0x00, 0x23, 0x00, 0x23, 0x00, 0x23, 0x00,
    0x23, 0x00, 0x23, 0x00, 0x23, 0x00, 0x23, 0x00, 0x23, 0x00, 0x23, 0x00, 0x23, 0x00, 0x23, 0x00,
    0x23, 0x00, 0x23, 0x00, 0x23, 0x00, 0x23, 0x00, 0x23, 0x00, 0x23, 0x00, 0x23, 0x00, 0x23, 0x00,
    0x23, 0x00, 0x23, 0x00, 0x23, 0x00, 0x23, 0x00, 0x23, 0x00, 0x23, 0x00, 0x23, 0x00, 0x23, 0x00,
    0x23, 0x00, 0x23, 0x00, 0x23, 0x00, 0x23, 0x00, 0x23, 0x00, 0x23, 0x00, 0x23, 0x00, 0x23, 0x00,
    0x23, 0x00, 0x23, 0x00, 0x23, 0x00, 0x23, 0x00, 0x23, 0x00, 0x23, 0x00, 0x23, 0x00, 0x23, 0x00,
    0x23, 0x00, 0x23, 0x00, 0x23, 0x00, 0x23, 0x00, 0x23, 0x00, 0x23, 0x00, 0x23, 0x00, 0x23, 0x00,
    0x23, 0x00, 0x23, 0x00, 0x23, 0x00, 0x23, 0x00, 0x23, 0x00, 0x23, 0x00, 0x23, 0x00, 0x23, 0x00,
    0x23, 0x00, 0x23, 0x00, 0x23, 0x00, 0x23, 0x00, 0x23, 0x00, 0x23, 0x00, 0x23, 0x00, 0x23, 0x00,
    0x23, 0x00, 0x23, 0x00, 0x23, 0x00, 0x23, 0x00, 0x23, 0x00, 0x23, 0x00, 0x23, 0x00, 0x23, 0x00,
    0x23, 0x00, 0x23, 0x00, 0x23, 0x00, 0x23, 0x00, 0x23, 0x00, 0x23, 0x00, 0x23, 0x00, 0x23, 0x00,
    0x23, 0x00, 0x23, 0x00, 0x23, 0x00, 0x23, 0x00, 0x23, 0x00, 0x23, 0x00, 0x23, 0x00, 0x23, 0x00,
    0x23, 0x00, 0x23, 0x00, 0x23, 0x00, 0x23, 0x00, 0x23, 0x00, 0x23, 0x00, 0x23, 0x00, 0x23, 0x00,
    0x23, 0x00, 0x23, 0x00, 0x23, 0x00, 0x23, 0x00, 0x23, 0x00, 0x23, 0x00, 0x23, 0x00, 0x23, 0x00,
    0x23, 0x00, 0x23, 0x00, 0x23, 0x00, 0x23, 0x00, 0x23, 0x00, 0x23, 0x00, 0x23, 0x00, 0x23, 0x00,
    0x23, 0x00, 0x23, 0x00, 0x23, 0x00, 0x23, 0x00, 0x23, 0x00, 0x23, 0x00, 0x23, 0x00, 0x23, 0x00,
    0x23, 0x00, 0x23, 0x00, 0x23, 0x00, 0x23, 0x00, 0x8a, 0x00, 0x8a, 0x00, 0x23, 0x00, 0x23, 0x00,
    0x23, 0x00, 0xef, 0x00, 0x51, 0x01, 0x00, 0x00, 0x00, 0x00, 0x00, 0x00, 0x00, 0x00, 0x00, 0x00,
    0x00, 0x00, 0x8a, 0x00, 0x8a, 0x00, 0x00, 0x00, 0x46, 0x00, 0xb5, 0x01, 0x51, 0x01, 0x00, 0x00,
    0x46, 0x00, 0x0c, 0x01, 0x23, 0x00, 0x00, 0x00, 0x00, 0x00, 0x00, 0x00, 0x00, 0x00, 0x00, 0x00,
    0x00, 0x00, 0x00, 0x00, 0x00, 0x00, 0x00, 0x00, 0x00, 0x00, 0x00, 0x00, 0x00, 0x00, 0x51, 0x01,
    0xef, 0x00, 0x23, 0x00, 0x23, 0x00, 0x23, 0x00, 0x46, 0x00, 0x8a, 0x00, 0x23, 0x00, 0x23, 0x00,
    0x23, 0x00, 0x23, 0x00, 0x23, 0x00, 0x23, 0x00, 0x23, 0x00, 0x23, 0x00, 0x23, 0x00, 0x23, 0x00,
    0x23, 0x00, 0x23, 0x00, 0x23, 0x00, 0x23, 0x00, 0x23, 0x00, 0x23, 0x00, 0x23, 0x00, 0x23, 0x00,
    0x23, 0x00, 0x23, 0x00, 0x23, 0x00, 0x23, 0x00, 0x23, 0x00, 0x23, 0x00, 0x23, 0x00, 0x23, 0x00,
    0x23, 0x00, 0x23, 0x00, 0x23, 0x00, 0x23, 0x00, 0x23, 0x00, 0x23, 0x00, 0x23, 0x00, 0x23, 0x00,
    0x23, 0x00, 0x23, 0x00, 0x23, 0x00, 0x23, 0x00, 0x23, 0x00, 0x23, 0x00, 0x23, 0x00, 0x23, 0x00,
    0x23, 0x00, 0x23, 0x00, 0x23, 0x00, 0x23, 0x00, 0x23, 0x00, 0x23, 0x00, 0x23, 0x00, 0x23, 0x00,
    0x23, 0x00, 0x23, 0x00, 0x23, 0x00, 0x23, 0x00, 0x23, 0x00, 0x23, 0x00, 0x23, 0x00, 0x23, 0x00,
    0x23, 0x00, 0x23, 0x00, 0x23, 0x00, 0x23, 0x00, 0x23, 0x00, 0x23, 0x00, 0x23, 0x00, 0x23, 0x00,
    0x23, 0x00, 0x23, 0x00, 0x23, 0x00, 0x23, 0x00, 0x23, 0x00, 0x23, 0x00, 0x23, 0x00, 0x23, 0x00,
    0x23, 0x00, 0x23, 0x00, 0x23, 0x00, 0x23, 0x00, 0x23, 0x00, 0x23, 0x00, 0x23, 0x00, 0x23, 0x00,
    0x23, 0x00, 0x23, 0x00, 0x23, 0x00, 0x23, 0x00, 0x23, 0x00, 0x23, 0x00, 0x23, 0x00, 0x23, 0x00,
    0x23, 0x00, 0x23, 0x00, 0x23, 0x00, 0x23, 0x00, 0x23, 0x00, 0x23, 0x00, 0x23, 0x00, 0x23, 0x00,
    0x23, 0x00, 0x23, 0x00, 0x23, 0x00, 0x23, 0x00, 0x23, 0x00, 0x23, 0x00, 0x23, 0x00, 0x23, 0x00,
    0x23, 0x00, 0x23, 0x00, 0x23, 0x00, 0x23, 0x00, 0x23, 0x00, 0x23, 0x00, 0x23, 0x00, 0x23, 0x00,
    0x23, 0x00, 0x23, 0x00, 0x23, 0x00, 0x23, 0x00, 0x23, 0x00, 0x23, 0x00, 0x23, 0x00, 0x23, 0x00,
    0x23, 0x00, 0x23, 0x00, 0x23, 0x00, 0x23, 0x00, 0x23, 0x00, 0x23, 0x00, 0x23, 0x00, 0x23, 0x00,
    0x23, 0x00, 0x23, 0x00, 0x23, 0x00, 0x23, 0x00, 0x23, 0x00, 0x23, 0x00, 0x23, 0x00, 0x23, 0x00,
    0x23, 0x00, 0x23, 0x00, 0x23, 0x00, 0x23, 0x00, 0x23, 0x00, 0x23, 0x00, 0x23, 0x00, 0x23, 0x00,
    0x23, 0x00, 0x23, 0x00, 0x23, 0x00, 0x23, 0x00, 0x23, 0x00, 0x23, 0x00, 0x23, 0x00, 0x23, 0x00,
    0x23, 0x00, 0x23, 0x00, 0x23, 0x00, 0x23, 0x00, 0x23, 0x00, 0x23, 0x00, 0x23, 0x00, 0x23, 0x00,
    0x23, 0x00, 0x23, 0x00, 0x23, 0x00, 0x23, 0x00, 0x23, 0x00, 0x23, 0x00, 0x23, 0x00, 0x23, 0x00,
    0x23, 0x00, 0x23, 0x00, 0x23, 0x00, 0x23, 0x00, 0x23, 0x00, 0x23, 0x00, 0x23, 0x00, 0x23, 0x00,
    0x23, 0x00, 0x23, 0x00, 0x23, 0x00, 0x23, 0x00, 0x23, 0x00, 0x23, 0x00, 0x23, 0x00, 0x23, 0x00,
    0x23, 0x00, 0x23, 0x00, 0x23, 0x00, 0x23, 0x00, 0x23, 0x00, 0x23, 0x00, 0x23, 0x00, 0x23, 0x00,
    0x23, 0x00, 0x23, 0x00, 0x23, 0x00, 0x23, 0x00, 0x8a, 0x00, 0x8a, 0x00, 0x23, 0x00, 0x23, 0x00,
    0x23, 0x00, 0xef, 0x00, 0x51, 0x01, 0x00, 0x00, 0x00, 0x00, 0x00, 0x00, 0x00, 0x00, 0x00, 0x00,
    0x00, 0x00, 0x8a, 0x00, 0x8a, 0x00, 0x00, 0x00, 0xe8, 0x00, 0xb5, 0x01, 0x51, 0x01, 0x00, 0x00,
    0x46, 0x00, 0x0c, 0x01, 0x23, 0x00, 0x00, 0x00, 0x00, 0x00, 0x00, 0x00, 0x00, 0x00, 0x00, 0x00,
    0x00, 0x00, 0x00, 0x00, 0x00, 0x00, 0x00, 0x00, 0x00, 0x00, 0x00, 0x00, 0x00, 0x00, 0x51, 0x01,
    0xef, 0x00, 0x23, 0x00, 0x23, 0x00, 0x23, 0x00, 0x46, 0x00, 0x8a, 0x00, 0x23, 0x00, 0x23, 0x00,
    0x23, 0x00, 0x23, 0x00, 0x23, 0x00, 0x23, 0x00, 0x23, 0x00, 0x23, 0x00, 0x23, 0x00, 0x23, 0x00,
    0x23, 0x00, 0x23, 0x00, 0x23, 0x00, 0x23, 0x00, 0x23, 0x00, 0x23, 0x00, 0x23, 0x00, 0x23, 0x00,
    0x23, 0x00, 0x23, 0x00, 0x23, 0x00, 0x23, 0x00, 0x23, 0x00, 0x23, 0x00, 0x23, 0x00, 0x23, 0x00,
    0x23, 0x00, 0x23, 0x00, 0x23, 0x00, 0x23, 0x00, 0x23, 0x00, 0x23, 0x00, 0x23, 0x00, 0x23, 0x00,
    0x23, 0x00, 0x23, 0x00, 0x23, 0x00, 0x23, 0x00, 0x23, 0x00, 0x23, 0x00, 0x23, 0x00, 0x23, 0x00,
    0x23, 0x00, 0x23, 0x00, 0x23, 0x00, 0x23, 0x00, 0x23, 0x00, 0x23, 0x00, 0x23, 0x00, 0x23, 0x00,
    0x23, 0x00, 0x23, 0x00, 0x23, 0x00, 0x23, 0x00, 0x23, 0x00, 0x23, 0x00, 0x23, 0x00, 0x23, 0x00,
    0x23, 0x00, 0x23, 0x00, 0x23, 0x00, 0x23, 0x00, 0x23, 0x00, 0x23, 0x00, 0x23, 0x00, 0x23, 0x00,
    0x23, 0x00, 0x23, 0x00, 0x23, 0x00, 0x23, 0x00, 0x23, 0x00, 0x23, 0x00, 0x23, 0x00, 0x23, 0x00,
    0x23, 0x00, 0x23, 0x00, 0x23, 0x00, 0x23, 0x00, 0x23, 0x00, 0x23, 0x00, 0x23, 0x00, 0x23, 0x00,
    0x23, 0x00, 0x23, 0x00, 0x23, 0x00, 0x23, 0x00, 0x23, 0x00, 0x23, 0x00, 0x23, 0x00, 0x23, 0x00,
    0x23, 0x00, 0x23, 0x00, 0x23, 0x00, 0x23, 0x00, 0x23, 0x00, 0x23, 0x00, 0x23, 0x00, 0x23, 0x00,
    0x23, 0x00, 0x23, 0x00, 0x23, 0x00, 0x23, 0x00, 0x23, 0x00, 0x23, 0x00, 0x23, 0x00, 0x23, 0x00,
    0x23, 0x00, 0x23, 0x00, 0x23, 0x00, 0x23, 0x00, 0x23, 0x00, 0x23, 0x00, 0x23, 0x00, 0x23, 0x00,
    0x23, 0x00, 0x23, 0x00, 0x23, 0x00, 0x23, 0x00, 0x23, 0x00, 0x23, 0x00, 0x23, 0x00, 0x23, 0x00,
    0x23, 0x00, 0x23, 0x00, 0x23, 0x00, 0x23, 0x00, 0x23, 0x00, 0x23, 0x00, 0x23, 0x00, 0x23, 0x00,
    0x23, 0x00, 0x23, 0x00, 0x23, 0x00, 0x23, 0x00, 0x23, 0x00, 0x23, 0x00, 0x23, 0x00, 0x23, 0x00,
    0x23, 0x00, 0x23, 0x00, 0x23, 0x00, 0x23, 0x00, 0x23, 0x00, 0x23, 0x00, 0x23, 0x00, 0x23, 0x00,
    0x23, 0x00, 0x23, 0x00, 0x23, 0x00, 0x23, 0x00, 0x23, 0x00, 0x23, 0x00, 0x23, 0x00, 0x23, 0x00,
    0x23, 0x00, 0x23, 0x00, 0x23, 0x00, 0x23, 0x00, 0x23, 0x00, 0x23, 0x00, 0x23, 0x00, 0x23, 0x00,
    0x23, 0x00, 0x23, 0x00, 0x23, 0x00, 0x23, 0x00, 0x23, 0x00, 0x23, 0x00, 0x23, 0x00, 0x23, 0x00,
    0x23, 0x00, 0x23, 0x00, 0x23, 0x00, 0x23, 0x00, 0x23, 0x00, 0x23, 0x00, 0x23, 0x00, 0x23, 0x00,
    0x23, 0x00, 0x23, 0x00, 0x23, 0x00, 0x23, 0x00, 0x23, 0x00, 0x23, 0x00, 0x23, 0x00, 0x23, 0x00,
    0x23, 0x00, 0x23, 0x00, 0x23, 0x00, 0x23, 0x00, 0x23, 0x00, 0x23, 0x00, 0x23, 0x00, 0x23, 0x00,
    0x23, 0x00, 0x23, 0x00, 0x23, 0x00, 0x23, 0x00, 0x8a, 0x00, 0x8a, 0x00, 0x23, 0x00, 0x23, 0x00,
    0x23, 0x00, 0xef, 0x00, 0x51, 0x01, 0x00, 0x00, 0x00, 0x00, 0x00, 0x00, 0x00, 0x00, 0x00, 0x00,
    0x00, 0x00, 0x8a, 0x00, 0xe8, 0x00, 0x00, 0x00, 0xe8, 0x00, 0x19, 0x02, 0x51, 0x01, 0x00, 0x00,
    0x46, 0x00, 0x0c, 0x01, 0x23, 0x00, 0x00, 0x00, 0x00, 0x00, 0x00, 0x00, 0x00, 0x00, 0x00, 0x00,
    0x00, 0x00, 0x00, 0x00, 0x00, 0x00, 0x00, 0x00, 0x00, 0x00, 0x00, 0x00, 0x00, 0x00, 0x51, 0x01,
    0xef, 0x00, 0x23, 0x00, 0x23, 0x00, 0x23, 0x00, 0x46, 0x00, 0x8a, 0x00, 0x23, 0x00, 0x23, 0x00,
    0x23, 0x00, 0x23, 0x00, 0x23, 0x00, 0x23, 0x00, 0x23, 0x00, 0x23, 0x00, 0x23, 0x00, 0x23, 0x00,
    0x23, 0x00, 0x23, 0x00, 0x23, 0x00, 0x23, 0x00, 0x23, 0x00, 0x23, 0x00, 0x23, 0x00, 0x23, 0x00,
    0x23, 0x00, 0x23, 0x00, 0x23, 0x00, 0x23, 0x00, 0x23, 0x00, 0x23, 0x00, 0x23, 0x00, 0x23, 0x00,
    0x23, 0x00, 0x23, 0x00, 0x23, 0x00, 0x23, 0x00, 0x23, 0x00, 0x23, 0x00, 0x23, 0x00, 0x23, 0x00,
    0x23, 0x00, 0x23, 0x00, 0x23, 0x00, 0x23, 0x00, 0x23, 0x00, 0x23, 0x00, 0x23, 0x00, 0x23, 0x00,
    0x23, 0x00, 0x23, 0x00, 0x23, 0x00, 0x23, 0x00, 0x23, 0x00, 0x23, 0x00, 0x23, 0x00, 0x23, 0x00,
    0x23, 0x00, 0x23, 0x00, 0x23, 0x00, 0x23, 0x00, 0x23, 0x00, 0x23, 0x00, 0x23, 0x00, 0x23, 0x00,
    0x23, 0x00, 0x23, 0x00, 0x23, 0x00, 0x23, 0x00, 0x23, 0x00, 0x23, 0x00, 0x23, 0x00, 0x23, 0x00,
    0x23, 0x00, 0x23, 0x00, 0x23, 0x00, 0x23, 0x00, 0x23, 0x00, 0x23, 0x00, 0x23, 0x00, 0x23, 0x00,
    0x23, 0x00, 0x23, 0x00, 0x23, 0x00, 0x23, 0x00, 0x23, 0x00, 0x23, 0x00, 0x23, 0x00, 0x23, 0x00,
    0x23, 0x00, 0x23, 0x00, 0x23, 0x00, 0x23, 0x00, 0x23, 0x00, 0x23, 0x00, 0x23, 0x00, 0x23, 0x00,
    0x23, 0x00, 0x23, 0x00, 0x23, 0x00, 0x23, 0x00, 0x23, 0x00, 0x23, 0x00, 0x23, 0x00, 0x23, 0x00,
    0x23, 0x00, 0x23, 0x00, 0x23, 0x00, 0x23, 0x00, 0x23, 0x00, 0x23, 0x00, 0x23, 0x00, 0x23, 0x00,
    0x23, 0x00, 0x23, 0x00, 0x23, 0x00, 0x23, 0x00, 0x23, 0x00, 0x23, 0x00, 0x23, 0x00, 0x23, 0x00,
    0x23, 0x00, 0x23, 0x00, 0x23, 0x00, 0x23, 0x00, 0x23, 0x00, 0x23, 0x00, 0x23, 0x00, 0x23, 0x00,
    0x23, 0x00, 0x23, 0x00, 0x23, 0x00, 0x23, 0x00, 0x23, 0x00, 0x23, 0x00, 0x23, 0x00, 0x23, 0x00,
    0x23, 0x00, 0x23, 0x00, 0x23, 0x00, 0x23, 0x00, 0x23, 0x00, 0x23, 0x00, 0x23, 0x00, 0x23, 0x00,
    0x23, 0x00, 0x23, 0x00, 0x23, 0x00, 0x23, 0x00, 0x23, 0x00, 0x23, 0x00, 0x23, 0x00, 0x23, 0x00,
    0x23, 0x00, 0x23, 0x00, 0x23, 0x00, 0x23, 0x00, 0x23, 0x00, 0x23, 0x00, 0x23, 0x00, 0x23, 0x00,
    0x23, 0x00, 0x23, 0x00, 0x23, 0x00, 0x23, 0x00, 0x23, 0x00, 0x23, 0x00, 0x23, 0x00, 0x23, 0x00,
    0x23, 0x00, 0x23, 0x00, 0x23, 0x00, 0x23, 0x00, 0x23, 0x00, 0x23, 0x00, 0x23, 0x00, 0x23, 0x00,
    0x23, 0x00, 0x23, 0x00, 0x23, 0x00, 0x23, 0x00, 0x23, 0x00, 0x23, 0x00, 0x23, 0x00, 0x23, 0x00,
    0x23, 0x00, 0x23, 0x00, 0x23, 0x00, 0x23, 0x00, 0x23, 0x00, 0x23, 0x00, 0x23, 0x00, 0x23, 0x00,
    0x23, 0x00, 0x23, 0x00, 0x23, 0x00, 0x23, 0x00, 0x23, 0x00, 0x23, 0x00, 0x23, 0x00, 0x23, 0x00,
    0x23, 0x00, 0x23, 0x00, 0x23, 0x00, 0x23, 0x00, 0x8a, 0x00, 0xe8, 0x00, 0x23, 0x00, 0x23, 0x00,
    0x23, 0x00, 0x51, 0x01, 0x51, 0x01, 0x00, 0x00, 0x00, 0x00, 0x00, 0x00, 0x00, 0x00, 0x00, 0x00,
    0x00, 0x00, 0x8a, 0x00, 0xe8, 0x00, 0x00, 0x00, 0x23, 0x00, 0xef, 0x00, 0x8a, 0x00, 0x00, 0x00,
    0x46, 0x00, 0x0c, 0x01, 0x23, 0x00, 0x00, 0x00, 0x00, 0x00, 0x00, 0x00, 0x00, 0x00, 0x00, 0x00,
    0x00, 0x00, 0x00, 0x00, 0x00, 0x00, 0x00, 0x00, 0x00, 0x00, 0x00, 0x00, 0x00, 0x00, 0x51, 0x01,
    0xef, 0x00, 0x23, 0x00, 0x23, 0x00, 0x23, 0x00, 0x46, 0x00, 0x8a, 0x00, 0x23, 0x00, 0x23, 0x00,
    0x23, 0x00, 0x23, 0x00, 0x23, 0x00, 0x23, 0x00, 0x23, 0x00, 0x23, 0x00, 0x23, 0x00, 0x23, 0x00,
    0x23, 0x00, 0x23, 0x00, 0x23, 0x00, 0x23, 0x00, 0x23, 0x00, 0x23, 0x00, 0x23, 0x00, 0x23, 0x00,
    0x23, 0x00, 0x23, 0x00, 0x23, 0x00, 0x23, 0x00, 0x23, 0x00, 0x23, 0x00, 0x23, 0x00, 0x23, 0x00,
    0x23, 0x00, 0x23, 0x00, 0x23, 0x00, 0x23, 0x00, 0x23, 0x00, 0x23, 0x00, 0x23, 0x00, 0x23, 0x00,
    0x23, 0x00, 0x23, 0x00, 0x23, 0x00, 0x23, 0x00, 0x23, 0x00, 0x23, 0x00, 0x23, 0x00, 0x23, 0x00,
    0x23, 0x00, 0x23, 0x00, 0x23, 0x00, 0x23, 0x00, 0x23, 0x00, 0x23, 0x00, 0x23, 0x00, 0x23, 0x00,
    0x23, 0x00, 0x23, 0x00, 0x23, 0x00, 0x23, 0x00, 0x23, 0x00, 0x23, 0x00, 0x23, 0x00, 0x23, 0x00,
    0x23, 0x00, 0x23, 0x00, 0x23, 0x00, 0x23, 0x00, 0x23, 0x00, 0x23, 0x00, 0x23, 0x00, 0x23, 0x00,
    0x23, 0x00, 0x23, 0x00, 0x23, 0x00, 0x23, 0x00, 0x23, 0x00, 0x23, 0x00, 0x23, 0x00, 0x23, 0x00,
    0x23, 0x00, 0x23, 0x00, 0x23, 0x00, 0x23, 0x00, 0x23, 0x00, 0x23, 0x00, 0x23, 0x00, 0x23, 0x00,
    0x23, 0x00, 0x23, 0x00, 0x23, 0x00, 0x23, 0x00, 0x23, 0x00, 0x23, 0x00, 0x23, 0x00, 0x23, 0x00,
    0x23, 0x00, 0x23, 0x00, 0x23, 0x00, 0x23, 0x00, 0x23, 0x00, 0x23, 0x00, 0x23, 0x00, 0x23, 0x00,
    0x23, 0x00, 0x23, 0x00, 0x23, 0x00, 0x23, 0x00, 0x23, 0x00, 0x23, 0x00, 0x23, 0x00, 0x23, 0x00,
    0x23, 0x00, 0x23, 0x00, 0x23, 0x00, 0x23, 0x00, 0x23, 0x00, 0x23, 0x00, 0x23, 0x00, 0x23, 0x00,
    0x23, 0x00, 0x23, 0x00, 0x23, 0x00, 0x23, 0x00, 0x23, 0x00, 0x23, 0x00, 0x23, 0x00, 0x23, 0x00,
    0x23, 0x00, 0x23, 0x00, 0x23, 0x00, 0x23, 0x00, 0x23, 0x00, 0x23, 0x00, 0x23, 0x00, 0x23, 0x00,
    0x23, 0x00, 0x23, 0x00, 0x23, 0x00, 0x23, 0x00, 0x23, 0x00, 0x23, 0x00, 0x23, 0x00, 0x23, 0x00,
    0x23, 0x00, 0x23, 0x00, 0x23, 0x00, 0x23, 0x00, 0x23, 0x00, 0x23, 0x00, 0x23, 0x00, 0x23, 0x00,
    0x23, 0x00, 0x23, 0x00, 0x23, 0x00, 0x23, 0x00, 0x23, 0x00, 0x23, 0x00, 0x23, 0x00, 0x23, 0x00,
    0x23, 0x00, 0x23, 0x00, 0x23, 0x00, 0x23, 0x00, 0x23, 0x00, 0x23, 0x00, 0x23, 0x00, 0x23, 0x00,
    0x23, 0x00, 0x23, 0x00, 0x23, 0x00, 0x23, 0x00, 0x23, 0x00, 0x23, 0x00, 0x23, 0x00, 0x23, 0x00,
    0x23, 0x00, 0x23, 0x00, 0x23, 0x00, 0x23, 0x00, 0x23, 0x00, 0x23, 0x00, 0x23, 0x00, 0x23, 0x00,
    0x23, 0x00, 0x23, 0x00, 0x23, 0x00, 0x23, 0x00, 0x23, 0x00, 0x23, 0x00, 0x23, 0x00, 0x23, 0x00,
    0x23, 0x00, 0x23, 0x00, 0x23, 0x00, 0x23, 0x00, 0x23, 0x00, 0x23, 0x00, 0x23, 0x00, 0x23, 0x00,
    0x23, 0x00, 0x23, 0x00, 0x23, 0x00, 0x23, 0x00, 0x8a, 0x00, 0x8a, 0x00, 0x23, 0x00, 0x23, 0x00,
    0x23, 0x00, 0x51, 0x01, 0x51, 0x01, 0x00, 0x00, 0x00, 0x00, 0x00, 0x00, 0x00, 0x00, 0x00, 0x00,
    0x00, 0x00, 0x8a, 0x00, 0x46, 0x00, 0x00, 0x00, 0x00, 0x00, 0x23, 0x00, 0x23, 0x00, 0x00, 0x00,
    0x46, 0x00, 0x8a, 0x00, 0x23, 0x00, 0x00, 0x00, 0x00, 0x00, 0x00, 0x00, 0x00, 0x00, 0x00, 0x00,
    0x00, 0x00, 0x00, 0x00, 0x00, 0x00, 0x00, 0x00, 0x00, 0x00, 0x00, 0x00, 0x00, 0x00, 0x51, 0x01,
    0xef, 0x00, 0x23, 0x00, 0x23, 0x00, 0x23, 0x00, 0x46, 0x00, 0x8a, 0x00, 0x23, 0x00, 0x23, 0x00,
    0x23, 0x00, 0x23, 0x00, 0x23, 0x00, 0x23, 0x00, 0x23, 0x00, 0x23, 0x00, 0x23, 0x00, 0x23, 0x00,
    0x23, 0x00, 0x23, 0x00, 0x23, 0x00, 0x23, 0x00, 0x23, 0x00, 0x23, 0x00, 0x23, 0x00, 0x23, 0x00,
    0x23, 0x00, 0x23, 0x00, 0x23, 0x00, 0x23, 0x00, 0x23, 0x00, 0x23, 0x00, 0x23, 0x00, 0x23, 0x00,
    0x23, 0x00, 0x23, 0x00, 0x23, 0x00, 0x23, 0x00, 0x23, 0x00, 0x23, 0x00, 0x23, 0x00, 0x23, 0x00,
    0x23, 0x00, 0x23, 0x00, 0x23, 0x00, 0x23, 0x00, 0x23, 0x00, 0x23, 0x00, 0x23, 0x00, 0x23, 0x00,
    0x23, 0x00, 0x23, 0x00, 0x23, 0x00, 0x23, 0x00, 0x23, 0x00, 0x23, 0x00, 0x23, 0x00, 0x23, 0x00,
    0x23, 0x00, 0x23, 0x00, 0x23, 0x00, 0x23, 0x00, 0x23, 0x00, 0x23, 0x00, 0x23, 0x00, 0x23, 0x00,
    0x23, 0x00, 0x23, 0x00, 0x23, 0x00, 0x23, 0x00, 0x23, 0x00, 0x23, 0x00, 0x23, 0x00, 0x23, 0x00,
    0x23, 0x00, 0x23, 0x00, 0x23, 0x00, 0x23, 0x00, 0x23, 0x00, 0x23, 0x00, 0x23, 0x00, 0x23, 0x00,
    0x23, 0x00, 0x23, 0x00, 0x23, 0x00, 0x23, 0x00, 0x23, 0x00, 0x23, 0x00, 0x23, 0x00, 0x23, 0x00,
    0x23, 0x00, 0x23, 0x00, 0x23, 0x00, 0x23, 0x00, 0x23, 0x00, 0x23, 0x00, 0x23, 0x00, 0x23, 0x00,
    0x23, 0x00, 0x23, 0x00, 0x23, 0x00, 0x23, 0x00, 0x23, 0x00, 0x23, 0x00, 0x23, 0x00, 0x23, 0x00,
    0x23, 0x00, 0x23, 0x00, 0x23, 0x00, 0x23, 0x00, 0x23, 0x00, 0x23, 0x00, 0x23, 0x00, 0x23, 0x00,
    0x23, 0x00, 0x23, 0x00, 0x23, 0x00, 0x23, 0x00, 0x23, 0x00, 0x23, 0x00, 0x23, 0x00, 0x23, 0x00,
    0x23, 0x00, 0x23, 0x00, 0x23, 0x00, 0x23, 0x00, 0x23, 0x00, 0x23, 0x00, 0x23, 0x00, 0x23, 0x00,
    0x23, 0x00, 0x23, 0x00, 0x23, 0x00, 0x23, 0x00, 0x23, 0x00, 0x23, 0x00, 0x23, 0x00, 0x23, 0x00,
    0x23, 0x00, 0x23, 0x00, 0x23, 0x00, 0x23, 0x00, 0x23, 0x00, 0x23, 0x00, 0x23, 0x00, 0x23, 0x00,
    0x23, 0x00, 0x23, 0x00, 0x23, 0x00, 0x23, 0x00, 0x23, 0x00, 0x23, 0x00, 0x23, 0x00, 0x23, 0x00,
    0x23, 0x00, 0x23, 0x00, 0x23, 0x00, 0x23, 0x00, 0x23, 0x00, 0x23, 0x00, 0x23, 0x00, 0x23, 0x00,
    0x23, 0x00, 0x23, 0x00, 0x23, 0x00, 0x23, 0x00, 0x23, 0x00, 0x23, 0x00, 0x23, 0x00, 0x23, 0x00,
    0x23, 0x00, 0x23, 0x00, 0x23, 0x00, 0x23, 0x00, 0x23, 0x00, 0x23, 0x00, 0x23, 0x00, 0x23, 0x00,
    0x23, 0x00, 0x23, 0x00, 0x23, 0x00, 0x23, 0x00, 0x23, 0x00, 0x23, 0x00, 0x23, 0x00, 0x23, 0x00,
    0x23, 0x00, 0x23, 0x00, 0x23, 0x00, 0x23, 0x00, 0x23, 0x00, 0x23, 0x00, 0x23, 0x00, 0x23, 0x00,
    0x23, 0x00, 0x23, 0x00, 0x23, 0x00, 0x23, 0x00, 0x23, 0x00, 0x23, 0x00, 0x23, 0x00, 0x23, 0x00,
    0x23, 0x00, 0x23, 0x00, 0x23, 0x00, 0x23, 0x00, 0xe8, 0x00, 0xe8, 0x00, 0x23, 0x00, 0x23, 0x00,
    0x23, 0x00, 0x51, 0x01, 0x51, 0x01, 0x00, 0x00, 0x00, 0x00, 0x00, 0x00, 0x00, 0x00, 0x00, 0x00,
    0x00, 0x00, 0x8a, 0x00, 0x46, 0x00, 0x00, 0x00, 0x00, 0x00, 0x00, 0x00, 0x23, 0x00, 0x00, 0x00,
    0x46, 0x00, 0x8a, 0x00, 0x23, 0x00, 0x00, 0x00, 0x00, 0x00, 0x00, 0x00, 0x00, 0x00, 0x00, 0x00,
    0x00, 0x00, 0x00, 0x00, 0x00, 0x00, 0x00, 0x00, 0x00, 0x00, 0x00, 0x00, 0x00, 0x00, 0x51, 0x01,
    0x51, 0x01, 0x23, 0x00, 0x23, 0x00, 0x23, 0x00, 0x46, 0x00, 0x8a, 0x00, 0x23, 0x00, 0x23, 0x00,
    0x23, 0x00, 0x23, 0x00, 0x23, 0x00, 0x23, 0x00, 0x23, 0x00, 0x23, 0x00, 0x23, 0x00, 0x23, 0x00,
    0x23, 0x00, 0x23, 0x00, 0x23, 0x00, 0x23, 0x00, 0x23, 0x00, 0x23, 0x00, 0x23, 0x00, 0x23, 0x00,
    0x23, 0x00, 0x23, 0x00, 0x23, 0x00, 0x23, 0x00, 0x23, 0x00, 0x23, 0x00, 0x23, 0x00, 0x23, 0x00,
    0x23, 0x00, 0x23, 0x00, 0x23, 0x00, 0x23, 0x00, 0x23, 0x00, 0x23, 0x00, 0x23, 0x00, 0x23, 0x00,
    0x23, 0x00, 0x23, 0x00, 0x23, 0x00, 0x23, 0x00, 0x23, 0x00, 0x23, 0x00, 0x23, 0x00, 0x23, 0x00,
    0x23, 0x00, 0x23, 0x00, 0x23, 0x00, 0x23, 0x00, 0x23, 0x00, 0x23, 0x00, 0x23, 0x00, 0x23, 0x00,
    0x23, 0x00, 0x23, 0x00, 0x23, 0x00, 0x23, 0x00, 0x23, 0x00, 0x23, 0x00, 0x23, 0x00, 0x23, 0x00,
    0x23, 0x00, 0x23, 0x00, 0x23, 0x00, 0x23, 0x00, 0x23, 0x00, 0x23, 0x00, 0x23, 0x00, 0x23, 0x00,
    0x23, 0x00, 0x23, 0x00, 0x23, 0x00, 0x23, 0x00, 0x23, 0x00, 0x23, 0x00, 0x23, 0x00, 0x23, 0x00,
    0x23, 0x00, 0x23, 0x00, 0x23, 0x00, 0x23, 0x00, 0x23, 0x00, 0x23, 0x00, 0x23, 0x00, 0x23, 0x00,
    0x23, 0x00, 0x23, 0x00, 0x23, 0x00, 0x23, 0x00, 0x23, 0x00, 0x23, 0x00, 0x23, 0x00, 0x23, 0x00,
    0x23, 0x00, 0x23, 0x00, 0x23, 0x00, 0x23, 0x00, 0x23, 0x00, 0x23, 0x00, 0x23, 0x00, 0x23, 0x00,
    0x23, 0x00, 0x23, 0x00, 0x23, 0x00, 0x23, 0x00, 0x23, 0x00, 0x23, 0x00, 0x23, 0x00, 0x23, 0x00,
    0x23, 0x00, 0x23, 0x00, 0x23, 0x00, 0x23, 0x00, 0x23, 0x00, 0x23, 0x00, 0x23, 0x00, 0x23, 0x00,
    0x23, 0x00, 0x23, 0x00, 0x23, 0x00, 0x23, 0x00, 0x23, 0x00, 0x23, 0x00, 0x23, 0x00, 0x23, 0x00,
    0x23, 0x00, 0x23, 0x00, 0x23, 0x00, 0x23, 0x00, 0x23, 0x00, 0x23, 0x00, 0x23, 0x00, 0x23, 0x00,
    0x23, 0x00, 0x23, 0x00, 0x23, 0x00, 0x23, 0x00, 0x23, 0x00, 0x23, 0x00, 0x23, 0x00, 0x23, 0x00,
    0x23, 0x00, 0x23, 0x00, 0x23, 0x00, 0x23, 0x00, 0x23, 0x00, 0x23, 0x00, 0x23, 0x00, 0x23, 0x00,
    0x23, 0x00, 0x23, 0x00, 0x23, 0x00, 0x23, 0x00, 0x23, 0x00, 0x23, 0x00, 0x23, 0x00, 0x23, 0x00,
    0x23, 0x00, 0x23, 0x00, 0x23, 0x00, 0x23, 0x00, 0x23, 0x00, 0x23, 0x00, 0x23, 0x00, 0x23, 0x00,
    0x23, 0x00, 0x23, 0x00, 0x23, 0x00, 0x23, 0x00, 0x23, 0x00, 0x23, 0x00, 0x23, 0x00, 0x23, 0x00,
    0x23, 0x00, 0x23, 0x00, 0x23, 0x00, 0x23, 0x00, 0x23, 0x00, 0x23, 0x00, 0x23, 0x00, 0x23, 0x00,
    0x23, 0x00, 0x23, 0x00, 0x23, 0x00, 0x23, 0x00, 0x23, 0x00, 0x23, 0x00, 0x23, 0x00, 0x23, 0x00,
    0x23, 0x00, 0x23, 0x00, 0x23, 0x00, 0x23, 0x00, 0x23, 0x00, 0x23, 0x00, 0x23, 0x00, 0x23, 0x00,
    0x23, 0x00, 0x23, 0x00, 0x23, 0x00, 0x23, 0x00, 0x8a, 0x00, 0x8a, 0x00, 0x23, 0x00, 0x23, 0x00,
    0x23, 0x00, 0x51, 0x01, 0x51, 0x01, 0x00, 0x00, 0x00, 0x00, 0x00, 0x00, 0x00, 0x00, 0x00, 0x00,
    0x00, 0x00, 0x8a, 0x00, 0xe8, 0x00, 0x00, 0x00, 0x23, 0x00, 0x8a, 0x00, 0xe8, 0x00, 0x00, 0x00,
    0x46, 0x00, 0x0c, 0x01, 0x23, 0x00, 0x00, 0x00, 0x00, 0x00, 0x00, 0x00, 0x00, 0x00, 0x00, 0x00,
    0x00, 0x00, 0x00, 0x00, 0x00, 0x00, 0x00, 0x00, 0x00, 0x00, 0x00, 0x00, 0x00, 0x00, 0x51, 0x01,
    0xef, 0x00, 0x23, 0x00, 0x23, 0x00, 0x23, 0x00, 0x46, 0x00, 0x8a, 0x00, 0x23, 0x00, 0x23, 0x00,
    0x23, 0x00, 0x23, 0x00, 0x23, 0x00, 0x23, 0x00, 0x23, 0x00, 0x23, 0x00, 0x23, 0x00, 0x23, 0x00,
    0x23, 0x00, 0x23, 0x00, 0x23, 0x00, 0x23, 0x00, 0x23, 0x00, 0x23, 0x00, 0x23, 0x00, 0x23, 0x00,
    0x23, 0x00, 0x23, 0x00, 0x23, 0x00, 0x23, 0x00, 0x23, 0x00, 0x23, 0x00, 0x23, 0x00, 0x23, 0x00,
    0x23, 0x00, 0x23, 0x00, 0x23, 0x00, 0x23, 0x00, 0x23, 0x00, 0x23, 0x00, 0x23, 0x00, 0x23, 0x00,
    0x23, 0x00, 0x23, 0x00, 0x23, 0x00, 0x23, 0x00, 0x23, 0x00, 0x23, 0x00, 0x23, 0x00, 0x23, 0x00,
    0x23, 0x00, 0x23, 0x00, 0x23, 0x00, 0x23, 0x00, 0x23, 0x00, 0x23, 0x00, 0x23, 0x00, 0x23, 0x00,
    0x23, 0x00, 0x23, 0x00, 0x23, 0x00, 0x23, 0x00, 0x23, 0x00, 0x23, 0x00, 0x23, 0x00, 0x23, 0x00,
    0x23, 0x00, 0x23, 0x00, 0x23, 0x00, 0x23, 0x00, 0x23, 0x00, 0x23, 0x00, 0x23, 0x00, 0x23, 0x00,
    0x23, 0x00, 0x23, 0x00, 0x23, 0x00, 0x23, 0x00, 0x23, 0x00, 0x23, 0x00, 0x23, 0x00, 0x23, 0x00,
    0x23, 0x00, 0x23, 0x00, 0x23, 0x00, 0x23, 0x00, 0x23, 0x00, 0x23, 0x00, 0x23, 0x00, 0x23, 0x00,
    0x23, 0x00, 0x23, 0x00, 0x23, 0x00, 0x23, 0x00, 0x23, 0x00, 0x23, 0x00, 0x23, 0x00, 0x23, 0x00,
    0x23, 0x00, 0x23, 0x00, 0x23, 0x00, 0x23, 0x00, 0x23, 0x00, 0x23, 0x00, 0x23, 0x00, 0x23, 0x00,
    0x23, 0x00, 0x23, 0x00, 0x23, 0x00, 0x23, 0x00, 0x23, 0x00, 0x23, 0x00, 0x23, 0x00, 0x23, 0x00,
    0x23, 0x00, 0x23, 0x00, 0x23, 0x00, 0x23, 0x00, 0x23, 0x00, 0x23, 0x00, 0x23, 0x00, 0x23, 0x00,
    0x23, 0x00, 0x23, 0x00, 0x23, 0x00, 0x23, 0x00, 0x23, 0x00, 0x23, 0x00, 0x23, 0x00, 0x23, 0x00,
    0x23, 0x00, 0x23, 0x00, 0x23, 0x00, 0x23, 0x00, 0x23, 0x00, 0x23, 0x00, 0x23, 0x00, 0x23, 0x00,
    0x23, 0x00, 0x23, 0x00, 0x23, 0x00, 0x23, 0x00, 0x23, 0x00, 0x23, 0x00, 0x23, 0x00, 0x23, 0x00,
    0x23, 0x00, 0x23, 0x00, 0x23, 0x00, 0x23, 0x00, 0x23, 0x00, 0x23, 0x00, 0x23, 0x00, 0x23, 0x00,
    0x23, 0x00, 0x23, 0x00, 0x23, 0x00, 0x23, 0x00, 0x23, 0x00, 0x23, 0x00, 0x23, 0x00, 0x23, 0x00,
    0x23, 0x00, 0x23, 0x00, 0x23, 0x00, 0x23, 0x00, 0x23, 0x00, 0x23, 0x00, 0x23, 0x00, 0x23, 0x00,
    0x23, 0x00, 0x23, 0x00, 0x23, 0x00, 0x23, 0x00, 0x23, 0x00, 0x23, 0x00, 0x23, 0x00, 0x23, 0x00,
    0x23, 0x00, 0x23, 0x00, 0x23, 0x00, 0x23, 0x00, 0x23, 0x00, 0x23, 0x00, 0x23, 0x00, 0x23, 0x00,
    0x23, 0x00, 0x23, 0x00, 0x23, 0x00, 0x23, 0x00, 0x23, 0x00, 0x23, 0x00, 0x23, 0x00, 0x23, 0x00,
    0x23, 0x00, 0x23, 0x00, 0x23, 0x00, 0x23, 0x00, 0x23, 0x00, 0x23, 0x00, 0x23, 0x00, 0x23, 0x00,
    0x23, 0x00, 0x23, 0x00, 0x23, 0x00, 0x23, 0x00, 0xe8, 0x00, 0xe8, 0x00, 0x23, 0x00, 0x23, 0x00,
    0x23, 0x00, 0x51, 0x01, 0x51, 0x01, 0x00, 0x00, 0x00, 0x00, 0x00, 0x00, 0x00, 0x00, 0x00, 0x00,
    0x00, 0x00, 0x8a, 0x00, 0x8a, 0x00, 0x00, 0x00, 0x46, 0x00, 0x57, 0x01, 0x33, 0x01, 0x00, 0x00,
    0x46, 0x00, 0x0c, 0x01, 0x23, 0x00, 0x00, 0x00, 0x00, 0x00, 0x00, 0x00, 0x00, 0x00, 0x00, 0x00,
    0x00, 0x00, 0x00, 0x00, 0x00, 0x00, 0x00, 0x00, 0x00, 0x00, 0x00, 0x00, 0x00, 0x00, 0x51, 0x01,
    0xef, 0x00, 0x23, 0x00, 0x23, 0x00, 0x23, 0x00, 0x46, 0x00, 0x8a, 0x00, 0x23, 0x00, 0x23, 0x00,
    0x23, 0x00, 0x23, 0x00, 0x23, 0x00, 0x23, 0x00, 0x23, 0x00, 0x23, 0x00, 0x23, 0x00, 0x23, 0x00,
    0x23, 0x00, 0x23, 0x00, 0x23, 0x00, 0x23, 0x00, 0x23, 0x00, 0x23, 0x00, 0x23, 0x00, 0x23, 0x00,
    0x23, 0x00, 0x23, 0x00, 0x23, 0x00, 0x23, 0x00, 0x23, 0x00, 0x23, 0x00, 0x23, 0x00, 0x23, 0x00,
    0x23, 0x00, 0x23, 0x00, 0x23, 0x00, 0x23, 0x00, 0x23, 0x00, 0x23, 0x00, 0x23, 0x00, 0x23, 0x00,
    0x23, 0x00, 0x23, 0x00, 0x23, 0x00, 0x23, 0x00, 0x23, 0x00, 0x23, 0x00, 0x23, 0x00, 0x23, 0x00,
    0x23, 0x00, 0x23, 0x00, 0x23, 0x00, 0x23, 0x00, 0x23, 0x00, 0x23, 0x00, 0x23, 0x00, 0x23, 0x00,
    0x23, 0x00, 0x23, 0x00, 0x23, 0x00, 0x23, 0x00, 0x23, 0x00, 0x23, 0x00, 0x23, 0x00, 0x23, 0x00,
    0x23, 0x00, 0x23, 0x00, 0x23, 0x00, 0x23, 0x00, 0x23, 0x00, 0x23, 0x00, 0x23, 0x00, 0x23, 0x00,
    0x23, 0x00, 0x23, 0x00, 0x23, 0x00, 0x23, 0x00, 0x23, 0x00, 0x23, 0x00, 0x23, 0x00, 0x23, 0x00,
    0x23, 0x00, 0x23, 0x00, 0x23, 0x00, 0x23, 0x00, 0x23, 0x00, 0x23, 0x00, 0x23, 0x00, 0x23, 0x00,
    0x23, 0x00, 0x23, 0x00, 0x23, 0x00, 0x23, 0x00, 0x23, 0x00, 0x23, 0x00, 0x23, 0x00, 0x23, 0x00,
    0x23, 0x00, 0x23, 0x00, 0x23, 0x00, 0x23, 0x00, 0x23, 0x00, 0x23, 0x00, 0x23, 0x00, 0x23, 0x00,
    0x23, 0x00, 0x23, 0x00, 0x23, 0x00, 0x23, 0x00, 0x23, 0x00, 0x23, 0x00, 0x23, 0x00, 0x23, 0x00,
    0x23, 0x00, 0x23, 0x00, 0x23, 0x00, 0x23, 0x00, 0x23, 0x00, 0x23, 0x00, 0x23, 0x00, 0x23, 0x00,
    0x23, 0x00, 0x23, 0x00, 0x23, 0x00, 0x23, 0x00, 0x23, 0x00, 0x23, 0x00, 0x23, 0x00, 0x23, 0x00,
    0x23, 0x00, 0x23, 0x00, 0x23, 0x00, 0x23, 0x00, 0x23, 0x00, 0x23, 0x00, 0x23, 0x00, 0x23, 0x00,
    0x23, 0x00, 0x23, 0x00, 0x23, 0x00, 0x23, 0x00, 0x23, 0x00, 0x23, 0x00, 0x23, 0x00, 0x23, 0x00,
    0x23, 0x00, 0x23, 0x00, 0x23, 0x00, 0x23, 0x00, 0x23, 0x00, 0x23, 0x00, 0x23, 0x00, 0x23, 0x00,
    0x23, 0x00, 0x23, 0x00, 0x23, 0x00, 0x23, 0x00, 0x23, 0x00, 0x23, 0x00, 0x23, 0x00, 0x23, 0x00,
    0x23, 0x00, 0x23, 0x00, 0x23, 0x00, 0x23, 0x00, 0x23, 0x00, 0x23, 0x00, 0x23, 0x00, 0x23, 0x00,
    0x23, 0x00, 0x23, 0x00, 0x23, 0x00, 0x23, 0x00, 0x23, 0x00, 0x23, 0x00, 0x23, 0x00, 0x23, 0x00,
    0x23, 0x00, 0x23, 0x00, 0x23, 0x00, 0x23, 0x00, 0x23, 0x00, 0x23, 0x00, 0x23, 0x00, 0x23, 0x00,
    0x23, 0x00, 0x23, 0x00, 0x23, 0x00, 0x23, 0x00, 0x23, 0x00, 0x23, 0x00, 0x23, 0x00, 0x23, 0x00,
    0x23, 0x00, 0x23, 0x00, 0x23, 0x00, 0x23, 0x00, 0x23, 0x00, 0x23, 0x00, 0x23, 0x00, 0x23, 0x00,
    0x23, 0x00, 0x23, 0x00, 0x23, 0x00, 0x23, 0x00, 0x8a, 0x00, 0xe8, 0x00, 0x23, 0x00, 0x23, 0x00,
    0x23, 0x00, 0x51, 0x01, 0x51, 0x01, 0x00, 0x00, 0x00, 0x00, 0x00, 0x00, 0x00, 0x00, 0x00, 0x00,
    0x00, 0x00, 0x8a, 0x00, 0x8a, 0x00, 0x00, 0x00, 0x46, 0x00, 0xb5, 0x01, 0x51, 0x01, 0x00, 0x00,
    0x46, 0x00, 0x0c, 0x01, 0x23, 0x00, 0x00, 0x00, 0x00, 0x00, 0x00, 0x00, 0x00, 0x00, 0x00, 0x00,
    0x00, 0x00, 0x00, 0x00, 0x00, 0x00, 0x00, 0x00, 0x00, 0x00, 0x00, 0x00, 0x00, 0x00, 0x51, 0x01,
    0xef, 0x00, 0x23, 0x00, 0x23, 0x00, 0x23, 0x00, 0x46, 0x00, 0x8a, 0x00, 0x23, 0x00, 0x23, 0x00,
    0x23, 0x00, 0x23, 0x00, 0x23, 0x00, 0x23, 0x00, 0x23, 0x00, 0x23, 0x00, 0x23, 0x00, 0x23, 0x00,
    0x23, 0x00, 0x23, 0x00, 0x23, 0x00, 0x23, 0x00, 0x23, 0x00, 0x23, 0x00, 0x23, 0x00, 0x23, 0x00,
    0x23, 0x00, 0x23, 0x00, 0x23, 0x00, 0x23, 0x00, 0x23, 0x00, 0x23, 0x00, 0x23, 0x00, 0x23, 0x00,
    0x23, 0x00, 0x23, 0x00, 0x23, 0x00, 0x23, 0x00, 0x23, 0x00, 0x23, 0x00, 0x23, 0x00, 0x23, 0x00,
    0x23, 0x00, 0x23, 0x00, 0x23, 0x00, 0x23, 0x00, 0x23, 0x00, 0x23, 0x00, 0x23, 0x00, 0x23, 0x00,
    0x23, 0x00, 0x23, 0x00, 0x23, 0x00, 0x23, 0x00, 0x23, 0x00, 0x23, 0x00, 0x23, 0x00, 0x23, 0x00,
    0x23, 0x00, 0x23, 0x00, 0x23, 0x00, 0x23, 0x00, 0x23, 0x00, 0x23, 0x00, 0x23, 0x00, 0x23, 0x00,
    0x23, 0x00, 0x23, 0x00, 0x23, 0x00, 0x23, 0x00, 0x23, 0x00, 0x23, 0x00, 0x23, 0x00, 0x23, 0x00,
    0x23, 0x00, 0x23, 0x00, 0x23, 0x00, 0x23, 0x00, 0x23, 0x00, 0x23, 0x00, 0x23, 0x00, 0x23, 0x00,
    0x23, 0x00, 0x23, 0x00, 0x23, 0x00, 0x23, 0x00, 0x23, 0x00, 0x23, 0x00, 0x23, 0x00, 0x23, 0x00,
    0x23, 0x00, 0x23, 0x00, 0x23, 0x00, 0x23, 0x00, 0x23, 0x00, 0x23, 0x00, 0x23, 0x00, 0x23, 0x00,
    0x23, 0x00, 0x23, 0x00, 0x23, 0x00, 0x23, 0x00, 0x23, 0x00, 0x23, 0x00, 0x23, 0x00, 0x23, 0x00,
    0x23, 0x00, 0x23, 0x00, 0x23, 0x00, 0x23, 0x00, 0x23, 0x00, 0x23, 0x00, 0x23, 0x00, 0x23, 0x00,
    0x23, 0x00, 0x23, 0x00, 0x23, 0x00, 0x23, 0x00, 0x23, 0x00, 0x23, 0x00, 0x23, 0x00, 0x23, 0x00,
    0x23, 0x00, 0x23, 0x00, 0x23, 0x00, 0x23, 0x00, 0x23, 0x00, 0x23, 0x00, 0x23, 0x00, 0x23, 0x00,
    0x23, 0x00, 0x23, 0x00, 0x23, 0x00, 0x23, 0x00, 0x23, 0x00, 0x23, 0x00, 0x23, 0x00, 0x23, 0x00,
    0x23, 0x00, 0x23, 0x00, 0x23, 0x00, 0x23, 0x00, 0x23, 0x00, 0x23, 0x00, 0x23, 0x00, 0x23, 0x00,
    0x23, 0x00, 0x23, 0x00, 0x23, 0x00, 0x23, 0x00, 0x23, 0x00, 0x23, 0x00, 0x23, 0x00, 0x23, 0x00,
    0x23, 0x00, 0x23, 0x00, 0x23, 0x00, 0x23, 0x00, 0x23, 0x00, 0x23, 0x00, 0x23, 0x00, 0x23, 0x00,
    0x23, 0x00, 0x23, 0x00, 0x23, 0x00, 0x23, 0x00, 0x23, 0x00, 0x23, 0x00, 0x23, 0x00, 0x23, 0x00,
    0x23, 0x00, 0x23, 0x00, 0x23, 0x00, 0x23, 0x00, 0x23, 0x00, 0x23, 0x00, 0x23, 0x00, 0x23, 0x00,
    0x23, 0x00, 0x23, 0x00, 0x23, 0x00, 0x23, 0x00, 0x23, 0x00, 0x23, 0x00, 0x23, 0x00, 0x23, 0x00,
    0x23, 0x00, 0x23, 0x00, 0x23, 0x00, 0x23, 0x00, 0x23, 0x00, 0x23, 0x00, 0x23, 0x00, 0x23, 0x00,
    0x23, 0x00, 0x23, 0x00, 0x23, 0x00, 0x23, 0x00, 0x23, 0x00, 0x23, 0x00, 0x23, 0x00, 0x23, 0x00,
    0x23, 0x00, 0x23, 0x00, 0x23, 0x00, 0x23, 0x00, 0x8a, 0x00, 0xe8, 0x00, 0x23, 0x00, 0x23, 0x00,
    0x23, 0x00, 0x51, 0x01, 0x51, 0x01, 0x00, 0x00, 0x00, 0x00, 0x00, 0x00, 0x00, 0x00, 0x00, 0x00,
    0x00, 0x00, 0x8a, 0x00, 0x8a, 0x00, 0x00, 0x00, 0xe8, 0x00, 0xb5, 0x01, 0x51, 0x01, 0x00, 0x00,
    0x46, 0x00, 0x0c, 0x01, 0x23, 0x00, 0x00, 0x00, 0x00, 0x00, 0x00, 0x00, 0x00, 0x00, 0x00, 0x00,
    0x00, 0x00, 0x00, 0x00, 0x00, 0x00, 0x00, 0x00, 0x00, 0x00, 0x00, 0x00, 0x00, 0x00, 0x51, 0x01,
    0xef, 0x00, 0x23, 0x00, 0x23, 0x00, 0x23, 0x00, 0x46, 0x00, 0x8a, 0x00, 0x23, 0x00, 0x23, 0x00,
    0x23, 0x00, 0x23, 0x00, 0x23, 0x00, 0x23, 0x00, 0x23, 0x00, 0x23, 0x00, 0x23, 0x00, 0x23, 0x00,
    0x23, 0x00, 0x23, 0x00, 0x23, 0x00, 0x23, 0x00, 0x23, 0x00, 0x23, 0x00, 0x23, 0x00, 0x23, 0x00,
    0x23, 0x00, 0x23, 0x00, 0x23, 0x00, 0x23, 0x00, 0x23, 0x00, 0x23, 0x00, 0x23, 0x00, 0x23, 0x00,
    0x23, 0x00, 0x23, 0x00, 0x23, 0x00, 0x23, 0x00, 0x23, 0x00, 0x23, 0x00, 0x23, 0x00, 0x23, 0x00,
    0x23, 0x00, 0x23, 0x00, 0x23, 0x00, 0x23, 0x00, 0x23, 0x00, 0x23, 0x00, 0x23, 0x00, 0x23, 0x00,
    0x23, 0x00, 0x23, 0x00, 0x23, 0x00, 0x23, 0x00, 0x23, 0x00, 0x23, 0x00, 0x23, 0x00, 0x23, 0x00,
    0x23, 0x00, 0x23, 0x00, 0x23, 0x00, 0x23, 0x00, 0x23, 0x00, 0x23, 0x00, 0x23, 0x00, 0x23, 0x00,
    0x23, 0x00, 0x23, 0x00, 0x23, 0x00, 0x23, 0x00, 0x23, 0x00, 0x23, 0x00, 0x23, 0x00, 0x23, 0x00,
    0x23, 0x00, 0x23, 0x00, 0x23, 0x00, 0x23, 0x00, 0x23, 0x00, 0x23, 0x00, 0x23, 0x00, 0x23, 0x00,
    0x23, 0x00, 0x23, 0x00, 0x23, 0x00, 0x23, 0x00, 0x23, 0x00, 0x23, 0x00, 0x23, 0x00, 0x23, 0x00,
    0x23, 0x00, 0x23, 0x00, 0x23, 0x00, 0x23, 0x00, 0x23, 0x00, 0x23, 0x00, 0x23, 0x00, 0x23, 0x00,
    0x23, 0x00, 0x23, 0x00, 0x23, 0x00, 0x23, 0x00, 0x23, 0x00, 0x23, 0x00, 0x23, 0x00, 0x23, 0x00,
    0x23, 0x00, 0x23, 0x00, 0x23, 0x00, 0x23, 0x00, 0x23, 0x00, 0x23, 0x00, 0x23, 0x00, 0x23, 0x00,
    0x23, 0x00, 0x23, 0x00, 0x23, 0x00, 0x23, 0x00, 0x23, 0x00, 0x23, 0x00, 0x23, 0x00, 0x23, 0x00,
    0x23, 0x00, 0x23, 0x00, 0x23, 0x00, 0x23, 0x00, 0x23, 0x00, 0x23, 0x00, 0x23, 0x00, 0x23, 0x00,
    0x23, 0x00, 0x23, 0x00, 0x23, 0x00, 0x23, 0x00, 0x23, 0x00, 0x23, 0x00, 0x23, 0x00, 0x23, 0x00,
    0x23, 0x00, 0x23, 0x00, 0x23, 0x00, 0x23, 0x00, 0x23, 0x00, 0x23, 0x00, 0x23, 0x00, 0x23, 0x00,
    0x23, 0x00, 0x23, 0x00, 0x23, 0x00, 0x23, 0x00, 0x23, 0x00, 0x23, 0x00, 0x23, 0x00, 0x23, 0x00,
    0x23, 0x00, 0x23, 0x00, 0x23, 0x00, 0x23, 0x00, 0x23, 0x00, 0x23, 0x00, 0x23, 0x00, 0x23, 0x00,
    0x23, 0x00, 0x23, 0x00, 0x23, 0x00, 0x23, 0x00, 0x23, 0x00, 0x23, 0x00, 0x23, 0x00, 0x23, 0x00,
    0x23, 0x00, 0x23, 0x00, 0x23, 0x00, 0x23, 0x00, 0x23, 0x00, 0x23, 0x00, 0x23, 0x00, 0x23, 0x00,
    0x23, 0x00, 0x23, 0x00, 0x23, 0x00, 0x23, 0x00, 0x23, 0x00, 0x23, 0x00, 0x23, 0x00, 0x23, 0x00,
    0x23, 0x00, 0x23, 0x00, 0x23, 0x00, 0x23, 0x00, 0x23, 0x00, 0x23, 0x00, 0x23, 0x00, 0x23, 0x00,
    0x23, 0x00, 0x23, 0x00, 0x23, 0x00, 0x23, 0x00, 0x23, 0x00, 0x23, 0x00, 0x23, 0x00, 0x23, 0x00,
    0x23, 0x00, 0x23, 0x00, 0x23, 0x00, 0x23, 0x00, 0x8a, 0x00, 0xe8, 0x00, 0x23, 0x00, 0x23, 0x00,
    0x23, 0x00, 0x51, 0x01, 0x51, 0x01, 0x00, 0x00, 0x00, 0x00, 0x00, 0x00, 0x00, 0x00, 0x00, 0x00,
    0x00, 0x00, 0x8a, 0x00, 0x8a, 0x00, 0x00, 0x00, 0xe8, 0x00, 0xb5, 0x01, 0xef, 0x00, 0x00, 0x00,
    0x46, 0x00, 0x0c, 0x01, 0x23, 0x00, 0x00, 0x00, 0x00, 0x00, 0x00, 0x00, 0x00, 0x00, 0x00, 0x00,
    0x00, 0x00, 0x00, 0x00, 0x00, 0x00, 0x00, 0x00, 0x00, 0x00, 0x00, 0x00, 0x00, 0x00, 0x51, 0x01,
    0xef, 0x00, 0x23, 0x00, 0x23, 0x00, 0x23, 0x00, 0x46, 0x00, 0x8a, 0x00, 0x23, 0x00, 0x23, 0x00,
    0x23, 0x00, 0x23, 0x00, 0x23, 0x00, 0x23, 0x00, 0x23, 0x00, 0x23, 0x00, 0x23, 0x00, 0x23, 0x00,
    0x23, 0x00, 0x23, 0x00, 0x23, 0x00, 0x23, 0x00, 0x23, 0x00, 0x23, 0x00, 0x23, 0x00, 0x23, 0x00,
    0x23, 0x00, 0x23, 0x00, 0x23, 0x00, 0x23, 0x00, 0x23, 0x00, 0x23, 0x00, 0x23, 0x00, 0x23, 0x00,
    0x23, 0x00, 0x23, 0x00, 0x23, 0x00, 0x23, 0x00, 0x23, 0x00, 0x23, 0x00, 0x23, 0x00, 0x23, 0x00,
    0x23, 0x00, 0x23, 0x00, 0x23, 0x00, 0x23, 0x00, 0x23, 0x00, 0x23, 0x00, 0x23, 0x00, 0x23, 0x00,
    0x23, 0x00, 0x23, 0x00, 0x23, 0x00, 0x23, 0x00, 0x23, 0x00, 0x23, 0x00, 0x23, 0x00, 0x23, 0x00,
    0x23, 0x00, 0x23, 0x00, 0x23, 0x00, 0x23, 0x00, 0x23, 0x00, 0x23, 0x00, 0x23, 0x00, 0x23, 0x00,
    0x23, 0x00, 0x23, 0x00, 0x23, 0x00, 0x23, 0x00, 0x23, 0x00, 0x23, 0x00, 0x23, 0x00, 0x23, 0x00,
    0x23, 0x00, 0x23, 0x00, 0x23, 0x00, 0x23, 0x00, 0x23, 0x00, 0x23, 0x00, 0x23, 0x00, 0x23, 0x00,
    0x23, 0x00, 0x23, 0x00, 0x23, 0x00, 0x23, 0x00, 0x23, 0x00, 0x23, 0x00, 0x23, 0x00, 0x23, 0x00,
    0x23, 0x00, 0x23, 0x00, 0x23, 0x00, 0x23, 0x00, 0x23, 0x00, 0x23, 0x00, 0x23, 0x00, 0x23, 0x00,
    0x23, 0x00, 0x23, 0x00, 0x23, 0x00, 0x23, 0x00, 0x23, 0x00, 0x23, 0x00, 0x23, 0x00, 0x23, 0x00,
    0x23, 0x00, 0x23, 0x00, 0x23, 0x00, 0x23, 0x00, 0x23, 0x00, 0x23, 0x00, 0x23, 0x00, 0x23, 0x00,
    0x23, 0x00, 0x23, 0x00, 0x23, 0x00, 0x23, 0x00, 0x23, 0x00, 0x23, 0x00, 0x23, 0x00, 0x23, 0x00,
    0x23, 0x00, 0x23, 0x00, 0x23, 0x00, 0x23, 0x00, 0x23, 0x00, 0x23, 0x00, 0x23, 0x00, 0x23, 0x00,
    0x23, 0x00, 0x23, 0x00, 0x23, 0x00, 0x23, 0x00, 0x23, 0x00, 0x23, 0x00, 0x23, 0x00, 0x23, 0x00,
    0x23, 0x00, 0x23, 0x00, 0x23, 0x00, 0x23, 0x00, 0x23, 0x00, 0x23, 0x00, 0x23, 0x00, 0x23, 0x00,
    0x23, 0x00, 0x23, 0x00, 0x23, 0x00, 0x23, 0x00, 0x23, 0x00, 0x23, 0x00, 0x23, 0x00, 0x23, 0x00,
    0x23, 0x00, 0x23, 0x00, 0x23, 0x00, 0x23, 0x00, 0x23, 0x00, 0x23, 0x00, 0x23, 0x00, 0x23, 0x00,
    0x23, 0x00, 0x23, 0x00, 0x23, 0x00, 0x23, 0x00, 0x23, 0x00, 0x23, 0x00, 0x23, 0x00, 0x23, 0x00,
    0x23, 0x00, 0x23, 0x00, 0x23, 0x00, 0x23, 0x00, 0x23, 0x00, 0x23, 0x00, 0x23, 0x00, 0x23, 0x00,
    0x23, 0x00, 0x23, 0x00, 0x23, 0x00, 0x23, 0x00, 0x23, 0x00, 0x23, 0x00, 0x23, 0x00, 0x23, 0x00,
    0x23, 0x00, 0x23, 0x00, 0x23, 0x00, 0x23, 0x00, 0x23, 0x00, 0x23, 0x00, 0x23, 0x00, 0x23, 0x00,
    0x23, 0x00, 0x23, 0x00, 0x23, 0x00, 0x23, 0x00, 0x23, 0x00, 0x23, 0x00, 0x23, 0x00, 0x23, 0x00,
    0x23, 0x00, 0x23, 0x00, 0x23, 0x00, 0x23, 0x00, 0x8a, 0x00, 0x46, 0x00, 0x23, 0x00, 0x23, 0x00,
    0x23, 0x00, 0x51, 0x01, 0x51, 0x01, 0x00, 0x00, 0x00, 0x00, 0x00, 0x00, 0x00, 0x00, 0x00, 0x00,
    0x00, 0x00, 0x8a, 0x00, 0xe8, 0x00, 0x00, 0x00, 0x46, 0x00, 0x51, 0x01, 0x8a, 0x00, 0x00, 0x00,
    0x46, 0x00, 0x0c, 0x01, 0x23, 0x00, 0x00, 0x00, 0x00, 0x00, 0x00, 0x00, 0x00, 0x00, 0x00, 0x00,
    0x00, 0x00, 0x00, 0x00, 0x00, 0x00, 0x00, 0x00, 0x00, 0x00, 0x00, 0x00, 0x00, 0x00, 0x51, 0x01,
    0xef, 0x00, 0x23, 0x00, 0x23, 0x00, 0x23, 0x00, 0x46, 0x00, 0x8a, 0x00, 0x23, 0x00, 0x23, 0x00,
    0x23, 0x00, 0x23, 0x00, 0x23, 0x00, 0x23, 0x00, 0x23, 0x00, 0x23, 0x00, 0x23, 0x00, 0x23, 0x00,
    0x23, 0x00, 0x23, 0x00, 0x23, 0x00, 0x23, 0x00, 0x23, 0x00, 0x23, 0x00, 0x23, 0x00, 0x23, 0x00,
    0x23, 0x00, 0x23, 0x00, 0x23, 0x00, 0x23, 0x00, 0x23, 0x00, 0x23, 0x00, 0x23, 0x00, 0x23, 0x00,
    0x23, 0x00, 0x23, 0x00, 0x23, 0x00, 0x23, 0x00, 0x23, 0x00, 0x23, 0x00, 0x23, 0x00, 0x23, 0x00,
    0x23, 0x00, 0x23, 0x00, 0x23, 0x00, 0x23, 0x00, 0x23, 0x00, 0x23, 0x00, 0x23, 0x00, 0x23, 0x00,
    0x23, 0x00, 0x23, 0x00, 0x23, 0x00, 0x23, 0x00, 0x23, 0x00, 0x23, 0x00, 0x23, 0x00, 0x23, 0x00,
    0x23, 0x00, 0x23, 0x00, 0x23, 0x00, 0x23, 0x00, 0x23, 0x00, 0x23, 0x00, 0x23, 0x00, 0x23, 0x00,
    0x23, 0x00, 0x23, 0x00, 0x23, 0x00, 0x23, 0x00, 0x23, 0x00, 0x23, 0x00, 0x23, 0x00, 0x23, 0x00,
    0x23, 0x00, 0x23, 0x00, 0x23, 0x00, 0x23, 0x00, 0x23, 0x00, 0x23, 0x00, 0x23, 0x00, 0x23, 0x00,
    0x23, 0x00, 0x23, 0x00, 0x23, 0x00, 0x23, 0x00, 0x23, 0x00, 0x23, 0x00, 0x23, 0x00, 0x23, 0x00,
    0x23, 0x00, 0x23, 0x00, 0x23, 0x00, 0x23, 0x00, 0x23, 0x00, 0x23, 0x00, 0x23, 0x00, 0x23, 0x00,
    0x23, 0x00, 0x23, 0x00, 0x23, 0x00, 0x23, 0x00, 0x23, 0x00, 0x23, 0x00, 0x23, 0x00, 0x23, 0x00,
    0x23, 0x00, 0x23, 0x00, 0x23, 0x00, 0x23, 0x00, 0x23, 0x00, 0x23, 0x00, 0x23, 0x00, 0x23, 0x00,
    0x23, 0x00, 0x23, 0x00, 0x23, 0x00, 0x23, 0x00, 0x23, 0x00, 0x23, 0x00, 0x23, 0x00, 0x23, 0x00,
    0x23, 0x00, 0x23, 0x00, 0x23, 0x00, 0x23, 0x00, 0x23, 0x00, 0x23, 0x00, 0x23, 0x00, 0x23, 0x00,
    0x23, 0x00, 0x23, 0x00, 0x23, 0x00, 0x23, 0x00, 0x23, 0x00, 0x23, 0x00, 0x23, 0x00, 0x23, 0x00,
    0x23, 0x00, 0x23, 0x00, 0x23, 0x00, 0x23, 0x00, 0x23, 0x00, 0x23, 0x00, 0x23, 0x00, 0x23, 0x00,
    0x23, 0x00, 0x23, 0x00, 0x23, 0x00, 0x23, 0x00, 0x23, 0x00, 0x23, 0x00, 0x23, 0x00, 0x23, 0x00,
    0x23, 0x00, 0x23, 0x00, 0x23, 0x00, 0x23, 0x00, 0x23, 0x00, 0x23, 0x00, 0x23, 0x00, 0x23, 0x00,
    0x23, 0x00, 0x23, 0x00, 0x23, 0x00, 0x23, 0x00, 0x23, 0x00, 0x23, 0x00, 0x23, 0x00, 0x23, 0x00,
    0x23, 0x00, 0x23, 0x00, 0x23, 0x00, 0x23, 0x00, 0x23, 0x00, 0x23, 0x00, 0x23, 0x00, 0x23, 0x00,
    0x23, 0x00, 0x23, 0x00, 0x23, 0x00, 0x23, 0x00, 0x23, 0x00, 0x23, 0x00, 0x23, 0x00, 0x23, 0x00,
    0x23, 0x00, 0x23, 0x00, 0x23, 0x00, 0x23, 0x00, 0x23, 0x00, 0x23, 0x00, 0x23, 0x00, 0x23, 0x00,
    0x23, 0x00, 0x23, 0x00, 0x23, 0x00, 0x23, 0x00, 0x23, 0x00, 0x23, 0x00, 0x23, 0x00, 0x23, 0x00,
    0x23, 0x00, 0x23, 0x00, 0x23, 0x00, 0x23, 0x00, 0x8a, 0x00, 0x8a, 0x00, 0x23, 0x00, 0x23, 0x00,
    0x23, 0x00, 0x51, 0x01, 0x51, 0x01, 0x00, 0x00, 0x00, 0x00, 0x00, 0x00, 0x00, 0x00, 0x00, 0x00,
    0x00, 0x00, 0x8a, 0x00, 0xe8, 0x00, 0x00, 0x00, 0x00, 0x00, 0x00, 0x00, 0x00, 0x00, 0x00, 0x00,
    0x46, 0x00, 0x0c, 0x01, 0x23, 0x00, 0x00, 0x00, 0x00, 0x00, 0x00, 0x00, 0x00, 0x00, 0x00, 0x00,
    0x00, 0x00, 0x00, 0x00, 0x00, 0x00, 0x00, 0x00, 0x00, 0x00, 0x00, 0x00, 0x00, 0x00, 0x51, 0x01,
    0xef, 0x00, 0x23, 0x00, 0x23, 0x00, 0x23, 0x00, 0x46, 0x00, 0x8a, 0x00, 0x23, 0x00, 0x23, 0x00,
    0x23, 0x00, 0x23, 0x00, 0x23, 0x00, 0x23, 0x00, 0x23, 0x00, 0x23, 0x00, 0x23, 0x00, 0x23, 0x00,
    0x23, 0x00, 0x23, 0x00, 0x23, 0x00, 0x23, 0x00, 0x23, 0x00, 0x23, 0x00, 0x23, 0x00, 0x23, 0x00,
    0x23, 0x00, 0x23, 0x00, 0x23, 0x00, 0x23, 0x00, 0x23, 0x00, 0x23, 0x00, 0x23, 0x00, 0x23, 0x00,
    0x23, 0x00, 0x23, 0x00, 0x23, 0x00, 0x23, 0x00, 0x23, 0x00, 0x23, 0x00, 0x23, 0x00, 0x23, 0x00,
    0x23, 0x00, 0x23, 0x00, 0x23, 0x00, 0x23, 0x00, 0x23, 0x00, 0x23, 0x00, 0x23, 0x00, 0x23, 0x00,
    0x23, 0x00, 0x23, 0x00, 0x23, 0x00, 0x23, 0x00, 0x23, 0x00, 0x23, 0x00, 0x23, 0x00, 0x23, 0x00,
    0x23, 0x00, 0x23, 0x00, 0x23, 0x00, 0x23, 0x00, 0x23, 0x00, 0x23, 0x00, 0x23, 0x00, 0x23, 0x00,
    0x23, 0x00, 0x23, 0x00, 0x23, 0x00, 0x23, 0x00, 0x23, 0x00, 0x23, 0x00, 0x23, 0x00, 0x23, 0x00,
    0x23, 0x00, 0x23, 0x00, 0x23, 0x00, 0x23, 0x00, 0x23, 0x00, 0x23, 0x00, 0x23, 0x00, 0x23, 0x00,
    0x23, 0x00, 0x23, 0x00, 0x23, 0x00, 0x23, 0x00, 0x23, 0x00, 0x23, 0x00, 0x23, 0x00, 0x23, 0x00,
    0x23, 0x00, 0x23, 0x00, 0x23, 0x00, 0x23, 0x00, 0x23, 0x00, 0x23, 0x00, 0x23, 0x00, 0x23, 0x00,
    0x23, 0x00, 0x23, 0x00, 0x23, 0x00, 0x23, 0x00, 0x23, 0x00, 0x23, 0x00, 0x23, 0x00, 0x23, 0x00,
    0x23, 0x00, 0x23, 0x00, 0x23, 0x00, 0x23, 0x00, 0x23, 0x00, 0x23, 0x00, 0x23, 0x00, 0x23, 0x00,
    0x23, 0x00, 0x23, 0x00, 0x23, 0x00, 0x23, 0x00, 0x23, 0x00, 0x23, 0x00, 0x23, 0x00, 0x23, 0x00,
    0x23, 0x00, 0x23, 0x00, 0x23, 0x00, 0x23, 0x00, 0x23, 0x00, 0x23, 0x00, 0x23, 0x00, 0x23, 0x00,
    0x23, 0x00, 0x23, 0x00, 0x23, 0x00, 0x23, 0x00, 0x23, 0x00, 0x23, 0x00, 0x23, 0x00, 0x23, 0x00,
    0x23, 0x00, 0x23, 0x00, 0x23, 0x00, 0x23, 0x00, 0x23, 0x00, 0x23, 0x00, 0x23, 0x00, 0x23, 0x00,
    0x23, 0x00, 0x23, 0x00, 0x23, 0x00, 0x23, 0x00, 0x23, 0x00, 0x23, 0x00, 0x23, 0x00, 0x23, 0x00,
    0x23, 0x00, 0x23, 0x00, 0x23, 0x00, 0x23, 0x00, 0x23, 0x00, 0x23, 0x00, 0x23, 0x00, 0x23, 0x00,
    0x23, 0x00, 0x23, 0x00, 0x23, 0x00, 0x23, 0x00, 0x23, 0x00, 0x23, 0x00, 0x23, 0x00, 0x23, 0x00,
    0x23, 0x00, 0x23, 0x00, 0x23, 0x00, 0x23, 0x00, 0x23, 0x00, 0x23, 0x00, 0x23, 0x00, 0x23, 0x00,
    0x23, 0x00, 0x23, 0x00, 0x23, 0x00, 0x23, 0x00, 0x23, 0x00, 0x23, 0x00, 0x23, 0x00, 0x23, 0x00,
    0x23, 0x00, 0x23, 0x00, 0x23, 0x00, 0x23, 0x00, 0x23, 0x00, 0x23, 0x00, 0x23, 0x00, 0x23, 0x00,
    0x23, 0x00, 0x23, 0x00, 0x23, 0x00, 0x23, 0x00, 0x23, 0x00, 0x23, 0x00, 0x23, 0x00, 0x23, 0x00,
    0x23, 0x00, 0x23, 0x00, 0x23, 0x00, 0x23, 0x00, 0x8a, 0x00, 0xe8, 0x00, 0x23, 0x00, 0x23, 0x00,
    0x23, 0x00, 0x51, 0x01, 0x51, 0x01, 0x00, 0x00, 0x00, 0x00, 0x00, 0x00, 0x00, 0x00, 0x00, 0x00,
    0x00, 0x00, 0x8a, 0x00, 0x46, 0x00, 0x00, 0x00, 0x00, 0x00, 0x00, 0x00, 0x00, 0x00, 0x00, 0x00,
    0x46, 0x00, 0x0c, 0x01, 0x23, 0x00, 0x00, 0x00, 0x00, 0x00, 0x00, 0x00, 0x00, 0x00, 0x00, 0x00,
    0x00, 0x00, 0x00, 0x00, 0x00, 0x00, 0x00, 0x00, 0x00, 0x00, 0x00, 0x00, 0x00, 0x00, 0x51, 0x01,
    0xef, 0x00, 0x23, 0x00, 0x23, 0x00, 0x23, 0x00, 0x46, 0x00, 0x8a, 0x00, 0x23, 0x00, 0x23, 0x00,
    0x23, 0x00, 0x23, 0x00, 0x23, 0x00, 0x23, 0x00, 0x23, 0x00, 0x23, 0x00, 0x23, 0x00, 0x23, 0x00,
    0x23, 0x00, 0x23, 0x00, 0x23, 0x00, 0x23, 0x00, 0x23, 0x00, 0x23, 0x00, 0x23, 0x00, 0x23, 0x00,
    0x23, 0x00, 0x23, 0x00, 0x23, 0x00, 0x23, 0x00, 0x23, 0x00, 0x23, 0x00, 0x23, 0x00, 0x23, 0x00,
    0x23, 0x00, 0x23, 0x00, 0x23, 0x00, 0x23, 0x00, 0x23, 0x00, 0x23, 0x00, 0x23, 0x00, 0x23, 0x00,
    0x23, 0x00, 0x23, 0x00, 0x23, 0x00, 0x23, 0x00, 0x23, 0x00, 0x23, 0x00, 0x23, 0x00, 0x23, 0x00,
    0x23, 0x00, 0x23, 0x00, 0x23, 0x00, 0x23, 0x00, 0x23, 0x00, 0x23, 0x00, 0x23, 0x00, 0x23, 0x00,
    0x23, 0x00, 0x23, 0x00, 0x23, 0x00, 0x23, 0x00, 0x23, 0x00, 0x23, 0x00, 0x23, 0x00, 0x23, 0x00,
    0x23, 0x00, 0x23, 0x00, 0x23, 0x00, 0x23, 0x00, 0x23, 0x00, 0x23, 0x00, 0x23, 0x00, 0x23, 0x00,
    0x23, 0x00, 0x23, 0x00, 0x23, 0x00, 0x23, 0x00, 0x23, 0x00, 0x23, 0x00, 0x23, 0x00, 0x23, 0x00,
    0x23, 0x00, 0x23, 0x00, 0x23, 0x00, 0x23, 0x00, 0x23, 0x00, 0x23, 0x00, 0x23, 0x00, 0x23, 0x00,
    0x23, 0x00, 0x23, 0x00, 0x23, 0x00, 0x23, 0x00, 0x23, 0x00, 0x23, 0x00, 0x23, 0x00, 0x23, 0x00,
    0x23, 0x00, 0x23, 0x00, 0x23, 0x00, 0x23, 0x00, 0x23, 0x00, 0x23, 0x00, 0x23, 0x00, 0x23, 0x00,
    0x23, 0x00, 0x23, 0x00, 0x23, 0x00, 0x23, 0x00, 0x23, 0x00, 0x23, 0x00, 0x23, 0x00, 0x23, 0x00,
    0x23, 0x00, 0x23, 0x00, 0x23, 0x00, 0x23, 0x00, 0x23, 0x00, 0x23, 0x00, 0x23, 0x00, 0x23, 0x00,
    0x23, 0x00, 0x23, 0x00, 0x23, 0x00, 0x23, 0x00, 0x23, 0x00, 0x23, 0x00, 0x23, 0x00, 0x23, 0x00,
    0x23, 0x00, 0x23, 0x00, 0x23, 0x00, 0x23, 0x00, 0x23, 0x00, 0x23, 0x00, 0x23, 0x00, 0x23, 0x00,
    0x23, 0x00, 0x23, 0x00, 0x23, 0x00, 0x23, 0x00, 0x23, 0x00, 0x23, 0x00, 0x23, 0x00, 0x23, 0x00,
    0x23, 0x00, 0x23, 0x00, 0x23, 0x00, 0x23, 0x00, 0x23, 0x00, 0x23, 0x00, 0x23, 0x00, 0x23, 0x00,
    0x23, 0x00, 0x23, 0x00, 0x23, 0x00, 0x23, 0x00, 0x23, 0x00, 0x23, 0x00, 0x23, 0x00, 0x23, 0x00,
    0x23, 0x00, 0x23, 0x00, 0x23, 0x00, 0x23, 0x00, 0x23, 0x00, 0x23, 0x00, 0x23, 0x00, 0x23, 0x00,
    0x23, 0x00, 0x23, 0x00, 0x23, 0x00, 0x23, 0x00, 0x23, 0x00, 0x23, 0x00, 0x23, 0x00, 0x23, 0x00,
    0x23, 0x00, 0x23, 0x00, 0x23, 0x00, 0x23, 0x00, 0x23, 0x00, 0x23, 0x00, 0x23, 0x00, 0x23, 0x00,
    0x23, 0x00, 0x23, 0x00, 0x23, 0x00, 0x23, 0x00, 0x23, 0x00, 0x23, 0x00, 0x23, 0x00, 0x23, 0x00,
    0x23, 0x00, 0x23, 0x00, 0x23, 0x00, 0x23, 0x00, 0x23, 0x00, 0x23, 0x00, 0x23, 0x00, 0x23, 0x00,
    0x23, 0x00, 0x23, 0x00, 0x23, 0x00, 0x23, 0x00, 0x8a, 0x00, 0xe8, 0x00, 0x23, 0x00, 0x23, 0x00,
    0x23, 0x00, 0x51, 0x01, 0x51, 0x01, 0x00, 0x00, 0x00, 0x00, 0x00, 0x00, 0x00, 0x00, 0x00, 0x00,
    0x00, 0x00, 0x8a, 0x00, 0xe8, 0x00, 0x00, 0x00, 0x00, 0x00, 0x00, 0x00, 0x00, 0x00, 0x00, 0x00,
    0x46, 0x00, 0x8a, 0x00, 0x23, 0x00, 0x00, 0x00, 0x00, 0x00, 0x00, 0x00, 0x00, 0x00, 0x00, 0x00,
    0x00, 0x00, 0x00, 0x00, 0x00, 0x00, 0x00, 0x00, 0x00, 0x00, 0x00, 0x00, 0x00, 0x00, 0x51, 0x01,
    0xef, 0x00, 0x23, 0x00, 0x23, 0x00, 0x23, 0x00, 0x46, 0x00, 0x8a, 0x00, 0x23, 0x00, 0x23, 0x00,
    0x23, 0x00, 0x23, 0x00, 0x23, 0x00, 0x23, 0x00, 0x23, 0x00, 0x23, 0x00, 0x23, 0x00, 0x23, 0x00,
    0x23, 0x00, 0x23, 0x00, 0x23, 0x00, 0x23, 0x00, 0x23, 0x00, 0x23, 0x00, 0x23, 0x00, 0x23, 0x00,
    0x23, 0x00, 0x23, 0x00, 0x23, 0x00, 0x23, 0x00, 0x23, 0x00, 0x23, 0x00, 0x23, 0x00, 0x23, 0x00,
    0x23, 0x00, 0x23, 0x00, 0x23, 0x00, 0x23, 0x00, 0x23, 0x00, 0x23, 0x00, 0x23, 0x00, 0x23, 0x00,
    0x23, 0x00, 0x23, 0x00, 0x23, 0x00, 0x23, 0x00, 0x23, 0x00, 0x23, 0x00, 0x23, 0x00, 0x23, 0x00,
    0x23, 0x00, 0x23, 0x00, 0x23, 0x00, 0x23, 0x00, 0x23, 0x00, 0x23, 0x00, 0x23, 0x00, 0x23, 0x00,
    0x23, 0x00, 0x23, 0x00, 0x23, 0x00, 0x23, 0x00, 0x23, 0x00, 0x23, 0x00, 0x23, 0x00, 0x23, 0x00,
    0x23, 0x00, 0x23, 0x00, 0x23, 0x00, 0x23, 0x00, 0x23, 0x00, 0x23, 0x00, 0x23, 0x00, 0x23, 0x00,
    0x23, 0x00, 0x23, 0x00, 0x23, 0x00, 0x23, 0x00, 0x23, 0x00, 0x23, 0x00, 0x23, 0x00, 0x23, 0x00,
    0x23, 0x00, 0x23, 0x00, 0x23, 0x00, 0x23, 0x00, 0x23, 0x00, 0x23, 0x00, 0x23, 0x00, 0x23, 0x00,
    0x23, 0x00, 0x23, 0x00, 0x23, 0x00, 0x23, 0x00, 0x23, 0x00, 0x23, 0x00, 0x23, 0x00, 0x23, 0x00,
    0x23, 0x00, 0x23, 0x00, 0x23, 0x00, 0x23, 0x00, 0x23, 0x00, 0x23, 0x00, 0x23, 0x00, 0x23, 0x00,
    0x23, 0x00, 0x23, 0x00, 0x23, 0x00, 0x23, 0x00, 0x23, 0x00, 0x23, 0x00, 0x23, 0x00, 0x23, 0x00,
    0x23, 0x00, 0x23, 0x00, 0x23, 0x00, 0x23, 0x00, 0x23, 0x00, 0x23, 0x00, 0x23, 0x00, 0x23, 0x00,
    0x23, 0x00, 0x23, 0x00, 0x23, 0x00, 0x23, 0x00, 0x23, 0x00, 0x23, 0x00, 0x23, 0x00, 0x23, 0x00,
    0x23, 0x00, 0x23, 0x00, 0x23, 0x00, 0x23, 0x00, 0x23, 0x00, 0x23, 0x00, 0x23, 0x00, 0x23, 0x00,
    0x23, 0x00, 0x23, 0x00, 0x23, 0x00, 0x23, 0x00, 0x23, 0x00, 0x23, 0x00, 0x23, 0x00, 0x23, 0x00,
    0x23, 0x00, 0x23, 0x00, 0x23, 0x00, 0x23, 0x00, 0x23, 0x00, 0x23, 0x00, 0x23, 0x00, 0x23, 0x00,
    0x23, 0x00, 0x23, 0x00, 0x23, 0x00, 0x23, 0x00, 0x23, 0x00, 0x23, 0x00, 0x23, 0x00, 0x23, 0x00,
    0x23, 0x00, 0x23, 0x00, 0x23, 0x00, 0x23, 0x00, 0x23, 0x00, 0x23, 0x00, 0x23, 0x00, 0x23, 0x00,
    0x23, 0x00, 0x23, 0x00, 0x23, 0x00, 0x23, 0x00, 0x23, 0x00, 0x23, 0x00, 0x23, 0x00, 0x23, 0x00,
    0x23, 0x00, 0x23, 0x00, 0x23, 0x00, 0x23, 0x00, 0x23, 0x00, 0x23, 0x00, 0x23, 0x00, 0x23, 0x00,
    0x23, 0x00, 0x23, 0x00, 0x23, 0x00, 0x23, 0x00, 0x23, 0x00, 0x23, 0x00, 0x23, 0x00, 0x23, 0x00,
    0x23, 0x00, 0x23, 0x00, 0x23, 0x00, 0x23, 0x00, 0x23, 0x00, 0x23, 0x00, 0x23, 0x00, 0x23, 0x00,
    0x23, 0x00, 0x23, 0x00, 0x23, 0x00, 0x23, 0x00, 0x8a, 0x00, 0x8a, 0x00, 0x23, 0x00, 0x23, 0x00,
    0x23, 0x00, 0x51, 0x01, 0x51, 0x01, 0x00, 0x00, 0x00, 0x00, 0x00, 0x00, 0x00, 0x00, 0x00, 0x00,
    0x00, 0x00, 0x8a, 0x00, 0xe8, 0x00, 0x00, 0x00, 0xe8, 0x00, 0x3d, 0x02, 0xb5, 0x01, 0x00, 0x00,
    0x46, 0x00, 0x0c, 0x01, 0x23, 0x00, 0x00, 0x00, 0x00, 0x00, 0x00, 0x00, 0x00, 0x00, 0x00, 0x00,
    0x00, 0x00, 0x00, 0x00, 0x00, 0x00, 0x00, 0x00, 0x00, 0x00, 0x00, 0x00, 0x00, 0x00, 0x51, 0x01,
    0x51, 0x01, 0x23, 0x00, 0x23, 0x00, 0x23, 0x00, 0x46, 0x00, 0x8a, 0x00, 0x23, 0x00, 0x23, 0x00,
    0x23, 0x00, 0x23, 0x00, 0x23, 0x00, 0x23, 0x00, 0x23, 0x00, 0x23, 0x00, 0x23, 0x00, 0x23, 0x00,
    0x23, 0x00, 0x23, 0x00, 0x23, 0x00, 0x23, 0x00, 0x23, 0x00, 0x23, 0x00, 0x23, 0x00, 0x23, 0x00,
    0x23, 0x00, 0x23, 0x00, 0x23, 0x00, 0x23, 0x00, 0x23, 0x00, 0x23, 0x00, 0x23, 0x00, 0x23, 0x00,
    0x23, 0x00, 0x23, 0x00, 0x23, 0x00, 0x23, 0x00, 0x23, 0x00, 0x23, 0x00, 0x23, 0x00, 0x23, 0x00,
    0x23, 0x00, 0x23, 0x00, 0x23, 0x00, 0x23, 0x00, 0x23, 0x00, 0x23, 0x00, 0x23, 0x00, 0x23, 0x00,
    0x23, 0x00, 0x23, 0x00, 0x23, 0x00, 0x23, 0x00, 0x23, 0x00, 0x23, 0x00, 0x23, 0x00, 0x23, 0x00,
    0x23, 0x00, 0x23, 0x00, 0x23, 0x00, 0x23, 0x00, 0x23, 0x00, 0x23, 0x00, 0x23, 0x00, 0x23, 0x00,
    0x23, 0x00, 0x23, 0x00, 0x23, 0x00, 0x23, 0x00, 0x23, 0x00, 0x23, 0x00, 0x23, 0x00, 0x23, 0x00,
    0x23, 0x00, 0x23, 0x00, 0x23, 0x00, 0x23, 0x00, 0x23, 0x00, 0x23, 0x00, 0x23, 0x00, 0x23, 0x00,
    0x23, 0x00, 0x23, 0x00, 0x23, 0x00, 0x23, 0x00, 0x23, 0x00, 0x23, 0x00, 0x23, 0x00, 0x23, 0x00,
    0x23, 0x00, 0x23, 0x00, 0x23, 0x00, 0x23, 0x00, 0x23, 0x00, 0x23, 0x00, 0x23, 0x00, 0x23, 0x00,
    0x23, 0x00, 0x23, 0x00, 0x23, 0x00, 0x23, 0x00, 0x23, 0x00, 0x23, 0x00, 0x23, 0x00, 0x23, 0x00,
    0x23, 0x00, 0x23, 0x00, 0x23, 0x00, 0x23, 0x00, 0x23, 0x00, 0x23, 0x00, 0x23, 0x00, 0x23, 0x00,
    0x23, 0x00, 0x23, 0x00, 0x23, 0x00, 0x23, 0x00, 0x23, 0x00, 0x23, 0x00, 0x23, 0x00, 0x23, 0x00,
    0x23, 0x00, 0x23, 0x00, 0x23, 0x00, 0x23, 0x00, 0x23, 0x00, 0x23, 0x00, 0x23, 0x00, 0x23, 0x00,
    0x23, 0x00, 0x23, 0x00, 0x23, 0x00, 0x23, 0x00, 0x23, 0x00, 0x23, 0x00, 0x23, 0x00, 0x23, 0x00,
    0x23, 0x00, 0x23, 0x00, 0x23, 0x00, 0x23, 0x00, 0x23, 0x00, 0x23, 0x00, 0x23, 0x00, 0x23, 0x00,
    0x23, 0x00, 0x23, 0x00, 0x23, 0x00, 0x23, 0x00, 0x23, 0x00, 0x23, 0x00, 0x23, 0x00, 0x23, 0x00,
    0x23, 0x00, 0x23, 0x00, 0x23, 0x00, 0x23, 0x00, 0x23, 0x00, 0x23, 0x00, 0x23, 0x00, 0x23, 0x00,
    0x23, 0x00, 0x23, 0x00, 0x23, 0x00, 0x23, 0x00, 0x23, 0x00, 0x23, 0x00, 0x23, 0x00, 0x23, 0x00,
    0x23, 0x00, 0x23, 0x00, 0x23, 0x00, 0x23, 0x00, 0x23, 0x00, 0x23, 0x00, 0x23, 0x00, 0x23, 0x00,
    0x23, 0x00, 0x23, 0x00, 0x23, 0x00, 0x23, 0x00, 0x23, 0x00, 0x23, 0x00, 0x23, 0x00, 0x23, 0x00,
    0x23, 0x00, 0x23, 0x00, 0x23, 0x00, 0x23, 0x00, 0x23, 0x00, 0x23, 0x00, 0x23, 0x00, 0x23, 0x00,
    0x23, 0x00, 0x23, 0x00, 0x23, 0x00, 0x23, 0x00, 0x23, 0x00, 0x23, 0x00, 0x23, 0x00, 0x23, 0x00,
    0x23, 0x00, 0x23, 0x00, 0x23, 0x00, 0x23, 0x00, 0x8a, 0x00, 0xe8, 0x00, 0x23, 0x00, 0x23, 0x00,
    0x23, 0x00, 0x51, 0x01, 0x51, 0x01, 0x00, 0x00, 0x00, 0x00, 0x00, 0x00, 0x00, 0x00, 0x00, 0x00,
    0x00, 0x00, 0x8a, 0x00, 0x8a, 0x00, 0x00, 0x00, 0xe8, 0x00, 0x19, 0x02, 0x33, 0x01, 0x00, 0x00,
    0x46, 0x00, 0x0c, 0x01, 0x23, 0x00, 0x00, 0x00, 0x00, 0x00, 0x00, 0x00, 0x00, 0x00, 0x00, 0x00,
    0x00, 0x00, 0x00, 0x00, 0x00, 0x00, 0x00, 0x00, 0x00, 0x00, 0x00, 0x00, 0x00, 0x00, 0x51, 0x01,
    0x51, 0x01, 0x23, 0x00, 0x23, 0x00, 0x23, 0x00, 0x46, 0x00, 0x8a, 0x00, 0x23, 0x00, 0x23, 0x00,
    0x23, 0x00, 0x23, 0x00, 0x23, 0x00, 0x23, 0x00, 0x23, 0x00, 0x23, 0x00, 0x23, 0x00, 0x23, 0x00,
    0x23, 0x00, 0x23, 0x00, 0x23, 0x00, 0x23, 0x00, 0x23, 0x00, 0x23, 0x00, 0x23, 0x00, 0x23, 0x00,
    0x23, 0x00, 0x23, 0x00, 0x23, 0x00, 0x23, 0x00, 0x23, 0x00, 0x23, 0x00, 0x23, 0x00, 0x23, 0x00,
    0x23, 0x00, 0x23, 0x00, 0x23, 0x00, 0x23, 0x00, 0x23, 0x00, 0x23, 0x00, 0x23, 0x00, 0x23, 0x00,
    0x23, 0x00, 0x23, 0x00, 0x23, 0x00, 0x23, 0x00, 0x23, 0x00, 0x23, 0x00, 0x23, 0x00, 0x23, 0x00,
    0x23, 0x00, 0x23, 0x00, 0x23, 0x00, 0x23, 0x00, 0x23, 0x00, 0x23, 0x00, 0x23, 0x00, 0x23, 0x00,
    0x23, 0x00, 0x23, 0x00, 0x23, 0x00, 0x23, 0x00, 0x23, 0x00, 0x23, 0x00, 0x23, 0x00, 0x23, 0x00,
    0x23, 0x00, 0x23, 0x00, 0x23, 0x00, 0x23, 0x00, 0x23, 0x00, 0x23, 0x00, 0x23, 0x00, 0x23, 0x00,
    0x23, 0x00, 0x23, 0x00, 0x23, 0x00, 0x23, 0x00, 0x23, 0x00, 0x23, 0x00, 0x23, 0x00, 0x23, 0x00,
    0x23, 0x00, 0x23, 0x00, 0x23, 0x00, 0x23, 0x00, 0x23, 0x00, 0x23, 0x00, 0x23, 0x00, 0x23, 0x00,
    0x23, 0x00, 0x23, 0x00, 0x23, 0x00, 0x23, 0x00, 0x23, 0x00, 0x23, 0x00, 0x23, 0x00, 0x23, 0x00,
    0x23, 0x00, 0x23, 0x00, 0x23, 0x00, 0x23, 0x00, 0x23, 0x00, 0x23, 0x00, 0x23, 0x00, 0x23, 0x00,
    0x23, 0x00, 0x23, 0x00, 0x23, 0x00, 0x23, 0x00, 0x23, 0x00, 0x23, 0x00, 0x23, 0x00, 0x23, 0x00,
    0x23, 0x00, 0x23, 0x00, 0x23, 0x00, 0x23, 0x00, 0x23, 0x00, 0x23, 0x00, 0x23, 0x00, 0x23, 0x00,
    0x23, 0x00, 0x23, 0x00, 0x23, 0x00, 0x23, 0x00, 0x23, 0x00, 0x23, 0x00, 0x23, 0x00, 0x23, 0x00,
    0x23, 0x00, 0x23, 0x00, 0x23, 0x00, 0x23, 0x00, 0x23, 0x00, 0x23, 0x00, 0x23, 0x00, 0x23, 0x00,
    0x23, 0x00, 0x23, 0x00, 0x23, 0x00, 0x23, 0x00, 0x23, 0x00, 0x23, 0x00, 0x23, 0x00, 0x23, 0x00,
    0x23, 0x00, 0x23, 0x00, 0x23, 0x00, 0x23, 0x00, 0x23, 0x00, 0x23, 0x00, 0x23, 0x00, 0x23, 0x00,
    0x23, 0x00, 0x23, 0x00, 0x23, 0x00, 0x23, 0x00, 0x23, 0x00, 0x23, 0x00, 0x23, 0x00, 0x23, 0x00,
    0x23, 0x00, 0x23, 0x00, 0x23, 0x00, 0x23, 0x00, 0x23, 0x00, 0x23, 0x00, 0x23, 0x00, 0x23, 0x00,
    0x23, 0x00, 0x23, 0x00, 0x23, 0x00, 0x23, 0x00, 0x23, 0x00, 0x23, 0x00, 0x23, 0x00, 0x23, 0x00,
    0x23, 0x00, 0x23, 0x00, 0x23, 0x00, 0x23, 0x00, 0x23, 0x00, 0x23, 0x00, 0x23, 0x00, 0x23, 0x00,
    0x23, 0x00, 0x23, 0x00, 0x23, 0x00, 0x23, 0x00, 0x23, 0x00, 0x23, 0x00, 0x23, 0x00, 0x23, 0x00,
    0x23, 0x00, 0x23, 0x00, 0x23, 0x00, 0x23, 0x00, 0x23, 0x00, 0x23, 0x00, 0x23, 0x00, 0x23, 0x00,
    0x23, 0x00, 0x23, 0x00, 0x23, 0x00, 0x23, 0x00, 0x8a, 0x00, 0xe8, 0x00, 0x23, 0x00, 0x23, 0x00,
    0x23, 0x00, 0x51, 0x01, 0x51, 0x01, 0x00, 0x00, 0x00, 0x00, 0x00, 0x00, 0x00, 0x00, 0x00, 0x00,
    0x00, 0x00, 0x8a, 0x00, 0x8a, 0x00, 0x00, 0x00, 0xe8, 0x00, 0xb5, 0x01, 0x33, 0x01, 0x00, 0x00,
    0x46, 0x00, 0x0c, 0x01, 0x23, 0x00, 0x00, 0x00, 0x00, 0x00, 0x00, 0x00, 0x00, 0x00, 0x00, 0x00,
    0x00, 0x00, 0x00, 0x00, 0x00, 0x00, 0x00, 0x00, 0x00, 0x00, 0x00, 0x00, 0x00, 0x00, 0x51, 0x01,
    0xef, 0x00, 0x23, 0x00, 0x23, 0x00, 0x23, 0x00, 0x46, 0x00, 0x8a, 0x00, 0x23, 0x00, 0x23, 0x00,
    0x23, 0x00, 0x23, 0x00, 0x23, 0x00, 0x23, 0x00, 0x23, 0x00, 0x23, 0x00, 0x23, 0x00, 0x23, 0x00,
    0x23, 0x00, 0x23, 0x00, 0x23, 0x00, 0x23, 0x00, 0x23, 0x00, 0x23, 0x00, 0x23, 0x00, 0x23, 0x00,
    0x23, 0x00, 0x23, 0x00, 0x23, 0x00, 0x23, 0x00, 0x23, 0x00, 0x23, 0x00, 0x23, 0x00, 0x23, 0x00,
    0x23, 0x00, 0x23, 0x00, 0x23, 0x00, 0x23, 0x00, 0x23, 0x00, 0x23, 0x00, 0x23, 0x00, 0x23, 0x00,
    0x23, 0x00, 0x23, 0x00, 0x23, 0x00, 0x23, 0x00, 0x23, 0x00, 0x23, 0x00, 0x23, 0x00, 0x23, 0x00,
    0x23, 0x00, 0x23, 0x00, 0x23, 0x00, 0x23, 0x00, 0x23, 0x00, 0x23, 0x00, 0x23, 0x00, 0x23, 0x00,
    0x23, 0x00, 0x23, 0x00, 0x23, 0x00, 0x23, 0x00, 0x23, 0x00, 0x23, 0x00, 0x23, 0x00, 0x23, 0x00,
    0x23, 0x00, 0x23, 0x00, 0x23, 0x00, 0x23, 0x00, 0x23, 0x00, 0x23, 0x00, 0x23, 0x00, 0x23, 0x00,
    0x23, 0x00, 0x23, 0x00, 0x23, 0x00, 0x23, 0x00, 0x23, 0x00, 0x23, 0x00, 0x23, 0x00, 0x23, 0x00,
    0x23, 0x00, 0x23, 0x00, 0x23, 0x00, 0x23, 0x00, 0x23, 0x00, 0x23, 0x00, 0x23, 0x00, 0x23, 0x00,
    0x23, 0x00, 0x23, 0x00, 0x23, 0x00, 0x23, 0x00, 0x23, 0x00, 0x23, 0x00, 0x23, 0x00, 0x23, 0x00,
    0x23, 0x00, 0x23, 0x00, 0x23, 0x00, 0x23, 0x00, 0x23, 0x00, 0x23, 0x00, 0x23, 0x00, 0x23, 0x00,
    0x23, 0x00, 0x23, 0x00, 0x23, 0x00, 0x23, 0x00, 0x23, 0x00, 0x23, 0x00, 0x23, 0x00, 0x23, 0x00,
    0x23, 0x00, 0x23, 0x00, 0x23, 0x00, 0x23, 0x00, 0x23, 0x00, 0x23, 0x00, 0x23, 0x00, 0x23, 0x00,
    0x23, 0x00, 0x23, 0x00, 0x23, 0x00, 0x23, 0x00, 0x23, 0x00, 0x23, 0x00, 0x23, 0x00, 0x23, 0x00,
    0x23, 0x00, 0x23, 0x00, 0x23, 0x00, 0x23, 0x00, 0x23, 0x00, 0x23, 0x00, 0x23, 0x00, 0x23, 0x00,
    0x23, 0x00, 0x23, 0x00, 0x23, 0x00, 0x23, 0x00, 0x23, 0x00, 0x23, 0x00, 0x23, 0x00, 0x23, 0x00,
    0x23, 0x00, 0x23, 0x00, 0x23, 0x00, 0x23, 0x00, 0x23, 0x00, 0x23, 0x00, 0x23, 0x00, 0x23, 0x00,
    0x23, 0x00, 0x23, 0x00, 0x23, 0x00, 0x23, 0x00, 0x23, 0x00, 0x23, 0x00, 0x23, 0x00, 0x23, 0x00,
    0x23, 0x00, 0x23, 0x00, 0x23, 0x00, 0x23, 0x00, 0x23, 0x00, 0x23, 0x00, 0x23, 0x00, 0x23, 0x00,
    0x23, 0x00, 0x23, 0x00, 0x23, 0x00, 0x23, 0x00, 0x23, 0x00, 0x23, 0x00, 0x23, 0x00, 0x23, 0x00,
    0x23, 0x00, 0x23, 0x00, 0x23, 0x00, 0x23, 0x00, 0x23, 0x00, 0x23, 0x00, 0x23, 0x00, 0x23, 0x00,
    0x23, 0x00, 0x23, 0x00, 0x23, 0x00, 0x23, 0x00, 0x23, 0x00, 0x23, 0x00, 0x23, 0x00, 0x23, 0x00,
    0x23, 0x00, 0x23, 0x00, 0x23, 0x00, 0x23, 0x00, 0x23, 0x00, 0x23, 0x00, 0x23, 0x00, 0x23, 0x00,
    0x23, 0x00, 0x23, 0x00, 0x23, 0x00, 0x23, 0x00, 0xe8, 0x00, 0x46, 0x00, 0x23, 0x00, 0x23, 0x00,
    0x23, 0x00, 0x51, 0x01, 0x51, 0x01, 0x00, 0x00, 0x00, 0x00, 0x00, 0x00, 0x00, 0x00, 0x00, 0x00,
    0x00, 0x00, 0x8a, 0x00, 0x8a, 0x00, 0x00, 0x00, 0xe8, 0x00, 0xb5, 0x01, 0x51, 0x01, 0x00, 0x00,
    0x46, 0x00, 0x0c, 0x01, 0x23, 0x00, 0x00, 0x00, 0x00, 0x00, 0x00, 0x00, 0x00, 0x00, 0x00, 0x00,
    0x00, 0x00, 0x00, 0x00, 0x00, 0x00, 0x00, 0x00, 0x00, 0x00, 0x00, 0x00, 0x00, 0x00, 0x33, 0x01,
    0xef, 0x00, 0x23, 0x00, 0x23, 0x00, 0x23, 0x00, 0x46, 0x00, 0x8a, 0x00, 0x23, 0x00, 0x23, 0x00,
    0x23, 0x00, 0x23, 0x00, 0x23, 0x00, 0x23, 0x00, 0x23, 0x00, 0x23, 0x00, 0x23, 0x00, 0x23, 0x00,
    0x23, 0x00, 0x23, 0x00, 0x23, 0x00, 0x23, 0x00, 0x23, 0x00, 0x23, 0x00, 0x23, 0x00, 0x23, 0x00,
    0x23, 0x00, 0x23, 0x00, 0x23, 0x00, 0x23, 0x00, 0x23, 0x00, 0x23, 0x00, 0x23, 0x00, 0x23, 0x00,
    0x23, 0x00, 0x23, 0x00, 0x23, 0x00, 0x23, 0x00, 0x23, 0x00, 0x23, 0x00, 0x23, 0x00, 0x23, 0x00,
    0x23, 0x00, 0x23, 0x00, 0x23, 0x00, 0x23, 0x00, 0x23, 0x00, 0x23, 0x00, 0x23, 0x00, 0x23, 0x00,
    0x23, 0x00, 0x23, 0x00, 0x23, 0x00, 0x23, 0x00, 0x23, 0x00, 0x23, 0x00, 0x23, 0x00, 0x23, 0x00,
    0x23, 0x00, 0x23, 0x00, 0x23, 0x00, 0x23, 0x00, 0x23, 0x00, 0x23, 0x00, 0x23, 0x00, 0x23, 0x00,
    0x23, 0x00, 0x23, 0x00, 0x23, 0x00, 0x23, 0x00, 0x23, 0x00, 0x23, 0x00, 0x23, 0x00, 0x23, 0x00,
    0x23, 0x00, 0x23, 0x00, 0x23, 0x00, 0x23, 0x00, 0x23, 0x00, 0x23, 0x00, 0x23, 0x00, 0x23, 0x00,
    0x23, 0x00, 0x23, 0x00, 0x23, 0x00, 0x23, 0x00, 0x23, 0x00, 0x23, 0x00, 0x23, 0x00, 0x23, 0x00,
    0x23, 0x00, 0x23, 0x00, 0x23, 0x00, 0x23, 0x00, 0x23, 0x00, 0x23, 0x00, 0x23, 0x00, 0x23, 0x00,
    0x23, 0x00, 0x23, 0x00, 0x23, 0x00, 0x23, 0x00, 0x23, 0x00, 0x23, 0x00, 0x23, 0x00, 0x23, 0x00,
    0x23, 0x00, 0x23, 0x00, 0x23, 0x00, 0x23, 0x00, 0x23, 0x00, 0x23, 0x00, 0x23, 0x00, 0x23, 0x00,
    0x23, 0x00, 0x23, 0x00, 0x23, 0x00, 0x23, 0x00, 0x23, 0x00, 0x23, 0x00, 0x23, 0x00, 0x23, 0x00,
    0x23, 0x00, 0x23, 0x00, 0x23, 0x00, 0x23, 0x00, 0x23, 0x00, 0x23, 0x00, 0x23, 0x00, 0x23, 0x00,
    0x23, 0x00, 0x23, 0x00, 0x23, 0x00, 0x23, 0x00, 0x23, 0x00, 0x23, 0x00, 0x23, 0x00, 0x23, 0x00,
    0x23, 0x00, 0x23, 0x00, 0x23, 0x00, 0x23, 0x00, 0x23, 0x00, 0x23, 0x00, 0x23, 0x00, 0x23, 0x00,
    0x23, 0x00, 0x23, 0x00, 0x23, 0x00, 0x23, 0x00, 0x23, 0x00, 0x23, 0x00, 0x23, 0x00, 0x23, 0x00,
    0x23, 0x00, 0x23, 0x00, 0x23, 0x00, 0x23, 0x00, 0x23, 0x00, 0x23, 0x00, 0x23, 0x00, 0x23, 0x00,
    0x23, 0x00, 0x23, 0x00, 0x23, 0x00, 0x23, 0x00, 0x23, 0x00, 0x23, 0x00, 0x23, 0x00, 0x23, 0x00,
    0x23, 0x00, 0x23, 0x00, 0x23, 0x00, 0x23, 0x00, 0x23, 0x00, 0x23, 0x00, 0x23, 0x00, 0x23, 0x00,
    0x23, 0x00, 0x23, 0x00, 0x23, 0x00, 0x23, 0x00, 0x23, 0x00, 0x23, 0x00, 0x23, 0x00, 0x23, 0x00,
    0x23, 0x00, 0x23, 0x00, 0x23, 0x00, 0x23, 0x00, 0x23, 0x00, 0x23, 0x00, 0x23, 0x00, 0x23, 0x00,
    0x23, 0x00, 0x23, 0x00, 0x23, 0x00, 0x23, 0x00, 0x23, 0x00, 0x23, 0x00, 0x23, 0x00, 0x23, 0x00,
    0x23, 0x00, 0x23, 0x00, 0x23, 0x00, 0x23, 0x00, 0x8a, 0x00, 0xe8, 0x00, 0x23, 0x00, 0x23, 0x00,
    0x23, 0x00, 0x51, 0x01, 0x51, 0x01, 0x00, 0x00, 0x00, 0x00, 0x00, 0x00, 0x00, 0x00, 0x00, 0x00,
    0x00, 0x00, 0x8a, 0x00, 0x8a, 0x00, 0x00, 0x00, 0xe8, 0x00, 0x19, 0x02, 0x51, 0x01, 0x00, 0x00,
    0x46, 0x00, 0x0c, 0x01, 0x23, 0x00, 0x00, 0x00, 0x00, 0x00, 0x00, 0x00, 0x00, 0x00, 0x00, 0x00,
    0x00, 0x00, 0x00, 0x00, 0x00, 0x00, 0x00, 0x00, 0x00, 0x00, 0x00, 0x00, 0x00, 0x00, 0x33, 0x01,
    0x51, 0x01, 0x23, 0x00, 0x23, 0x00, 0x23, 0x00, 0x46, 0x00, 0x8a, 0x00, 0x23, 0x00, 0x23, 0x00,
    0x23, 0x00, 0x23, 0x00, 0x23, 0x00, 0x23, 0x00, 0x23, 0x00, 0x23, 0x00, 0x23, 0x00, 0x23, 0x00,
    0x23, 0x00, 0x23, 0x00, 0x23, 0x00, 0x23, 0x00, 0x23, 0x00, 0x23, 0x00, 0x23, 0x00, 0x23, 0x00,
    0x23, 0x00, 0x23, 0x00, 0x23, 0x00, 0x23, 0x00, 0x23, 0x00, 0x23, 0x00, 0x23, 0x00, 0x23, 0x00,
    0x23, 0x00, 0x23, 0x00, 0x23, 0x00, 0x23, 0x00, 0x23, 0x00, 0x23, 0x00, 0x23, 0x00, 0x23, 0x00,
    0x23, 0x00, 0x23, 0x00, 0x23, 0x00, 0x23, 0x00, 0x23, 0x00, 0x23, 0x00, 0x23, 0x00, 0x23, 0x00,
    0x23, 0x00, 0x23, 0x00, 0x23, 0x00, 0x23, 0x00, 0x23, 0x00, 0x23, 0x00, 0x23, 0x00, 0x23, 0x00,
    0x23, 0x00, 0x23, 0x00, 0x23, 0x00, 0x23, 0x00, 0x23, 0x00, 0x23, 0x00, 0x23, 0x00, 0x23, 0x00,
    0x23, 0x00, 0x23, 0x00, 0x23, 0x00, 0x23, 0x00, 0x23, 0x00, 0x23, 0x00, 0x23, 0x00, 0x23, 0x00,
    0x23, 0x00, 0x23, 0x00, 0x23, 0x00, 0x23, 0x00, 0x23, 0x00, 0x23, 0x00, 0x23, 0x00, 0x23, 0x00,
    0x23, 0x00, 0x23, 0x00, 0x23, 0x00, 0x23, 0x00, 0x23, 0x00, 0x23, 0x00, 0x23, 0x00, 0x23, 0x00,
    0x23, 0x00, 0x23, 0x00, 0x23, 0x00, 0x23, 0x00, 0x23, 0x00, 0x23, 0x00, 0x23, 0x00, 0x23, 0x00,
    0x23, 0x00, 0x23, 0x00, 0x23, 0x00, 0x23, 0x00, 0x23, 0x00, 0x23, 0x00, 0x23, 0x00, 0x23, 0x00,
    0x23, 0x00, 0x23, 0x00, 0x23, 0x00, 0x23, 0x00, 0x23, 0x00, 0x23, 0x00, 0x23, 0x00, 0x23, 0x00,
    0x23, 0x00, 0x23, 0x00, 0x23, 0x00, 0x23, 0x00, 0x23, 0x00, 0x23, 0x00, 0x23, 0x00, 0x23, 0x00,
    0x23, 0x00, 0x23, 0x00, 0x23, 0x00, 0x23, 0x00, 0x23, 0x00, 0x23, 0x00, 0x23, 0x00, 0x23, 0x00,
    0x23, 0x00, 0x23, 0x00, 0x23, 0x00, 0x23, 0x00, 0x23, 0x00, 0x23, 0x00, 0x23, 0x00, 0x23, 0x00,
    0x23, 0x00, 0x23, 0x00, 0x23, 0x00, 0x23, 0x00, 0x23, 0x00, 0x23, 0x00, 0x23, 0x00, 0x23, 0x00,
    0x23, 0x00, 0x23, 0x00, 0x23, 0x00, 0x23, 0x00, 0x23, 0x00, 0x23, 0x00, 0x23, 0x00, 0x23, 0x00,
    0x23, 0x00, 0x23, 0x00, 0x23, 0x00, 0x23, 0x00, 0x23, 0x00, 0x23, 0x00, 0x23, 0x00, 0x23, 0x00,
    0x23, 0x00, 0x23, 0x00, 0x23, 0x00, 0x23, 0x00, 0x23, 0x00, 0x23, 0x00, 0x23, 0x00, 0x23, 0x00,
    0x23, 0x00, 0x23, 0x00, 0x23, 0x00, 0x23, 0x00, 0x23, 0x00, 0x23, 0x00, 0x23, 0x00, 0x23, 0x00,
    0x23, 0x00, 0x23, 0x00, 0x23, 0x00, 0x23, 0x00, 0x23, 0x00, 0x23, 0x00, 0x23, 0x00, 0x23, 0x00,
    0x23, 0x00, 0x23, 0x00, 0x23, 0x00, 0x23, 0x00, 0x23, 0x00, 0x23, 0x00, 0x23, 0x00, 0x23, 0x00,
    0x23, 0x00, 0x23, 0x00, 0x23, 0x00, 0x23, 0x00, 0x23, 0x00, 0x23, 0x00, 0x23, 0x00, 0x23, 0x00,
    0x23, 0x00, 0x23, 0x00, 0x23, 0x00, 0x23, 0x00, 0xe8, 0x00, 0xe8, 0x00, 0x23, 0x00, 0x23, 0x00,
    0x23, 0x00, 0x51, 0x01, 0x51, 0x01, 0x00, 0x00, 0x00, 0x00, 0x00, 0x00, 0x00, 0x00, 0x00, 0x00,
    0x00, 0x00, 0x8a, 0x00, 0xe8, 0x00, 0x00, 0x00, 0x00, 0x00, 0x00, 0x00, 0x00, 0x00, 0x00, 0x00,
    0x46, 0x00, 0x0c, 0x01, 0x23, 0x00, 0x00, 0x00, 0x00, 0x00, 0x00, 0x00, 0x00, 0x00, 0x00, 0x00,
    0x00, 0x00, 0x00, 0x00, 0x00, 0x00, 0x00, 0x00, 0x00, 0x00, 0x00, 0x00, 0x00, 0x00, 0x33, 0x01,
    0xef, 0x00, 0x23, 0x00, 0x23, 0x00, 0x23, 0x00, 0x46, 0x00, 0x8a, 0x00, 0x23, 0x00, 0x23, 0x00,
    0x23, 0x00, 0x23, 0x00, 0x23, 0x00, 0x23, 0x00, 0x23, 0x00, 0x23, 0x00, 0x23, 0x00, 0x23, 0x00,
    0x23, 0x00, 0x23, 0x00, 0x23, 0x00, 0x23, 0x00, 0x23, 0x00, 0x23, 0x00, 0x23, 0x00, 0x23, 0x00,
    0x23, 0x00, 0x23, 0x00, 0x23, 0x00, 0x23, 0x00, 0x23, 0x00, 0x23, 0x00, 0x23, 0x00, 0x23, 0x00,
    0x23, 0x00, 0x23, 0x00, 0x23, 0x00, 0x23, 0x00, 0x23, 0x00, 0x23, 0x00, 0x23, 0x00, 0x23, 0x00,
    0x23, 0x00, 0x23, 0x00, 0x23, 0x00, 0x23, 0x00, 0x23, 0x00, 0x23, 0x00, 0x23, 0x00, 0x23, 0x00,
    0x23, 0x00, 0x23, 0x00, 0x23, 0x00, 0x23, 0x00, 0x23, 0x00, 0x23, 0x00, 0x23, 0x00, 0x23, 0x00,
    0x23, 0x00, 0x23, 0x00, 0x23, 0x00, 0x23, 0x00, 0x23, 0x00, 0x23, 0x00, 0x23, 0x00, 0x23, 0x00,
    0x23, 0x00, 0x23, 0x00, 0x23, 0x00, 0x23, 0x00, 0x23, 0x00, 0x23, 0x00, 0x23, 0x00, 0x23, 0x00,
    0x23, 0x00, 0x23, 0x00, 0x23, 0x00, 0x23, 0x00, 0x23, 0x00, 0x23, 0x00, 0x23, 0x00, 0x23, 0x00,
    0x23, 0x00, 0x23, 0x00, 0x23, 0x00, 0x23, 0x00, 0x23, 0x00, 0x23, 0x00, 0x23, 0x00, 0x23, 0x00,
    0x23, 0x00, 0x23, 0x00, 0x23, 0x00, 0x23, 0x00, 0x23, 0x00, 0x23, 0x00, 0x23, 0x00, 0x23, 0x00,
    0x23, 0x00, 0x23, 0x00, 0x23, 0x00, 0x23, 0x00, 0x23, 0x00, 0x23, 0x00, 0x23, 0x00, 0x23, 0x00,
    0x23, 0x00, 0x23, 0x00, 0x23, 0x00, 0x23, 0x00, 0x23, 0x00, 0x23, 0x00, 0x23, 0x00, 0x23, 0x00,
    0x23, 0x00, 0x23, 0x00, 0x23, 0x00, 0x23, 0x00, 0x23, 0x00, 0x23, 0x00, 0x23, 0x00, 0x23, 0x00,
    0x23, 0x00, 0x23, 0x00, 0x23, 0x00, 0x23, 0x00, 0x23, 0x00, 0x23, 0x00, 0x23, 0x00, 0x23, 0x00,
    0x23, 0x00, 0x23, 0x00, 0x23, 0x00, 0x23, 0x00, 0x23, 0x00, 0x23, 0x00, 0x23, 0x00, 0x23, 0x00,
    0x23, 0x00, 0x23, 0x00, 0x23, 0x00, 0x23, 0x00, 0x23, 0x00, 0x23, 0x00, 0x23, 0x00, 0x23, 0x00,
    0x23, 0x00, 0x23, 0x00, 0x23, 0x00, 0x23, 0x00, 0x23, 0x00, 0x23, 0x00, 0x23, 0x00, 0x23, 0x00,
    0x23, 0x00, 0x23, 0x00, 0x23, 0x00, 0x23, 0x00, 0x23, 0x00, 0x23, 0x00, 0x23, 0x00, 0x23, 0x00,
    0x23, 0x00, 0x23, 0x00, 0x23, 0x00, 0x23, 0x00, 0x23, 0x00, 0x23, 0x00, 0x23, 0x00, 0x23, 0x00,
    0x23, 0x00, 0x23, 0x00, 0x23, 0x00, 0x23, 0x00, 0x23, 0x00, 0x23, 0x00, 0x23, 0x00, 0x23, 0x00,
    0x23, 0x00, 0x23, 0x00, 0x23, 0x00, 0x23, 0x00, 0x23, 0x00, 0x23, 0x00, 0x23, 0x00, 0x23, 0x00,
    0x23, 0x00, 0x23, 0x00, 0x23, 0x00, 0x23, 0x00, 0x23, 0x00, 0x23, 0x00, 0x23, 0x00, 0x23, 0x00,
    0x23, 0x00, 0x23, 0x00, 0x23, 0x00, 0x23, 0x00, 0x23, 0x00, 0x23, 0x00, 0x23, 0x00, 0x23, 0x00,
    0x23, 0x00, 0x23, 0x00, 0x23, 0x00, 0x23, 0x00, 0x8a, 0x00, 0xe8, 0x00, 0x23, 0x00, 0x23, 0x00,
    0x23, 0x00, 0x51, 0x01, 0xef, 0x00, 0x00, 0x00, 0x00, 0x00, 0x00, 0x00, 0x00, 0x00, 0x00, 0x00,
    0x00, 0x00, 0x8a, 0x00, 0xe8, 0x00, 0x00, 0x00, 0x00, 0x00, 0x00, 0x00, 0x00, 0x00, 0x00, 0x00,
    0x46, 0x00, 0x0c, 0x01, 0x23, 0x00, 0x00, 0x00, 0x00, 0x00, 0x00, 0x00, 0x00, 0x00, 0x00, 0x00,
    0x00, 0x00, 0x00, 0x00, 0x00, 0x00, 0x00, 0x00, 0x00, 0x00, 0x00, 0x00, 0x00, 0x00, 0x33, 0x01,
    0xef, 0x00, 0x23, 0x00, 0x23, 0x00, 0x23, 0x00, 0x46, 0x00, 0x8a, 0x00, 0x23, 0x00, 0x23, 0x00,
    0x23, 0x00, 0x23, 0x00, 0x23, 0x00, 0x23, 0x00, 0x23, 0x00, 0x23, 0x00, 0x23, 0x00, 0x23, 0x00,
    0x23, 0x00, 0x23, 0x00, 0x23, 0x00, 0x23, 0x00, 0x23, 0x00, 0x23, 0x00, 0x23, 0x00, 0x23, 0x00,
    0x23, 0x00, 0x23, 0x00, 0x23, 0x00, 0x23, 0x00, 0x23, 0x00, 0x23, 0x00, 0x23, 0x00, 0x23, 0x00,
    0x23, 0x00, 0x23, 0x00, 0x23, 0x00, 0x23, 0x00, 0x23, 0x00, 0x23, 0x00, 0x23, 0x00, 0x23, 0x00,
    0x23, 0x00, 0x23, 0x00, 0x23, 0x00, 0x23, 0x00, 0x23, 0x00, 0x23, 0x00, 0x23, 0x00, 0x23, 0x00,
    0x23, 0x00, 0x23, 0x00, 0x23, 0x00, 0x23, 0x00, 0x23, 0x00, 0x23, 0x00, 0x23, 0x00, 0x23, 0x00,
    0x23, 0x00, 0x23, 0x00, 0x23, 0x00, 0x23, 0x00, 0x23, 0x00, 0x23, 0x00, 0x23, 0x00, 0x23, 0x00,
    0x23, 0x00, 0x23, 0x00, 0x23, 0x00, 0x23, 0x00, 0x23, 0x00, 0x23, 0x00, 0x23, 0x00, 0x23, 0x00,
    0x23, 0x00, 0x23, 0x00, 0x23, 0x00, 0x23, 0x00, 0x23, 0x00, 0x23, 0x00, 0x23, 0x00, 0x23, 0x00,
    0x23, 0x00, 0x23, 0x00, 0x23, 0x00, 0x23, 0x00, 0x23, 0x00, 0x23, 0x00, 0x23, 0x00, 0x23, 0x00,
    0x23, 0x00, 0x23, 0x00, 0x23, 0x00, 0x23, 0x00, 0x23, 0x00, 0x23, 0x00, 0x23, 0x00, 0x23, 0x00,
    0x23, 0x00, 0x23, 0x00, 0x23, 0x00, 0x23, 0x00, 0x23, 0x00, 0x23, 0x00, 0x23, 0x00, 0x23, 0x00,
    0x23, 0x00, 0x23, 0x00, 0x23, 0x00, 0x23, 0x00, 0x23, 0x00, 0x23, 0x00, 0x23, 0x00, 0x23, 0x00,
    0x23, 0x00, 0x23, 0x00, 0x23, 0x00, 0x23, 0x00, 0x23, 0x00, 0x23, 0x00, 0x23, 0x00, 0x23, 0x00,
    0x23, 0x00, 0x23, 0x00, 0x23, 0x00, 0x23, 0x00, 0x23, 0x00, 0x23, 0x00, 0x23, 0x00, 0x23, 0x00,
    0x23, 0x00, 0x23, 0x00, 0x23, 0x00, 0x23, 0x00, 0x23, 0x00, 0x23, 0x00, 0x23, 0x00, 0x23, 0x00,
    0x23, 0x00, 0x23, 0x00, 0x23, 0x00, 0x23, 0x00, 0x23, 0x00, 0x23, 0x00, 0x23, 0x00, 0x23, 0x00,
    0x23, 0x00, 0x23, 0x00, 0x23, 0x00, 0x23, 0x00, 0x23, 0x00, 0x23, 0x00, 0x23, 0x00, 0x23, 0x00,
    0x23, 0x00, 0x23, 0x00, 0x23, 0x00, 0x23, 0x00, 0x23, 0x00, 0x23, 0x00, 0x23, 0x00, 0x23, 0x00,
    0x23, 0x00, 0x23, 0x00, 0x23, 0x00, 0x23, 0x00, 0x23, 0x00, 0x23, 0x00, 0x23, 0x00, 0x23, 0x00,
    0x23, 0x00, 0x23, 0x00, 0x23, 0x00, 0x23, 0x00, 0x23, 0x00, 0x23, 0x00, 0x23, 0x00, 0x23, 0x00,
    0x23, 0x00, 0x23, 0x00, 0x23, 0x00, 0x23, 0x00, 0x23, 0x00, 0x23, 0x00, 0x23, 0x00, 0x23, 0x00,
    0x23, 0x00, 0x23, 0x00, 0x23, 0x00, 0x23, 0x00, 0x23, 0x00, 0x23, 0x00, 0x23, 0x00, 0x23, 0x00,
    0x23, 0x00, 0x23, 0x00, 0x23, 0x00, 0x23, 0x00, 0x23, 0x00, 0x23, 0x00, 0x23, 0x00, 0x23, 0x00,
    0x23, 0x00, 0x23, 0x00, 0x23, 0x00, 0x23, 0x00, 0xe8, 0x00, 0x46, 0x00, 0x23, 0x00, 0x23, 0x00,
    0x23, 0x00, 0x51, 0x01, 0xef, 0x00, 0x00, 0x00, 0x00, 0x00, 0x00, 0x00, 0x00, 0x00, 0x00, 0x00,
    0x00, 0x00, 0x8a, 0x00, 0xe8, 0x00, 0x00, 0x00, 0x00, 0x00, 0x00, 0x00, 0x00, 0x00, 0x00, 0x00,
    0x46, 0x00, 0x0c, 0x01, 0x23, 0x00, 0x00, 0x00, 0x00, 0x00, 0x00, 0x00, 0x00, 0x00, 0x00, 0x00,
    0x00, 0x00, 0x00, 0x00, 0x00, 0x00, 0x00, 0x00, 0x00, 0x00, 0x00, 0x00, 0x00, 0x00, 0x51, 0x01,
    0xef, 0x00, 0x23, 0x00, 0x23, 0x00, 0x23, 0x00, 0x46, 0x00, 0x8a, 0x00, 0x23, 0x00, 0x23, 0x00,
    0x23, 0x00, 0x23, 0x00, 0x23, 0x00, 0x23, 0x00, 0x23, 0x00, 0x23, 0x00, 0x23, 0x00, 0x23, 0x00,
    0x23, 0x00, 0x23, 0x00, 0x23, 0x00, 0x23, 0x00, 0x23, 0x00, 0x23, 0x00, 0x23, 0x00, 0x23, 0x00,
    0x23, 0x00, 0x23, 0x00, 0x23, 0x00, 0x23, 0x00, 0x23, 0x00, 0x23, 0x00, 0x23, 0x00, 0x23, 0x00,
    0x23, 0x00, 0x23, 0x00, 0x23, 0x00, 0x23, 0x00, 0x23, 0x00, 0x23, 0x00, 0x23, 0x00, 0x23, 0x00,
    0x23, 0x00, 0x23, 0x00, 0x23, 0x00, 0x23, 0x00, 0x23, 0x00, 0x23, 0x00, 0x23, 0x00, 0x23, 0x00,
    0x23, 0x00, 0x23, 0x00, 0x23, 0x00, 0x23, 0x00, 0x23, 0x00, 0x23, 0x00, 0x23, 0x00, 0x23, 0x00,
    0x23, 0x00, 0x23, 0x00, 0x23, 0x00, 0x23, 0x00, 0x23, 0x00, 0x23, 0x00, 0x23, 0x00, 0x23, 0x00,
    0x23, 0x00, 0x23, 0x00, 0x23, 0x00, 0x23, 0x00, 0x23, 0x00, 0x23, 0x00, 0x23, 0x00, 0x23, 0x00,
    0x23, 0x00, 0x23, 0x00, 0x23, 0x00, 0x23, 0x00, 0x23, 0x00, 0x23, 0x00, 0x23, 0x00, 0x23, 0x00,
    0x23, 0x00, 0x23, 0x00, 0x23, 0x00, 0x23, 0x00, 0x23, 0x00, 0x23, 0x00, 0x23, 0x00, 0x23, 0x00,
    0x23, 0x00, 0x23, 0x00, 0x23, 0x00, 0x23, 0x00, 0x23, 0x00, 0x23, 0x00, 0x23, 0x00, 0x23, 0x00,
    0x23, 0x00, 0x23, 0x00, 0x23, 0x00, 0x23, 0x00, 0x23, 0x00, 0x23, 0x00, 0x23, 0x00, 0x23, 0x00,
    0x23, 0x00, 0x23, 0x00, 0x23, 0x00, 0x23, 0x00, 0x23, 0x00, 0x23, 0x00, 0x23, 0x00, 0x23, 0x00,
    0x23, 0x00, 0x23, 0x00, 0x23, 0x00, 0x23, 0x00, 0x23, 0x00, 0x23, 0x00, 0x23, 0x00, 0x23, 0x00,
    0x23, 0x00, 0x23, 0x00, 0x23, 0x00, 0x23, 0x00, 0x23, 0x00, 0x23, 0x00, 0x23, 0x00, 0x23, 0x00,
    0x23, 0x00, 0x23, 0x00, 0x23, 0x00, 0x23, 0x00, 0x23, 0x00, 0x23, 0x00, 0x23, 0x00, 0x23, 0x00,
    0x23, 0x00, 0x23, 0x00, 0x23, 0x00, 0x23, 0x00, 0x23, 0x00, 0x23, 0x00, 0x23, 0x00, 0x23, 0x00,
    0x23, 0x00, 0x23, 0x00, 0x23, 0x00, 0x23, 0x00, 0x23, 0x00, 0x23, 0x00, 0x23, 0x00, 0x23, 0x00,
    0x23, 0x00, 0x23, 0x00, 0x23, 0x00, 0x23, 0x00, 0x23, 0x00, 0x23, 0x00, 0x23, 0x00, 0x23, 0x00,
    0x23, 0x00, 0x23, 0x00, 0x23, 0x00, 0x23, 0x00, 0x23, 0x00, 0x23, 0x00, 0x23, 0x00, 0x23, 0x00,
    0x23, 0x00, 0x23, 0x00, 0x23, 0x00, 0x23, 0x00, 0x23, 0x00, 0x23, 0x00, 0x23, 0x00, 0x23, 0x00,
    0x23, 0x00, 0x23, 0x00, 0x23, 0x00, 0x23, 0x00, 0x23, 0x00, 0x23, 0x00, 0x23, 0x00, 0x23, 0x00,
    0x23, 0x00, 0x23, 0x00, 0x23, 0x00, 0x23, 0x00, 0x23, 0x00, 0x23, 0x00, 0x23, 0x00, 0x23, 0x00,
    0x23, 0x00, 0x23, 0x00, 0x23, 0x00, 0x23, 0x00, 0x23, 0x00, 0x23, 0x00, 0x23, 0x00, 0x23, 0x00,
    0x23, 0x00, 0x23, 0x00, 0x23, 0x00, 0x23, 0x00, 0x8a, 0x00, 0xe8, 0x00, 0x23, 0x00, 0x23, 0x00,
    0x23, 0x00, 0xef, 0x00, 0xef, 0x00, 0x00, 0x00, 0x00, 0x00, 0x00, 0x00, 0x00, 0x00, 0x00, 0x00,
    0x00, 0x00, 0x8a, 0x00, 0xe8, 0x00, 0x00, 0x00, 0x23, 0x00, 0x51, 0x01, 0x0c, 0x01, 0x00, 0x00,
    0x46, 0x00, 0x0c, 0x01, 0x23, 0x00, 0x00, 0x00, 0x00, 0x00, 0x00, 0x00, 0x00, 0x00, 0x00, 0x00,
    0x00, 0x00, 0x00, 0x00, 0x00, 0x00, 0x00, 0x00, 0x00, 0x00, 0x00, 0x00, 0x00, 0x00, 0x51, 0x01,
    0xef, 0x00, 0x23, 0x00, 0x23, 0x00, 0x23, 0x00, 0x46, 0x00, 0x8a, 0x00, 0x23, 0x00, 0x23, 0x00,
    0x23, 0x00, 0x23, 0x00, 0x23, 0x00, 0x23, 0x00, 0x23, 0x00, 0x23, 0x00, 0x23, 0x00, 0x23, 0x00,
    0x23, 0x00, 0x23, 0x00, 0x23, 0x00, 0x23, 0x00, 0x23, 0x00, 0x23, 0x00, 0x23, 0x00, 0x23, 0x00,
    0x23, 0x00, 0x23, 0x00, 0x23, 0x00, 0x23, 0x00, 0x23, 0x00, 0x23, 0x00, 0x23, 0x00, 0x23, 0x00,
    0x23, 0x00, 0x23, 0x00, 0x23, 0x00, 0x23, 0x00, 0x23, 0x00, 0x23, 0x00, 0x23, 0x00, 0x23, 0x00,
    0x23, 0x00, 0x23, 0x00, 0x23, 0x00, 0x23, 0x00, 0x23, 0x00, 0x23, 0x00, 0x23, 0x00, 0x23, 0x00,
    0x23, 0x00, 0x23, 0x00, 0x23, 0x00, 0x23, 0x00, 0x23, 0x00, 0x23, 0x00, 0x23, 0x00, 0x23, 0x00,
    0x23, 0x00, 0x23, 0x00, 0x23, 0x00, 0x23, 0x00, 0x23, 0x00, 0x23, 0x00, 0x23, 0x00, 0x23, 0x00,
    0x23, 0x00, 0x23, 0x00, 0x23, 0x00, 0x23, 0x00, 0x23, 0x00, 0x23, 0x00, 0x23, 0x00, 0x23, 0x00,
    0x23, 0x00, 0x23, 0x00, 0x23, 0x00, 0x23, 0x00, 0x23, 0x00, 0x23, 0x00, 0x23, 0x00, 0x23, 0x00,
    0x23, 0x00, 0x23, 0x00, 0x23, 0x00, 0x23, 0x00, 0x23, 0x00, 0x23, 0x00, 0x23, 0x00, 0x23, 0x00,
    0x23, 0x00, 0x23, 0x00, 0x23, 0x00, 0x23, 0x00, 0x23, 0x00, 0x23, 0x00, 0x23, 0x00, 0x23, 0x00,
    0x23, 0x00, 0x23, 0x00, 0x23, 0x00, 0x23, 0x00, 0x23, 0x00, 0x23, 0x00, 0x23, 0x00, 0x23, 0x00,
    0x23, 0x00, 0x23, 0x00, 0x23, 0x00, 0x23, 0x00, 0x23, 0x00, 0x23, 0x00, 0x23, 0x00, 0x23, 0x00,
    0x23, 0x00, 0x23, 0x00, 0x23, 0x00, 0x23, 0x00, 0x23, 0x00, 0x23, 0x00, 0x23, 0x00, 0x23, 0x00,
    0x23, 0x00, 0x23, 0x00, 0x23, 0x00, 0x23, 0x00, 0x23, 0x00, 0x23, 0x00, 0x23, 0x00, 0x23, 0x00,
    0x23, 0x00, 0x23, 0x00, 0x23, 0x00, 0x23, 0x00, 0x23, 0x00, 0x23, 0x00, 0x23, 0x00, 0x23, 0x00,
    0x23, 0x00, 0x23, 0x00, 0x23, 0x00, 0x23, 0x00, 0x23, 0x00, 0x23, 0x00, 0x23, 0x00, 0x23, 0x00,
    0x23, 0x00, 0x23, 0x00, 0x23, 0x00, 0x23, 0x00, 0x23, 0x00, 0x23, 0x00, 0x23, 0x00, 0x23, 0x00,
    0x23, 0x00, 0x23, 0x00, 0x23, 0x00, 0x23, 0x00, 0x23, 0x00, 0x23, 0x00, 0x23, 0x00, 0x23, 0x00,
    0x23, 0x00, 0x23, 0x00, 0x23, 0x00, 0x23, 0x00, 0x23, 0x00, 0x23, 0x00, 0x23, 0x00, 0x23, 0x00,
    0x23, 0x00, 0x23, 0x00, 0x23, 0x00, 0x23, 0x00, 0x23, 0x00, 0x23, 0x00, 0x23, 0x00, 0x23, 0x00,
    0x23, 0x00, 0x23, 0x00, 0x23, 0x00, 0x23, 0x00, 0x23, 0x00, 0x23, 0x00, 0x23, 0x00, 0x23, 0x00,
    0x23, 0x00, 0x23, 0x00, 0x23, 0x00, 0x23, 0x00, 0x23, 0x00, 0x23, 0x00, 0x23, 0x00, 0x23, 0x00,
    0x23, 0x00, 0x23, 0x00, 0x23, 0x00, 0x23, 0x00, 0x23, 0x00, 0x23, 0x00, 0x23, 0x00, 0x23, 0x00,
    0x23, 0x00, 0x23, 0x00, 0x23, 0x00, 0x23, 0x00, 0x8a, 0x00, 0xe8, 0x00, 0x23, 0x00, 0x23, 0x00,
    0x23, 0x00, 0xef, 0x00, 0xef, 0x00, 0x00, 0x00, 0x00, 0x00, 0x00, 0x00, 0x00, 0x00, 0x00, 0x00,
    0x00, 0x00, 0x8a, 0x00, 0xe8, 0x00, 0x00, 0x00, 0x46, 0x00, 0xb5, 0x01, 0x33, 0x01, 0x00, 0x00,
    0x46, 0x00, 0x0c, 0x01, 0x23, 0x00, 0x00, 0x00, 0x00, 0x00, 0x00, 0x00, 0x00, 0x00, 0x00, 0x00,
    0x00, 0x00, 0x00, 0x00, 0x00, 0x00, 0x00, 0x00, 0x00, 0x00, 0x00, 0x00, 0x00, 0x00, 0x51, 0x01,
    0xef, 0x00, 0x23, 0x00, 0x23, 0x00, 0x23, 0x00, 0x46, 0x00, 0x8a, 0x00, 0x23, 0x00, 0x23, 0x00,
    0x23, 0x00, 0x23, 0x00, 0x23, 0x00, 0x23, 0x00, 0x23, 0x00, 0x23, 0x00, 0x23, 0x00, 0x23, 0x00,
    0x23, 0x00, 0x23, 0x00, 0x23, 0x00, 0x23, 0x00, 0x23, 0x00, 0x23, 0x00, 0x23, 0x00, 0x23, 0x00,
    0x23, 0x00, 0x23, 0x00, 0x23, 0x00, 0x23, 0x00, 0x23, 0x00, 0x23, 0x00, 0x23, 0x00, 0x23, 0x00,
    0x23, 0x00, 0x23, 0x00, 0x23, 0x00, 0x23, 0x00, 0x23, 0x00, 0x23, 0x00, 0x23, 0x00, 0x23, 0x00,
    0x23, 0x00, 0x23, 0x00, 0x23, 0x00, 0x23, 0x00, 0x23, 0x00, 0x23, 0x00, 0x23, 0x00, 0x23, 0x00,
    0x23, 0x00, 0x23, 0x00, 0x23, 0x00, 0x23, 0x00, 0x23, 0x00, 0x23, 0x00, 0x23, 0x00, 0x23, 0x00,
    0x23, 0x00, 0x23, 0x00, 0x23, 0x00, 0x23, 0x00, 0x23, 0x00, 0x23, 0x00, 0x23, 0x00, 0x23, 0x00,
    0x23, 0x00, 0x23, 0x00, 0x23, 0x00, 0x23, 0x00, 0x23, 0x00, 0x23, 0x00, 0x23, 0x00, 0x23, 0x00,
    0x23, 0x00, 0x23, 0x00, 0x23, 0x00, 0x23, 0x00, 0x23, 0x00, 0x23, 0x00, 0x23, 0x00, 0x23, 0x00,
    0x23, 0x00, 0x23, 0x00, 0x23, 0x00, 0x23, 0x00, 0x23, 0x00, 0x23, 0x00, 0x23, 0x00, 0x23, 0x00,
    0x23, 0x00, 0x23, 0x00, 0x23, 0x00, 0x23, 0x00, 0x23, 0x00, 0x23, 0x00, 0x23, 0x00, 0x23, 0x00,
    0x23, 0x00, 0x23, 0x00, 0x23, 0x00, 0x23, 0x00, 0x23, 0x00, 0x23, 0x00, 0x23, 0x00, 0x23, 0x00,
    0x23, 0x00, 0x23, 0x00, 0x23, 0x00, 0x23, 0x00, 0x23, 0x00, 0x23, 0x00, 0x23, 0x00, 0x23, 0x00,
    0x23, 0x00, 0x23, 0x00, 0x23, 0x00, 0x23, 0x00, 0x23, 0x00, 0x23, 0x00, 0x23, 0x00, 0x23, 0x00,
    0x23, 0x00, 0x23, 0x00, 0x23, 0x00, 0x23, 0x00, 0x23, 0x00, 0x23, 0x00, 0x23, 0x00, 0x23, 0x00,
    0x23, 0x00, 0x23, 0x00, 0x23, 0x00, 0x23, 0x00, 0x23, 0x00, 0x23, 0x00, 0x23, 0x00, 0x23, 0x00,
    0x23, 0x00, 0x23, 0x00, 0x23, 0x00, 0x23, 0x00, 0x23, 0x00, 0x23, 0x00, 0x23, 0x00, 0x23, 0x00,
    0x23, 0x00, 0x23, 0x00, 0x23, 0x00, 0x23, 0x00, 0x23, 0x00, 0x23, 0x00, 0x23, 0x00, 0x23, 0x00,
    0x23, 0x00, 0x23, 0x00, 0x23, 0x00, 0x23, 0x00, 0x23, 0x00, 0x23, 0x00, 0x23, 0x00, 0x23, 0x00,
    0x23, 0x00, 0x23, 0x00, 0x23, 0x00, 0x23, 0x00, 0x23, 0x00, 0x23, 0x00, 0x23, 0x00, 0x23, 0x00,
    0x23, 0x00, 0x23, 0x00, 0x23, 0x00, 0x23, 0x00, 0x23, 0x00, 0x23, 0x00, 0x23, 0x00, 0x23, 0x00,
    0x23, 0x00, 0x23, 0x00, 0x23, 0x00, 0x23, 0x00, 0x23, 0x00, 0x23, 0x00, 0x23, 0x00, 0x23, 0x00,
    0x23, 0x00, 0x23, 0x00, 0x23, 0x00, 0x23, 0x00, 0x23, 0x00, 0x23, 0x00, 0x23, 0x00, 0x23, 0x00,
    0x23, 0x00, 0x23, 0x00, 0x23, 0x00, 0x23, 0x00, 0x23, 0x00, 0x23, 0x00, 0x23, 0x00, 0x23, 0x00,
    0x23, 0x00, 0x23, 0x00, 0x23, 0x00, 0x23, 0x00, 0x8a, 0x00, 0x8a, 0x00, 0x23, 0x00, 0x23, 0x00,
    0x23, 0x00, 0xef, 0x00, 0xef, 0x00, 0x00, 0x00, 0x00, 0x00, 0x00, 0x00, 0x00, 0x00, 0x00, 0x00,
    0x00, 0x00, 0x8a, 0x00, 0xe8, 0x00, 0x00, 0x00, 0x46, 0x00, 0xb5, 0x01, 0x33, 0x01, 0x00, 0x00,
    0x46, 0x00, 0x0c, 0x01, 0x23, 0x00, 0x00, 0x00, 0x00, 0x00, 0x00, 0x00, 0x00, 0x00, 0x00, 0x00,
    0x00, 0x00, 0x00, 0x00, 0x00, 0x00, 0x00, 0x00, 0x00, 0x00, 0x00, 0x00, 0x00, 0x00, 0x51, 0x01,
    0xef, 0x00, 0x23, 0x00, 0x23, 0x00, 0x23, 0x00, 0x46, 0x00, 0x8a, 0x00, 0x23, 0x00, 0x23, 0x00,
    0x23, 0x00, 0x23, 0x00, 0x23, 0x00, 0x23, 0x00, 0x23, 0x00, 0x23, 0x00, 0x23, 0x00, 0x23, 0x00,
    0x23, 0x00, 0x23, 0x00, 0x23, 0x00, 0x23, 0x00, 0x23, 0x00, 0x23, 0x00, 0x23, 0x00, 0x23, 0x00,
    0x23, 0x00, 0x23, 0x00, 0x23, 0x00, 0x23, 0x00, 0x23, 0x00, 0x23, 0x00, 0x23, 0x00, 0x23, 0x00,
    0x23, 0x00, 0x23, 0x00, 0x23, 0x00, 0x23, 0x00, 0x23, 0x00, 0x23, 0x00, 0x23, 0x00, 0x23, 0x00,
    0x23, 0x00, 0x23, 0x00, 0x23, 0x00, 0x23, 0x00, 0x23, 0x00, 0x23, 0x00, 0x23, 0x00, 0x23, 0x00,
    0x23, 0x00, 0x23, 0x00, 0x23, 0x00, 0x23, 0x00, 0x23, 0x00, 0x23, 0x00, 0x23, 0x00, 0x23, 0x00,
    0x23, 0x00, 0x23, 0x00, 0x23, 0x00, 0x23, 0x00, 0x23, 0x00, 0x23, 0x00, 0x23, 0x00, 0x23, 0x00,
    0x23, 0x00, 0x23, 0x00, 0x23, 0x00, 0x23, 0x00, 0x23, 0x00, 0x23, 0x00, 0x23, 0x00, 0x23, 0x00,
    0x23, 0x00, 0x23, 0x00, 0x23, 0x00, 0x23, 0x00, 0x23, 0x00, 0x23, 0x00, 0x23, 0x00, 0x23, 0x00,
    0x23, 0x00, 0x23, 0x00, 0x23, 0x00, 0x23, 0x00, 0x23, 0x00, 0x23, 0x00, 0x23, 0x00, 0x23, 0x00,
    0x23, 0x00, 0x23, 0x00, 0x23, 0x00, 0x23, 0x00, 0x23, 0x00, 0x23, 0x00, 0x23, 0x00, 0x23, 0x00,
    0x23, 0x00, 0x23, 0x00, 0x23, 0x00, 0x23, 0x00, 0x23, 0x00, 0x23, 0x00, 0x23, 0x00, 0x23, 0x00,
    0x23, 0x00, 0x23, 0x00, 0x23, 0x00, 0x23, 0x00, 0x23, 0x00, 0x23, 0x00, 0x23, 0x00, 0x23, 0x00,
    0x23, 0x00, 0x23, 0x00, 0x23, 0x00, 0x23, 0x00, 0x23, 0x00, 0x23, 0x00, 0x23, 0x00, 0x23, 0x00,
    0x23, 0x00, 0x23, 0x00, 0x23, 0x00, 0x23, 0x00, 0x23, 0x00, 0x23, 0x00, 0x23, 0x00, 0x23, 0x00,
    0x23, 0x00, 0x23, 0x00, 0x23, 0x00, 0x23, 0x00, 0x23, 0x00, 0x23, 0x00, 0x23, 0x00, 0x23, 0x00,
    0x23, 0x00, 0x23, 0x00, 0x23, 0x00, 0x23, 0x00, 0x23, 0x00, 0x23, 0x00, 0x23, 0x00, 0x23, 0x00,
    0x23, 0x00, 0x23, 0x00, 0x23, 0x00, 0x23, 0x00, 0x23, 0x00, 0x23, 0x00, 0x23, 0x00, 0x23, 0x00,
    0x23, 0x00, 0x23, 0x00, 0x23, 0x00, 0x23, 0x00, 0x23, 0x00, 0x23, 0x00, 0x23, 0x00, 0x23, 0x00,
    0x23, 0x00, 0x23, 0x00, 0x23, 0x00, 0x23, 0x00, 0x23, 0x00, 0x23, 0x00, 0x23, 0x00, 0x23, 0x00,
    0x23, 0x00, 0x23, 0x00, 0x23, 0x00, 0x23, 0x00, 0x23, 0x00, 0x23, 0x00, 0x23, 0x00, 0x23, 0x00,
    0x23, 0x00, 0x23, 0x00, 0x23, 0x00, 0x23, 0x00, 0x23, 0x00, 0x23, 0x00, 0x23, 0x00, 0x23, 0x00,
    0x23, 0x00, 0x23, 0x00, 0x23, 0x00, 0x23, 0x00, 0x23, 0x00, 0x23, 0x00, 0x23, 0x00, 0x23, 0x00,
    0x23, 0x00, 0x23, 0x00, 0x23, 0x00, 0x23, 0x00, 0x23, 0x00, 0x23, 0x00, 0x23, 0x00, 0x23, 0x00,
    0x23, 0x00, 0x23, 0x00, 0x23, 0x00, 0x23, 0x00, 0x8a, 0x00, 0xe8, 0x00, 0x23, 0x00, 0x23, 0x00,
    0x23, 0x00, 0xef, 0x00, 0xef, 0x00, 0x00, 0x00, 0x00, 0x00, 0x00, 0x00, 0x00, 0x00, 0x00, 0x00,
    0x00, 0x00, 0x8a, 0x00, 0xe8, 0x00, 0x00, 0x00, 0xe8, 0x00, 0x57, 0x01, 0x33, 0x01, 0x00, 0x00,
    0x46, 0x00, 0x0c, 0x01, 0x23, 0x00, 0x00, 0x00, 0x00, 0x00, 0x00, 0x00, 0x00, 0x00, 0x00, 0x00,
    0x00, 0x00, 0x00, 0x00, 0x00, 0x00, 0x00, 0x00, 0x00, 0x00, 0x00, 0x00, 0x00, 0x00, 0x51, 0x01,
    0xef, 0x00, 0x23, 0x00, 0x23, 0x00, 0x23, 0x00, 0x46, 0x00, 0x8a, 0x00, 0x23, 0x00, 0x23, 0x00,
    0x23, 0x00, 0x23, 0x00, 0x23, 0x00, 0x23, 0x00, 0x23, 0x00, 0x23, 0x00, 0x23, 0x00, 0x23, 0x00,
    0x23, 0x00, 0x23, 0x00, 0x23, 0x00, 0x23, 0x00, 0x23, 0x00, 0x23, 0x00, 0x23, 0x00, 0x23, 0x00,
    0x23, 0x00, 0x23, 0x00, 0x23, 0x00, 0x23, 0x00, 0x23, 0x00, 0x23, 0x00, 0x23, 0x00, 0x23, 0x00,
    0x23, 0x00, 0x23, 0x00, 0x23, 0x00, 0x23, 0x00, 0x23, 0x00, 0x23, 0x00, 0x23, 0x00, 0x23, 0x00,
    0x23, 0x00, 0x23, 0x00, 0x23, 0x00, 0x23, 0x00, 0x23, 0x00, 0x23, 0x00, 0x23, 0x00, 0x23, 0x00,
    0x23, 0x00, 0x23, 0x00, 0x23, 0x00, 0x23, 0x00, 0x23, 0x00, 0x23, 0x00, 0x23, 0x00, 0x23, 0x00,
    0x23, 0x00, 0x23, 0x00, 0x23, 0x00, 0x23, 0x00, 0x23, 0x00, 0x23, 0x00, 0x23, 0x00, 0x23, 0x00,
    0x23, 0x00, 0x23, 0x00, 0x23, 0x00, 0x23, 0x00, 0x23, 0x00, 0x23, 0x00, 0x23, 0x00, 0x23, 0x00,
    0x23, 0x00, 0x23, 0x00, 0x23, 0x00, 0x23, 0x00, 0x23, 0x00, 0x23, 0x00, 0x23, 0x00, 0x23, 0x00,
    0x23, 0x00, 0x23, 0x00, 0x23, 0x00, 0x23, 0x00, 0x23, 0x00, 0x23, 0x00, 0x23, 0x00, 0x23, 0x00,
    0x23, 0x00, 0x23, 0x00, 0x23, 0x00, 0x23, 0x00, 0x23, 0x00, 0x23, 0x00, 0x23, 0x00, 0x23, 0x00,
    0x23, 0x00, 0x23, 0x00, 0x23, 0x00, 0x23, 0x00, 0x23, 0x00, 0x23, 0x00, 0x23, 0x00, 0x23, 0x00,
    0x23, 0x00, 0x23, 0x00, 0x23, 0x00, 0x23, 0x00, 0x23, 0x00, 0x23, 0x00, 0x23, 0x00, 0x23, 0x00,
    0x23, 0x00, 0x23, 0x00, 0x23, 0x00, 0x23, 0x00, 0x23, 0x00, 0x23, 0x00, 0x23, 0x00, 0x23, 0x00,
    0x23, 0x00, 0x23, 0x00, 0x23, 0x00, 0x23, 0x00, 0x23, 0x00, 0x23, 0x00, 0x23, 0x00, 0x23, 0x00,
    0x23, 0x00, 0x23, 0x00, 0x23, 0x00, 0x23, 0x00, 0x23, 0x00, 0x23, 0x00, 0x23, 0x00, 0x23, 0x00,
    0x23, 0x00, 0x23, 0x00, 0x23, 0x00, 0x23, 0x00, 0x23, 0x00, 0x23, 0x00, 0x23, 0x00, 0x23, 0x00,
    0x23, 0x00, 0x23, 0x00, 0x23, 0x00, 0x23, 0x00, 0x23, 0x00, 0x23, 0x00, 0x23, 0x00, 0x23, 0x00,
    0x23, 0x00, 0x23, 0x00, 0x23, 0x00, 0x23, 0x00, 0x23, 0x00, 0x23, 0x00, 0x23, 0x00, 0x23, 0x00,
    0x23, 0x00, 0x23, 0x00, 0x23, 0x00, 0x23, 0x00, 0x23, 0x00, 0x23, 0x00, 0x23, 0x00, 0x23, 0x00,
    0x23, 0x00, 0x23, 0x00, 0x23, 0x00, 0x23, 0x00, 0x23, 0x00, 0x23, 0x00, 0x23, 0x00, 0x23, 0x00,
    0x23, 0x00, 0x23, 0x00, 0x23, 0x00, 0x23, 0x00, 0x23, 0x00, 0x23, 0x00, 0x23, 0x00, 0x23, 0x00,
    0x23, 0x00, 0x23, 0x00, 0x23, 0x00, 0x23, 0x00, 0x23, 0x00, 0x23, 0x00, 0x23, 0x00, 0x23, 0x00,
    0x23, 0x00, 0x23, 0x00, 0x23, 0x00, 0x23, 0x00, 0x23, 0x00, 0x23, 0x00, 0x23, 0x00, 0x23, 0x00,
    0x23, 0x00, 0x23, 0x00, 0x23, 0x00, 0x23, 0x00, 0x8a, 0x00, 0xe8, 0x00, 0x23, 0x00, 0x23, 0x00,
    0x23, 0x00, 0xef, 0x00, 0x51, 0x01, 0x00, 0x00, 0x00, 0x00, 0x00, 0x00, 0x00, 0x00, 0x00, 0x00,
    0x00, 0x00, 0x8a, 0x00, 0x8a, 0x00, 0x00, 0x00, 0xe8, 0x00, 0x19, 0x02, 0x51, 0x01, 0x00, 0x00,
    0x46, 0x00, 0x0c, 0x01, 0x23, 0x00, 0x00, 0x00, 0x00, 0x00, 0x00, 0x00, 0x00, 0x00, 0x00, 0x00,
    0x00, 0x00, 0x00, 0x00, 0x00, 0x00, 0x00, 0x00, 0x00, 0x00, 0x00, 0x00, 0x00, 0x00, 0x51, 0x01,
    0xef, 0x00, 0x23, 0x00, 0x23, 0x00, 0x23, 0x00, 0x46, 0x00, 0x8a, 0x00, 0x23, 0x00, 0x23, 0x00,
    0x23, 0x00, 0x23, 0x00, 0x23, 0x00, 0x23, 0x00, 0x23, 0x00, 0x23, 0x00, 0x23, 0x00, 0x23, 0x00,
    0x23, 0x00, 0x23, 0x00, 0x23, 0x00, 0x23, 0x00, 0x23, 0x00, 0x23, 0x00, 0x23, 0x00, 0x23, 0x00,
    0x23, 0x00, 0x23, 0x00, 0x23, 0x00, 0x23, 0x00, 0x23, 0x00, 0x23, 0x00, 0x23, 0x00, 0x23, 0x00,
    0x23, 0x00, 0x23, 0x00, 0x23, 0x00, 0x23, 0x00, 0x23, 0x00, 0x23, 0x00, 0x23, 0x00, 0x23, 0x00,
    0x23, 0x00, 0x23, 0x00, 0x23, 0x00, 0x23, 0x00, 0x23, 0x00, 0x23, 0x00, 0x23, 0x00, 0x23, 0x00,
    0x23, 0x00, 0x23, 0x00, 0x23, 0x00, 0x23, 0x00, 0x23, 0x00, 0x23, 0x00, 0x23, 0x00, 0x23, 0x00,
    0x23, 0x00, 0x23, 0x00, 0x23, 0x00, 0x23, 0x00, 0x23, 0x00, 0x23, 0x00, 0x23, 0x00, 0x23, 0x00,
    0x23, 0x00, 0x23, 0x00, 0x23, 0x00, 0x23, 0x00, 0x23, 0x00, 0x23, 0x00, 0x23, 0x00, 0x23, 0x00,
    0x23, 0x00, 0x23, 0x00, 0x23, 0x00, 0x23, 0x00, 0x23, 0x00, 0x23, 0x00, 0x23, 0x00, 0x23, 0x00,
    0x23, 0x00, 0x23, 0x00, 0x23, 0x00, 0x23, 0x00, 0x23, 0x00, 0x23, 0x00, 0x23, 0x00, 0x23, 0x00,
    0x23, 0x00, 0x23, 0x00, 0x23, 0x00, 0x23, 0x00, 0x23, 0x00, 0x23, 0x00, 0x23, 0x00, 0x23, 0x00,
    0x23, 0x00, 0x23, 0x00, 0x23, 0x00, 0x23, 0x00, 0x23, 0x00, 0x23, 0x00, 0x23, 0x00, 0x23, 0x00,
    0x23, 0x00, 0x23, 0x00, 0x23, 0x00, 0x23, 0x00, 0x23, 0x00, 0x23, 0x00, 0x23, 0x00, 0x23, 0x00,
    0x23, 0x00, 0x23, 0x00, 0x23, 0x00, 0x23, 0x00, 0x23, 0x00, 0x23, 0x00, 0x23, 0x00, 0x23, 0x00,
    0x23, 0x00, 0x23, 0x00, 0x23, 0x00, 0x23, 0x00, 0x23, 0x00, 0x23, 0x00, 0x23, 0x00, 0x23, 0x00,
    0x23, 0x00, 0x23, 0x00, 0x23, 0x00, 0x23, 0x00, 0x23, 0x00, 0x23, 0x00, 0x23, 0x00, 0x23, 0x00,
    0x23, 0x00, 0x23, 0x00, 0x23, 0x00, 0x23, 0x00, 0x23, 0x00, 0x23, 0x00, 0x23, 0x00, 0x23, 0x00,
    0x23, 0x00, 0x23, 0x00, 0x23, 0x00, 0x23, 0x00, 0x23, 0x00, 0x23, 0x00, 0x23, 0x00, 0x23, 0x00,
    0x23, 0x00, 0x23, 0x00, 0x23, 0x00, 0x23, 0x00, 0x23, 0x00, 0x23, 0x00, 0x23, 0x00, 0x23, 0x00,
    0x23, 0x00, 0x23, 0x00, 0x23, 0x00, 0x23, 0x00, 0x23, 0x00, 0x23, 0x00, 0x23, 0x00, 0x23, 0x00,
    0x23, 0x00, 0x23, 0x00, 0x23, 0x00, 0x23, 0x00, 0x23, 0x00, 0x23, 0x00, 0x23, 0x00, 0x23, 0x00,
    0x23, 0x00, 0x23, 0x00, 0x23, 0x00, 0x23, 0x00, 0x23, 0x00, 0x23, 0x00, 0x23, 0x00, 0x23, 0x00,
    0x23, 0x00, 0x23, 0x00, 0x23, 0x00, 0x23, 0x00, 0x23, 0x00, 0x23, 0x00, 0x23, 0x00, 0x23, 0x00,
    0x23, 0x00, 0x23, 0x00, 0x23, 0x00, 0x23, 0x00, 0x23, 0x00, 0x23, 0x00, 0x23, 0x00, 0x23, 0x00,
    0x23, 0x00, 0x23, 0x00, 0x23, 0x00, 0x23, 0x00, 0x8a, 0x00, 0xe8, 0x00, 0x23, 0x00, 0x23, 0x00,
    0x23, 0x00, 0x51, 0x01, 0x51, 0x01, 0x00, 0x00, 0x00, 0x00, 0x00, 0x00, 0x00, 0x00, 0x00, 0x00,
    0x00, 0x00, 0x8a, 0x00, 0xe8, 0x00, 0x00, 0x00, 0x23, 0x00, 0x8a, 0x00, 0x46, 0x00, 0x00, 0x00,
    0x46, 0x00, 0x0c, 0x01, 0x23, 0x00, 0x00, 0x00, 0x00, 0x00, 0x00, 0x00, 0x00, 0x00, 0x00, 0x00,
    0x00, 0x00, 0x00, 0x00, 0x00, 0x00, 0x00, 0x00, 0x00, 0x00, 0x00, 0x00, 0x00, 0x00, 0x51, 0x01,
    0xef, 0x00, 0x23, 0x00, 0x23, 0x00, 0x23, 0x00, 0x46, 0x00, 0x8a, 0x00, 0x23, 0x00, 0x23, 0x00,
    0x23, 0x00, 0x23, 0x00, 0x23, 0x00, 0x23, 0x00, 0x23, 0x00, 0x23, 0x00, 0x23, 0x00, 0x23, 0x00,
    0x23, 0x00, 0x23, 0x00, 0x23, 0x00, 0x23, 0x00, 0x23, 0x00, 0x23, 0x00, 0x23, 0x00, 0x23, 0x00,
    0x23, 0x00, 0x23, 0x00, 0x23, 0x00, 0x23, 0x00, 0x23, 0x00, 0x23, 0x00, 0x23, 0x00, 0x23, 0x00,
    0x23, 0x00, 0x23, 0x00, 0x23, 0x00, 0x23, 0x00, 0x23, 0x00, 0x23, 0x00, 0x23, 0x00, 0x23, 0x00,
    0x23, 0x00, 0x23, 0x00, 0x23, 0x00, 0x23, 0x00, 0x23, 0x00, 0x23, 0x00, 0x23, 0x00, 0x23, 0x00,
    0x23, 0x00, 0x23, 0x00, 0x23, 0x00, 0x23, 0x00, 0x23, 0x00, 0x23, 0x00, 0x23, 0x00, 0x23, 0x00,
    0x23, 0x00, 0x23, 0x00, 0x23, 0x00, 0x23, 0x00, 0x23, 0x00, 0x23, 0x00, 0x23, 0x00, 0x23, 0x00,
    0x23, 0x00, 0x23, 0x00, 0x23, 0x00, 0x23, 0x00, 0x23, 0x00, 0x23, 0x00, 0x23, 0x00, 0x23, 0x00,
    0x23, 0x00, 0x23, 0x00, 0x23, 0x00, 0x23, 0x00, 0x23, 0x00, 0x23, 0x00, 0x23, 0x00, 0x23, 0x00,
    0x23, 0x00, 0x23, 0x00, 0x23, 0x00, 0x23, 0x00, 0x23, 0x00, 0x23, 0x00, 0x23, 0x00, 0x23, 0x00,
    0x23, 0x00, 0x23, 0x00, 0x23, 0x00, 0x23, 0x00, 0x23, 0x00, 0x23, 0x00, 0x23, 0x00, 0x23, 0x00,
    0x23, 0x00, 0x23, 0x00, 0x23, 0x00, 0x23, 0x00, 0x23, 0x00, 0x23, 0x00, 0x23, 0x00, 0x23, 0x00,
    0x23, 0x00, 0x23, 0x00, 0x23, 0x00, 0x23, 0x00, 0x23, 0x00, 0x23, 0x00, 0x23, 0x00, 0x23, 0x00,
    0x23, 0x00, 0x23, 0x00, 0x23, 0x00, 0x23, 0x00, 0x23, 0x00, 0x23, 0x00, 0x23, 0x00, 0x23, 0x00,
    0x23, 0x00, 0x23, 0x00, 0x23, 0x00, 0x23, 0x00, 0x23, 0x00, 0x23, 0x00, 0x23, 0x00, 0x23, 0x00,
    0x23, 0x00, 0x23, 0x00, 0x23, 0x00, 0x23, 0x00, 0x23, 0x00, 0x23, 0x00, 0x23, 0x00, 0x23, 0x00,
    0x23, 0x00, 0x23, 0x00, 0x23, 0x00, 0x23, 0x00, 0x23, 0x00, 0x23, 0x00, 0x23, 0x00, 0x23, 0x00,
    0x23, 0x00, 0x23, 0x00, 0x23, 0x00, 0x23, 0x00, 0x23, 0x00, 0x23, 0x00, 0x23, 0x00, 0x23, 0x00,
    0x23, 0x00, 0x23, 0x00, 0x23, 0x00, 0x23, 0x00, 0x23, 0x00, 0x23, 0x00, 0x23, 0x00, 0x23, 0x00,
    0x23, 0x00, 0x23, 0x00, 0x23, 0x00, 0x23, 0x00, 0x23, 0x00, 0x23, 0x00, 0x23, 0x00, 0x23, 0x00,
    0x23, 0x00, 0x23, 0x00, 0x23, 0x00, 0x23, 0x00, 0x23, 0x00, 0x23, 0x00, 0x23, 0x00, 0x23, 0x00,
    0x23, 0x00, 0x23, 0x00, 0x23, 0x00, 0x23, 0x00, 0x23, 0x00, 0x23, 0x00, 0x23, 0x00, 0x23, 0x00,
    0x23, 0x00, 0x23, 0x00, 0x23, 0x00, 0x23, 0x00, 0x23, 0x00, 0x23, 0x00, 0x23, 0x00, 0x23, 0x00,
    0x23, 0x00, 0x23, 0x00, 0x23, 0x00, 0x23, 0x00, 0x23, 0x00, 0x23, 0x00, 0x23, 0x00, 0x23, 0x00,
    0x23, 0x00, 0x23, 0x00, 0x23, 0x00, 0x23, 0x00, 0x8a, 0x00, 0xe8, 0x00, 0x23, 0x00, 0x23, 0x00,
    0x23, 0x00, 0xef, 0x00, 0x51, 0x01, 0x00, 0x00, 0x00, 0x00, 0x00, 0x00, 0x00, 0x00, 0x00, 0x00,
    0x00, 0x00, 0x8a, 0x00, 0xe8, 0x00, 0x00, 0x00, 0x00, 0x00, 0x23, 0x00, 0x00, 0x00, 0x00, 0x00,
    0x46, 0x00, 0x0c, 0x01, 0x23, 0x00, 0x00, 0x00, 0x00, 0x00, 0x00, 0x00, 0x00, 0x00, 0x00, 0x00,
    0x00, 0x00, 0x00, 0x00, 0x00, 0x00, 0x00, 0x00, 0x00, 0x00, 0x00, 0x00, 0x00, 0x00, 0x51, 0x01,
    0x51, 0x01, 0x23, 0x00, 0x23, 0x00, 0x23, 0x00, 0x46, 0x00, 0x8a, 0x00, 0x23, 0x00, 0x23, 0x00,
    0x23, 0x00, 0x23, 0x00, 0x23, 0x00, 0x23, 0x00, 0x23, 0x00, 0x23, 0x00, 0x23, 0x00, 0x23, 0x00,
    0x23, 0x00, 0x23, 0x00, 0x23, 0x00, 0x23, 0x00, 0x23, 0x00, 0x23, 0x00, 0x23, 0x00, 0x23, 0x00,
    0x23, 0x00, 0x23, 0x00, 0x23, 0x00, 0x23, 0x00, 0x23, 0x00, 0x23, 0x00, 0x23, 0x00, 0x23, 0x00,
    0x23, 0x00, 0x23, 0x00, 0x23, 0x00, 0x23, 0x00, 0x23, 0x00, 0x23, 0x00, 0x23, 0x00, 0x23, 0x00,
    0x23, 0x00, 0x23, 0x00, 0x23, 0x00, 0x23, 0x00, 0x23, 0x00, 0x23, 0x00, 0x23, 0x00, 0x23, 0x00,
    0x23, 0x00, 0x23, 0x00, 0x23, 0x00, 0x23, 0x00, 0x23, 0x00, 0x23, 0x00, 0x23, 0x00, 0x23, 0x00,
    0x23, 0x00, 0x23, 0x00, 0x23, 0x00, 0x23, 0x00, 0x23, 0x00, 0x23, 0x00, 0x23, 0x00, 0x23, 0x00,
    0x23, 0x00, 0x23, 0x00, 0x23, 0x00, 0x23, 0x00, 0x23, 0x00, 0x23, 0x00, 0x23, 0x00, 0x23, 0x00,
    0x23, 0x00, 0x23, 0x00, 0x23, 0x00, 0x23, 0x00, 0x23, 0x00, 0x23, 0x00, 0x23, 0x00, 0x23, 0x00,
    0x23, 0x00, 0x23, 0x00, 0x23, 0x00, 0x23, 0x00, 0x23, 0x00, 0x23, 0x00, 0x23, 0x00, 0x23, 0x00,
    0x23, 0x00, 0x23, 0x00, 0x23, 0x00, 0x23, 0x00, 0x23, 0x00, 0x23, 0x00, 0x23, 0x00, 0x23, 0x00,
    0x23, 0x00, 0x23, 0x00, 0x23, 0x00, 0x23, 0x00, 0x23, 0x00, 0x23, 0x00, 0x23, 0x00, 0x23, 0x00,
    0x23, 0x00, 0x23, 0x00, 0x23, 0x00, 0x23, 0x00, 0x23, 0x00, 0x23, 0x00, 0x23, 0x00, 0x23, 0x00,
    0x23, 0x00, 0x23, 0x00, 0x23, 0x00, 0x23, 0x00, 0x23, 0x00, 0x23, 0x00, 0x23, 0x00, 0x23, 0x00,
    0x23, 0x00, 0x23, 0x00, 0x23, 0x00, 0x23, 0x00, 0x23, 0x00, 0x23, 0x00, 0x23, 0x00, 0x23, 0x00,
    0x23, 0x00, 0x23, 0x00, 0x23, 0x00, 0x23, 0x00, 0x23, 0x00, 0x23, 0x00, 0x23, 0x00, 0x23, 0x00,
    0x23, 0x00, 0x23, 0x00, 0x23, 0x00, 0x23, 0x00, 0x23, 0x00, 0x23, 0x00, 0x23, 0x00, 0x23, 0x00,
    0x23, 0x00, 0x23, 0x00, 0x23, 0x00, 0x23, 0x00, 0x23, 0x00, 0x23, 0x00, 0x23, 0x00, 0x23, 0x00,
    0x23, 0x00, 0x23, 0x00, 0x23, 0x00, 0x23, 0x00, 0x23, 0x00, 0x23, 0x00, 0x23, 0x00, 0x23, 0x00,
    0x23, 0x00, 0x23, 0x00, 0x23, 0x00, 0x23, 0x00, 0x23, 0x00, 0x23, 0x00, 0x23, 0x00, 0x23, 0x00,
    0x23, 0x00, 0x23, 0x00, 0x23, 0x00, 0x23, 0x00, 0x23, 0x00, 0x23, 0x00, 0x23, 0x00, 0x23, 0x00,
    0x23, 0x00, 0x23, 0x00, 0x23, 0x00, 0x23, 0x00, 0x23, 0x00, 0x23, 0x00, 0x23, 0x00, 0x23, 0x00,
    0x23, 0x00, 0x23, 0x00, 0x23, 0x00, 0x23, 0x00, 0x23, 0x00, 0x23, 0x00, 0x23, 0x00, 0x23, 0x00,
    0x23, 0x00, 0x23, 0x00, 0x23, 0x00, 0x23, 0x00, 0x23, 0x00, 0x23, 0x00, 0x23, 0x00, 0x23, 0x00,
    0x23, 0x00, 0x23, 0x00, 0x23, 0x00, 0x23, 0x00, 0x8a, 0x00, 0x8a, 0x00, 0x23, 0x00, 0x23, 0x00,
    0x23, 0x00, 0xef, 0x00, 0x51, 0x01, 0x00, 0x00, 0x00, 0x00, 0x00, 0x00, 0x00, 0x00, 0x00, 0x00,
    0x00, 0x00, 0x8a, 0x00, 0xe8, 0x00, 0x00, 0x00, 0x00, 0x00, 0x00, 0x00, 0x00, 0x00, 0x00, 0x00,
    0x46, 0x00, 0x0c, 0x01, 0x23, 0x00, 0x00, 0x00, 0x00, 0x00, 0x00, 0x00, 0x00, 0x00, 0x00, 0x00,
    0x00, 0x00, 0x00, 0x00, 0x00, 0x00, 0x00, 0x00, 0x00, 0x00, 0x00, 0x00, 0x00, 0x00, 0x33, 0x01,
    0x51, 0x01, 0x23, 0x00, 0x23, 0x00, 0x23, 0x00, 0x46, 0x00, 0x8a, 0x00, 0x23, 0x00, 0x23, 0x00,
    0x23, 0x00, 0x23, 0x00, 0x23, 0x00, 0x23, 0x00, 0x23, 0x00, 0x23, 0x00, 0x23, 0x00, 0x23, 0x00,
    0x23, 0x00, 0x23, 0x00, 0x23, 0x00, 0x23, 0x00, 0x23, 0x00, 0x23, 0x00, 0x23, 0x00, 0x23, 0x00,
    0x23, 0x00, 0x23, 0x00, 0x23, 0x00, 0x23, 0x00, 0x23, 0x00, 0x23, 0x00, 0x23, 0x00, 0x23, 0x00,
    0x23, 0x00, 0x23, 0x00, 0x23, 0x00, 0x23, 0x00, 0x23, 0x00, 0x23, 0x00, 0x23, 0x00, 0x23, 0x00,
    0x23, 0x00, 0x23, 0x00, 0x23, 0x00, 0x23, 0x00, 0x23, 0x00, 0x23, 0x00, 0x23, 0x00, 0x23, 0x00,
    0x23, 0x00, 0x23, 0x00, 0x23, 0x00, 0x23, 0x00, 0x23, 0x00, 0x23, 0x00, 0x23, 0x00, 0x23, 0x00,
    0x23, 0x00, 0x23, 0x00, 0x23, 0x00, 0x23, 0x00, 0x23, 0x00, 0x23, 0x00, 0x23, 0x00, 0x23, 0x00,
    0x23, 0x00, 0x23, 0x00, 0x23, 0x00, 0x23, 0x00, 0x23, 0x00, 0x23, 0x00, 0x23, 0x00, 0x23, 0x00,
    0x23, 0x00, 0x23, 0x00, 0x23, 0x00, 0x23, 0x00, 0x23, 0x00, 0x23, 0x00, 0x23, 0x00, 0x23, 0x00,
    0x23, 0x00, 0x23, 0x00, 0x23, 0x00, 0x23, 0x00, 0x23, 0x00, 0x23, 0x00, 0x23, 0x00, 0x23, 0x00,
    0x23, 0x00, 0x23, 0x00, 0x23, 0x00, 0x23, 0x00, 0x23, 0x00, 0x23, 0x00, 0x23, 0x00, 0x23, 0x00,
    0x23, 0x00, 0x23, 0x00, 0x23, 0x00, 0x23, 0x00, 0x23, 0x00, 0x23, 0x00, 0x23, 0x00, 0x23, 0x00,
    0x23, 0x00, 0x23, 0x00, 0x23, 0x00, 0x23, 0x00, 0x23, 0x00, 0x23, 0x00, 0x23, 0x00, 0x23, 0x00,
    0x23, 0x00, 0x23, 0x00, 0x23, 0x00, 0x23, 0x00, 0x23, 0x00, 0x23, 0x00, 0x23, 0x00, 0x23, 0x00,
    0x23, 0x00, 0x23, 0x00, 0x23, 0x00, 0x23, 0x00, 0x23, 0x00, 0x23, 0x00, 0x23, 0x00, 0x23, 0x00,
    0x23, 0x00, 0x23, 0x00, 0x23, 0x00, 0x23, 0x00, 0x23, 0x00, 0x23, 0x00, 0x23, 0x00, 0x23, 0x00,
    0x23, 0x00, 0x23, 0x00, 0x23, 0x00, 0x23, 0x00, 0x23, 0x00, 0x23, 0x00, 0x23, 0x00, 0x23, 0x00,
    0x23, 0x00, 0x23, 0x00, 0x23, 0x00, 0x23, 0x00, 0x23, 0x00, 0x23, 0x00, 0x23, 0x00, 0x23, 0x00,
    0x23, 0x00, 0x23, 0x00, 0x23, 0x00, 0x23, 0x00, 0x23, 0x00, 0x23, 0x00, 0x23, 0x00, 0x23, 0x00,
    0x23, 0x00, 0x23, 0x00, 0x23, 0x00, 0x23, 0x00, 0x23, 0x00, 0x23, 0x00, 0x23, 0x00, 0x23, 0x00,
    0x23, 0x00, 0x23, 0x00, 0x23, 0x00, 0x23, 0x00, 0x23, 0x00, 0x23, 0x00, 0x23, 0x00, 0x23, 0x00,
    0x23, 0x00, 0x23, 0x00, 0x23, 0x00, 0x23, 0x00, 0x23, 0x00, 0x23, 0x00, 0x23, 0x00, 0x23, 0x00,
    0x23, 0x00, 0x23, 0x00, 0x23, 0x00, 0x23, 0x00, 0x23, 0x00, 0x23, 0x00, 0x23, 0x00, 0x23, 0x00,
    0x23, 0x00, 0x23, 0x00, 0x23, 0x00, 0x23, 0x00, 0x23, 0x00, 0x23, 0x00, 0x23, 0x00, 0x23, 0x00,
    0x23, 0x00, 0x23, 0x00, 0x23, 0x00, 0x23, 0x00, 0x8a, 0x00, 0xe8, 0x00, 0x23, 0x00, 0x23, 0x00,
    0x23, 0x00, 0x51, 0x01, 0x51, 0x01, 0x00, 0x00, 0x00, 0x00, 0x00, 0x00, 0x00, 0x00, 0x00, 0x00,
    0x00, 0x00, 0x8a, 0x00, 0xe8, 0x00, 0x00, 0x00, 0x23, 0x00, 0x0c, 0x01, 0xe8, 0x00, 0x00, 0x00,
    0x46, 0x00, 0x0c, 0x01, 0x23, 0x00, 0x00, 0x00, 0x00, 0x00, 0x00, 0x00, 0x00, 0x00, 0x00, 0x00,
    0x00, 0x00, 0x00, 0x00, 0x00, 0x00, 0x00, 0x00, 0x00, 0x00, 0x00, 0x00, 0x00, 0x00, 0x33, 0x01,
    0x51, 0x01, 0x23, 0x00, 0x23, 0x00, 0x23, 0x00, 0x46, 0x00, 0x8a, 0x00, 0x23, 0x00, 0x23, 0x00,
    0x23, 0x00, 0x23, 0x00, 0x23, 0x00, 0x23, 0x00, 0x23, 0x00, 0x23, 0x00, 0x23, 0x00, 0x23, 0x00,
    0x23, 0x00, 0x23, 0x00, 0x23, 0x00, 0x23, 0x00, 0x23, 0x00, 0x23, 0x00, 0x23, 0x00, 0x23, 0x00,
    0x23, 0x00, 0x23, 0x00, 0x23, 0x00, 0x23, 0x00, 0x23, 0x00, 0x23, 0x00, 0x23, 0x00, 0x23, 0x00,
    0x23, 0x00, 0x23, 0x00, 0x23, 0x00, 0x23, 0x00, 0x23, 0x00, 0x23, 0x00, 0x23, 0x00, 0x23, 0x00,
    0x23, 0x00, 0x23, 0x00, 0x23, 0x00, 0x23, 0x00, 0x23, 0x00, 0x23, 0x00, 0x23, 0x00, 0x23, 0x00,
    0x23, 0x00, 0x23, 0x00, 0x23, 0x00, 0x23, 0x00, 0x23, 0x00, 0x23, 0x00, 0x23, 0x00, 0x23, 0x00,
    0x23, 0x00, 0x23, 0x00, 0x23, 0x00, 0x23, 0x00, 0x23, 0x00, 0x23, 0x00, 0x23, 0x00, 0x23, 0x00,
    0x23, 0x00, 0x23, 0x00, 0x23, 0x00, 0x23, 0x00, 0x23, 0x00, 0x23, 0x00, 0x23, 0x00, 0x23, 0x00,
    0x23, 0x00, 0x23, 0x00, 0x23, 0x00, 0x23, 0x00, 0x23, 0x00, 0x23, 0x00, 0x23, 0x00, 0x23, 0x00,
    0x23, 0x00, 0x23, 0x00, 0x23, 0x00, 0x23, 0x00, 0x23, 0x00, 0x23, 0x00, 0x23, 0x00, 0x23, 0x00,
    0x23, 0x00, 0x23, 0x00, 0x23, 0x00, 0x23, 0x00, 0x23, 0x00, 0x23, 0x00, 0x23, 0x00, 0x23, 0x00,
    0x23, 0x00, 0x23, 0x00, 0x23, 0x00, 0x23, 0x00, 0x23, 0x00, 0x23, 0x00, 0x23, 0x00, 0x23, 0x00,
    0x23, 0x00, 0x23, 0x00, 0x23, 0x00, 0x23, 0x00, 0x23, 0x00, 0x23, 0x00, 0x23, 0x00, 0x23, 0x00,
    0x23, 0x00, 0x23, 0x00, 0x23, 0x00, 0x23, 0x00, 0x23, 0x00, 0x23, 0x00, 0x23, 0x00, 0x23, 0x00,
    0x23, 0x00, 0x23, 0x00, 0x23, 0x00, 0x23, 0x00, 0x23, 0x00, 0x23, 0x00, 0x23, 0x00, 0x23, 0x00,
    0x23, 0x00, 0x23, 0x00, 0x23, 0x00, 0x23, 0x00, 0x23, 0x00, 0x23, 0x00, 0x23, 0x00, 0x23, 0x00,
    0x23, 0x00, 0x23, 0x00, 0x23, 0x00, 0x23, 0x00, 0x23, 0x00, 0x23, 0x00, 0x23, 0x00, 0x23, 0x00,
    0x23, 0x00, 0x23, 0x00, 0x23, 0x00, 0x23, 0x00, 0x23, 0x00, 0x23, 0x00, 0x23, 0x00, 0x23, 0x00,
    0x23, 0x00, 0x23, 0x00, 0x23, 0x00, 0x23, 0x00, 0x23, 0x00, 0x23, 0x00, 0x23, 0x00, 0x23, 0x00,
    0x23, 0x00, 0x23, 0x00, 0x23, 0x00, 0x23, 0x00, 0x23, 0x00, 0x23, 0x00, 0x23, 0x00, 0x23, 0x00,
    0x23, 0x00, 0x23, 0x00, 0x23, 0x00, 0x23, 0x00, 0x23, 0x00, 0x23, 0x00, 0x23, 0x00, 0x23, 0x00,
    0x23, 0x00, 0x23, 0x00, 0x23, 0x00, 0x23, 0x00, 0x23, 0x00, 0x23, 0x00, 0x23, 0x00, 0x23, 0x00,
    0x23, 0x00, 0x23, 0x00, 0x23, 0x00, 0x23, 0x00, 0x23, 0x00, 0x23, 0x00, 0x23, 0x00, 0x23, 0x00,
    0x23, 0x00, 0x23, 0x00, 0x23, 0x00, 0x23, 0x00, 0x23, 0x00, 0x23, 0x00, 0x23, 0x00, 0x23, 0x00,
    0x23, 0x00, 0x23, 0x00, 0x23, 0x00, 0x23, 0x00, 0x8a, 0x00, 0xe8, 0x00, 0x23, 0x00, 0x23, 0x00,
    0x23, 0x00, 0x51, 0x01, 0x51, 0x01, 0x00, 0x00, 0x00, 0x00, 0x00, 0x00, 0x00, 0x00, 0x00, 0x00,
    0x00, 0x00, 0x8a, 0x00, 0xe8, 0x00, 0x00, 0x00, 0x46, 0x00, 0xb5, 0x01, 0x51, 0x01, 0x00, 0x00,
    0x46, 0x00, 0x0c, 0x01, 0x23, 0x00, 0x00, 0x00, 0x00, 0x00, 0x00, 0x00, 0x00, 0x00, 0x00, 0x00,
    0x00, 0x00, 0x00, 0x00, 0x00, 0x00, 0x00, 0x00, 0x00, 0x00, 0x00, 0x00, 0x00, 0x00, 0x33, 0x01,
    0x51, 0x01, 0x23, 0x00, 0x23, 0x00, 0x23, 0x00, 0x46, 0x00, 0x8a, 0x00, 0x23, 0x00, 0x23, 0x00,
    0x23, 0x00, 0x23, 0x00, 0x23, 0x00, 0x23, 0x00, 0x23, 0x00, 0x23, 0x00, 0x23, 0x00, 0x23, 0x00,
    0x23, 0x00, 0x23, 0x00, 0x23, 0x00, 0x23, 0x00, 0x23, 0x00, 0x23, 0x00, 0x23, 0x00, 0x23, 0x00,
    0x23, 0x00, 0x23, 0x00, 0x23, 0x00, 0x23, 0x00, 0x23, 0x00, 0x23, 0x00, 0x23, 0x00, 0x23, 0x00,
    0x23, 0x00, 0x23, 0x00, 0x23, 0x00, 0x23, 0x00, 0x23, 0x00, 0x23, 0x00, 0x23, 0x00, 0x23, 0x00,
    0x23, 0x00, 0x23, 0x00, 0x23, 0x00, 0x23, 0x00, 0x23, 0x00, 0x23, 0x00, 0x23, 0x00, 0x23, 0x00,
    0x23, 0x00, 0x23, 0x00, 0x23, 0x00, 0x23, 0x00, 0x23, 0x00, 0x23, 0x00, 0x23, 0x00, 0x23, 0x00,
    0x23, 0x00, 0x23, 0x00, 0x23, 0x00, 0x23, 0x00, 0x23, 0x00, 0x23, 0x00, 0x23, 0x00, 0x23, 0x00,
    0x23, 0x00, 0x23, 0x00, 0x23, 0x00, 0x23, 0x00, 0x23, 0x00, 0x23, 0x00, 0x23, 0x00, 0x23, 0x00,
    0x23, 0x00, 0x23, 0x00, 0x23, 0x00, 0x23, 0x00, 0x23, 0x00, 0x23, 0x00, 0x23, 0x00, 0x23, 0x00,
    0x23, 0x00, 0x23, 0x00, 0x23, 0x00, 0x23, 0x00, 0x23, 0x00, 0x23, 0x00, 0x23, 0x00, 0x23, 0x00,
    0x23, 0x00, 0x23, 0x00, 0x23, 0x00, 0x23, 0x00, 0x23, 0x00, 0x23, 0x00, 0x23, 0x00, 0x23, 0x00,
    0x23, 0x00, 0x23, 0x00, 0x23, 0x00, 0x23, 0x00, 0x23, 0x00, 0x23, 0x00, 0x23, 0x00, 0x23, 0x00,
    0x23, 0x00, 0x23, 0x00, 0x23, 0x00, 0x23, 0x00, 0x23, 0x00, 0x23, 0x00, 0x23, 0x00, 0x23, 0x00,
    0x23, 0x00, 0x23, 0x00, 0x23, 0x00, 0x23, 0x00, 0x23, 0x00, 0x23, 0x00, 0x23, 0x00, 0x23, 0x00,
    0x23, 0x00, 0x23, 0x00, 0x23, 0x00, 0x23, 0x00, 0x23, 0x00, 0x23, 0x00, 0x23, 0x00, 0x23, 0x00,
    0x23, 0x00, 0x23, 0x00, 0x23, 0x00, 0x23, 0x00, 0x23, 0x00, 0x23, 0x00, 0x23, 0x00, 0x23, 0x00,
    0x23, 0x00, 0x23, 0x00, 0x23, 0x00, 0x23, 0x00, 0x23, 0x00, 0x23, 0x00, 0x23, 0x00, 0x23, 0x00,
    0x23, 0x00, 0x23, 0x00, 0x23, 0x00, 0x23, 0x00, 0x23, 0x00, 0x23, 0x00, 0x23, 0x00, 0x23, 0x00,
    0x23, 0x00, 0x23, 0x00, 0x23, 0x00, 0x23, 0x00, 0x23, 0x00, 0x23, 0x00, 0x23, 0x00, 0x23, 0x00,
    0x23, 0x00, 0x23, 0x00, 0x23, 0x00, 0x23, 0x00, 0x23, 0x00, 0x23, 0x00, 0x23, 0x00, 0x23, 0x00,
    0x23, 0x00, 0x23, 0x00, 0x23, 0x00, 0x23, 0x00, 0x23, 0x00, 0x23, 0x00, 0x23, 0x00, 0x46, 0x00,
    0x46, 0x00, 0x23, 0x00, 0x46, 0x00, 0x46, 0x00, 0x46, 0x00, 0x46, 0x00, 0x46, 0x00, 0x46, 0x00,
    0x46, 0x00, 0x46, 0x00, 0x46, 0x00, 0x46, 0x00, 0x46, 0x00, 0x23, 0x00, 0x46, 0x00, 0x46, 0x00,
    0x46, 0x00, 0x23, 0x00, 0x23, 0x00, 0x23, 0x00, 0x0c, 0x01, 0x0c, 0x01, 0x23, 0x00, 0x23, 0x00,
    0x23, 0x00, 0x23, 0x00, 0x23, 0x00, 0x23, 0x00, 0xe8, 0x00, 0xe8, 0x00, 0x23, 0x00, 0x23, 0x00,
    0x23, 0x00, 0x51, 0x01, 0x51, 0x01, 0x00, 0x00, 0x00, 0x00, 0x00, 0x00, 0x00, 0x00, 0x00, 0x00,
    0x00, 0x00, 0x8a, 0x00, 0xe8, 0x00, 0x00, 0x00, 0x46, 0x00, 0xb5, 0x01, 0x51, 0x01, 0x00, 0x00,
    0x46, 0x00, 0x0c, 0x01, 0x23, 0x00, 0x00, 0x00, 0x00, 0x00, 0x00, 0x00, 0x00, 0x00, 0x00, 0x00,
    0x00, 0x00, 0x00, 0x00, 0x00, 0x00, 0x00, 0x00, 0x00, 0x00, 0x00, 0x00, 0x00, 0x00, 0x33, 0x01,
    0x51, 0x01, 0x23, 0x00, 0x23, 0x00, 0x23, 0x00, 0x46, 0x00, 0x8a, 0x00, 0x23, 0x00, 0x23, 0x00,
    0x23, 0x00, 0x23, 0x00, 0x23, 0x00, 0x23, 0x00, 0x23, 0x00, 0x23, 0x00, 0x23, 0x00, 0x23, 0x00,
    0x23, 0x00, 0x23, 0x00, 0x23, 0x00, 0x23, 0x00, 0x23, 0x00, 0x23, 0x00, 0x23, 0x00, 0x23, 0x00,
    0x23, 0x00, 0x23, 0x00, 0x23, 0x00, 0x23, 0x00, 0x23, 0x00, 0x23, 0x00, 0x23, 0x00, 0x23, 0x00,
    0x23, 0x00, 0x23, 0x00, 0x23, 0x00, 0x23, 0x00, 0x23, 0x00, 0x23, 0x00, 0x23, 0x00, 0x23, 0x00,
    0x23, 0x00, 0x23, 0x00, 0x23, 0x00, 0x23, 0x00, 0x23, 0x00, 0x23, 0x00, 0x23, 0x00, 0x23, 0x00,
    0x23, 0x00, 0x23, 0x00, 0x23, 0x00, 0x23, 0x00, 0x23, 0x00, 0x23, 0x00, 0x23, 0x00, 0x23, 0x00,
    0x23, 0x00, 0x23, 0x00, 0x23, 0x00, 0x23, 0x00, 0x23, 0x00, 0x23, 0x00, 0x23, 0x00, 0x23, 0x00,
    0x23, 0x00, 0x23, 0x00, 0x23, 0x00, 0x23, 0x00, 0x23, 0x00, 0x23, 0x00, 0x23, 0x00, 0x23, 0x00,
    0x23, 0x00, 0x23, 0x00, 0x23, 0x00, 0x23, 0x00, 0x23, 0x00, 0x23, 0x00, 0x23, 0x00, 0x23, 0x00,
    0x23, 0x00, 0x23, 0x00, 0x23, 0x00, 0x23, 0x00, 0x23, 0x00, 0x23, 0x00, 0x23, 0x00, 0x23, 0x00,
    0x23, 0x00, 0x23, 0x00, 0x23, 0x00, 0x23, 0x00, 0x23, 0x00, 0x23, 0x00, 0x23, 0x00, 0x23, 0x00,
    0x23, 0x00, 0x23, 0x00, 0x23, 0x00, 0x23, 0x00, 0x23, 0x00, 0x23, 0x00, 0x23, 0x00, 0x23, 0x00,
    0x23, 0x00, 0x23, 0x00, 0x23, 0x00, 0x23, 0x00, 0x23, 0x00, 0x23, 0x00, 0x23, 0x00, 0x23, 0x00,
    0x23, 0x00, 0x23, 0x00, 0x23, 0x00, 0x23, 0x00, 0x23, 0x00, 0x23, 0x00, 0x23, 0x00, 0x23, 0x00,
    0x23, 0x00, 0x23, 0x00, 0x23, 0x00, 0x23, 0x00, 0x23, 0x00, 0x23, 0x00, 0x23, 0x00, 0x23, 0x00,
    0x23, 0x00, 0x23, 0x00, 0x23, 0x00, 0x23, 0x00, 0x23, 0x00, 0x23, 0x00, 0x23, 0x00, 0x23, 0x00,
    0x23, 0x00, 0x23, 0x00, 0x23, 0x00, 0x23, 0x00, 0x23, 0x00, 0x23, 0x00, 0x23, 0x00, 0x23, 0x00,
    0x23, 0x00, 0x23, 0x00, 0x23, 0x00, 0x23, 0x00, 0x23, 0x00, 0x23, 0x00, 0x23, 0x00, 0x23, 0x00,
    0x23, 0x00, 0x23, 0x00, 0x23, 0x00, 0x23, 0x00, 0x23, 0x00, 0x23, 0x00, 0x23, 0x00, 0x23, 0x00,
    0x23, 0x00, 0x23, 0x00, 0x23, 0x00, 0x23, 0x00, 0x23, 0x00, 0x23, 0x00, 0x23, 0x00, 0x23, 0x00,
    0x23, 0x00, 0x23, 0x00, 0x23, 0x00, 0x23, 0x00, 0x23, 0x00, 0x23, 0x00, 0x46, 0x00, 0x8a, 0x00,
    0x8a, 0x00, 0xe8, 0x00, 0x8a, 0x00, 0x8a, 0x00, 0x8a, 0x00, 0xe8, 0x00, 0x8a, 0x00, 0x8a, 0x00,
    0x8a, 0x00, 0x8a, 0x00, 0x8a, 0x00, 0x8a, 0x00, 0x8a, 0x00, 0x8a, 0x00, 0x8a, 0x00, 0x8a, 0x00,
    0x8a, 0x00, 0xe8, 0x00, 0x8a, 0x00, 0x46, 0x00, 0x33, 0x01, 0x51, 0x01, 0x23, 0x00, 0x23, 0x00,
    0x23, 0x00, 0x23, 0x00, 0x23, 0x00, 0x23, 0x00, 0x8a, 0x00, 0x8a, 0x00, 0x23, 0x00, 0x23, 0x00,
    0x23, 0x00, 0x51, 0x01, 0x51, 0x01, 0x00, 0x00, 0x00, 0x00, 0x00, 0x00, 0x00, 0x00, 0x00, 0x00,
    0x00, 0x00, 0x8a, 0x00, 0xe8, 0x00, 0x00, 0x00, 0xe8, 0x00, 0xb5, 0x01, 0x51, 0x01, 0x00, 0x00,
    0x46, 0x00, 0x0c, 0x01, 0x23, 0x00, 0x00, 0x00, 0x00, 0x00, 0x00, 0x00, 0x00, 0x00, 0x00, 0x00,
    0x00, 0x00, 0x00, 0x00, 0x00, 0x00, 0x00, 0x00, 0x00, 0x00, 0x00, 0x00, 0x00, 0x00, 0x51, 0x01,
    0xef, 0x00, 0x23, 0x00, 0x23, 0x00, 0x23, 0x00, 0x46, 0x00, 0x8a, 0x00, 0x23, 0x00, 0x23, 0x00,
    0x23, 0x00, 0x23, 0x00, 0x23, 0x00, 0x23, 0x00, 0x23, 0x00, 0x23, 0x00, 0x23, 0x00, 0x23, 0x00,
    0x23, 0x00, 0x23, 0x00, 0x23, 0x00, 0x23, 0x00, 0x23, 0x00, 0x23, 0x00, 0x23, 0x00, 0x23, 0x00,
    0x23, 0x00, 0x23, 0x00, 0x23, 0x00, 0x23, 0x00, 0x23, 0x00, 0x23, 0x00, 0x23, 0x00, 0x23, 0x00,
    0x23, 0x00, 0x23, 0x00, 0x23, 0x00, 0x23, 0x00, 0x23, 0x00, 0x23, 0x00, 0x23, 0x00, 0x23, 0x00,
    0x23, 0x00, 0x23, 0x00, 0x23, 0x00, 0x23, 0x00, 0x23, 0x00, 0x23, 0x00, 0x23, 0x00, 0x23, 0x00,
    0x23, 0x00, 0x23, 0x00, 0x23, 0x00, 0x23, 0x00, 0x23, 0x00, 0x23, 0x00, 0x23, 0x00, 0x23, 0x00,
    0x23, 0x00, 0x23, 0x00, 0x23, 0x00, 0x23, 0x00, 0x23, 0x00, 0x23, 0x00, 0x23, 0x00, 0x23, 0x00,
    0x23, 0x00, 0x23, 0x00, 0x23, 0x00, 0x23, 0x00, 0x23, 0x00, 0x23, 0x00, 0x23, 0x00, 0x23, 0x00,
    0x23, 0x00, 0x23, 0x00, 0x23, 0x00, 0x23, 0x00, 0x23, 0x00, 0x23, 0x00, 0x23, 0x00, 0x23, 0x00,
    0x23, 0x00, 0x23, 0x00, 0x23, 0x00, 0x23, 0x00, 0x23, 0x00, 0x23, 0x00, 0x23, 0x00, 0x23, 0x00,
    0x23, 0x00, 0x23, 0x00, 0x23, 0x00, 0x23, 0x00, 0x23, 0x00, 0x23, 0x00, 0x23, 0x00, 0x23, 0x00,
    0x23, 0x00, 0x23, 0x00, 0x23, 0x00, 0x23, 0x00, 0x23, 0x00, 0x23, 0x00, 0x23, 0x00, 0x23, 0x00,
    0x23, 0x00, 0x23, 0x00, 0x23, 0x00, 0x23, 0x00, 0x23, 0x00, 0x23, 0x00, 0x23, 0x00, 0x23, 0x00,
    0x23, 0x00, 0x23, 0x00, 0x23, 0x00, 0x23, 0x00, 0x23, 0x00, 0x23, 0x00, 0x23, 0x00, 0x23, 0x00,
    0x23, 0x00, 0x23, 0x00, 0x23, 0x00, 0x23, 0x00, 0x23, 0x00, 0x23, 0x00, 0x23, 0x00, 0x23, 0x00,
    0x23, 0x00, 0x23, 0x00, 0x23, 0x00, 0x23, 0x00, 0x23, 0x00, 0x23, 0x00, 0x23, 0x00, 0x23, 0x00,
    0x23, 0x00, 0x23, 0x00, 0x23, 0x00, 0x23, 0x00, 0x23, 0x00, 0x23, 0x00, 0x23, 0x00, 0x23, 0x00,
    0x23, 0x00, 0x23, 0x00, 0x23, 0x00, 0x23, 0x00, 0x23, 0x00, 0x23, 0x00, 0x23, 0x00, 0x23, 0x00,
    0x23, 0x00, 0x23, 0x00, 0x23, 0x00, 0x23, 0x00, 0x23, 0x00, 0x23, 0x00, 0x23, 0x00, 0x23, 0x00,
    0x23, 0x00, 0x23, 0x00, 0x23, 0x00, 0x23, 0x00, 0x23, 0x00, 0x23, 0x00, 0x23, 0x00, 0x23, 0x00,
    0x23, 0x00, 0x23, 0x00, 0x23, 0x00, 0x23, 0x00, 0x23, 0x00, 0x8a, 0x00, 0x8a, 0x00, 0x23, 0x00,
    0x23, 0x00, 0x23, 0x00, 0x23, 0x00, 0x23, 0x00, 0x23, 0x00, 0x23, 0x00, 0x23, 0x00, 0x23, 0x00,
    0x23, 0x00, 0x23, 0x00, 0x23, 0x00, 0x23, 0x00, 0x23, 0x00, 0x23, 0x00, 0x23, 0x00, 0x23, 0x00,
    0x23, 0x00, 0x23, 0x00, 0x23, 0x00, 0x23, 0x00, 0x0c, 0x01, 0x0c, 0x01, 0x23, 0x00, 0x23, 0x00,
    0x23, 0x00, 0x23, 0x00, 0x23, 0x00, 0x23, 0x00, 0x8a, 0x00, 0x8a, 0x00, 0x23, 0x00, 0x23, 0x00,
    0x23, 0x00, 0x51, 0x01, 0x51, 0x01, 0x00, 0x00, 0x00, 0x00, 0x00, 0x00, 0x00, 0x00, 0x00, 0x00,
    0x00, 0x00, 0x8a, 0x00, 0xe8, 0x00, 0x00, 0x00, 0xe8, 0x00, 0x19, 0x02, 0x33, 0x01, 0x00, 0x00,
    0x46, 0x00, 0x0c, 0x01, 0x23, 0x00, 0x00, 0x00, 0x00, 0x00, 0x00, 0x00, 0x00, 0x00, 0x00, 0x00,
    0x00, 0x00, 0x00, 0x00, 0x00, 0x00, 0x00, 0x00, 0x00, 0x00, 0x00, 0x00, 0x00, 0x00, 0x51, 0x01,
    0xef, 0x00, 0x23, 0x00, 0x23, 0x00, 0x23, 0x00, 0x46, 0x00, 0x8a, 0x00, 0x23, 0x00, 0x23, 0x00,
    0x23, 0x00, 0x23, 0x00, 0x23, 0x00, 0x23, 0x00, 0x23, 0x00, 0x23, 0x00, 0x23, 0x00, 0x23, 0x00,
    0x23, 0x00, 0x23, 0x00, 0x23, 0x00, 0x23, 0x00, 0x23, 0x00, 0x23, 0x00, 0x23, 0x00, 0x23, 0x00,
    0x23, 0x00, 0x23, 0x00, 0x23, 0x00, 0x23, 0x00, 0x23, 0x00, 0x23, 0x00, 0x23, 0x00, 0x23, 0x00,
    0x23, 0x00, 0x23, 0x00, 0x23, 0x00, 0x23, 0x00, 0x23, 0x00, 0x23, 0x00, 0x23, 0x00, 0x23, 0x00,
    0x23, 0x00, 0x23, 0x00, 0x23, 0x00, 0x23, 0x00, 0x23, 0x00, 0x23, 0x00, 0x23, 0x00, 0x23, 0x00,
    0x23, 0x00, 0x23, 0x00, 0x23, 0x00, 0x23, 0x00, 0x23, 0x00, 0x23, 0x00, 0x23, 0x00, 0x23, 0x00,
    0x23, 0x00, 0x23, 0x00, 0x23, 0x00, 0x23, 0x00, 0x23, 0x00, 0x23, 0x00, 0x23, 0x00, 0x23, 0x00,
    0x23, 0x00, 0x23, 0x00, 0x23, 0x00, 0x23, 0x00, 0x23, 0x00, 0x23, 0x00, 0x23, 0x00, 0x23, 0x00,
    0x23, 0x00, 0x23, 0x00, 0x23, 0x00, 0x23, 0x00, 0x23, 0x00, 0x23, 0x00, 0x23, 0x00, 0x23, 0x00,
    0x23, 0x00, 0x23, 0x00, 0x23, 0x00, 0x23, 0x00, 0x23, 0x00, 0x23, 0x00, 0x23, 0x00, 0x23, 0x00,
    0x23, 0x00, 0x23, 0x00, 0x23, 0x00, 0x23, 0x00, 0x23, 0x00, 0x23, 0x00, 0x23, 0x00, 0x23, 0x00,
    0x23, 0x00, 0x23, 0x00, 0x23, 0x00, 0x23, 0x00, 0x23, 0x00, 0x23, 0x00, 0x23, 0x00, 0x23, 0x00,
    0x23, 0x00, 0x23, 0x00, 0x23, 0x00, 0x23, 0x00, 0x23, 0x00, 0x23, 0x00, 0x23, 0x00, 0x23, 0x00,
    0x23, 0x00, 0x23, 0x00, 0x23, 0x00, 0x23, 0x00, 0x23, 0x00, 0x23, 0x00, 0x23, 0x00, 0x23, 0x00,
    0x23, 0x00, 0x23, 0x00, 0x23, 0x00, 0x23, 0x00, 0x23, 0x00, 0x23, 0x00, 0x23, 0x00, 0x23, 0x00,
    0x23, 0x00, 0x23, 0x00, 0x23, 0x00, 0x23, 0x00, 0x23, 0x00, 0x23, 0x00, 0x23, 0x00, 0x23, 0x00,
    0x23, 0x00, 0x23, 0x00, 0x23, 0x00, 0x23, 0x00, 0x23, 0x00, 0x23, 0x00, 0x23, 0x00, 0x23, 0x00,
    0x23, 0x00, 0x23, 0x00, 0x23, 0x00, 0x23, 0x00, 0x23, 0x00, 0x23, 0x00, 0x23, 0x00, 0x23, 0x00,
    0x23, 0x00, 0x23, 0x00, 0x23, 0x00, 0x23, 0x00, 0x23, 0x00, 0x23, 0x00, 0x23, 0x00, 0x23, 0x00,
    0x23, 0x00, 0x23, 0x00, 0x23, 0x00, 0x23, 0x00, 0x23, 0x00, 0x23, 0x00, 0x23, 0x00, 0x23, 0x00,
    0x23, 0x00, 0x23, 0x00, 0x23, 0x00, 0x23, 0x00, 0xe8, 0x00, 0x46, 0x00, 0x23, 0x00, 0x23, 0x00,
    0x23, 0x00, 0x23, 0x00, 0x23, 0x00, 0x23, 0x00, 0x23, 0x00, 0x23, 0x00, 0x23, 0x00, 0x23, 0x00,
    0x23, 0x00, 0x23, 0x00, 0x23, 0x00, 0x23, 0x00, 0x23, 0x00, 0x23, 0x00, 0x23, 0x00, 0x23, 0x00,
    0x23, 0x00, 0x23, 0x00, 0x23, 0x00, 0x23, 0x00, 0x23, 0x00, 0x23, 0x00, 0x23, 0x00, 0x23, 0x00,
    0x23, 0x00, 0x23, 0x00, 0x23, 0x00, 0x23, 0x00, 0x8a, 0x00, 0xe8, 0x00, 0x23, 0x00, 0x23, 0x00,
    0x23, 0x00, 0x51, 0x01, 0x51, 0x01, 0x00, 0x00, 0x00, 0x00, 0x00, 0x00, 0x00, 0x00, 0x00, 0x00,
    0x00, 0x00, 0x8a, 0x00, 0xe8, 0x00, 0x00, 0x00, 0x46, 0x00, 0x51, 0x01, 0x0c, 0x01, 0x00, 0x00,
    0x46, 0x00, 0x0c, 0x01, 0x23, 0x00, 0x00, 0x00, 0x00, 0x00, 0x00, 0x00, 0x00, 0x00, 0x00, 0x00,
    0x00, 0x00, 0x00, 0x00, 0x00, 0x00, 0x00, 0x00, 0x00, 0x00, 0x00, 0x00, 0x00, 0x00, 0x51, 0x01,
    0xef, 0x00, 0x23, 0x00, 0x23, 0x00, 0x23, 0x00, 0x46, 0x00, 0x8a, 0x00, 0x23, 0x00, 0x23, 0x00,
    0x23, 0x00, 0x23, 0x00, 0x23, 0x00, 0x23, 0x00, 0x23, 0x00, 0x23, 0x00, 0x23, 0x00, 0x23, 0x00,
    0x23, 0x00, 0x23, 0x00, 0x23, 0x00, 0x23, 0x00, 0x23, 0x00, 0x23, 0x00, 0x23, 0x00, 0x23, 0x00,
    0x23, 0x00, 0x23, 0x00, 0x23, 0x00, 0x23, 0x00, 0x23, 0x00, 0x23, 0x00, 0x23, 0x00, 0x23, 0x00,
    0x23, 0x00, 0x23, 0x00, 0x23, 0x00, 0x23, 0x00, 0x23, 0x00, 0x23, 0x00, 0x23, 0x00, 0x23, 0x00,
    0x23, 0x00, 0x23, 0x00, 0x23, 0x00, 0x23, 0x00, 0x23, 0x00, 0x23, 0x00, 0x23, 0x00, 0x23, 0x00,
    0x23, 0x00, 0x23, 0x00, 0x23, 0x00, 0x23, 0x00, 0x23, 0x00, 0x23, 0x00, 0x23, 0x00, 0x23, 0x00,
    0x23, 0x00, 0x23, 0x00, 0x23, 0x00, 0x23, 0x00, 0x23, 0x00, 0x23, 0x00, 0x23, 0x00, 0x23, 0x00,
    0x23, 0x00, 0x23, 0x00, 0x23, 0x00, 0x23, 0x00, 0x23, 0x00, 0x23, 0x00, 0x23, 0x00, 0x23, 0x00,
    0x23, 0x00, 0x23, 0x00, 0x23, 0x00, 0x23, 0x00, 0x23, 0x00, 0x23, 0x00, 0x23, 0x00, 0x23, 0x00,
    0x23, 0x00, 0x23, 0x00, 0x23, 0x00, 0x23, 0x00, 0x23, 0x00, 0x23, 0x00, 0x23, 0x00, 0x23, 0x00,
    0x23, 0x00, 0x23, 0x00, 0x23, 0x00, 0x23, 0x00, 0x23, 0x00, 0x23, 0x00, 0x23, 0x00, 0x23, 0x00,
    0x23, 0x00, 0x23, 0x00, 0x23, 0x00, 0x23, 0x00, 0x23, 0x00, 0x23, 0x00, 0x23, 0x00, 0x23, 0x00,
    0x23, 0x00, 0x23, 0x00, 0x23, 0x00, 0x23, 0x00, 0x23, 0x00, 0x23, 0x00, 0x23, 0x00, 0x23, 0x00,
    0x23, 0x00, 0x23, 0x00, 0x23, 0x00, 0x23, 0x00, 0x23, 0x00, 0x23, 0x00, 0x23, 0x00, 0x23, 0x00,
    0x23, 0x00, 0x23, 0x00, 0x23, 0x00, 0x23, 0x00, 0x23, 0x00, 0x23, 0x00, 0x23, 0x00, 0x23, 0x00,
    0x23, 0x00, 0x23, 0x00, 0x23, 0x00, 0x23, 0x00, 0x23, 0x00, 0x23, 0x00, 0x23, 0x00, 0x23, 0x00,
    0x23, 0x00, 0x23, 0x00, 0x23, 0x00, 0x23, 0x00, 0x23, 0x00, 0x23, 0x00, 0x23, 0x00, 0x23, 0x00,
    0x23, 0x00, 0x23, 0x00, 0x23, 0x00, 0x23, 0x00, 0x23, 0x00, 0x23, 0x00, 0x23, 0x00, 0x23, 0x00,
    0x23, 0x00, 0x23, 0x00, 0x23, 0x00, 0x23, 0x00, 0x23, 0x00, 0x23, 0x00, 0x23, 0x00, 0x23, 0x00,
    0x23, 0x00, 0x23, 0x00, 0x23, 0x00, 0x23, 0x00, 0x23, 0x00, 0x23, 0x00, 0x23, 0x00, 0x23, 0x00,
    0x23, 0x00, 0x23, 0x00, 0x23, 0x00, 0x8a, 0x00, 0x46, 0x00, 0x23, 0x00, 0x23, 0x00, 0x23, 0x00,
    0x23, 0x00, 0x23, 0x00, 0x23, 0x00, 0x23, 0x00, 0x23, 0x00, 0x23, 0x00, 0x23, 0x00, 0x23, 0x00,
    0x23, 0x00, 0x23, 0x00, 0x23, 0x00, 0x23, 0x00, 0x23, 0x00, 0x23, 0x00, 0x23, 0x00, 0x23, 0x00,
    0x23, 0x00, 0x23, 0x00, 0x23, 0x00, 0x23, 0x00, 0x23, 0x00, 0x46, 0x00, 0x23, 0x00, 0x23, 0x00,
    0x23, 0x00, 0x23, 0x00, 0x23, 0x00, 0x23, 0x00, 0x46, 0x00, 0x46, 0x00, 0x23, 0x00, 0x23, 0x00,
    0x23, 0x00, 0x51, 0x01, 0x51, 0x01, 0x00, 0x00, 0x00, 0x00, 0x00, 0x00, 0x00, 0x00, 0x00, 0x00,
    0x00, 0x00, 0x8a, 0x00, 0xe8, 0x00, 0x00, 0x00, 0x00, 0x00, 0x23, 0x00, 0x00, 0x00, 0x00, 0x00,
    0x46, 0x00, 0x0c, 0x01, 0x23, 0x00, 0x00, 0x00, 0x00, 0x00, 0x00, 0x00, 0x00, 0x00, 0x00, 0x00,
    0x00, 0x00, 0x00, 0x00, 0x00, 0x00, 0x00, 0x00, 0x00, 0x00, 0x00, 0x00, 0x00, 0x00, 0x51, 0x01,
    0x51, 0x01, 0x23, 0x00, 0x23, 0x00, 0x23, 0x00, 0x23, 0x00, 0x46, 0x00, 0x23, 0x00, 0x23, 0x00,
    0x23, 0x00, 0x23, 0x00, 0x23, 0x00, 0x23, 0x00, 0x23, 0x00, 0x23, 0x00, 0x23, 0x00, 0x23, 0x00,
    0x23, 0x00, 0x23, 0x00, 0x23, 0x00, 0x23, 0x00, 0x23, 0x00, 0x23, 0x00, 0x23, 0x00, 0x23, 0x00,
    0x23, 0x00, 0x23, 0x00, 0x23, 0x00, 0x23, 0x00, 0x23, 0x00, 0x23, 0x00, 0x23, 0x00, 0x23, 0x00,
    0x23, 0x00, 0x23, 0x00, 0x23, 0x00, 0x23, 0x00, 0x23, 0x00, 0x23, 0x00, 0x23, 0x00, 0x23, 0x00,
    0x23, 0x00, 0x23, 0x00, 0x23, 0x00, 0x23, 0x00, 0x23, 0x00, 0x23, 0x00, 0x23, 0x00, 0x23, 0x00,
    0x23, 0x00, 0x23, 0x00, 0x23, 0x00, 0x23, 0x00, 0x23, 0x00, 0x23, 0x00, 0x23, 0x00, 0x23, 0x00,
    0x23, 0x00, 0x23, 0x00, 0x23, 0x00, 0x23, 0x00, 0x23, 0x00, 0x23, 0x00, 0x23, 0x00, 0x23, 0x00,
    0x23, 0x00, 0x23, 0x00, 0x23, 0x00, 0x23, 0x00, 0x23, 0x00, 0x23, 0x00, 0x23, 0x00, 0x23, 0x00,
    0x23, 0x00, 0x23, 0x00, 0x23, 0x00, 0x23, 0x00, 0x23, 0x00, 0x23, 0x00, 0x23, 0x00, 0x23, 0x00,
    0x23, 0x00, 0x23, 0x00, 0x23, 0x00, 0x23, 0x00, 0x23, 0x00, 0x23, 0x00, 0x23, 0x00, 0x23, 0x00,
    0x23, 0x00, 0x23, 0x00, 0x23, 0x00, 0x23, 0x00, 0x23, 0x00, 0x23, 0x00, 0x23, 0x00, 0x23, 0x00,
    0x23, 0x00, 0x23, 0x00, 0x23, 0x00, 0x23, 0x00, 0x23, 0x00, 0x23, 0x00, 0x23, 0x00, 0x23, 0x00,
    0x23, 0x00, 0x23, 0x00, 0x23, 0x00, 0x23, 0x00, 0x23, 0x00, 0x23, 0x00, 0x23, 0x00, 0x23, 0x00,
    0x23, 0x00, 0x23, 0x00, 0x23, 0x00, 0x23, 0x00, 0x23, 0x00, 0x23, 0x00, 0x23, 0x00, 0x23, 0x00,
    0x23, 0x00, 0x23, 0x00, 0x23, 0x00, 0x23, 0x00, 0x23, 0x00, 0x23, 0x00, 0x23, 0x00, 0x23, 0x00,
    0x23, 0x00, 0x23, 0x00, 0x23, 0x00, 0x23, 0x00, 0x23, 0x00, 0x23, 0x00, 0x23, 0x00, 0x23, 0x00,
    0x23, 0x00, 0x23, 0x00, 0x23, 0x00, 0x23, 0x00, 0x23, 0x00, 0x23, 0x00, 0x23, 0x00, 0x23, 0x00,
    0x23, 0x00, 0x23, 0x00, 0x23, 0x00, 0x23, 0x00, 0x23, 0x00, 0x23, 0x00, 0x23, 0x00, 0x23, 0x00,
    0x23, 0x00, 0x23, 0x00, 0x23, 0x00, 0x46, 0x00, 0xe8, 0x00, 0x46, 0x00, 0xe8, 0x00, 0xe8, 0x00,
    0x8a, 0x00, 0x46, 0x00, 0xe8, 0x00, 0xe8, 0x00, 0xe8, 0x00, 0x8a, 0x00, 0xe8, 0x00, 0x8a, 0x00,
    0x8a, 0x00, 0x46, 0x00, 0x8a, 0x00, 0x46, 0x00, 0x23, 0x00, 0x23, 0x00, 0x23, 0x00, 0x23, 0x00,
    0x46, 0x00, 0x46, 0x00, 0x8a, 0x00, 0x8a, 0x00, 0x8a, 0x00, 0x8a, 0x00, 0x8a, 0x00, 0x8a, 0x00,
    0xe8, 0x00, 0x8a, 0x00, 0x8a, 0x00, 0xe8, 0x00, 0x8a, 0x00, 0xe8, 0x00, 0x8a, 0x00, 0xe8, 0x00,
    0xe8, 0x00, 0x8a, 0x00, 0x8a, 0x00, 0x46, 0x00, 0xb5, 0x01, 0xb5, 0x01, 0x23, 0x00, 0x23, 0x00,
    0x23, 0x00, 0x23, 0x00, 0x23, 0x00, 0x23, 0x00, 0xe8, 0x00, 0xe8, 0x00, 0x23, 0x00, 0x23, 0x00,
    0x23, 0x00, 0x51, 0x01, 0x51, 0x01, 0x00, 0x00, 0x00, 0x00, 0x00, 0x00, 0x00, 0x00, 0x00, 0x00,
    0x00, 0x00, 0x8a, 0x00, 0xe8, 0x00, 0x00, 0x00, 0x00, 0x00, 0x23, 0x00, 0x23, 0x00, 0x00, 0x00,
    0x46, 0x00, 0x0c, 0x01, 0x23, 0x00, 0x00, 0x00, 0x00, 0x00, 0x00, 0x00, 0x00, 0x00, 0x00, 0x00,
    0x00, 0x00, 0x00, 0x00, 0x00, 0x00, 0x00, 0x00, 0x00, 0x00, 0x00, 0x00, 0x00, 0x00, 0x51, 0x01,
    0xef, 0x00, 0x23, 0x00, 0x23, 0x00, 0x23, 0x00, 0x23, 0x00, 0x23, 0x00, 0x23, 0x00, 0x23, 0x00,
    0x23, 0x00, 0x23, 0x00, 0x23, 0x00, 0x23, 0x00, 0x23, 0x00, 0x23, 0x00, 0x23, 0x00, 0x23, 0x00,
    0x23, 0x00, 0x23, 0x00, 0x23, 0x00, 0x23, 0x00, 0x23, 0x00, 0x23, 0x00, 0x23, 0x00, 0x23, 0x00,
    0x23, 0x00, 0x23, 0x00, 0x23, 0x00, 0x23, 0x00, 0x23, 0x00, 0x23, 0x00, 0x23, 0x00, 0x23, 0x00,
    0x23, 0x00, 0x23, 0x00, 0x23, 0x00, 0x23, 0x00, 0x23, 0x00, 0x23, 0x00, 0x23, 0x00, 0x23, 0x00,
    0x23, 0x00, 0x23, 0x00, 0x23, 0x00, 0x23, 0x00, 0x23, 0x00, 0x23, 0x00, 0x23, 0x00, 0x23, 0x00,
    0x23, 0x00, 0x23, 0x00, 0x23, 0x00, 0x23, 0x00, 0x23, 0x00, 0x23, 0x00, 0x23, 0x00, 0x23, 0x00,
    0x23, 0x00, 0x23, 0x00, 0x23, 0x00, 0x23, 0x00, 0x23, 0x00, 0x23, 0x00, 0x23, 0x00, 0x23, 0x00,
    0x23, 0x00, 0x23, 0x00, 0x23, 0x00, 0x23, 0x00, 0x23, 0x00, 0x23, 0x00, 0x23, 0x00, 0x23, 0x00,
    0x23, 0x00, 0x23, 0x00, 0x23, 0x00, 0x23, 0x00, 0x23, 0x00, 0x23, 0x00, 0x23, 0x00, 0x23, 0x00,
    0x23, 0x00, 0x23, 0x00, 0x23, 0x00, 0x23, 0x00, 0x23, 0x00, 0x23, 0x00, 0x23, 0x00, 0x23, 0x00,
    0x23, 0x00, 0x23, 0x00, 0x23, 0x00, 0x23, 0x00, 0x23, 0x00, 0x23, 0x00, 0x23, 0x00, 0x23, 0x00,
    0x23, 0x00, 0x23, 0x00, 0x23, 0x00, 0x23, 0x00, 0x23, 0x00, 0x23, 0x00, 0x23, 0x00, 0x23, 0x00,
    0x23, 0x00, 0x23, 0x00, 0x23, 0x00, 0x23, 0x00, 0x23, 0x00, 0x23, 0x00, 0x23, 0x00, 0x23, 0x00,
    0x23, 0x00, 0x23, 0x00, 0x23, 0x00, 0x23, 0x00, 0x23, 0x00, 0x23, 0x00, 0x23, 0x00, 0x23, 0x00,
    0x23, 0x00, 0x23, 0x00, 0x23, 0x00, 0x23, 0x00, 0x23, 0x00, 0x23, 0x00, 0x23, 0x00, 0x23, 0x00,
    0x23, 0x00, 0x23, 0x00, 0x23, 0x00, 0x23, 0x00, 0x23, 0x00, 0x23, 0x00, 0x23, 0x00, 0x23, 0x00,
    0x23, 0x00, 0x23, 0x00, 0x23, 0x00, 0x23, 0x00, 0x23, 0x00, 0x23, 0x00, 0x23, 0x00, 0x23, 0x00,
    0x23, 0x00, 0x23, 0x00, 0x23, 0x00, 0x23, 0x00, 0x23, 0x00, 0x23, 0x00, 0x23, 0x00, 0x23, 0x00,
    0x23, 0x00, 0x23, 0x00, 0x46, 0x00, 0x8a, 0x00, 0x46, 0x00, 0x46, 0x00, 0x46, 0x00, 0x46, 0x00,
    0x46, 0x00, 0x46, 0x00, 0x46, 0x00, 0x46, 0x00, 0x46, 0x00, 0x46, 0x00, 0x46, 0x00, 0x46, 0x00,
    0x46, 0x00, 0x23, 0x00, 0x46, 0x00, 0x23, 0x00, 0x23, 0x00, 0x23, 0x00, 0x23, 0x00, 0x46, 0x00,
    0x46, 0x00, 0x46, 0x00, 0x46, 0x00, 0x46, 0x00, 0x46, 0x00, 0x46, 0x00, 0x46, 0x00, 0x46, 0x00,
    0x46, 0x00, 0x46, 0x00, 0x46, 0x00, 0x46, 0x00, 0x46, 0x00, 0x46, 0x00, 0x46, 0x00, 0x46, 0x00,
    0x46, 0x00, 0x46, 0x00, 0x46, 0x00, 0x23, 0x00, 0x33, 0x01, 0x51, 0x01, 0x23, 0x00, 0x23, 0x00,
    0x23, 0x00, 0x23, 0x00, 0x23, 0x00, 0x23, 0x00, 0xe8, 0x00, 0x46, 0x00, 0x23, 0x00, 0x23, 0x00,
    0x23, 0x00, 0x51, 0x01, 0x51, 0x01, 0x00, 0x00, 0x00, 0x00, 0x00, 0x00, 0x00, 0x00, 0x00, 0x00,
    0x00, 0x00, 0x8a, 0x00, 0xe8, 0x00, 0x00, 0x00, 0x23, 0x00, 0x8a, 0x00, 0x46, 0x00, 0x00, 0x00,
    0x46, 0x00, 0x0c, 0x01, 0x23, 0x00, 0x00, 0x00, 0x00, 0x00, 0x00, 0x00, 0x00, 0x00, 0x00, 0x00,
    0x00, 0x00, 0x00, 0x00, 0x00, 0x00, 0x00, 0x00, 0x00, 0x00, 0x00, 0x00, 0x00, 0x00, 0x51, 0x01,
    0xef, 0x00, 0x23, 0x00, 0x23, 0x00, 0x23, 0x00, 0x23, 0x00, 0x23, 0x00, 0x23, 0x00, 0x23, 0x00,
    0x23, 0x00, 0x23, 0x00, 0x23, 0x00, 0x23, 0x00, 0x23, 0x00, 0x23, 0x00, 0x23, 0x00, 0x23, 0x00,
    0x23, 0x00, 0x23, 0x00, 0x23, 0x00, 0x23, 0x00, 0x23, 0x00, 0x23, 0x00, 0x23, 0x00, 0x23, 0x00,
    0x23, 0x00, 0x23, 0x00, 0x23, 0x00, 0x23, 0x00, 0x23, 0x00, 0x23, 0x00, 0x23, 0x00, 0x23, 0x00,
    0x23, 0x00, 0x23, 0x00, 0x23, 0x00, 0x23, 0x00, 0x23, 0x00, 0x23, 0x00, 0x23, 0x00, 0x23, 0x00,
    0x23, 0x00, 0x23, 0x00, 0x23, 0x00, 0x23, 0x00, 0x23, 0x00, 0x23, 0x00, 0x23, 0x00, 0x23, 0x00,
    0x23, 0x00, 0x23, 0x00, 0x23, 0x00, 0x23, 0x00, 0x23, 0x00, 0x23, 0x00, 0x23, 0x00, 0x23, 0x00,
    0x23, 0x00, 0x23, 0x00, 0x23, 0x00, 0x23, 0x00, 0x23, 0x00, 0x23, 0x00, 0x23, 0x00, 0x23, 0x00,
    0x23, 0x00, 0x23, 0x00, 0x23, 0x00, 0x23, 0x00, 0x23, 0x00, 0x23, 0x00, 0x23, 0x00, 0x23, 0x00,
    0x23, 0x00, 0x23, 0x00, 0x23, 0x00, 0x23, 0x00, 0x23, 0x00, 0x23, 0x00, 0x23, 0x00, 0x23, 0x00,
    0x23, 0x00, 0x23, 0x00, 0x23, 0x00, 0x23, 0x00, 0x23, 0x00, 0x23, 0x00, 0x23, 0x00, 0x23, 0x00,
    0x23, 0x00, 0x23, 0x00, 0x23, 0x00, 0x23, 0x00, 0x23, 0x00, 0x23, 0x00, 0x23, 0x00, 0x23, 0x00,
    0x23, 0x00, 0x23, 0x00, 0x23, 0x00, 0x23, 0x00, 0x23, 0x00, 0x23, 0x00, 0x23, 0x00, 0x23, 0x00,
    0x23, 0x00, 0x23, 0x00, 0x23, 0x00, 0x23, 0x00, 0x23, 0x00, 0x23, 0x00, 0x23, 0x00, 0x23, 0x00,
    0x23, 0x00, 0x23, 0x00, 0x23, 0x00, 0x23, 0x00, 0x23, 0x00, 0x23, 0x00, 0x23, 0x00, 0x23, 0x00,
    0x23, 0x00, 0x23, 0x00, 0x23, 0x00, 0x23, 0x00, 0x23, 0x00, 0x23, 0x00, 0x23, 0x00, 0x23, 0x00,
    0x23, 0x00, 0x23, 0x00, 0x23, 0x00, 0x23, 0x00, 0x23, 0x00, 0x23, 0x00, 0x23, 0x00, 0x23, 0x00,
    0x23, 0x00, 0x23, 0x00, 0x23, 0x00, 0x23, 0x00, 0x23, 0x00, 0x23, 0x00, 0x23, 0x00, 0x23, 0x00,
    0x23, 0x00, 0x23, 0x00, 0x23, 0x00, 0x23, 0x00, 0x23, 0x00, 0x23, 0x00, 0x23, 0x00, 0x23, 0x00,
    0x23, 0x00, 0x46, 0x00, 0x8a, 0x00, 0x46, 0x00, 0x23, 0x00, 0x23, 0x00, 0x23, 0x00, 0x23, 0x00,
    0x23, 0x00, 0x23, 0x00, 0x23, 0x00, 0x23, 0x00, 0x23, 0x00, 0x23, 0x00, 0x23, 0x00, 0x23, 0x00,
    0x23, 0x00, 0x23, 0x00, 0x23, 0x00, 0x23, 0x00, 0x23, 0x00, 0x23, 0x00, 0x46, 0x00, 0x46, 0x00,
    0x46, 0x00, 0x23, 0x00, 0x23, 0x00, 0x23, 0x00, 0x23, 0x00, 0x23, 0x00, 0x23, 0x00, 0x23, 0x00,
    0x23, 0x00, 0x23, 0x00, 0x23, 0x00, 0x23, 0x00, 0x23, 0x00, 0x23, 0x00, 0x23, 0x00, 0x23, 0x00,
    0x23, 0x00, 0x23, 0x00, 0x23, 0x00, 0x23, 0x00, 0x23, 0x00, 0x00, 0x00, 0x23, 0x00, 0x23, 0x00,
    0x23, 0x00, 0x23, 0x00, 0x23, 0x00, 0x23, 0x00, 0x46, 0x00, 0x46, 0x00, 0x23, 0x00, 0x23, 0x00,
    0x23, 0x00, 0x51, 0x01, 0x51, 0x01, 0x00, 0x00, 0x00, 0x00, 0x00, 0x00, 0x00, 0x00, 0x00, 0x00,
    0x00, 0x00, 0x8a, 0x00, 0x8a, 0x00, 0x00, 0x00, 0xe8, 0x00, 0x19, 0x02, 0xb5, 0x01, 0x00, 0x00,
    0x46, 0x00, 0x0c, 0x01, 0x23, 0x00, 0x00, 0x00, 0x00, 0x00, 0x00, 0x00, 0x00, 0x00, 0x00, 0x00,
    0x00, 0x00, 0x00, 0x00, 0x00, 0x00, 0x00, 0x00, 0x00, 0x00, 0x00, 0x00, 0x00, 0x00, 0x51, 0x01,
    0xef, 0x00, 0x23, 0x00, 0x23, 0x00, 0x23, 0x00, 0x23, 0x00, 0x23, 0x00, 0x23, 0x00, 0x23, 0x00,
    0x23, 0x00, 0x23, 0x00, 0x23, 0x00, 0x23, 0x00, 0x23, 0x00, 0x23, 0x00, 0x23, 0x00, 0x23, 0x00,
    0x23, 0x00, 0x23, 0x00, 0x23, 0x00, 0x23, 0x00, 0x23, 0x00, 0x23, 0x00, 0x23, 0x00, 0x23, 0x00,
    0x23, 0x00, 0x23, 0x00, 0x23, 0x00, 0x23, 0x00, 0x23, 0x00, 0x23, 0x00, 0x23, 0x00, 0x23, 0x00,
    0x23, 0x00, 0x23, 0x00, 0x23, 0x00, 0x23, 0x00, 0x23, 0x00, 0x23, 0x00, 0x23, 0x00, 0x23, 0x00,
    0x23, 0x00, 0x23, 0x00, 0x23, 0x00, 0x23, 0x00, 0x23, 0x00, 0x23, 0x00, 0x23, 0x00, 0x23, 0x00,
    0x23, 0x00, 0x23, 0x00, 0x23, 0x00, 0x23, 0x00, 0x23, 0x00, 0x23, 0x00, 0x23, 0x00, 0x23, 0x00,
    0x23, 0x00, 0x23, 0x00, 0x23, 0x00, 0x23, 0x00, 0x23, 0x00, 0x23, 0x00, 0x23, 0x00, 0x23, 0x00,
    0x23, 0x00, 0x23, 0x00, 0x23, 0x00, 0x23, 0x00, 0x23, 0x00, 0x23, 0x00, 0x23, 0x00, 0x23, 0x00,
    0x23, 0x00, 0x23, 0x00, 0x23, 0x00, 0x23, 0x00, 0x23, 0x00, 0x23, 0x00, 0x23, 0x00, 0x23, 0x00,
    0x23, 0x00, 0x23, 0x00, 0x23, 0x00, 0x23, 0x00, 0x23, 0x00, 0x23, 0x00, 0x23, 0x00, 0x23, 0x00,
    0x23, 0x00, 0x23, 0x00, 0x23, 0x00, 0x23, 0x00, 0x23, 0x00, 0x23, 0x00, 0x23, 0x00, 0x23, 0x00,
    0x23, 0x00, 0x23, 0x00, 0x23, 0x00, 0x23, 0x00, 0x23, 0x00, 0x23, 0x00, 0x23, 0x00, 0x23, 0x00,
    0x23, 0x00, 0x23, 0x00, 0x23, 0x00, 0x23, 0x00, 0x23, 0x00, 0x23, 0x00, 0x23, 0x00, 0x23, 0x00,
    0x23, 0x00, 0x23, 0x00, 0x23, 0x00, 0x23, 0x00, 0x23, 0x00, 0x23, 0x00, 0x23, 0x00, 0x23, 0x00,
    0x23, 0x00, 0x23, 0x00, 0x23, 0x00, 0x23, 0x00, 0x46, 0x00, 0x23, 0x00, 0x23, 0x00, 0x23, 0x00,
    0x23, 0x00, 0x46, 0x00, 0x23, 0x00, 0x23, 0x00, 0x23, 0x00, 0x46, 0x00, 0x23, 0x00, 0x23, 0x00,
    0x23, 0x00, 0x23, 0x00, 0x46, 0x00, 0x23, 0x00, 0x23, 0x00, 0x23, 0x00, 0x46, 0x00, 0x23, 0x00,
    0x23, 0x00, 0x23, 0x00, 0x23, 0x00, 0x46, 0x00, 0x23, 0x00, 0x23, 0x00, 0x23, 0x00, 0x23, 0x00,
    0x46, 0x00, 0x8a, 0x00, 0x46, 0x00, 0x23, 0x00, 0x23, 0x00, 0x23, 0x00, 0x23, 0x00, 0x23, 0x00,
    0x23, 0x00, 0x23, 0x00, 0x23, 0x00, 0x23, 0x00, 0x23, 0x00, 0x23, 0x00, 0x23, 0x00, 0x23, 0x00,
    0x23, 0x00, 0x23, 0x00, 0x23, 0x00, 0x23, 0x00, 0x23, 0x00, 0x46, 0x00, 0x46, 0x00, 0x23, 0x00,
    0x23, 0x00, 0x23, 0x00, 0x23, 0x00, 0x23, 0x00, 0x23, 0x00, 0x23, 0x00, 0x23, 0x00, 0x23, 0x00,
    0x23, 0x00, 0x23, 0x00, 0x23, 0x00, 0x23, 0x00, 0x23, 0x00, 0x23, 0x00, 0x23, 0x00, 0x23, 0x00,
    0x23, 0x00, 0x23, 0x00, 0x23, 0x00, 0x23, 0x00, 0x23, 0x00, 0x23, 0x00, 0x23, 0x00, 0x23, 0x00,
    0x23, 0x00, 0x23, 0x00, 0x23, 0x00, 0x23, 0x00, 0x23, 0x00, 0x23, 0x00, 0x23, 0x00, 0x23, 0x00,
    0x23, 0x00, 0x51, 0x01, 0x51, 0x01, 0x00, 0x00, 0x00, 0x00, 0x00, 0x00, 0x00, 0x00, 0x00, 0x00,
    0x00, 0x00, 0x0c, 0x01, 0x8a, 0x00, 0x00, 0x00, 0x46, 0x00, 0xb5, 0x01, 0x33, 0x01, 0x00, 0x00,
    0x46, 0x00, 0x0c, 0x01, 0x23, 0x00, 0x00, 0x00, 0x00, 0x00, 0x00, 0x00, 0x00, 0x00, 0x00, 0x00,
    0x00, 0x00, 0x00, 0x00, 0x00, 0x00, 0x00, 0x00, 0x00, 0x00, 0x00, 0x00, 0x00, 0x00, 0x33, 0x01,
    0x51, 0x01, 0x23, 0x00, 0x23, 0x00, 0x23, 0x00, 0x23, 0x00, 0x23, 0x00, 0x23, 0x00, 0x23, 0x00,
    0x23, 0x00, 0x23, 0x00, 0x23, 0x00, 0x23, 0x00, 0x23, 0x00, 0x23, 0x00, 0x23, 0x00, 0x23, 0x00,
    0x23, 0x00, 0x23, 0x00, 0x23, 0x00, 0x23, 0x00, 0x23, 0x00, 0x23, 0x00, 0x23, 0x00, 0x23, 0x00,
    0x23, 0x00, 0x23, 0x00, 0x23, 0x00, 0x23, 0x00, 0x23, 0x00, 0x23, 0x00, 0x23, 0x00, 0x23, 0x00,
    0x23, 0x00, 0x23, 0x00, 0x23, 0x00, 0x23, 0x00, 0x23, 0x00, 0x23, 0x00, 0x23, 0x00, 0x23, 0x00,
    0x23, 0x00, 0x23, 0x00, 0x23, 0x00, 0x23, 0x00, 0x23, 0x00, 0x23, 0x00, 0x23, 0x00, 0x23, 0x00,
    0x23, 0x00, 0x23, 0x00, 0x23, 0x00, 0x23, 0x00, 0x23, 0x00, 0x23, 0x00, 0x23, 0x00, 0x23, 0x00,
    0x23, 0x00, 0x23, 0x00, 0x23, 0x00, 0x23, 0x00, 0x23, 0x00, 0x23, 0x00, 0x23, 0x00, 0x23, 0x00,
    0x23, 0x00, 0x23, 0x00, 0x23, 0x00, 0x23, 0x00, 0x23, 0x00, 0x23, 0x00, 0x23, 0x00, 0x23, 0x00,
    0x23, 0x00, 0x23, 0x00, 0x23, 0x00, 0x23, 0x00, 0x23, 0x00, 0x23, 0x00, 0x23, 0x00, 0x23, 0x00,
    0x23, 0x00, 0x23, 0x00, 0x23, 0x00, 0x23, 0x00, 0x23, 0x00, 0x23, 0x00, 0x23, 0x00, 0x23, 0x00,
    0x23, 0x00, 0x23, 0x00, 0x23, 0x00, 0x23, 0x00, 0x23, 0x00, 0x23, 0x00, 0x23, 0x00, 0x23, 0x00,
    0x23, 0x00, 0x23, 0x00, 0x23, 0x00, 0x23, 0x00, 0x23, 0x00, 0x23, 0x00, 0x23, 0x00, 0x23, 0x00,
    0x23, 0x00, 0x23, 0x00, 0x23, 0x00, 0x23, 0x00, 0x23, 0x00, 0x23, 0x00, 0x23, 0x00, 0x23, 0x00,
    0x23, 0x00, 0x23, 0x00, 0x23, 0x00, 0x23, 0x00, 0x23, 0x00, 0x23, 0x00, 0x23, 0x00, 0x23, 0x00,
    0x23, 0x00, 0x23, 0x00, 0x23, 0x00, 0x23, 0x00, 0x8a, 0x00, 0x8a, 0x00, 0x23, 0x00, 0x23, 0x00,
    0x46, 0x00, 0x8a, 0x00, 0x46, 0x00, 0x23, 0x00, 0x23, 0x00, 0xe8, 0x00, 0x46, 0x00, 0x23, 0x00,
    0x23, 0x00, 0x46, 0x00, 0x8a, 0x00, 0x46, 0x00, 0x23, 0x00, 0x23, 0x00, 0x8a, 0x00, 0x46, 0x00,
    0x23, 0x00, 0x23, 0x00, 0x46, 0x00, 0x8a, 0x00, 0x46, 0x00, 0x23, 0x00, 0x23, 0x00, 0x23, 0x00,
    0xe8, 0x00, 0x46, 0x00, 0x23, 0x00, 0x23, 0x00, 0x23, 0x00, 0x23, 0x00, 0x23, 0x00, 0x23, 0x00,
    0x23, 0x00, 0x23, 0x00, 0x23, 0x00, 0x23, 0x00, 0x23, 0x00, 0x23, 0x00, 0x8a, 0x00, 0x8a, 0x00,
    0x23, 0x00, 0x23, 0x00, 0x46, 0x00, 0x8a, 0x00, 0x8a, 0x00, 0x46, 0x00, 0x23, 0x00, 0x23, 0x00,
    0x23, 0x00, 0x23, 0x00, 0x23, 0x00, 0x46, 0x00, 0x8a, 0x00, 0x46, 0x00, 0x23, 0x00, 0x23, 0x00,
    0x46, 0x00, 0x46, 0x00, 0x46, 0x00, 0x23, 0x00, 0x23, 0x00, 0x46, 0x00, 0x8a, 0x00, 0x46, 0x00,
    0x23, 0x00, 0x23, 0x00, 0x23, 0x00, 0xe8, 0x00, 0x1f, 0x05, 0x7a, 0x04, 0x00, 0x00, 0x23, 0x00,
    0x23, 0x00, 0x23, 0x00, 0x23, 0x00, 0x23, 0x00, 0x23, 0x00, 0x23, 0x00, 0x23, 0x00, 0x23, 0x00,
    0x23, 0x00, 0x51, 0x01, 0x51, 0x01, 0x00, 0x00, 0x00, 0x00, 0x00, 0x00, 0x00, 0x00, 0x00, 0x00,
    0x00, 0x00, 0x8a, 0x00, 0x8a, 0x00, 0x00, 0x00, 0x46, 0x00, 0xb5, 0x01, 0xef, 0x00, 0x00, 0x00,
    0x46, 0x00, 0x0c, 0x01, 0x23, 0x00, 0x00, 0x00, 0x00, 0x00, 0x00, 0x00, 0x00, 0x00, 0x00, 0x00,
    0x00, 0x00, 0x00, 0x00, 0x00, 0x00, 0x00, 0x00, 0x00, 0x00, 0x00, 0x00, 0x00, 0x00, 0x33, 0x01,
    0x51, 0x01, 0x23, 0x00, 0x23, 0x00, 0x23, 0x00, 0x23, 0x00, 0x23, 0x00, 0x23, 0x00, 0x23, 0x00,
    0x23, 0x00, 0x23, 0x00, 0x23, 0x00, 0x23, 0x00, 0x23, 0x00, 0x23, 0x00, 0x23, 0x00, 0x23, 0x00,
    0x23, 0x00, 0x23, 0x00, 0x23, 0x00, 0x23, 0x00, 0x23, 0x00, 0x23, 0x00, 0x23, 0x00, 0x23, 0x00,
    0x23, 0x00, 0x23, 0x00, 0x23, 0x00, 0x23, 0x00, 0x23, 0x00, 0x23, 0x00, 0x23, 0x00, 0x23, 0x00,
    0x23, 0x00, 0x23, 0x00, 0x23, 0x00, 0x23, 0x00, 0x23, 0x00, 0x23, 0x00, 0x23, 0x00, 0x23, 0x00,
    0x23, 0x00, 0x23, 0x00, 0x23, 0x00, 0x23, 0x00, 0x23, 0x00, 0x23, 0x00, 0x23, 0x00, 0x23, 0x00,
    0x23, 0x00, 0x23, 0x00, 0x23, 0x00, 0x23, 0x00, 0x23, 0x00, 0x23, 0x00, 0x23, 0x00, 0x23, 0x00,
    0x23, 0x00, 0x23, 0x00, 0x23, 0x00, 0x23, 0x00, 0x23, 0x00, 0x23, 0x00, 0x23, 0x00, 0x23, 0x00,
    0x23, 0x00, 0x23, 0x00, 0x23, 0x00, 0x23, 0x00, 0x23, 0x00, 0x23, 0x00, 0x23, 0x00, 0x23, 0x00,
    0x23, 0x00, 0x23, 0x00, 0x23, 0x00, 0x23, 0x00, 0x23, 0x00, 0x23, 0x00, 0x23, 0x00, 0x23, 0x00,
    0x23, 0x00, 0x23, 0x00, 0x23, 0x00, 0x23, 0x00, 0x23, 0x00, 0x23, 0x00, 0x23, 0x00, 0x23, 0x00,
    0x23, 0x00, 0x23, 0x00, 0x23, 0x00, 0x23, 0x00, 0x23, 0x00, 0x23, 0x00, 0x23, 0x00, 0x23, 0x00,
    0x23, 0x00, 0x23, 0x00, 0x23, 0x00, 0x23, 0x00, 0x23, 0x00, 0x23, 0x00, 0x23, 0x00, 0x23, 0x00,
    0x23, 0x00, 0x23, 0x00, 0x23, 0x00, 0x23, 0x00, 0x23, 0x00, 0x23, 0x00, 0x23, 0x00, 0x23, 0x00,
    0x23, 0x00, 0x23, 0x00, 0x23, 0x00, 0x23, 0x00, 0x23, 0x00, 0x23, 0x00, 0x23, 0x00, 0x23, 0x00,
    0x23, 0x00, 0x23, 0x00, 0x23, 0x00, 0x23, 0x00, 0x46, 0x00, 0x46, 0x00, 0x23, 0x00, 0x23, 0x00,
    0x46, 0x00, 0x46, 0x00, 0x23, 0x00, 0x23, 0x00, 0x23, 0x00, 0x46, 0x00, 0x46, 0x00, 0x23, 0x00,
    0x23, 0x00, 0x46, 0x00, 0x46, 0x00, 0x23, 0x00, 0x23, 0x00, 0x23, 0x00, 0x8a, 0x00, 0x46, 0x00,
    0x23, 0x00, 0x23, 0x00, 0x46, 0x00, 0x46, 0x00, 0x46, 0x00, 0x23, 0x00, 0x23, 0x00, 0x23, 0x00,
    0x23, 0x00, 0x23, 0x00, 0x23, 0x00, 0x23, 0x00, 0x23, 0x00, 0x23, 0x00, 0x23, 0x00, 0x23, 0x00,
    0x23, 0x00, 0x23, 0x00, 0x23, 0x00, 0x23, 0x00, 0x23, 0x00, 0x23, 0x00, 0x0c, 0x01, 0x8a, 0x00,
    0x23, 0x00, 0x23, 0x00, 0xe8, 0x00, 0x8a, 0x00, 0x8a, 0x00, 0x23, 0x00, 0x23, 0x00, 0x23, 0x00,
    0x23, 0x00, 0x23, 0x00, 0x23, 0x00, 0x46, 0x00, 0x8a, 0x00, 0x8a, 0x00, 0x23, 0x00, 0x23, 0x00,
    0xe8, 0x00, 0x8a, 0x00, 0x8a, 0x00, 0x23, 0x00, 0x23, 0x00, 0x46, 0x00, 0x8a, 0x00, 0x8a, 0x00,
    0x23, 0x00, 0x23, 0x00, 0x23, 0x00, 0xe8, 0x00, 0xff, 0x06, 0xff, 0x06, 0x23, 0x00, 0x23, 0x00,
    0x23, 0x00, 0x23, 0x00, 0x23, 0x00, 0x23, 0x00, 0x23, 0x00, 0x23, 0x00, 0x23, 0x00, 0x23, 0x00,
    0x23, 0x00, 0x51, 0x01, 0x51, 0x01, 0x00, 0x00, 0x00, 0x00, 0x00, 0x00, 0x00, 0x00, 0x00, 0x00,
    0x00, 0x00, 0x8a, 0x00, 0xe8, 0x00, 0x00, 0x00, 0xe8, 0x00, 0xb5, 0x01, 0xef, 0x00, 0x00, 0x00,
    0x46, 0x00, 0x0c, 0x01, 0x23, 0x00, 0x00, 0x00, 0x00, 0x00, 0x00, 0x00, 0x00, 0x00, 0x00, 0x00,
    0x00, 0x00, 0x00, 0x00, 0x00, 0x00, 0x00, 0x00, 0x00, 0x00, 0x00, 0x00, 0x00, 0x00, 0x33, 0x01,
    0x51, 0x01, 0x23, 0x00, 0x23, 0x00, 0x23, 0x00, 0x23, 0x00, 0x23, 0x00, 0x23, 0x00, 0x23, 0x00,
    0x23, 0x00, 0x23, 0x00, 0x23, 0x00, 0x23, 0x00, 0x23, 0x00, 0x23, 0x00, 0x23, 0x00, 0x23, 0x00,
    0x23, 0x00, 0x23, 0x00, 0x23, 0x00, 0x23, 0x00, 0x23, 0x00, 0x23, 0x00, 0x23, 0x00, 0x23, 0x00,
    0x23, 0x00, 0x23, 0x00, 0x23, 0x00, 0x23, 0x00, 0x23, 0x00, 0x23, 0x00, 0x23, 0x00, 0x23, 0x00,
    0x23, 0x00, 0x23, 0x00, 0x23, 0x00, 0x23, 0x00, 0x23, 0x00, 0x23, 0x00, 0x23, 0x00, 0x23, 0x00,
    0x23, 0x00, 0x23, 0x00, 0x23, 0x00, 0x23, 0x00, 0x23, 0x00, 0x23, 0x00, 0x23, 0x00, 0x23, 0x00,
    0x23, 0x00, 0x23, 0x00, 0x23, 0x00, 0x23, 0x00, 0x23, 0x00, 0x23, 0x00, 0x23, 0x00, 0x23, 0x00,
    0x23, 0x00, 0x23, 0x00, 0x23, 0x00, 0x23, 0x00, 0x23, 0x00, 0x23, 0x00, 0x23, 0x00, 0x23, 0x00,
    0x23, 0x00, 0x23, 0x00, 0x23, 0x00, 0x23, 0x00, 0x23, 0x00, 0x23, 0x00, 0x23, 0x00, 0x23, 0x00,
    0x23, 0x00, 0x23, 0x00, 0x23, 0x00, 0x23, 0x00, 0x23, 0x00, 0x23, 0x00, 0x23, 0x00, 0x23, 0x00,
    0x23, 0x00, 0x23, 0x00, 0x23, 0x00, 0x23, 0x00, 0x23, 0x00, 0x23, 0x00, 0x23, 0x00, 0x23, 0x00,
    0x23, 0x00, 0x23, 0x00, 0x23, 0x00, 0x23, 0x00, 0x23, 0x00, 0x23, 0x00, 0x23, 0x00, 0x23, 0x00,
    0x23, 0x00, 0x23, 0x00, 0x23, 0x00, 0x23, 0x00, 0x23, 0x00, 0x23, 0x00, 0x23, 0x00, 0x23, 0x00,
    0x23, 0x00, 0x23, 0x00, 0x23, 0x00, 0x23, 0x00, 0x23, 0x00, 0x23, 0x00, 0x23, 0x00, 0x23, 0x00,
    0x23, 0x00, 0x23, 0x00, 0x23, 0x00, 0x23, 0x00, 0x23, 0x00, 0x23, 0x00, 0x23, 0x00, 0x23, 0x00,
    0x23, 0x00, 0x23, 0x00, 0x23, 0x00, 0x23, 0x00, 0x23, 0x00, 0x23, 0x00, 0x23, 0x00, 0x23, 0x00,
    0x23, 0x00, 0x23, 0x00, 0x23, 0x00, 0x23, 0x00, 0x23, 0x00, 0x23, 0x00, 0x23, 0x00, 0x23, 0x00,
    0x23, 0x00, 0x23, 0x00, 0x23, 0x00, 0x23, 0x00, 0x23, 0x00, 0x23, 0x00, 0x23, 0x00, 0x23, 0x00,
    0x23, 0x00, 0x23, 0x00, 0x23, 0x00, 0x23, 0x00, 0x23, 0x00, 0x23, 0x00, 0x23, 0x00, 0x23, 0x00,
    0x23, 0x00, 0x23, 0x00, 0x23, 0x00, 0x23, 0x00, 0x23, 0x00, 0x23, 0x00, 0x23, 0x00, 0x23, 0x00,
    0x23, 0x00, 0x23, 0x00, 0x23, 0x00, 0x23, 0x00, 0x23, 0x00, 0x23, 0x00, 0x46, 0x00, 0x46, 0x00,
    0x23, 0x00, 0x23, 0x00, 0x23, 0x00, 0x46, 0x00, 0x46, 0x00, 0x23, 0x00, 0x23, 0x00, 0x23, 0x00,
    0x23, 0x00, 0x23, 0x00, 0x23, 0x00, 0x23, 0x00, 0x46, 0x00, 0x46, 0x00, 0x23, 0x00, 0x23, 0x00,
    0x46, 0x00, 0x46, 0x00, 0x46, 0x00, 0x23, 0x00, 0x23, 0x00, 0x46, 0x00, 0x46, 0x00, 0x46, 0x00,
    0x23, 0x00, 0x23, 0x00, 0x23, 0x00, 0x23, 0x00, 0x94, 0x03, 0x94, 0x03, 0x23, 0x00, 0x23, 0x00,
    0x23, 0x00, 0x23, 0x00, 0x23, 0x00, 0x23, 0x00, 0x23, 0x00, 0x23, 0x00, 0x23, 0x00, 0x23, 0x00,
    0x23, 0x00, 0x51, 0x01, 0x51, 0x01, 0x00, 0x00, 0x00, 0x00, 0x00, 0x00, 0x00, 0x00, 0x00, 0x00,
    0x00, 0x00, 0x8a, 0x00, 0xe8, 0x00, 0x00, 0x00, 0xe8, 0x00, 0xb5, 0x01, 0x0c, 0x01, 0x00, 0x00,
    0x46, 0x00, 0x0c, 0x01, 0x23, 0x00, 0x00, 0x00, 0x00, 0x00, 0x00, 0x00, 0x00, 0x00, 0x00, 0x00,
    0x00, 0x00, 0x00, 0x00, 0x00, 0x00, 0x00, 0x00, 0x00, 0x00, 0x00, 0x00, 0x00, 0x00, 0x33, 0x01,
    0x51, 0x01, 0x23, 0x00, 0x23, 0x00, 0x23, 0x00, 0x23, 0x00, 0x23, 0x00, 0x23, 0x00, 0x23, 0x00,
    0x23, 0x00, 0x23, 0x00, 0x23, 0x00, 0x23, 0x00, 0x23, 0x00, 0x23, 0x00, 0x23, 0x00, 0x23, 0x00,
    0x23, 0x00, 0x23, 0x00, 0x23, 0x00, 0x23, 0x00, 0x23, 0x00, 0x23, 0x00, 0x23, 0x00, 0x23, 0x00,
    0x23, 0x00, 0x23, 0x00, 0x23, 0x00, 0x23, 0x00, 0x23, 0x00, 0x23, 0x00, 0x23, 0x00, 0x23, 0x00,
    0x23, 0x00, 0x23, 0x00, 0x23, 0x00, 0x23, 0x00, 0x23, 0x00, 0x23, 0x00, 0x23, 0x00, 0x23, 0x00,
    0x23, 0x00, 0x23, 0x00, 0x23, 0x00, 0x23, 0x00, 0x23, 0x00, 0x23, 0x00, 0x23, 0x00, 0x23, 0x00,
    0x23, 0x00, 0x23, 0x00, 0x23, 0x00, 0x23, 0x00, 0x23, 0x00, 0x23, 0x00, 0x23, 0x00, 0x23, 0x00,
    0x23, 0x00, 0x23, 0x00, 0x23, 0x00, 0x23, 0x00, 0x23, 0x00, 0x23, 0x00, 0x23, 0x00, 0x23, 0x00,
    0x23, 0x00, 0x23, 0x00, 0x23, 0x00, 0x23, 0x00, 0x23, 0x00, 0x23, 0x00, 0x23, 0x00, 0x23, 0x00,
    0x23, 0x00, 0x23, 0x00, 0x23, 0x00, 0x23, 0x00, 0x23, 0x00, 0x23, 0x00, 0x23, 0x00, 0x23, 0x00,
    0x23, 0x00, 0x23, 0x00, 0x23, 0x00, 0x23, 0x00, 0x23, 0x00, 0x23, 0x00, 0x23, 0x00, 0x23, 0x00,
    0x23, 0x00, 0x23, 0x00, 0x23, 0x00, 0x23, 0x00, 0x23, 0x00, 0x23, 0x00, 0x23, 0x00, 0x23, 0x00,
    0x23, 0x00, 0x23, 0x00, 0x23, 0x00, 0x23, 0x00, 0x23, 0x00, 0x23, 0x00, 0x23, 0x00, 0x23, 0x00,
    0x23, 0x00, 0x23, 0x00, 0x23, 0x00, 0x23, 0x00, 0x23, 0x00, 0x23, 0x00, 0x23, 0x00, 0x23, 0x00,
    0x23, 0x00, 0x23, 0x00, 0x23, 0x00, 0x23, 0x00, 0x23, 0x00, 0x23, 0x00, 0x23, 0x00, 0x23, 0x00,
    0x23, 0x00, 0x23, 0x00, 0x23, 0x00, 0x23, 0x00, 0x23, 0x00, 0x23, 0x00, 0x23, 0x00, 0x23, 0x00,
    0x23, 0x00, 0x23, 0x00, 0x23, 0x00, 0x23, 0x00, 0x23, 0x00, 0x23, 0x00, 0x23, 0x00, 0x23, 0x00,
    0x23, 0x00, 0x23, 0x00, 0x23, 0x00, 0x23, 0x00, 0x23, 0x00, 0x23, 0x00, 0x23, 0x00, 0x23, 0x00,
    0x23, 0x00, 0x23, 0x00, 0x23, 0x00, 0x23, 0x00, 0x23, 0x00, 0x23, 0x00, 0x23, 0x00, 0x23, 0x00,
    0x23, 0x00, 0x23, 0x00, 0x23, 0x00, 0x23, 0x00, 0x23, 0x00, 0x23, 0x00, 0x23, 0x00, 0x23, 0x00,
    0x23, 0x00, 0x23, 0x00, 0x23, 0x00, 0x23, 0x00, 0x23, 0x00, 0x23, 0x00, 0x23, 0x00, 0x23, 0x00,
    0x23, 0x00, 0x23, 0x00, 0x23, 0x00, 0x23, 0x00, 0x23, 0x00, 0x23, 0x00, 0x23, 0x00, 0x23, 0x00,
    0x23, 0x00, 0x23, 0x00, 0x23, 0x00, 0x23, 0x00, 0x23, 0x00, 0x23, 0x00, 0x23, 0x00, 0x23, 0x00,
    0x23, 0x00, 0x23, 0x00, 0x23, 0x00, 0x23, 0x00, 0x23, 0x00, 0x23, 0x00, 0x23, 0x00, 0x23, 0x00,
    0x23, 0x00, 0x23, 0x00, 0x23, 0x00, 0x23, 0x00, 0x23, 0x00, 0x23, 0x00, 0x23, 0x00, 0x23, 0x00,
    0x23, 0x00, 0x23, 0x00, 0x23, 0x00, 0x00, 0x00, 0x00, 0x00, 0x23, 0x00, 0x23, 0x00, 0x23, 0x00,
    0x23, 0x00, 0x51, 0x01, 0x51, 0x01, 0x00, 0x00, 0x00, 0x00, 0x00, 0x00, 0x00, 0x00, 0x00, 0x00,
    0x00, 0x00, 0x8a, 0x00, 0xe8, 0x00, 0x00, 0x00, 0x00, 0x00, 0x00, 0x00, 0x00, 0x00, 0x00, 0x00,
    0x46, 0x00, 0x0c, 0x01, 0x23, 0x00, 0x00, 0x00, 0x00, 0x00, 0x00, 0x00, 0x00, 0x00, 0x00, 0x00,
    0x00, 0x00, 0x00, 0x00, 0x00, 0x00, 0x00, 0x00, 0x00, 0x00, 0x00, 0x00, 0x00, 0x00, 0x51, 0x01,
    0x51, 0x01, 0x23, 0x00, 0x23, 0x00, 0x23, 0x00, 0x5d, 0x03, 0xdf, 0x03, 0xce, 0x01, 0x23, 0x00,
    0x23, 0x00, 0x23, 0x00, 0x23, 0x00, 0x23, 0x00, 0x23, 0x00, 0x23, 0x00, 0x23, 0x00, 0x23, 0x00,
    0x23, 0x00, 0x23, 0x00, 0x23, 0x00, 0x23, 0x00, 0x23, 0x00, 0x23, 0x00, 0x23, 0x00, 0x23, 0x00,
    0x23, 0x00, 0x23, 0x00, 0x23, 0x00, 0x23, 0x00, 0x23, 0x00, 0x23, 0x00, 0x23, 0x00, 0x23, 0x00,
    0x23, 0x00, 0x23, 0x00, 0x23, 0x00, 0x23, 0x00, 0x23, 0x00, 0x23, 0x00, 0x23, 0x00, 0x23, 0x00,
    0x23, 0x00, 0x23, 0x00, 0x23, 0x00, 0x23, 0x00, 0x23, 0x00, 0x23, 0x00, 0x23, 0x00, 0x23, 0x00,
    0x23, 0x00, 0x23, 0x00, 0x23, 0x00, 0x23, 0x00, 0x23, 0x00, 0x23, 0x00, 0x23, 0x00, 0x23, 0x00,
    0x23, 0x00, 0x23, 0x00, 0x23, 0x00, 0x23, 0x00, 0x23, 0x00, 0x23, 0x00, 0x23, 0x00, 0x23, 0x00,
    0x23, 0x00, 0x23, 0x00, 0x23, 0x00, 0x23, 0x00, 0x23, 0x00, 0x23, 0x00, 0x23, 0x00, 0x23, 0x00,
    0x23, 0x00, 0x23, 0x00, 0x23, 0x00, 0x23, 0x00, 0x23, 0x00, 0x23, 0x00, 0x23, 0x00, 0x23, 0x00,
    0x23, 0x00, 0x23, 0x00, 0x23, 0x00, 0x23, 0x00, 0x23, 0x00, 0x23, 0x00, 0x23, 0x00, 0x23, 0x00,
    0x23, 0x00, 0x23, 0x00, 0x23, 0x00, 0x23, 0x00, 0x23, 0x00, 0x23, 0x00, 0x23, 0x00, 0x23, 0x00,
    0x23, 0x00, 0x23, 0x00, 0x23, 0x00, 0x23, 0x00, 0x23, 0x00, 0x23, 0x00, 0x23, 0x00, 0x23, 0x00,
    0x23, 0x00, 0x23, 0x00, 0x23, 0x00, 0x23, 0x00, 0x23, 0x00, 0x23, 0x00, 0x23, 0x00, 0x23, 0x00,
    0x23, 0x00, 0x23, 0x00, 0x23, 0x00, 0x23, 0x00, 0x23, 0x00, 0x23, 0x00, 0x23, 0x00, 0x23, 0x00,
    0x23, 0x00, 0x23, 0x00, 0x23, 0x00, 0x23, 0x00, 0x23, 0x00, 0x23, 0x00, 0x23, 0x00, 0x23, 0x00,
    0x23, 0x00, 0x23, 0x00, 0x23, 0x00, 0x23, 0x00, 0x23, 0x00, 0x23, 0x00, 0x23, 0x00, 0x23, 0x00,
    0x23, 0x00, 0x23, 0x00, 0x23, 0x00, 0x23, 0x00, 0x23, 0x00, 0x23, 0x00, 0x23, 0x00, 0x23, 0x00,
    0x23, 0x00, 0x23, 0x00, 0x23, 0x00, 0x23, 0x00, 0x23, 0x00, 0x23, 0x00, 0x23, 0x00, 0x23, 0x00,
    0x23, 0x00, 0x23, 0x00, 0x23, 0x00, 0x23, 0x00, 0x23, 0x00, 0x23, 0x00, 0x23, 0x00, 0x23, 0x00,
    0x23, 0x00, 0x23, 0x00, 0x23, 0x00, 0x23, 0x00, 0x23, 0x00, 0x23, 0x00, 0x23, 0x00, 0x23, 0x00,
    0x23, 0x00, 0x23, 0x00, 0x23, 0x00, 0x23, 0x00, 0x23, 0x00, 0x23, 0x00, 0x23, 0x00, 0x23, 0x00,
    0x23, 0x00, 0x23, 0x00, 0x23, 0x00, 0x23, 0x00, 0x23, 0x00, 0x23, 0x00, 0x23, 0x00, 0x23, 0x00,
    0x23, 0x00, 0x23, 0x00, 0x23, 0x00, 0x23, 0x00, 0x23, 0x00, 0x23, 0x00, 0x23, 0x00, 0x23, 0x00,
    0x23, 0x00, 0x23, 0x00, 0x23, 0x00, 0x23, 0x00, 0x23, 0x00, 0x23, 0x00, 0x23, 0x00, 0x23, 0x00,
    0x23, 0x00, 0x23, 0x00, 0x23, 0x00, 0x23, 0x00, 0xdf, 0x03, 0xdf, 0x03, 0x46, 0x00, 0x23, 0x00,
    0x23, 0x00, 0x51, 0x01, 0x51, 0x01, 0x00, 0x00, 0x00, 0x00, 0x00, 0x00, 0x00, 0x00, 0x00, 0x00,
    0x00, 0x00, 0x8a, 0x00, 0xe8, 0x00, 0x00, 0x00, 0x00, 0x00, 0x00, 0x00, 0x00, 0x00, 0x00, 0x00,
    0x46, 0x00, 0x0c, 0x01, 0x23, 0x00, 0x00, 0x00, 0x00, 0x00, 0x00, 0x00, 0x00, 0x00, 0x00, 0x00,
    0x00, 0x00, 0x00, 0x00, 0x00, 0x00, 0x00, 0x00, 0x00, 0x00, 0x00, 0x00, 0x00, 0x00, 0x33, 0x01,
    0x51, 0x01, 0x23, 0x00, 0x23, 0x00, 0x23, 0x00, 0xdf, 0x02, 0xdf, 0x02, 0xf1, 0x01, 0x23, 0x00,
    0x23, 0x00, 0x23, 0x00, 0x23, 0x00, 0x23, 0x00, 0x23, 0x00, 0x23, 0x00, 0x23, 0x00, 0x23, 0x00,
    0x23, 0x00, 0x23, 0x00, 0x23, 0x00, 0x23, 0x00, 0x23, 0x00, 0x23, 0x00, 0x23, 0x00, 0x23, 0x00,
    0x23, 0x00, 0x23, 0x00, 0x23, 0x00, 0x23, 0x00, 0x23, 0x00, 0x23, 0x00, 0x23, 0x00, 0x23, 0x00,
    0x23, 0x00, 0x23, 0x00, 0x23, 0x00, 0x23, 0x00, 0x23, 0x00, 0x23, 0x00, 0x23, 0x00, 0x23, 0x00,
    0x23, 0x00, 0x23, 0x00, 0x23, 0x00, 0x23, 0x00, 0x23, 0x00, 0x23, 0x00, 0x23, 0x00, 0x23, 0x00,
    0x23, 0x00, 0x23, 0x00, 0x23, 0x00, 0x23, 0x00, 0x23, 0x00, 0x23, 0x00, 0x23, 0x00, 0x23, 0x00,
    0x23, 0x00, 0x23, 0x00, 0x23, 0x00, 0x23, 0x00, 0x23, 0x00, 0x23, 0x00, 0x23, 0x00, 0x23, 0x00,
    0x23, 0x00, 0x23, 0x00, 0x23, 0x00, 0x23, 0x00, 0x23, 0x00, 0x23, 0x00, 0x23, 0x00, 0x23, 0x00,
    0x23, 0x00, 0x23, 0x00, 0x23, 0x00, 0x23, 0x00, 0x23, 0x00, 0x23, 0x00, 0x23, 0x00, 0x23, 0x00,
    0x23, 0x00, 0x23, 0x00, 0x23, 0x00, 0x23, 0x00, 0x23, 0x00, 0x23, 0x00, 0x23, 0x00, 0x23, 0x00,
    0x23, 0x00, 0x23, 0x00, 0x23, 0x00, 0x23, 0x00, 0x23, 0x00, 0x23, 0x00, 0x23, 0x00, 0x23, 0x00,
    0x23, 0x00, 0x23, 0x00, 0x23, 0x00, 0x23, 0x00, 0x23, 0x00, 0x23, 0x00, 0x23, 0x00, 0x23, 0x00,
    0x23, 0x00, 0x23, 0x00, 0x23, 0x00, 0x23, 0x00, 0x23, 0x00, 0x23, 0x00, 0x23, 0x00, 0x23, 0x00,
    0x23, 0x00, 0x23, 0x00, 0x23, 0x00, 0x23, 0x00, 0x23, 0x00, 0x23, 0x00, 0x23, 0x00, 0x23, 0x00,
    0x23, 0x00, 0x23, 0x00, 0x23, 0x00, 0x23, 0x00, 0x23, 0x00, 0x23, 0x00, 0x23, 0x00, 0x23, 0x00,
    0x23, 0x00, 0x23, 0x00, 0x23, 0x00, 0x23, 0x00, 0x23, 0x00, 0x23, 0x00, 0x23, 0x00, 0x23, 0x00,
    0x23, 0x00, 0x23, 0x00, 0x23, 0x00, 0x23, 0x00, 0x23, 0x00, 0x23, 0x00, 0x23, 0x00, 0x23, 0x00,
    0x23, 0x00, 0x23, 0x00, 0x23, 0x00, 0x23, 0x00, 0x23, 0x00, 0x23, 0x00, 0x23, 0x00, 0x23, 0x00,
    0x23, 0x00, 0x23, 0x00, 0x23, 0x00, 0x23, 0x00, 0x23, 0x00, 0x23, 0x00, 0x23, 0x00, 0x23, 0x00,
    0x23, 0x00, 0x23, 0x00, 0x23, 0x00, 0x23, 0x00, 0x23, 0x00, 0x23, 0x00, 0x23, 0x00, 0x23, 0x00,
    0x23, 0x00, 0x23, 0x00, 0x23, 0x00, 0x23, 0x00, 0x23, 0x00, 0x23, 0x00, 0x23, 0x00, 0x23, 0x00,
    0x23, 0x00, 0x23, 0x00, 0x23, 0x00, 0x23, 0x00, 0x23, 0x00, 0x23, 0x00, 0x23, 0x00, 0x23, 0x00,
    0x23, 0x00, 0x23, 0x00, 0x23, 0x00, 0x23, 0x00, 0x23, 0x00, 0x23, 0x00, 0x23, 0x00, 0x23, 0x00,
    0x23, 0x00, 0x23, 0x00, 0x23, 0x00, 0x23, 0x00, 0x23, 0x00, 0x23, 0x00, 0x23, 0x00, 0x23, 0x00,
    0x23, 0x00, 0x23, 0x00, 0x23, 0x00, 0x23, 0x00, 0xdf, 0x03, 0xdf, 0x03, 0x23, 0x00, 0x23, 0x00,
    0x23, 0x00, 0x51, 0x01, 0x51, 0x01, 0x00, 0x00, 0x00, 0x00, 0x00, 0x00, 0x00, 0x00, 0x00, 0x00,
    0x00, 0x00, 0x8a, 0x00, 0xe8, 0x00, 0x00, 0x00, 0x00, 0x00, 0x00, 0x00, 0x00, 0x00, 0x00, 0x00,
    0x46, 0x00, 0x0c, 0x01, 0x23, 0x00, 0x00, 0x00, 0x00, 0x00, 0x00, 0x00, 0x00, 0x00, 0x00, 0x00,
    0x00, 0x00, 0x00, 0x00, 0x00, 0x00, 0x00, 0x00, 0x00, 0x00, 0x00, 0x00, 0x00, 0x00, 0x33, 0x01,
    0x51, 0x01, 0x23, 0x00, 0x23, 0x00, 0x23, 0x00, 0xdf, 0x02, 0xdf, 0x03, 0xf8, 0x02, 0xf1, 0x01,
    0xce, 0x01, 0x23, 0x00, 0x23, 0x00, 0x23, 0x00, 0x23, 0x00, 0x23, 0x00, 0x23, 0x00, 0x23, 0x00,
    0x23, 0x00, 0x23, 0x00, 0x23, 0x00, 0x23, 0x00, 0x23, 0x00, 0x23, 0x00, 0x23, 0x00, 0x23, 0x00,
    0x23, 0x00, 0x23, 0x00, 0x23, 0x00, 0x23, 0x00, 0x23, 0x00, 0x23, 0x00, 0x23, 0x00, 0x23, 0x00,
    0x23, 0x00, 0x23, 0x00, 0x23, 0x00, 0x23, 0x00, 0x23, 0x00, 0x23, 0x00, 0x23, 0x00, 0x23, 0x00,
    0x23, 0x00, 0x23, 0x00, 0x23, 0x00, 0x23, 0x00, 0x23, 0x00, 0x23, 0x00, 0x23, 0x00, 0x23, 0x00,
    0x23, 0x00, 0x23, 0x00, 0x23, 0x00, 0x23, 0x00, 0x23, 0x00, 0x23, 0x00, 0x23, 0x00, 0x23, 0x00,
    0x23, 0x00, 0x23, 0x00, 0x23, 0x00, 0x23, 0x00, 0x23, 0x00, 0x23, 0x00, 0x23, 0x00, 0x23, 0x00,
    0x23, 0x00, 0x23, 0x00, 0x23, 0x00, 0x23, 0x00, 0x23, 0x00, 0x23, 0x00, 0x23, 0x00, 0x23, 0x00,
    0x23, 0x00, 0x23, 0x00, 0x23, 0x00, 0x23, 0x00, 0x23, 0x00, 0x23, 0x00, 0x23, 0x00, 0x23, 0x00,
    0x23, 0x00, 0x23, 0x00, 0x23, 0x00, 0x23, 0x00, 0x23, 0x00, 0x23, 0x00, 0x23, 0x00, 0x23, 0x00,
    0x23, 0x00, 0x23, 0x00, 0x23, 0x00, 0x23, 0x00, 0x23, 0x00, 0x23, 0x00, 0x23, 0x00, 0x23, 0x00,
    0x23, 0x00, 0x23, 0x00, 0x23, 0x00, 0x23, 0x00, 0x23, 0x00, 0x23, 0x00, 0x23, 0x00, 0x23, 0x00,
    0x23, 0x00, 0x23, 0x00, 0x23, 0x00, 0x23, 0x00, 0x23, 0x00, 0x23, 0x00, 0x23, 0x00, 0x23, 0x00,
    0x23, 0x00, 0x23, 0x00, 0x23, 0x00, 0x23, 0x00, 0x23, 0x00, 0x23, 0x00, 0x23, 0x00, 0x23, 0x00,
    0x23, 0x00, 0x23, 0x00, 0x23, 0x00, 0x23, 0x00, 0x23, 0x00, 0x23, 0x00, 0x23, 0x00, 0x23, 0x00,
    0x23, 0x00, 0x23, 0x00, 0x23, 0x00, 0x23, 0x00, 0x23, 0x00, 0x23, 0x00, 0x23, 0x00, 0x23, 0x00,
    0x23, 0x00, 0x23, 0x00, 0x23, 0x00, 0x23, 0x00, 0x23, 0x00, 0x23, 0x00, 0x23, 0x00, 0x23, 0x00,
    0x23, 0x00, 0x23, 0x00, 0x23, 0x00, 0x23, 0x00, 0x23, 0x00, 0x23, 0x00, 0x23, 0x00, 0x23, 0x00,
    0x23, 0x00, 0x23, 0x00, 0x23, 0x00, 0x23, 0x00, 0x23, 0x00, 0x23, 0x00, 0x23, 0x00, 0x23, 0x00,
    0x23, 0x00, 0x23, 0x00, 0x23, 0x00, 0x23, 0x00, 0x23, 0x00, 0x23, 0x00, 0x23, 0x00, 0x23, 0x00,
    0x23, 0x00, 0x23, 0x00, 0x23, 0x00, 0x23, 0x00, 0x23, 0x00, 0x23, 0x00, 0x23, 0x00, 0x23, 0x00,
    0x23, 0x00, 0x23, 0x00, 0x23, 0x00, 0x23, 0x00, 0x23, 0x00, 0x23, 0x00, 0x23, 0x00, 0x23, 0x00,
    0x23, 0x00, 0x23, 0x00, 0x23, 0x00, 0x23, 0x00, 0x23, 0x00, 0x23, 0x00, 0x23, 0x00, 0x23, 0x00,
    0x23, 0x00, 0x23, 0x00, 0x23, 0x00, 0x23, 0x00, 0x23, 0x00, 0x23, 0x00, 0x23, 0x00, 0x23, 0x00,
    0x23, 0x00, 0xab, 0x01, 0xce, 0x01, 0xce, 0x01, 0xdf, 0x03, 0x7f, 0x04, 0x23, 0x00, 0x23, 0x00,
    0x23, 0x00, 0x51, 0x01, 0x51, 0x01, 0x00, 0x00, 0x00, 0x00, 0x00, 0x00, 0x00, 0x00, 0x00, 0x00,
    0x00, 0x00, 0x8a, 0x00, 0x8a, 0x00, 0x00, 0x00, 0x46, 0x00, 0x19, 0x02, 0xb5, 0x01, 0x00, 0x00,
    0x46, 0x00, 0x0c, 0x01, 0x23, 0x00, 0x00, 0x00, 0x00, 0x00, 0x00, 0x00, 0x00, 0x00, 0x00, 0x00,
    0x00, 0x00, 0x00, 0x00, 0x00, 0x00, 0x00, 0x00, 0x00, 0x00, 0x00, 0x00, 0x00, 0x00, 0x33, 0x01,
    0xef, 0x00, 0x00, 0x00, 0x23, 0x00, 0x23, 0x00, 0xe8, 0x00, 0xbb, 0x02, 0xdf, 0x02, 0xdf, 0x02,
    0xdf, 0x03, 0x46, 0x00, 0x23, 0x00, 0x23, 0x00, 0x23, 0x00, 0x23, 0x00, 0x23, 0x00, 0x23, 0x00,
    0x23, 0x00, 0x23, 0x00, 0x23, 0x00, 0x23, 0x00, 0x23, 0x00, 0x23, 0x00, 0x23, 0x00, 0x23, 0x00,
    0x23, 0x00, 0x23, 0x00, 0x23, 0x00, 0x23, 0x00, 0x23, 0x00, 0x23, 0x00, 0x23, 0x00, 0x23, 0x00,
    0x23, 0x00, 0x23, 0x00, 0x23, 0x00, 0x23, 0x00, 0x23, 0x00, 0x23, 0x00, 0x23, 0x00, 0x23, 0x00,
    0x23, 0x00, 0x23, 0x00, 0x23, 0x00, 0x23, 0x00, 0x23, 0x00, 0x23, 0x00, 0x23, 0x00, 0x23, 0x00,
    0x23, 0x00, 0x23, 0x00, 0x23, 0x00, 0x23, 0x00, 0x23, 0x00, 0x23, 0x00, 0x23, 0x00, 0x23, 0x00,
    0x23, 0x00, 0x23, 0x00, 0x23, 0x00, 0x23, 0x00, 0x23, 0x00, 0x23, 0x00, 0x23, 0x00, 0x23, 0x00,
    0x23, 0x00, 0x23, 0x00, 0x23, 0x00, 0x23, 0x00, 0x23, 0x00, 0x23, 0x00, 0x23, 0x00, 0x23, 0x00,
    0x23, 0x00, 0x23, 0x00, 0x23, 0x00, 0x23, 0x00, 0x23, 0x00, 0x23, 0x00, 0x23, 0x00, 0x23, 0x00,
    0x23, 0x00, 0x23, 0x00, 0x23, 0x00, 0x23, 0x00, 0x23, 0x00, 0x23, 0x00, 0x23, 0x00, 0x23, 0x00,
    0x23, 0x00, 0x23, 0x00, 0x23, 0x00, 0x23, 0x00, 0x23, 0x00, 0x23, 0x00, 0x23, 0x00, 0x23, 0x00,
    0x23, 0x00, 0x23, 0x00, 0x23, 0x00, 0x23, 0x00, 0x23, 0x00, 0x23, 0x00, 0x23, 0x00, 0x23, 0x00,
    0x23, 0x00, 0x23, 0x00, 0x23, 0x00, 0x23, 0x00, 0x23, 0x00, 0x23, 0x00, 0x23, 0x00, 0x23, 0x00,
    0x23, 0x00, 0x23, 0x00, 0x23, 0x00, 0x23, 0x00, 0x23, 0x00, 0x23, 0x00, 0x23, 0x00, 0x23, 0x00,
    0x23, 0x00, 0x23, 0x00, 0x23, 0x00, 0x23, 0x00, 0x23, 0x00, 0x23, 0x00, 0x23, 0x00, 0x23, 0x00,
    0x23, 0x00, 0x23, 0x00, 0x23, 0x00, 0x23, 0x00, 0x23, 0x00, 0x23, 0x00, 0x23, 0x00, 0x23, 0x00,
    0x23, 0x00, 0x23, 0x00, 0x23, 0x00, 0x23, 0x00, 0x23, 0x00, 0x23, 0x00, 0x23, 0x00, 0x23, 0x00,
    0x23, 0x00, 0x23, 0x00, 0x23, 0x00, 0x23, 0x00, 0x23, 0x00, 0x23, 0x00, 0x23, 0x00, 0x23, 0x00,
    0x23, 0x00, 0x23, 0x00, 0x23, 0x00, 0x23, 0x00, 0x23, 0x00, 0x23, 0x00, 0x23, 0x00, 0x23, 0x00,
    0x23, 0x00, 0x23, 0x00, 0x23, 0x00, 0x23, 0x00, 0x23, 0x00, 0x23, 0x00, 0x23, 0x00, 0x23, 0x00,
    0x23, 0x00, 0x23, 0x00, 0x23, 0x00, 0x23, 0x00, 0x23, 0x00, 0x23, 0x00, 0x23, 0x00, 0x23, 0x00,
    0x23, 0x00, 0x23, 0x00, 0x23, 0x00, 0x23, 0x00, 0x23, 0x00, 0x23, 0x00, 0x23, 0x00, 0x23, 0x00,
    0x23, 0x00, 0x23, 0x00, 0x23, 0x00, 0x23, 0x00, 0x23, 0x00, 0x23, 0x00, 0x23, 0x00, 0x23, 0x00,
    0x23, 0x00, 0x23, 0x00, 0x23, 0x00, 0x23, 0x00, 0x23, 0x00, 0x23, 0x00, 0x23, 0x00, 0x23, 0x00,
    0x23, 0x00, 0xdf, 0x03, 0xdf, 0x02, 0xdf, 0x02, 0xdf, 0x02, 0xe8, 0x00, 0x23, 0x00, 0x23, 0x00,
    0x23, 0x00, 0x33, 0x01, 0x51, 0x01, 0x00, 0x00, 0x00, 0x00, 0x00, 0x00, 0x00, 0x00, 0x00, 0x00,
    0x00, 0x00, 0x8a, 0x00, 0x8a, 0x00, 0x00, 0x00, 0x46, 0x00, 0xb5, 0x01, 0x33, 0x01, 0x00, 0x00,
    0x46, 0x00, 0x0c, 0x01, 0x23, 0x00, 0x00, 0x00, 0x00, 0x00, 0x00, 0x00, 0x00, 0x00, 0x00, 0x00,
    0x00, 0x00, 0x00, 0x00, 0x00, 0x00, 0x00, 0x00, 0x00, 0x00, 0x00, 0x00, 0x00, 0x00, 0x51, 0x01,
    0xef, 0x00, 0x0c, 0x01, 0x8a, 0x00, 0x23, 0x00, 0x23, 0x00, 0x55, 0x02, 0xdf, 0x02, 0xdf, 0x02,
    0xdf, 0x03, 0x46, 0x00, 0x23, 0x00, 0x23, 0x00, 0x23, 0x00, 0x23, 0x00, 0x23, 0x00, 0x23, 0x00,
    0x23, 0x00, 0x23, 0x00, 0x23, 0x00, 0x23, 0x00, 0x23, 0x00, 0x23, 0x00, 0x23, 0x00, 0x23, 0x00,
    0x23, 0x00, 0x23, 0x00, 0x23, 0x00, 0x23, 0x00, 0x23, 0x00, 0x23, 0x00, 0x23, 0x00, 0x23, 0x00,
    0x23, 0x00, 0x23, 0x00, 0x23, 0x00, 0x23, 0x00, 0x23, 0x00, 0x23, 0x00, 0x23, 0x00, 0x23, 0x00,
    0x23, 0x00, 0x23, 0x00, 0x23, 0x00, 0x23, 0x00, 0x23, 0x00, 0x23, 0x00, 0x23, 0x00, 0x23, 0x00,
    0x23, 0x00, 0x23, 0x00, 0x23, 0x00, 0x23, 0x00, 0x23, 0x00, 0x23, 0x00, 0x23, 0x00, 0x23, 0x00,
    0x23, 0x00, 0x23, 0x00, 0x23, 0x00, 0x23, 0x00, 0x23, 0x00, 0x23, 0x00, 0x23, 0x00, 0x23, 0x00,
    0x23, 0x00, 0x23, 0x00, 0x23, 0x00, 0x23, 0x00, 0x23, 0x00, 0x23, 0x00, 0x23, 0x00, 0x23, 0x00,
    0x23, 0x00, 0x23, 0x00, 0x23, 0x00, 0x23, 0x00, 0x23, 0x00, 0x23, 0x00, 0x23, 0x00, 0x23, 0x00,
    0x23, 0x00, 0x23, 0x00, 0x23, 0x00, 0x23, 0x00, 0x23, 0x00, 0x23, 0x00, 0x23, 0x00, 0x23, 0x00,
    0x23, 0x00, 0x23, 0x00, 0x23, 0x00, 0x23, 0x00, 0x23, 0x00, 0x23, 0x00, 0x23, 0x00, 0x23, 0x00,
    0x23, 0x00, 0x23, 0x00, 0x23, 0x00, 0x23, 0x00, 0x23, 0x00, 0x23, 0x00, 0x23, 0x00, 0x23, 0x00,
    0x23, 0x00, 0x23, 0x00, 0x23, 0x00, 0x23, 0x00, 0x23, 0x00, 0x23, 0x00, 0x23, 0x00, 0x23, 0x00,
    0x23, 0x00, 0x23, 0x00, 0x23, 0x00, 0x23, 0x00, 0x23, 0x00, 0x23, 0x00, 0x23, 0x00, 0x23, 0x00,
    0x23, 0x00, 0x23, 0x00, 0x23, 0x00, 0x23, 0x00, 0x23, 0x00, 0x23, 0x00, 0x23, 0x00, 0x23, 0x00,
    0x23, 0x00, 0x23, 0x00, 0x23, 0x00, 0x23, 0x00, 0x23, 0x00, 0x23, 0x00, 0x23, 0x00, 0x23, 0x00,
    0x23, 0x00, 0x23, 0x00, 0x23, 0x00, 0x23, 0x00, 0x23, 0x00, 0x23, 0x00, 0x23, 0x00, 0x23, 0x00,
    0x23, 0x00, 0x23, 0x00, 0x23, 0x00, 0x23, 0x00, 0x23, 0x00, 0x23, 0x00, 0x23, 0x00, 0x23, 0x00,
    0x23, 0x00, 0x23, 0x00, 0x23, 0x00, 0x23, 0x00, 0x23, 0x00, 0x23, 0x00, 0x23, 0x00, 0x23, 0x00,
    0x23, 0x00, 0x23, 0x00, 0x23, 0x00, 0x23, 0x00, 0x23, 0x00, 0x23, 0x00, 0x23, 0x00, 0x23, 0x00,
    0x23, 0x00, 0x23, 0x00, 0x23, 0x00, 0x23, 0x00, 0x23, 0x00, 0x23, 0x00, 0x23, 0x00, 0x23, 0x00,
    0x23, 0x00, 0x23, 0x00, 0x23, 0x00, 0x23, 0x00, 0x23, 0x00, 0x23, 0x00, 0x23, 0x00, 0x23, 0x00,
    0x23, 0x00, 0x23, 0x00, 0x23, 0x00, 0x23, 0x00, 0x23, 0x00, 0x23, 0x00, 0x23, 0x00, 0x23, 0x00,
    0x23, 0x00, 0x23, 0x00, 0x23, 0x00, 0x23, 0x00, 0x23, 0x00, 0x23, 0x00, 0x23, 0x00, 0x23, 0x00,
    0x23, 0x00, 0xdf, 0x02, 0xdf, 0x03, 0xdf, 0x03, 0xdf, 0x02, 0x23, 0x00, 0x23, 0x00, 0x8a, 0x00,
    0xef, 0x00, 0x33, 0x01, 0x33, 0x01, 0x00, 0x00, 0x00, 0x00, 0x00, 0x00, 0x00, 0x00, 0x00, 0x00,
    0x00, 0x00, 0x8a, 0x00, 0x8a, 0x00, 0x00, 0x00, 0x46, 0x00, 0xb5, 0x01, 0x33, 0x01, 0x00, 0x00,
    0x46, 0x00, 0x0c, 0x01, 0x23, 0x00, 0x00, 0x00, 0x00, 0x00, 0x00, 0x00, 0x00, 0x00, 0x00, 0x00,
    0x00, 0x00, 0x00, 0x00, 0x00, 0x00, 0x00, 0x00, 0x00, 0x00, 0x00, 0x00, 0x00, 0x00, 0x8a, 0x00,
    0x0c, 0x01, 0x51, 0x01, 0x51, 0x01, 0x0c, 0x01, 0x46, 0x00, 0x46, 0x00, 0x23, 0x00, 0x23, 0x00,
    0x23, 0x00, 0x23, 0x00, 0x23, 0x00, 0x23, 0x00, 0x23, 0x00, 0x23, 0x00, 0x23, 0x00, 0x23, 0x00,
    0x23, 0x00, 0x23, 0x00, 0x23, 0x00, 0x23, 0x00, 0x23, 0x00, 0x23, 0x00, 0x23, 0x00, 0x23, 0x00,
    0x23, 0x00, 0x23, 0x00, 0x23, 0x00, 0x23, 0x00, 0x23, 0x00, 0x23, 0x00, 0x23, 0x00, 0x23, 0x00,
    0x23, 0x00, 0x23, 0x00, 0x23, 0x00, 0x23, 0x00, 0x23, 0x00, 0x23, 0x00, 0x23, 0x00, 0x23, 0x00,
    0x23, 0x00, 0x23, 0x00, 0x23, 0x00, 0x23, 0x00, 0x23, 0x00, 0x23, 0x00, 0x23, 0x00, 0x23, 0x00,
    0x23, 0x00, 0x23, 0x00, 0x23, 0x00, 0x23, 0x00, 0x23, 0x00, 0x23, 0x00, 0x23, 0x00, 0x23, 0x00,
    0x23, 0x00, 0x23, 0x00, 0x23, 0x00, 0x23, 0x00, 0x23, 0x00, 0x23, 0x00, 0x23, 0x00, 0x23, 0x00,
    0x23, 0x00, 0x23, 0x00, 0x23, 0x00, 0x23, 0x00, 0x23, 0x00, 0x23, 0x00, 0x23, 0x00, 0x23, 0x00,
    0x23, 0x00, 0x23, 0x00, 0x23, 0x00, 0x23, 0x00, 0x23, 0x00, 0x23, 0x00, 0x23, 0x00, 0x23, 0x00,
    0x23, 0x00, 0x23, 0x00, 0x23, 0x00, 0x23, 0x00, 0x23, 0x00, 0x23, 0x00, 0x23, 0x00, 0x23, 0x00,
    0x23, 0x00, 0x23, 0x00, 0x23, 0x00, 0x23, 0x00, 0x23, 0x00, 0x23, 0x00, 0x23, 0x00, 0x23, 0x00,
    0x23, 0x00, 0x23, 0x00, 0x23, 0x00, 0x23, 0x00, 0x23, 0x00, 0x23, 0x00, 0x23, 0x00, 0x23, 0x00,
    0x23, 0x00, 0x23, 0x00, 0x23, 0x00, 0x23, 0x00, 0x23, 0x00, 0x23, 0x00, 0x23, 0x00, 0x23, 0x00,
    0x23, 0x00, 0x23, 0x00, 0x23, 0x00, 0x23, 0x00, 0x23, 0x00, 0x23, 0x00, 0x23, 0x00, 0x23, 0x00,
    0x23, 0x00, 0x23, 0x00, 0x23, 0x00, 0x23, 0x00, 0x23, 0x00, 0x23, 0x00, 0x23, 0x00, 0x23, 0x00,
    0x23, 0x00, 0x23, 0x00, 0x23, 0x00, 0x23, 0x00, 0x23, 0x00, 0x23, 0x00, 0x23, 0x00, 0x23, 0x00,
    0x23, 0x00, 0x23, 0x00, 0x23, 0x00, 0x23, 0x00, 0x23, 0x00, 0x23, 0x00, 0x23, 0x00, 0x23, 0x00,
    0x23, 0x00, 0x23, 0x00, 0x23, 0x00, 0x23, 0x00, 0x23, 0x00, 0x23, 0x00, 0x23, 0x00, 0x23, 0x00,
    0x23, 0x00, 0x23, 0x00, 0x23, 0x00, 0x23, 0x00, 0x23, 0x00, 0x23, 0x00, 0x23, 0x00, 0x23, 0x00,
    0x23, 0x00, 0x23, 0x00, 0x23, 0x00, 0x23, 0x00, 0x23, 0x00, 0x23, 0x00, 0x23, 0x00, 0x23, 0x00,
    0x23, 0x00, 0x23, 0x00, 0x23, 0x00, 0x23, 0x00, 0x23, 0x00, 0x23, 0x00, 0x23, 0x00, 0x23, 0x00,
    0x23, 0x00, 0x23, 0x00, 0x23, 0x00, 0x23, 0x00, 0x23, 0x00, 0x23, 0x00, 0x23, 0x00, 0x23, 0x00,
    0x23, 0x00, 0x23, 0x00, 0x23, 0x00, 0x23, 0x00, 0x23, 0x00, 0x23, 0x00, 0x23, 0x00, 0x23, 0x00,
    0x23, 0x00, 0x23, 0x00, 0x23, 0x00, 0x23, 0x00, 0x23, 0x00, 0x23, 0x00, 0x23, 0x00, 0x23, 0x00,
    0x23, 0x00, 0x23, 0x00, 0x23, 0x00, 0x23, 0x00, 0x23, 0x00, 0x00, 0x00, 0x8a, 0x00, 0xef, 0x00,
    0x51, 0x01, 0xef, 0x00, 0x8a, 0x00, 0x00, 0x00, 0x00, 0x00, 0x00, 0x00, 0x00, 0x00, 0x00, 0x00,
    0x00, 0x00, 0x8a, 0x00, 0xe8, 0x00, 0x00, 0x00, 0xe8, 0x00, 0x19, 0x02, 0x51, 0x01, 0x00, 0x00,
    0x46, 0x00, 0x0c, 0x01, 0x23, 0x00, 0x00, 0x00, 0x00, 0x00, 0x00, 0x00, 0x00, 0x00, 0x00, 0x00,
    0x00, 0x00, 0x00, 0x00, 0x00, 0x00, 0x00, 0x00, 0x00, 0x00, 0x00, 0x00, 0x00, 0x00, 0x00, 0x00,
    0xe8, 0x00, 0x33, 0x01, 0x51, 0x01, 0xef, 0x00, 0x46, 0x00, 0x23, 0x00, 0x23, 0x00, 0x23, 0x00,
    0x23, 0x00, 0x23, 0x00, 0x23, 0x00, 0x23, 0x00, 0x23, 0x00, 0x23, 0x00, 0x23, 0x00, 0x23, 0x00,
    0x23, 0x00, 0x23, 0x00, 0x23, 0x00, 0x23, 0x00, 0x23, 0x00, 0x23, 0x00, 0x23, 0x00, 0x23, 0x00,
    0x23, 0x00, 0x23, 0x00, 0x23, 0x00, 0x23, 0x00, 0x23, 0x00, 0x23, 0x00, 0x23, 0x00, 0x23, 0x00,
    0x23, 0x00, 0x23, 0x00, 0x23, 0x00, 0x23, 0x00, 0x23, 0x00, 0x23, 0x00, 0x23, 0x00, 0x23, 0x00,
    0x23, 0x00, 0x23, 0x00, 0x23, 0x00, 0x23, 0x00, 0x23, 0x00, 0x23, 0x00, 0x23, 0x00, 0x23, 0x00,
    0x23, 0x00, 0x23, 0x00, 0x23, 0x00, 0x23, 0x00, 0x23, 0x00, 0x23, 0x00, 0x23, 0x00, 0x23, 0x00,
    0x23, 0x00, 0x23, 0x00, 0x23, 0x00, 0x23, 0x00, 0x23, 0x00, 0x23, 0x00, 0x23, 0x00, 0x23, 0x00,
    0x23, 0x00, 0x23, 0x00, 0x23, 0x00, 0x23, 0x00, 0x23, 0x00, 0x23, 0x00, 0x23, 0x00, 0x23, 0x00,
    0x23, 0x00, 0x23, 0x00, 0x23, 0x00, 0x23, 0x00, 0x23, 0x00, 0x23, 0x00, 0x23, 0x00, 0x23, 0x00,
    0x23, 0x00, 0x23, 0x00, 0x23, 0x00, 0x23, 0x00, 0x23, 0x00, 0x23, 0x00, 0x23, 0x00, 0x23, 0x00,
    0x23, 0x00, 0x23, 0x00, 0x23, 0x00, 0x23, 0x00, 0x23, 0x00, 0x23, 0x00, 0x23, 0x00, 0x23, 0x00,
    0x23, 0x00, 0x23, 0x00, 0x23, 0x00, 0x23, 0x00, 0x23, 0x00, 0x23, 0x00, 0x23, 0x00, 0x23, 0x00,
    0x23, 0x00, 0x23, 0x00, 0x23, 0x00, 0x23, 0x00, 0x23, 0x00, 0x23, 0x00, 0x23, 0x00, 0x23, 0x00,
    0x23, 0x00, 0x23, 0x00, 0x23, 0x00, 0x23, 0x00, 0x23, 0x00, 0x23, 0x00, 0x23, 0x00, 0x23, 0x00,
    0x23, 0x00, 0x23, 0x00, 0x23, 0x00, 0x23, 0x00, 0x23, 0x00, 0x23, 0x00, 0x23, 0x00, 0x23, 0x00,
    0x23, 0x00, 0x23, 0x00, 0x23, 0x00, 0x23, 0x00, 0x23, 0x00, 0x23, 0x00, 0x23, 0x00, 0x23, 0x00,
    0x23, 0x00, 0x23, 0x00, 0x23, 0x00, 0x23, 0x00, 0x23, 0x00, 0x23, 0x00, 0x23, 0x00, 0x23, 0x00,
    0x23, 0x00, 0x23, 0x00, 0x23, 0x00, 0x23, 0x00, 0x23, 0x00, 0x23, 0x00, 0x23, 0x00, 0x23, 0x00,
    0x23, 0x00, 0x23, 0x00, 0x23, 0x00, 0x23, 0x00, 0x23, 0x00, 0x23, 0x00, 0x23, 0x00, 0x23, 0x00,
    0x23, 0x00, 0x23, 0x00, 0x23, 0x00, 0x23, 0x00, 0x23, 0x00, 0x23, 0x00, 0x23, 0x00, 0x23, 0x00,
    0x23, 0x00, 0x23, 0x00, 0x23, 0x00, 0x23, 0x00, 0x23, 0x00, 0x23, 0x00, 0x23, 0x00, 0x23, 0x00,
    0x23, 0x00, 0x23, 0x00, 0x23, 0x00, 0x23, 0x00, 0x23, 0x00, 0x23, 0x00, 0x23, 0x00, 0x23, 0x00,
    0x23, 0x00, 0x23, 0x00, 0x23, 0x00, 0x23, 0x00, 0x23, 0x00, 0x23, 0x00, 0x23, 0x00, 0x23, 0x00,
    0x23, 0x00, 0x23, 0x00, 0x23, 0x00, 0x23, 0x00, 0x23, 0x00, 0x23, 0x00, 0x23, 0x00, 0x23, 0x00,
    0x23, 0x00, 0x23, 0x00, 0x23, 0x00, 0x23, 0x00, 0x23, 0x00, 0x23, 0x00, 0xef, 0x00, 0xef, 0x00,
    0xef, 0x00, 0x46, 0x00, 0x00, 0x00, 0x00, 0x00, 0x00, 0x00, 0x00, 0x00, 0x00, 0x00, 0x00, 0x00,
    0x00, 0x00, 0x8a, 0x00, 0x46, 0x00, 0x00, 0x00, 0x8a, 0x00, 0x19, 0x02, 0x51, 0x01, 0x00, 0x00,
    0x46, 0x00, 0x0c, 0x01, 0x23, 0x00, 0x00, 0x00, 0x00, 0x00, 0x00, 0x00, 0x00, 0x00, 0x00, 0x00,
    0x00, 0x00, 0x00, 0x00, 0x00, 0x00, 0x00, 0x00, 0x00, 0x00, 0x00, 0x00, 0x00, 0x00, 0x00, 0x00,
    0x23, 0x00, 0x46, 0x00, 0x0c, 0x01, 0xef, 0x00, 0xef, 0x00, 0xef, 0x00, 0x0c, 0x01, 0x0c, 0x01,
    0x0c, 0x01, 0x0c, 0x01, 0x0c, 0x01, 0x0c, 0x01, 0x0c, 0x01, 0x0c, 0x01, 0x0c, 0x01, 0x0c, 0x01,
    0x0c, 0x01, 0x0c, 0x01, 0x0c, 0x01, 0x0c, 0x01, 0x0c, 0x01, 0x0c, 0x01, 0x0c, 0x01, 0x0c, 0x01,
    0x0c, 0x01, 0x0c, 0x01, 0x0c, 0x01, 0x0c, 0x01, 0x0c, 0x01, 0x0c, 0x01, 0x0c, 0x01, 0x0c, 0x01,
    0x0c, 0x01, 0x0c, 0x01, 0x0c, 0x01, 0x0c, 0x01, 0x0c, 0x01, 0x0c, 0x01, 0x0c, 0x01, 0x0c, 0x01,
    0x0c, 0x01, 0x0c, 0x01, 0x0c, 0x01, 0x0c, 0x01, 0x0c, 0x01, 0x0c, 0x01, 0x0c, 0x01, 0x0c, 0x01,
    0x0c, 0x01, 0x0c, 0x01, 0x0c, 0x01, 0x0c, 0x01, 0x0c, 0x01, 0x0c, 0x01, 0x0c, 0x01, 0x0c, 0x01,
    0x0c, 0x01, 0x0c, 0x01, 0x0c, 0x01, 0x0c, 0x01, 0x0c, 0x01, 0x0c, 0x01, 0x0c, 0x01, 0x0c, 0x01,
    0x0c, 0x01, 0x0c, 0x01, 0x0c, 0x01, 0x0c, 0x01, 0x8a, 0x00, 0x8a, 0x00, 0x0c, 0x01, 0x0c, 0x01,
    0x0c, 0x01, 0x0c, 0x01, 0x0c, 0x01, 0x0c, 0x01, 0x0c, 0x01, 0x0c, 0x01, 0x0c, 0x01, 0x0c, 0x01,
    0x0c, 0x01, 0x0c, 0x01, 0x0c, 0x01, 0x0c, 0x01, 0x0c, 0x01, 0x0c, 0x01, 0x0c, 0x01, 0x0c, 0x01,
    0x0c, 0x01, 0x0c, 0x01, 0x0c, 0x01, 0x0c, 0x01, 0x0c, 0x01, 0x0c, 0x01, 0x0c, 0x01, 0x0c, 0x01,
    0x0c, 0x01, 0x0c, 0x01, 0x0c, 0x01, 0x0c, 0x01, 0x0c, 0x01, 0x0c, 0x01, 0x0c, 0x01, 0x0c, 0x01,
    0x0c, 0x01, 0x0c, 0x01, 0x0c, 0x01, 0x0c, 0x01, 0x0c, 0x01, 0x0c, 0x01, 0x0c, 0x01, 0x0c, 0x01,
    0x0c, 0x01, 0x0c, 0x01, 0x0c, 0x01, 0x0c, 0x01, 0x0c, 0x01, 0x0c, 0x01, 0x0c, 0x01, 0x0c, 0x01,
    0x0c, 0x01, 0x0c, 0x01, 0x0c, 0x01, 0x0c, 0x01, 0x0c, 0x01, 0x0c, 0x01, 0x0c, 0x01, 0x0c, 0x01,
    0x0c, 0x01, 0x0c, 0x01, 0x0c, 0x01, 0x0c, 0x01, 0x0c, 0x01, 0x0c, 0x01, 0x0c, 0x01, 0x0c, 0x01,
    0x0c, 0x01, 0x0c, 0x01, 0x0c, 0x01, 0x0c, 0x01, 0x0c, 0x01, 0x0c, 0x01, 0x0c, 0x01, 0x0c, 0x01,
    0x0c, 0x01, 0x0c, 0x01, 0x0c, 0x01, 0x0c, 0x01, 0x0c, 0x01, 0x0c, 0x01, 0x0c, 0x01, 0x0c, 0x01,
    0x0c, 0x01, 0x0c, 0x01, 0x0c, 0x01, 0x0c, 0x01, 0x0c, 0x01, 0x0c, 0x01, 0x0c, 0x01, 0x0c, 0x01,
    0x0c, 0x01, 0x0c, 0x01, 0x0c, 0x01, 0x0c, 0x01, 0x0c, 0x01, 0x0c, 0x01, 0x0c, 0x01, 0x0c, 0x01,
    0x0c, 0x01, 0x0c, 0x01, 0x0c, 0x01, 0x0c, 0x01, 0x0c, 0x01, 0x0c, 0x01, 0x0c, 0x01, 0x0c, 0x01,
    0x0c, 0x01, 0x0c, 0x01, 0x0c, 0x01, 0x0c, 0x01, 0x0c, 0x01, 0x0c, 0x01, 0x0c, 0x01, 0x0c, 0x01,
    0x0c, 0x01, 0x0c, 0x01, 0x0c, 0x01, 0x0c, 0x01, 0x0c, 0x01, 0x0c, 0x01, 0x0c, 0x01, 0x0c, 0x01,
    0x0c, 0x01, 0x0c, 0x01, 0x0c, 0x01, 0x0c, 0x01, 0x0c, 0x01, 0x0c, 0x01, 0x0c, 0x01, 0x0c, 0x01,
    0x0c, 0x01, 0x0c, 0x01, 0x0c, 0x01, 0x0c, 0x01, 0xef, 0x00, 0xef, 0x00, 0xef, 0x00, 0x8a, 0x00,
    0x46, 0x00, 0x23, 0x00, 0x00, 0x00, 0x00, 0x00, 0x00, 0x00, 0x00, 0x00, 0x00, 0x00, 0x00, 0x00,
    0x00, 0x00, 0x8a, 0x00, 0xe8, 0x00, 0x00, 0x00, 0x23, 0x00, 0x46, 0x00, 0x23, 0x00, 0x00, 0x00,
    0x46, 0x00, 0x0c, 0x01, 0x23, 0x00, 0x00, 0x00, 0x00, 0x00, 0x00, 0x00, 0x00, 0x00, 0x00, 0x00,
    0x00, 0x00, 0x00, 0x00, 0x00, 0x00, 0x00, 0x00, 0x00, 0x00, 0x00, 0x00, 0x00, 0x00, 0x00, 0x00,
    0x00, 0x00, 0x00, 0x00, 0x8a, 0x00, 0x51, 0x01, 0x51, 0x01, 0xef, 0x00, 0xef, 0x00, 0xef, 0x00,
    0xef, 0x00, 0xef, 0x00, 0xef, 0x00, 0xef, 0x00, 0xef, 0x00, 0xef, 0x00, 0xef, 0x00, 0xef, 0x00,
    0xef, 0x00, 0xef, 0x00, 0xef, 0x00, 0xef, 0x00, 0xef, 0x00, 0xef, 0x00, 0xef, 0x00, 0xef, 0x00,
    0xef, 0x00, 0xef, 0x00, 0xef, 0x00, 0xef, 0x00, 0xef, 0x00, 0xef, 0x00, 0xef, 0x00, 0xef, 0x00,
    0xef, 0x00, 0xef, 0x00, 0xef, 0x00, 0xef, 0x00, 0xef, 0x00, 0xef, 0x00, 0xef, 0x00, 0xef, 0x00,
    0xef, 0x00, 0xef, 0x00, 0xef, 0x00, 0xef, 0x00, 0xef, 0x00, 0xef, 0x00, 0xef, 0x00, 0xef, 0x00,
    0xef, 0x00, 0xef, 0x00, 0xef, 0x00, 0xef, 0x00, 0xef, 0x00, 0xef, 0x00, 0xef, 0x00, 0xef, 0x00,
    0xef, 0x00, 0xef, 0x00, 0xef, 0x00, 0xef, 0x00, 0xef, 0x00, 0xef, 0x00, 0xef, 0x00, 0xef, 0x00,
    0xef, 0x00, 0xef, 0x00, 0xef, 0x00, 0xef, 0x00, 0xef, 0x00, 0xef, 0x00, 0xef, 0x00, 0xef, 0x00,
    0xef, 0x00, 0xef, 0x00, 0xef, 0x00, 0xef, 0x00, 0xef, 0x00, 0xef, 0x00, 0xef, 0x00, 0xef, 0x00,
    0xef, 0x00, 0xef, 0x00, 0xef, 0x00, 0xef, 0x00, 0xef, 0x00, 0xef, 0x00, 0xef, 0x00, 0xef, 0x00,
    0xef, 0x00, 0xef, 0x00, 0xef, 0x00, 0xef, 0x00, 0xef, 0x00, 0xef, 0x00, 0xef, 0x00, 0xef, 0x00,
    0xef, 0x00, 0xef, 0x00, 0xef, 0x00, 0xef, 0x00, 0xef, 0x00, 0xef, 0x00, 0xef, 0x00, 0xef, 0x00,
    0xef, 0x00, 0xef, 0x00, 0xef, 0x00, 0xef, 0x00, 0xef, 0x00, 0xef, 0x00, 0xef, 0x00, 0xef, 0x00,
    0xef, 0x00, 0xef, 0x00, 0xef, 0x00, 0xef, 0x00, 0xef, 0x00, 0xef, 0x00, 0xef, 0x00, 0xef, 0x00,
    0xef, 0x00, 0xef, 0x00, 0xef, 0x00, 0xef, 0x00, 0xef, 0x00, 0xef, 0x00, 0xef, 0x00, 0xef, 0x00,
    0xef, 0x00, 0xef, 0x00, 0xef, 0x00, 0xef, 0x00, 0xef, 0x00, 0xef, 0x00, 0xef, 0x00, 0xef, 0x00,
    0xef, 0x00, 0xef, 0x00, 0xef, 0x00, 0xef, 0x00, 0xef, 0x00, 0xef, 0x00, 0xef, 0x00, 0xef, 0x00,
    0xef, 0x00, 0xef, 0x00, 0xef, 0x00, 0xef, 0x00, 0xef, 0x00, 0xef, 0x00, 0xef, 0x00, 0xef, 0x00,
    0xef, 0x00, 0xef, 0x00, 0xef, 0x00, 0xef, 0x00, 0xef, 0x00, 0xef, 0x00, 0xef, 0x00, 0xef, 0x00,
    0xef, 0x00, 0xef, 0x00, 0xef, 0x00, 0xef, 0x00, 0xef, 0x00, 0xef, 0x00, 0xef, 0x00, 0xef, 0x00,
    0xef, 0x00, 0xef, 0x00, 0xef, 0x00, 0xef, 0x00, 0xef, 0x00, 0xef, 0x00, 0xef, 0x00, 0xef, 0x00,
    0xef, 0x00, 0xef, 0x00, 0xef, 0x00, 0xef, 0x00, 0xef, 0x00, 0xef, 0x00, 0xef, 0x00, 0xef, 0x00,
    0xef, 0x00, 0xef, 0x00, 0xef, 0x00, 0xef, 0x00, 0xef, 0x00, 0xef, 0x00, 0xef, 0x00, 0xef, 0x00,
    0xef, 0x00, 0xef, 0x00, 0xef, 0x00, 0xef, 0x00, 0xef, 0x00, 0xef, 0x00, 0xef, 0x00, 0xef, 0x00,
    0xef, 0x00, 0xef, 0x00, 0xef, 0x00, 0xef, 0x00, 0xef, 0x00, 0x51, 0x01, 0xef, 0x00, 0x8a, 0x00,
    0x00, 0x00, 0x00, 0x00, 0x00, 0x00, 0x00, 0x00, 0x00, 0x00, 0x00, 0x00, 0x00, 0x00, 0x00, 0x00,
    0x00, 0x00, 0x8a, 0x00, 0xe8, 0x00, 0x00, 0x00, 0x00, 0x00, 0x00, 0x00, 0x00, 0x00, 0x00, 0x00,
    0x46, 0x00, 0x0c, 0x01, 0x23, 0x00, 0x00, 0x00, 0x00, 0x00, 0x00, 0x00, 0x00, 0x00, 0x00, 0x00,
    0x00, 0x00, 0x00, 0x00, 0x00, 0x00, 0x00, 0x00, 0x00, 0x00, 0x00, 0x00, 0x00, 0x00, 0x00, 0x00,
    0x00, 0x00, 0x00, 0x00, 0x23, 0x00, 0x46, 0x00, 0x46, 0x00, 0x46, 0x00, 0x23, 0x00, 0x23, 0x00,
    0x23, 0x00, 0x23, 0x00, 0x23, 0x00, 0x46, 0x00, 0x23, 0x00, 0x46, 0x00, 0x46, 0x00, 0x46, 0x00,
    0x23, 0x00, 0x23, 0x00, 0x23, 0x00, 0x23, 0x00, 0x23, 0x00, 0x46, 0x00, 0x46, 0x00, 0x23, 0x00,
    0x23, 0x00, 0x23, 0x00, 0x23, 0x00, 0x23, 0x00, 0x46, 0x00, 0x46, 0x00, 0x46, 0x00, 0x23, 0x00,
    0x46, 0x00, 0x46, 0x00, 0x46, 0x00, 0x46, 0x00, 0x46, 0x00, 0x46, 0x00, 0x46, 0x00, 0x46, 0x00,
    0x46, 0x00, 0x23, 0x00, 0x23, 0x00, 0x46, 0x00, 0x23, 0x00, 0x46, 0x00, 0x46, 0x00, 0x46, 0x00,
    0x46, 0x00, 0x46, 0x00, 0x46, 0x00, 0x46, 0x00, 0x46, 0x00, 0x46, 0x00, 0x46, 0x00, 0x46, 0x00,
    0x46, 0x00, 0x46, 0x00, 0x46, 0x00, 0x46, 0x00, 0x46, 0x00, 0x23, 0x00, 0x23, 0x00, 0x23, 0x00,
    0x23, 0x00, 0x23, 0x00, 0x23, 0x00, 0x23, 0x00, 0x23, 0x00, 0x23, 0x00, 0x23, 0x00, 0x23, 0x00,
    0x23, 0x00, 0x46, 0x00, 0x46, 0x00, 0x23, 0x00, 0x46, 0x00, 0x46, 0x00, 0x46, 0x00, 0x46, 0x00,
    0x46, 0x00, 0x46, 0x00, 0x46, 0x00, 0x23, 0x00, 0x23, 0x00, 0x46, 0x00, 0x46, 0x00, 0x46, 0x00,
    0x46, 0x00, 0x46, 0x00, 0x46, 0x00, 0x23, 0x00, 0x23, 0x00, 0x23, 0x00, 0x23, 0x00, 0x46, 0x00,
    0x46, 0x00, 0x46, 0x00, 0x46, 0x00, 0x23, 0x00, 0x46, 0x00, 0x46, 0x00, 0x46, 0x00, 0x46, 0x00,
    0x23, 0x00, 0x46, 0x00, 0x46, 0x00, 0x46, 0x00, 0x23, 0x00, 0x23, 0x00, 0x23, 0x00, 0x23, 0x00,
    0x23, 0x00, 0x23, 0x00, 0x46, 0x00, 0x46, 0x00, 0x23, 0x00, 0x23, 0x00, 0x23, 0x00, 0x23, 0x00,
    0x23, 0x00, 0x46, 0x00, 0x46, 0x00, 0x46, 0x00, 0x46, 0x00, 0x46, 0x00, 0x46, 0x00, 0x46, 0x00,
    0x23, 0x00, 0x23, 0x00, 0x46, 0x00, 0x46, 0x00, 0x46, 0x00, 0x23, 0x00, 0x23, 0x00, 0x23, 0x00,
    0x46, 0x00, 0x46, 0x00, 0x46, 0x00, 0x46, 0x00, 0x46, 0x00, 0x46, 0x00, 0x46, 0x00, 0x46, 0x00,
    0x46, 0x00, 0x46, 0x00, 0x46, 0x00, 0x46, 0x00, 0x46, 0x00, 0x23, 0x00, 0x46, 0x00, 0x46, 0x00,
    0x46, 0x00, 0x46, 0x00, 0x23, 0x00, 0x46, 0x00, 0x46, 0x00, 0x23, 0x00, 0x23, 0x00, 0x23, 0x00,
    0x23, 0x00, 0x46, 0x00, 0x46, 0x00, 0x46, 0x00, 0x23, 0x00, 0x46, 0x00, 0x46, 0x00, 0x23, 0x00,
    0x46, 0x00, 0x46, 0x00, 0x46, 0x00, 0x46, 0x00, 0x46, 0x00, 0x46, 0x00, 0x46, 0x00, 0x46, 0x00,
    0x46, 0x00, 0x46, 0x00, 0x46, 0x00, 0x46, 0x00, 0x46, 0x00, 0x46, 0x00, 0x46, 0x00, 0x23, 0x00,
    0x46, 0x00, 0x23, 0x00, 0x23, 0x00, 0x23, 0x00, 0x23, 0x00, 0x46, 0x00, 0x46, 0x00, 0x46, 0x00,
    0x46, 0x00, 0x46, 0x00, 0x46, 0x00, 0x46, 0x00, 0x46, 0x00, 0x23, 0x00, 0x23, 0x00, 0x23, 0x00,
    0x46, 0x00, 0x46, 0x00, 0x23, 0x00, 0x23, 0x00, 0x46, 0x00, 0x46, 0x00, 0x46, 0x00, 0x23, 0x00,
    0x00, 0x00, 0x00, 0x00, 0x00, 0x00, 0x00, 0x00, 0x00, 0x00, 0x00, 0x00, 0x00, 0x00, 0x00, 0x00,
    0x00, 0x00, 0x8a, 0x00, 0xe8, 0x00, 0x00, 0x00, 0x00, 0x00, 0x00, 0x00, 0x23, 0x00, 0x00, 0x00,
    0x46, 0x00, 0x8a, 0x00, 0x23, 0x00, 0x00, 0x00, 0x00, 0x00, 0x00, 0x00, 0x00, 0x00, 0x00, 0x00,
    0x00, 0x00, 0x00, 0x00, 0x00, 0x00, 0x00, 0x00, 0x00, 0x00, 0x00, 0x00, 0x00, 0x00, 0x00, 0x00,
    0x00, 0x00, 0x00, 0x00, 0x00, 0x00, 0x00, 0x00, 0x00, 0x00, 0x00, 0x00, 0x00, 0x00, 0x00, 0x00,
    0x00, 0x00, 0x00, 0x00, 0x00, 0x00, 0x00, 0x00, 0x00, 0x00, 0x00, 0x00, 0x00, 0x00, 0x00, 0x00,
    0x00, 0x00, 0x00, 0x00, 0x00, 0x00, 0x00, 0x00, 0x00, 0x00, 0x00, 0x00, 0x00, 0x00, 0x00, 0x00,
    0x00, 0x00, 0x00, 0x00, 0x00, 0x00, 0x00, 0x00, 0x00, 0x00, 0x00, 0x00, 0x00, 0x00, 0x00, 0x00,
    0x00, 0x00, 0x00, 0x00, 0x00, 0x00, 0x00, 0x00, 0x00, 0x00, 0x00, 0x00, 0x00, 0x00, 0x00, 0x00,
    0x00, 0x00, 0x00, 0x00, 0x00, 0x00, 0x00, 0x00, 0x00, 0x00, 0x00, 0x00, 0x00, 0x00, 0x00, 0x00,
    0x00, 0x00, 0x00, 0x00, 0x00, 0x00, 0x00, 0x00, 0x00, 0x00, 0x00, 0x00, 0x00, 0x00, 0x00, 0x00,
    0x00, 0x00, 0x00, 0x00, 0x00, 0x00, 0x00, 0x00, 0x00, 0x00, 0x00, 0x00, 0x00, 0x00, 0x00, 0x00,
    0x00, 0x00, 0x00, 0x00, 0x00, 0x00, 0x00, 0x00, 0x00, 0x00, 0x00, 0x00, 0x00, 0x00, 0x00, 0x00,
    0x00, 0x00, 0x00, 0x00, 0x00, 0x00, 0x00, 0x00, 0x00, 0x00, 0x00, 0x00, 0x00, 0x00, 0x00, 0x00,
    0x00, 0x00, 0x00, 0x00, 0x00, 0x00, 0x00, 0x00, 0x00, 0x00, 0x00, 0x00, 0x00, 0x00, 0x00, 0x00,
    0x00, 0x00, 0x00, 0x00, 0x00, 0x00, 0x00, 0x00, 0x00, 0x00, 0x00, 0x00, 0x00, 0x00, 0x00, 0x00,
    0x00, 0x00, 0x00, 0x00, 0x00, 0x00, 0x00, 0x00, 0x00, 0x00, 0x00, 0x00, 0x00, 0x00, 0x00, 0x00,
    0x00, 0x00, 0x00, 0x00, 0x00, 0x00, 0x00, 0x00, 0x00, 0x00, 0x00, 0x00, 0x00, 0x00, 0x00, 0x00,
    0x00, 0x00, 0x00, 0x00, 0x00, 0x00, 0x00, 0x00, 0x00, 0x00, 0x00, 0x00, 0x00, 0x00, 0x00, 0x00,
    0x00, 0x00, 0x00, 0x00, 0x00, 0x00, 0x00, 0x00, 0x00, 0x00, 0x00, 0x00, 0x00, 0x00, 0x00, 0x00,
    0x00, 0x00, 0x00, 0x00, 0x00, 0x00, 0x00, 0x00, 0x00, 0x00, 0x00, 0x00, 0x00, 0x00, 0x00, 0x00,
    0x00, 0x00, 0x00, 0x00, 0x00, 0x00, 0x00, 0x00, 0x00, 0x00, 0x00, 0x00, 0x00, 0x00, 0x00, 0x00,
    0x00, 0x00, 0x00, 0x00, 0x00, 0x00, 0x00, 0x00, 0x00, 0x00, 0x00, 0x00, 0x00, 0x00, 0x00, 0x00,
    0x00, 0x00, 0x00, 0x00, 0x00, 0x00, 0x00, 0x00, 0x00, 0x00, 0x00, 0x00, 0x00, 0x00, 0x00, 0x00,
    0x00, 0x00, 0x00, 0x00, 0x00, 0x00, 0x00, 0x00, 0x00, 0x00, 0x00, 0x00, 0x00, 0x00, 0x00, 0x00,
    0x00, 0x00, 0x00, 0x00, 0x00, 0x00, 0x00, 0x00, 0x00, 0x00, 0x00, 0x00, 0x00, 0x00, 0x00, 0x00,
    0x00, 0x00, 0x00, 0x00, 0x00, 0x00, 0x00, 0x00, 0x00, 0x00, 0x00, 0x00, 0x00, 0x00, 0x00, 0x00,
    0x00, 0x00, 0x00, 0x00, 0x00, 0x00, 0x00, 0x00, 0x00, 0x00, 0x00, 0x00, 0x00, 0x00, 0x00, 0x00,
    0x00, 0x00, 0x00, 0x00, 0x00, 0x00, 0x00, 0x00, 0x00, 0x00, 0x00, 0x00, 0x00, 0x00, 0x00, 0x00,
    0x00, 0x00, 0x00, 0x00, 0x00, 0x00, 0x00, 0x00, 0x00, 0x00, 0x00, 0x00, 0x00, 0x00, 0x00, 0x00,
    0x00, 0x00, 0x00, 0x00, 0x00, 0x00, 0x00, 0x00, 0x00, 0x00, 0x00, 0x00, 0x00, 0x00, 0x00, 0x00,
    0x00, 0x00, 0x8a, 0x00, 0xe8, 0x00, 0x00, 0x00, 0x23, 0x00, 0x51, 0x01, 0x0c, 0x01, 0x00, 0x00,
    0x46, 0x00, 0x8a, 0x00, 0x23, 0x00, 0x00, 0x00, 0x00, 0x00, 0x00, 0x00, 0x00, 0x00, 0x00, 0x00,
    0x00, 0x00, 0x00, 0x00, 0x00, 0x00, 0x00, 0x00, 0x00, 0x00, 0x00, 0x00, 0x00, 0x00, 0x00, 0x00,
    0x00, 0x00, 0x00, 0x00, 0x00, 0x00, 0x00, 0x00, 0x00, 0x00, 0x00, 0x00, 0x00, 0x00, 0x00, 0x00,
    0x00, 0x00, 0x00, 0x00, 0x00, 0x00, 0x00, 0x00, 0x00, 0x00, 0x00, 0x00, 0x00, 0x00, 0x00, 0x00,
    0x00, 0x00, 0x00, 0x00, 0x00, 0x00, 0x00, 0x00, 0x00, 0x00, 0x00, 0x00, 0x00, 0x00, 0x00, 0x00,
    0x00, 0x00, 0x00, 0x00, 0x00, 0x00, 0x00, 0x00, 0x00, 0x00, 0x00, 0x00, 0x00, 0x00, 0x00, 0x00,
    0x00, 0x00, 0x00, 0x00, 0x00, 0x00, 0x00, 0x00, 0x00, 0x00, 0x00, 0x00, 0x00, 0x00, 0x00, 0x00,
    0x00, 0x00, 0x00, 0x00, 0x00, 0x00, 0x00, 0x00, 0x00, 0x00, 0x00, 0x00, 0x00, 0x00, 0x00, 0x00,
    0x00, 0x00, 0x00, 0x00, 0x00, 0x00, 0x00, 0x00, 0x00, 0x00, 0x00, 0x00, 0x00, 0x00, 0x00, 0x00,
    0x00, 0x00, 0x00, 0x00, 0x00, 0x00, 0x00, 0x00, 0x00, 0x00, 0x00, 0x00, 0x00, 0x00, 0x00, 0x00,
    0x00, 0x00, 0x00, 0x00, 0x00, 0x00, 0x00, 0x00, 0x00, 0x00, 0x00, 0x00, 0x00, 0x00, 0x00, 0x00,
    0x00, 0x00, 0x00, 0x00, 0x00, 0x00, 0x00, 0x00, 0x00, 0x00, 0x00, 0x00, 0x00, 0x00, 0x00, 0x00,
    0x00, 0x00, 0x00, 0x00, 0x00, 0x00, 0x00, 0x00, 0x00, 0x00, 0x00, 0x00, 0x00, 0x00, 0x00, 0x00,
    0x00, 0x00, 0x00, 0x00, 0x00, 0x00, 0x00, 0x00, 0x00, 0x00, 0x00, 0x00, 0x00, 0x00, 0x00, 0x00,
    0x00, 0x00, 0x00, 0x00, 0x00, 0x00, 0x00, 0x00, 0x00, 0x00, 0x00, 0x00, 0x00, 0x00, 0x00, 0x00,
    0x00, 0x00, 0x00, 0x00, 0x00, 0x00, 0x00, 0x00, 0x00, 0x00, 0x00, 0x00, 0x00, 0x00, 0x00, 0x00,
    0x00, 0x00, 0x00, 0x00, 0x00, 0x00, 0x00, 0x00, 0x00, 0x00, 0x00, 0x00, 0x00, 0x00, 0x00, 0x00,
    0x00, 0x00, 0x00, 0x00, 0x00, 0x00, 0x00, 0x00, 0x00, 0x00, 0x00, 0x00, 0x00, 0x00, 0x00, 0x00,
    0x00, 0x00, 0x00, 0x00, 0x00, 0x00, 0x00, 0x00, 0x00, 0x00, 0x00, 0x00, 0x00, 0x00, 0x00, 0x00,
    0x00, 0x00, 0x00, 0x00, 0x00, 0x00, 0x00, 0x00, 0x00, 0x00, 0x00, 0x00, 0x00, 0x00, 0x00, 0x00,
    0x00, 0x00, 0x00, 0x00, 0x00, 0x00, 0x00, 0x00, 0x00, 0x00, 0x00, 0x00, 0x00, 0x00, 0x00, 0x00,
    0x00, 0x00, 0x00, 0x00, 0x00, 0x00, 0x00, 0x00, 0x00, 0x00, 0x00, 0x00, 0x00, 0x00, 0x00, 0x00,
    0x00, 0x00, 0x00, 0x00, 0x00, 0x00, 0x00, 0x00, 0x00, 0x00, 0x00, 0x00, 0x00, 0x00, 0x00, 0x00,
    0x00, 0x00, 0x00, 0x00, 0x00, 0x00, 0x00, 0x00, 0x00, 0x00, 0x00, 0x00, 0x00, 0x00, 0x00, 0x00,
    0x00, 0x00, 0x00, 0x00, 0x00, 0x00, 0x00, 0x00, 0x00, 0x00, 0x00, 0x00, 0x00, 0x00, 0x00, 0x00,
    0x00, 0x00, 0x00, 0x00, 0x00, 0x00, 0x00, 0x00, 0x00, 0x00, 0x00, 0x00, 0x00, 0x00, 0x00, 0x00,
    0x00, 0x00, 0x00, 0x00, 0x00, 0x00, 0x00, 0x00, 0x00, 0x00, 0x00, 0x00, 0x00, 0x00, 0x00, 0x00,
    0x00, 0x00, 0x00, 0x00, 0x00, 0x00, 0x00, 0x00, 0x00, 0x00, 0x00, 0x00, 0x00, 0x00, 0x00, 0x00,
    0x00, 0x00, 0x00, 0x00, 0x00, 0x00, 0x00, 0x00, 0x00, 0x00, 0x00, 0x00, 0x00, 0x00, 0x00, 0x00,
    0x00, 0x00, 0x8a, 0x00, 0x8a, 0x00, 0x00, 0x00, 0xe8, 0x00, 0x57, 0x01, 0x33, 0x01, 0x00, 0x00,
    0x46, 0x00, 0x0c, 0x01, 0x23, 0x00, 0x00, 0x00, 0x00, 0x00, 0x00, 0x00, 0x00, 0x00, 0x00, 0x00,
    0x00, 0x00, 0x00, 0x00, 0x00, 0x00, 0x00, 0x00, 0x00, 0x00, 0x00, 0x00, 0x00, 0x00, 0x00, 0x00,
    0x00, 0x00, 0x00, 0x00, 0x00, 0x00, 0x00, 0x00, 0x00, 0x00, 0x00, 0x00, 0x00, 0x00, 0x00, 0x00,
    0x00, 0x00, 0x00, 0x00, 0x00, 0x00, 0x00, 0x00, 0x00, 0x00, 0x00, 0x00, 0x00, 0x00, 0x00, 0x00,
    0x00, 0x00, 0x00, 0x00, 0x00, 0x00, 0x00, 0x00, 0x00, 0x00, 0x00, 0x00, 0x00, 0x00, 0x00, 0x00,
    0x00, 0x00, 0x00, 0x00, 0x00, 0x00, 0x00, 0x00, 0x00, 0x00, 0x00, 0x00, 0x00, 0x00, 0x00, 0x00,
    0x00, 0x00, 0x00, 0x00, 0x00, 0x00, 0x00, 0x00, 0x00, 0x00, 0x00, 0x00, 0x00, 0x00, 0x00, 0x00,
    0x00, 0x00, 0x00, 0x00, 0x00, 0x00, 0x00, 0x00, 0x00, 0x00, 0x00, 0x00, 0x00, 0x00, 0x00, 0x00,
    0x00, 0x00, 0x00, 0x00, 0x00, 0x00, 0x00, 0x00, 0x00, 0x00, 0x00, 0x00, 0x00, 0x00, 0x00, 0x00,
    0x00, 0x00, 0x00, 0x00, 0x00, 0x00, 0x00, 0x00, 0x00, 0x00, 0x00, 0x00, 0x00, 0x00, 0x00, 0x00,
    0x00, 0x00, 0x00, 0x00, 0x00, 0x00, 0x00, 0x00, 0x00, 0x00, 0x00, 0x00, 0x00, 0x00, 0x00, 0x00,
    0x00, 0x00, 0x00, 0x00, 0x00, 0x00, 0x00, 0x00, 0x00, 0x00, 0x00, 0x00, 0x00, 0x00, 0x00, 0x00,
    0x00, 0x00, 0x00, 0x00, 0x00, 0x00, 0x00, 0x00, 0x00, 0x00, 0x00, 0x00, 0x00, 0x00, 0x00, 0x00,
    0x00, 0x00, 0x00, 0x00, 0x00, 0x00, 0x00, 0x00, 0x00, 0x00, 0x00, 0x00, 0x00, 0x00, 0x00, 0x00,
    0x00, 0x00, 0x00, 0x00, 0x00, 0x00, 0x00, 0x00, 0x00, 0x00, 0x00, 0x00, 0x00, 0x00, 0x00, 0x00,
    0x00, 0x00, 0x00, 0x00, 0x00, 0x00, 0x00, 0x00, 0x00, 0x00, 0x00, 0x00, 0x00, 0x00, 0x00, 0x00,
    0x00, 0x00, 0x00, 0x00, 0x00, 0x00, 0x00, 0x00, 0x00, 0x00, 0x00, 0x00, 0x00, 0x00, 0x00, 0x00,
    0x00, 0x00, 0x00, 0x00, 0x00, 0x00, 0x00, 0x00, 0x00, 0x00, 0x00, 0x00, 0x00, 0x00, 0x00, 0x00,
    0x00, 0x00, 0x00, 0x00, 0x00, 0x00, 0x00, 0x00, 0x00, 0x00, 0x00, 0x00, 0x00, 0x00, 0x00, 0x00,
    0x00, 0x00, 0x00, 0x00, 0x00, 0x00, 0x00, 0x00, 0x00, 0x00, 0x00, 0x00, 0x00, 0x00, 0x00, 0x00,
    0x00, 0x00, 0x00, 0x00, 0x00, 0x00, 0x00, 0x00, 0x00, 0x00, 0x00, 0x00, 0x00, 0x00, 0x00, 0x00,
    0x00, 0x00, 0x00, 0x00, 0x00, 0x00, 0x00, 0x00, 0x00, 0x00, 0x00, 0x00, 0x00, 0x00, 0x00, 0x00,
    0x00, 0x00, 0x00, 0x00, 0x00, 0x00, 0x00, 0x00, 0x00, 0x00, 0x00, 0x00, 0x00, 0x00, 0x00, 0x00,
    0x00, 0x00, 0x00, 0x00, 0x00, 0x00, 0x00, 0x00, 0x00, 0x00, 0x00, 0x00, 0x00, 0x00, 0x00, 0x00,
    0x00, 0x00, 0x00, 0x00, 0x00, 0x00, 0x00, 0x00, 0x00, 0x00, 0x00, 0x00, 0x00, 0x00, 0x00, 0x00,
    0x00, 0x00, 0x00, 0x00, 0x00, 0x00, 0x00, 0x00, 0x00, 0x00, 0x00, 0x00, 0x00, 0x00, 0x00, 0x00,
    0x00, 0x00, 0x00, 0x00, 0x00, 0x00, 0x00, 0x00, 0x00, 0x00, 0x00, 0x00, 0x00, 0x00, 0x00, 0x00,
    0x00, 0x00, 0x00, 0x00, 0x00, 0x00, 0x00, 0x00, 0x00, 0x00, 0x00, 0x00, 0x00, 0x00, 0x00, 0x00,
    0x00, 0x00, 0x00, 0x00, 0x00, 0x00, 0x00, 0x00, 0x00, 0x00, 0x00, 0x00, 0x00, 0x00, 0x00, 0x00,
    0x00, 0x00, 0x8a, 0x00, 0x8a, 0x00, 0x00, 0x00, 0xe8, 0x00, 0x19, 0x02, 0x33, 0x01, 0x00, 0x00,
    0x46, 0x00, 0x0c, 0x01, 0x23, 0x00, 0x00, 0x00, 0x00, 0x00, 0x00, 0x00, 0x00, 0x00, 0x00, 0x00,
    0x00, 0x00, 0x00, 0x00, 0x00, 0x00, 0x00, 0x00, 0x00, 0x00, 0x00, 0x00, 0x00, 0x00, 0x00, 0x00,
    0x00, 0x00, 0x00, 0x00, 0x00, 0x00, 0x00, 0x00, 0x00, 0x00, 0x00, 0x00, 0x00, 0x00, 0x00, 0x00,
    0x00, 0x00, 0x00, 0x00, 0x00, 0x00, 0x00, 0x00, 0x00, 0x00, 0x00, 0x00, 0x00, 0x00, 0x00, 0x00,
    0x00, 0x00, 0x00, 0x00, 0x00, 0x00, 0x00, 0x00, 0x00, 0x00, 0x00, 0x00, 0x00, 0x00, 0x00, 0x00,
    0x00, 0x00, 0x00, 0x00, 0x00, 0x00, 0x00, 0x00, 0x00, 0x00, 0x00, 0x00, 0x00, 0x00, 0x00, 0x00,
    0x00, 0x00, 0x00, 0x00, 0x00, 0x00, 0x00, 0x00, 0x00, 0x00, 0x00, 0x00, 0x00, 0x00, 0x00, 0x00,
    0x00, 0x00, 0x00, 0x00, 0x00, 0x00, 0x00, 0x00, 0x00, 0x00, 0x00, 0x00, 0x00, 0x00, 0x00, 0x00,
    0x00, 0x00, 0x00, 0x00, 0x00, 0x00, 0x00, 0x00, 0x00, 0x00, 0x00, 0x00, 0x00, 0x00, 0x00, 0x00,
    0x00, 0x00, 0x00, 0x00, 0x00, 0x00, 0x00, 0x00, 0x00, 0x00, 0x00, 0x00, 0x00, 0x00, 0x00, 0x00,
    0x00, 0x00, 0x00, 0x00, 0x00, 0x00, 0x00, 0x00, 0x00, 0x00, 0x00, 0x00, 0x00, 0x00, 0x00, 0x00,
    0x00, 0x00, 0x00, 0x00, 0x00, 0x00, 0x00, 0x00, 0x00, 0x00, 0x00, 0x00, 0x00, 0x00, 0x00, 0x00,
    0x00, 0x00, 0x00, 0x00, 0x00, 0x00, 0x00, 0x00, 0x00, 0x00, 0x00, 0x00, 0x00, 0x00, 0x00, 0x00,
    0x00, 0x00, 0x00, 0x00, 0x00, 0x00, 0x00, 0x00, 0x00, 0x00, 0x00, 0x00, 0x00, 0x00, 0x00, 0x00,
    0x00, 0x00, 0x00, 0x00, 0x00, 0x00, 0x00, 0x00, 0x00, 0x00, 0x00, 0x00, 0x00, 0x00, 0x00, 0x00,
    0x00, 0x00, 0x00, 0x00, 0x00, 0x00, 0x00, 0x00, 0x00, 0x00, 0x00, 0x00, 0x00, 0x00, 0x00, 0x00,
    0x00, 0x00, 0x00, 0x00, 0x00, 0x00, 0x00, 0x00, 0x00, 0x00, 0x00, 0x00, 0x00, 0x00, 0x00, 0x00,
    0x00, 0x00, 0x00, 0x00, 0x00, 0x00, 0x00, 0x00, 0x00, 0x00, 0x00, 0x00, 0x00, 0x00, 0x00, 0x00,
    0x00, 0x00, 0x00, 0x00, 0x00, 0x00, 0x00, 0x00, 0x00, 0x00, 0x00, 0x00, 0x00, 0x00, 0x00, 0x00,
    0x00, 0x00, 0x00, 0x00, 0x00, 0x00, 0x00, 0x00, 0x00, 0x00, 0x00, 0x00, 0x00, 0x00, 0x00, 0x00,
    0x00, 0x00, 0x00, 0x00, 0x00, 0x00, 0x00, 0x00, 0x00, 0x00, 0x00, 0x00, 0x00, 0x00, 0x00, 0x00,
    0x00, 0x00, 0x00, 0x00, 0x00, 0x00, 0x00, 0x00, 0x00, 0x00, 0x00, 0x00, 0x00, 0x00, 0x00, 0x00,
    0x00, 0x00, 0x00, 0x00, 0x00, 0x00, 0x00, 0x00, 0x00, 0x00, 0x00, 0x00, 0x00, 0x00, 0x00, 0x00,
    0x00, 0x00, 0x00, 0x00, 0x00, 0x00, 0x00, 0x00, 0x00, 0x00, 0x00, 0x00, 0x00, 0x00, 0x00, 0x00,
    0x00, 0x00, 0x00, 0x00, 0x00, 0x00, 0x00, 0x00, 0x00, 0x00, 0x00, 0x00, 0x00, 0x00, 0x00, 0x00,
    0x00, 0x00, 0x00, 0x00, 0x00, 0x00, 0x00, 0x00, 0x00, 0x00, 0x00, 0x00, 0x00, 0x00, 0x00, 0x00,
    0x00, 0x00, 0x00, 0x00, 0x00, 0x00, 0x00, 0x00, 0x00, 0x00, 0x00, 0x00, 0x00, 0x00, 0x00, 0x00,
    0x00, 0x00, 0x00, 0x00, 0x00, 0x00, 0x00, 0x00, 0x00, 0x00, 0x00, 0x00, 0x00, 0x00, 0x00, 0x00,
    0x00, 0x00, 0x00, 0x00, 0x00, 0x00, 0x00, 0x00, 0x00, 0x00, 0x00, 0x00, 0x00, 0x00, 0x00, 0x00,
    0x00, 0x00, 0x8a, 0x00, 0xe8, 0x00, 0x00, 0x00, 0xe8, 0x00, 0x19, 0x02, 0x51, 0x01, 0x00, 0x00,
    0x46, 0x00, 0x0c, 0x01, 0x23, 0x00, 0x00, 0x00, 0x00, 0x00, 0x00, 0x00, 0x00, 0x00, 0x00, 0x00,
    0x00, 0x00, 0x00, 0x00, 0x00, 0x00, 0x00, 0x00, 0x00, 0x00, 0x00, 0x00, 0x00, 0x00, 0x00, 0x00,
    0x00, 0x00, 0x00, 0x00, 0x00, 0x00, 0x00, 0x00, 0x00, 0x00, 0x00, 0x00, 0x00, 0x00, 0x00, 0x00,
    0x00, 0x00, 0x00, 0x00, 0x00, 0x00, 0x00, 0x00, 0x00, 0x00, 0x00, 0x00, 0x00, 0x00, 0x00, 0x00,
    0x00, 0x00, 0x00, 0x00, 0x00, 0x00, 0x00, 0x00, 0x00, 0x00, 0x00, 0x00, 0x00, 0x00, 0x00, 0x00,
    0x00, 0x00, 0x00, 0x00, 0x00, 0x00, 0x00, 0x00, 0x00, 0x00, 0x00, 0x00, 0x00, 0x00, 0x00, 0x00,
    0x00, 0x00, 0x00, 0x00, 0x00, 0x00, 0x00, 0x00, 0x00, 0x00, 0x00, 0x00, 0x00, 0x00, 0x00, 0x00,
    0x00, 0x00, 0x00, 0x00, 0x00, 0x00, 0x00, 0x00, 0x00, 0x00, 0x00, 0x00, 0x00, 0x00, 0x00, 0x00,
    0x00, 0x00, 0x00, 0x00, 0x00, 0x00, 0x00, 0x00, 0x00, 0x00, 0x00, 0x00, 0x00, 0x00, 0x00, 0x00,
    0x00, 0x00, 0x00, 0x00, 0x00, 0x00, 0x00, 0x00, 0x00, 0x00, 0x00, 0x00, 0x00, 0x00, 0x00, 0x00,
    0x00, 0x00, 0x00, 0x00, 0x00, 0x00, 0x00, 0x00, 0x00, 0x00, 0x00, 0x00, 0x00, 0x00, 0x00, 0x00,
    0x00, 0x00, 0x00, 0x00, 0x00, 0x00, 0x00, 0x00, 0x00, 0x00, 0x00, 0x00, 0x00, 0x00, 0x00, 0x00,
    0x00, 0x00, 0x00, 0x00, 0x00, 0x00, 0x00, 0x00, 0x00, 0x00, 0x00, 0x00, 0x00, 0x00, 0x00, 0x00,
    0x00, 0x00, 0x00, 0x00, 0x00, 0x00, 0x00, 0x00, 0x00, 0x00, 0x00, 0x00, 0x00, 0x00, 0x00, 0x00,
    0x00, 0x00, 0x00, 0x00, 0x00, 0x00, 0x00, 0x00, 0x00, 0x00, 0x00, 0x00, 0x00, 0x00, 0x00, 0x00,
    0x00, 0x00, 0x00, 0x00, 0x00, 0x00, 0x00, 0x00, 0x00, 0x00, 0x00, 0x00, 0x00, 0x00, 0x00, 0x00,
    0x00, 0x00, 0x00, 0x00, 0x00, 0x00, 0x00, 0x00, 0x00, 0x00, 0x00, 0x00, 0x00, 0x00, 0x00, 0x00,
    0x00, 0x00, 0x00, 0x00, 0x00, 0x00, 0x00, 0x00, 0x00, 0x00, 0x00, 0x00, 0x00, 0x00, 0x00, 0x00,
    0x00, 0x00, 0x00, 0x00, 0x00, 0x00, 0x00, 0x00, 0x00, 0x00, 0x00, 0x00, 0x00, 0x00, 0x00, 0x00,
    0x00, 0x00, 0x00, 0x00, 0x00, 0x00, 0x00, 0x00, 0x00, 0x00, 0x00, 0x00, 0x00, 0x00, 0x00, 0x00,
    0x00, 0x00, 0x00, 0x00, 0x00, 0x00, 0x00, 0x00, 0x00, 0x00, 0x00, 0x00, 0x00, 0x00, 0x00, 0x00,
    0x00, 0x00, 0x00, 0x00, 0x00, 0x00, 0x00, 0x00, 0x00, 0x00, 0x00, 0x00, 0x00, 0x00, 0x00, 0x00,
    0x00, 0x00, 0x00, 0x00, 0x00, 0x00, 0x00, 0x00, 0x00, 0x00, 0x00, 0x00, 0x00, 0x00, 0x00, 0x00,
    0x00, 0x00, 0x00, 0x00, 0x00, 0x00, 0x00, 0x00, 0x00, 0x00, 0x00, 0x00, 0x00, 0x00, 0x00, 0x00,
    0x00, 0x00, 0x00, 0x00, 0x00, 0x00, 0x00, 0x00, 0x00, 0x00, 0x00, 0x00, 0x00, 0x00, 0x00, 0x00,
    0x00, 0x00, 0x00, 0x00, 0x00, 0x00, 0x00, 0x00, 0x00, 0x00, 0x00, 0x00, 0x00, 0x00, 0x00, 0x00,
    0x00, 0x00, 0x00, 0x00, 0x00, 0x00, 0x00, 0x00, 0x00, 0x00, 0x00, 0x00, 0x00, 0x00, 0x00, 0x00,
    0x00, 0x00, 0x00, 0x00, 0x00, 0x00, 0x00, 0x00, 0x00, 0x00, 0x00, 0x00, 0x00, 0x00, 0x00, 0x00,
    0x00, 0x00, 0x00, 0x00, 0x00, 0x00, 0x00, 0x00, 0x00, 0x00, 0x00, 0x00, 0x00, 0x00, 0x00, 0x00,
    0x00, 0x00, 0x8a, 0x00, 0xe8, 0x00, 0x00, 0x00, 0xe8, 0x00, 0x57, 0x01, 0x51, 0x01, 0x00, 0x00,
    0x46, 0x00, 0x0c, 0x01, 0x23, 0x00, 0x00, 0x00, 0x00, 0x00, 0x00, 0x00, 0x00, 0x00, 0x00, 0x00,
    0x00, 0x00, 0x00, 0x00, 0x00, 0x00, 0x00, 0x00, 0x00, 0x00, 0x00, 0x00, 0x00, 0x00, 0x00, 0x00,
    0x00, 0x00, 0x00, 0x00, 0x23, 0x00, 0x46, 0x00, 0xe8, 0x00, 0x46, 0x00, 0x46, 0x00, 0x46, 0x00,
    0x46, 0x00, 0x46, 0x00, 0x46, 0x00, 0x46, 0x00, 0x46, 0x00, 0x46, 0x00, 0x46, 0x00, 0x46, 0x00,
    0x46, 0x00, 0x46, 0x00, 0x46, 0x00, 0x46, 0x00, 0x46, 0x00, 0x46, 0x00, 0x46, 0x00, 0x46, 0x00,
    0x46, 0x00, 0x46, 0x00, 0x46, 0x00, 0x46, 0x00, 0x46, 0x00, 0x46, 0x00, 0x46, 0x00, 0x46, 0x00,
    0x46, 0x00, 0x46, 0x00, 0x46, 0x00, 0x46, 0x00, 0x46, 0x00, 0x46, 0x00, 0x46, 0x00, 0x46, 0x00,
    0x46, 0x00, 0x46, 0x00, 0x46, 0x00, 0x46, 0x00, 0x46, 0x00, 0x46, 0x00, 0x46, 0x00, 0x46, 0x00,
    0x46, 0x00, 0x46, 0x00, 0x46, 0x00, 0x46, 0x00, 0x46, 0x00, 0x46, 0x00, 0x46, 0x00, 0x46, 0x00,
    0x46, 0x00, 0x46, 0x00, 0x46, 0x00, 0x46, 0x00, 0x46, 0x00, 0x46, 0x00, 0x46, 0x00, 0x46, 0x00,
    0x46, 0x00, 0x46, 0x00, 0x46, 0x00, 0x46, 0x00, 0x46, 0x00, 0x46, 0x00, 0x46, 0x00, 0x46, 0x00,
    0x46, 0x00, 0x46, 0x00, 0x46, 0x00, 0x46, 0x00, 0x46, 0x00, 0x46, 0x00, 0x46, 0x00, 0x46, 0x00,
    0x46, 0x00, 0x46, 0x00, 0x46, 0x00, 0x46, 0x00, 0x46, 0x00, 0x46, 0x00, 0x46, 0x00, 0x46, 0x00,
    0x46, 0x00, 0x46, 0x00, 0x46, 0x00, 0x46, 0x00, 0x46, 0x00, 0x46, 0x00, 0x46, 0x00, 0x46, 0x00,
    0x46, 0x00, 0x46, 0x00, 0x46, 0x00, 0x46, 0x00, 0x46, 0x00, 0x46, 0x00, 0x46, 0x00, 0x46, 0x00,
    0x46, 0x00, 0x46, 0x00, 0x46, 0x00, 0x46, 0x00, 0x46, 0x00, 0x46, 0x00, 0x46, 0x00, 0x46, 0x00,
    0x46, 0x00, 0x46, 0x00, 0x46, 0x00, 0x46, 0x00, 0x46, 0x00, 0x46, 0x00, 0x46, 0x00, 0x46, 0x00,
    0x46, 0x00, 0x46, 0x00, 0x46, 0x00, 0x46, 0x00, 0x46, 0x00, 0x46, 0x00, 0x46, 0x00, 0x46, 0x00,
    0x46, 0x00, 0x46, 0x00, 0x46, 0x00, 0x46, 0x00, 0x46, 0x00, 0x46, 0x00, 0x46, 0x00, 0x46, 0x00,
    0x46, 0x00, 0x46, 0x00, 0x46, 0x00, 0x46, 0x00, 0x46, 0x00, 0x46, 0x00, 0x46, 0x00, 0x46, 0x00,
    0x46, 0x00, 0x46, 0x00, 0x46, 0x00, 0x46, 0x00, 0x46, 0x00, 0x46, 0x00, 0x46, 0x00, 0x46, 0x00,
    0x46, 0x00, 0x46, 0x00, 0x46, 0x00, 0x46, 0x00, 0x46, 0x00, 0x46, 0x00, 0x46, 0x00, 0x46, 0x00,
    0x46, 0x00, 0x46, 0x00, 0x46, 0x00, 0x46, 0x00, 0x46, 0x00, 0x46, 0x00, 0x46, 0x00, 0x46, 0x00,
    0x46, 0x00, 0x46, 0x00, 0x46, 0x00, 0x46, 0x00, 0x46, 0x00, 0x46, 0x00, 0x46, 0x00, 0x46, 0x00,
    0x46, 0x00, 0x46, 0x00, 0x46, 0x00, 0x46, 0x00, 0x46, 0x00, 0x46, 0x00, 0x46, 0x00, 0x46, 0x00,
    0x46, 0x00, 0x46, 0x00, 0x46, 0x00, 0x46, 0x00, 0x46, 0x00, 0x46, 0x00, 0x46, 0x00, 0x46, 0x00,
    0x46, 0x00, 0x46, 0x00, 0x46, 0x00, 0x46, 0x00, 0x46, 0x00, 0x46, 0x00, 0x46, 0x00, 0x46, 0x00,
    0x46, 0x00, 0x46, 0x00, 0x46, 0x00, 0x46, 0x00, 0x46, 0x00, 0xe8, 0x00, 0x46, 0x00, 0x23, 0x00,
    0x00, 0x00, 0x00, 0x00, 0x00, 0x00, 0x00, 0x00, 0x00, 0x00, 0x00, 0x00, 0x00, 0x00, 0x00, 0x00,
    0x00, 0x00, 0x8a, 0x00, 0xe8, 0x00, 0x00, 0x00, 0x46, 0x00, 0x51, 0x01, 0x8a, 0x00, 0x00, 0x00,
    0x46, 0x00, 0x0c, 0x01, 0x23, 0x00, 0x00, 0x00, 0x00, 0x00, 0x00, 0x00, 0x00, 0x00, 0x00, 0x00,
    0x00, 0x00, 0x00, 0x00, 0x00, 0x00, 0x00, 0x00, 0x00, 0x00, 0x00, 0x00, 0x00, 0x00, 0x00, 0x00,
    0x00, 0x00, 0x00, 0x00, 0x46, 0x00, 0xef, 0x00, 0x51, 0x01, 0xef, 0x00, 0xef, 0x00, 0xef, 0x00,
    0xef, 0x00, 0xef, 0x00, 0xef, 0x00, 0xef, 0x00, 0xef, 0x00, 0xef, 0x00, 0xef, 0x00, 0xef, 0x00,
    0xef, 0x00, 0xef, 0x00, 0xef, 0x00, 0xef, 0x00, 0xef, 0x00, 0xef, 0x00, 0xef, 0x00, 0xef, 0x00,
    0xef, 0x00, 0xef, 0x00, 0xef, 0x00, 0xef, 0x00, 0xef, 0x00, 0xef, 0x00, 0xef, 0x00, 0xef, 0x00,
    0xef, 0x00, 0xef, 0x00, 0xef, 0x00, 0xef, 0x00, 0xef, 0x00, 0xef, 0x00, 0xef, 0x00, 0xef, 0x00,
    0xef, 0x00, 0xef, 0x00, 0xef, 0x00, 0xef, 0x00, 0xef, 0x00, 0xef, 0x00, 0xef, 0x00, 0xef, 0x00,
    0xef, 0x00, 0xef, 0x00, 0xef, 0x00, 0xef, 0x00, 0xef, 0x00, 0xef, 0x00, 0xef, 0x00, 0xef, 0x00,
    0xef, 0x00, 0xef, 0x00, 0xef, 0x00, 0xef, 0x00, 0xef, 0x00, 0xef, 0x00, 0xef, 0x00, 0xef, 0x00,
    0xef, 0x00, 0xef, 0x00, 0xef, 0x00, 0xef, 0x00, 0xef, 0x00, 0xef, 0x00, 0xef, 0x00, 0xef, 0x00,
    0xef, 0x00, 0xef, 0x00, 0xef, 0x00, 0xef, 0x00, 0xef, 0x00, 0xef, 0x00, 0xef, 0x00, 0xef, 0x00,
    0xef, 0x00, 0xef, 0x00, 0xef, 0x00, 0xef, 0x00, 0xef, 0x00, 0xef, 0x00, 0xef, 0x00, 0xef, 0x00,
    0xef, 0x00, 0xef, 0x00, 0xef, 0x00, 0xef, 0x00, 0xef, 0x00, 0xef, 0x00, 0xef, 0x00, 0xef, 0x00,
    0xef, 0x00, 0xef, 0x00, 0xef, 0x00, 0xef, 0x00, 0xef, 0x00, 0xef, 0x00, 0xef, 0x00, 0xef, 0x00,
    0xef, 0x00, 0xef, 0x00, 0xef, 0x00, 0xef, 0x00, 0xef, 0x00, 0xef, 0x00, 0xef, 0x00, 0xef, 0x00,
    0xef, 0x00, 0xef, 0x00, 0xef, 0x00, 0xef, 0x00, 0xef, 0x00, 0xef, 0x00, 0xef, 0x00, 0xef, 0x00,
    0xef, 0x00, 0xef, 0x00, 0xef, 0x00, 0xef, 0x00, 0xef, 0x00, 0xef, 0x00, 0xef, 0x00, 0xef, 0x00,
    0xef, 0x00, 0xef, 0x00, 0xef, 0x00, 0xef, 0x00, 0xef, 0x00, 0xef, 0x00, 0xef, 0x00, 0xef, 0x00,
    0xef, 0x00, 0xef, 0x00, 0xef, 0x00, 0xef, 0x00, 0xef, 0x00, 0xef, 0x00, 0xef, 0x00, 0xef, 0x00,
    0xef, 0x00, 0xef, 0x00, 0xef, 0x00, 0xef, 0x00, 0xef, 0x00, 0xef, 0x00, 0xef, 0x00, 0xef, 0x00,
    0xef, 0x00, 0xef, 0x00, 0xef, 0x00, 0xef, 0x00, 0xef, 0x00, 0xef, 0x00, 0xef, 0x00, 0xef, 0x00,
    0xef, 0x00, 0xef, 0x00, 0xef, 0x00, 0xef, 0x00, 0xef, 0x00, 0xef, 0x00, 0xef, 0x00, 0xef, 0x00,
    0xef, 0x00, 0xef, 0x00, 0xef, 0x00, 0xef, 0x00, 0xef, 0x00, 0xef, 0x00, 0xef, 0x00, 0xef, 0x00,
    0xef, 0x00, 0xef, 0x00, 0xef, 0x00, 0xef, 0x00, 0xef, 0x00, 0xef, 0x00, 0xef, 0x00, 0xef, 0x00,
    0xef, 0x00, 0xef, 0x00, 0xef, 0x00, 0xef, 0x00, 0xef, 0x00, 0xef, 0x00, 0xef, 0x00, 0xef, 0x00,
    0xef, 0x00, 0xef, 0x00, 0xef, 0x00, 0xef, 0x00, 0xef, 0x00, 0xef, 0x00, 0xef, 0x00, 0xef, 0x00,
    0xef, 0x00, 0xef, 0x00, 0xef, 0x00, 0xef, 0x00, 0xef, 0x00, 0xef, 0x00, 0xef, 0x00, 0xe8, 0x00,
    0x00, 0x00, 0x00, 0x00, 0x00, 0x00, 0x00, 0x00, 0x00, 0x00, 0x00, 0x00, 0x00, 0x00, 0x00, 0x00,
    0x00, 0x00, 0x8a, 0x00, 0xe8, 0x00, 0x00, 0x00, 0x00, 0x00, 0x00, 0x00, 0x00, 0x00, 0x00, 0x00,
    0x46, 0x00, 0x8a, 0x00, 0x23, 0x00, 0x00, 0x00, 0x00, 0x00, 0x00, 0x00, 0x00, 0x00, 0x00, 0x00,
    0x00, 0x00, 0x00, 0x00, 0x00, 0x00, 0x00, 0x00, 0x00, 0x00, 0x00, 0x00, 0x00, 0x00, 0x00, 0x00,
    0x23, 0x00, 0x8a, 0x00, 0x0c, 0x01, 0xef, 0x00, 0xef, 0x00, 0x0c, 0x01, 0x8a, 0x00, 0x8a, 0x00,
    0x8a, 0x00, 0x8a, 0x00, 0x8a, 0x00, 0x8a, 0x00, 0x8a, 0x00, 0x8a, 0x00, 0x8a, 0x00, 0x8a, 0x00,
    0x8a, 0x00, 0x8a, 0x00, 0x8a, 0x00, 0x8a, 0x00, 0x8a, 0x00, 0x8a, 0x00, 0x8a, 0x00, 0x8a, 0x00,
    0x8a, 0x00, 0x8a, 0x00, 0x8a, 0x00, 0x8a, 0x00, 0x8a, 0x00, 0x8a, 0x00, 0x8a, 0x00, 0x8a, 0x00,
    0x8a, 0x00, 0x8a, 0x00, 0x8a, 0x00, 0x8a, 0x00, 0x8a, 0x00, 0x0c, 0x01, 0x0c, 0x01, 0x8a, 0x00,
    0x8a, 0x00, 0x8a, 0x00, 0x8a, 0x00, 0x8a, 0x00, 0x8a, 0x00, 0x8a, 0x00, 0x8a, 0x00, 0x8a, 0x00,
    0x8a, 0x00, 0x8a, 0x00, 0x8a, 0x00, 0x8a, 0x00, 0x8a, 0x00, 0x8a, 0x00, 0x8a, 0x00, 0x8a, 0x00,
    0x8a, 0x00, 0x8a, 0x00, 0x8a, 0x00, 0x8a, 0x00, 0x8a, 0x00, 0x8a, 0x00, 0x8a, 0x00, 0x8a, 0x00,
    0x8a, 0x00, 0x8a, 0x00, 0x8a, 0x00, 0x8a, 0x00, 0x8a, 0x00, 0x8a, 0x00, 0x8a, 0x00, 0x8a, 0x00,
    0x8a, 0x00, 0x8a, 0x00, 0x8a, 0x00, 0x8a, 0x00, 0x8a, 0x00, 0x8a, 0x00, 0x8a, 0x00, 0x8a, 0x00,
    0x8a, 0x00, 0x8a, 0x00, 0x8a, 0x00, 0x8a, 0x00, 0x8a, 0x00, 0x8a, 0x00, 0x8a, 0x00, 0x8a, 0x00,
    0x8a, 0x00, 0x8a, 0x00, 0x8a, 0x00, 0x8a, 0x00, 0x8a, 0x00, 0x8a, 0x00, 0x8a, 0x00, 0x8a, 0x00,
    0x8a, 0x00, 0x8a, 0x00, 0x8a, 0x00, 0x8a, 0x00, 0x8a, 0x00, 0x8a, 0x00, 0x8a, 0x00, 0x8a, 0x00,
    0x8a, 0x00, 0x8a, 0x00, 0x8a, 0x00, 0x8a, 0x00, 0x8a, 0x00, 0x8a, 0x00, 0x8a, 0x00, 0x8a, 0x00,
    0x8a, 0x00, 0x8a, 0x00, 0x8a, 0x00, 0x8a, 0x00, 0x8a, 0x00, 0x8a, 0x00, 0x8a, 0x00, 0x8a, 0x00,
    0x8a, 0x00, 0x8a, 0x00, 0x8a, 0x00, 0x8a, 0x00, 0x8a, 0x00, 0x8a, 0x00, 0x8a, 0x00, 0x8a, 0x00,
    0x8a, 0x00, 0x8a, 0x00, 0x8a, 0x00, 0x8a, 0x00, 0x8a, 0x00, 0x8a, 0x00, 0x8a, 0x00, 0x8a, 0x00,
    0x8a, 0x00, 0x8a, 0x00, 0x8a, 0x00, 0x8a, 0x00, 0x8a, 0x00, 0x8a, 0x00, 0x8a, 0x00, 0x8a, 0x00,
    0x8a, 0x00, 0x8a, 0x00, 0x8a, 0x00, 0x8a, 0x00, 0x8a, 0x00, 0x8a, 0x00, 0x8a, 0x00, 0x8a, 0x00,
    0x8a, 0x00, 0x8a, 0x00, 0x8a, 0x00, 0x8a, 0x00, 0x8a, 0x00, 0x8a, 0x00, 0x8a, 0x00, 0x8a, 0x00,
    0x8a, 0x00, 0x8a, 0x00, 0x8a, 0x00, 0x8a, 0x00, 0x8a, 0x00, 0x8a, 0x00, 0x8a, 0x00, 0x8a, 0x00,
    0x8a, 0x00, 0x8a, 0x00, 0x8a, 0x00, 0x8a, 0x00, 0x8a, 0x00, 0x8a, 0x00, 0x8a, 0x00, 0x8a, 0x00,
    0x8a, 0x00, 0x8a, 0x00, 0x8a, 0x00, 0x8a, 0x00, 0x8a, 0x00, 0x8a, 0x00, 0x8a, 0x00, 0x8a, 0x00,
    0x8a, 0x00, 0x8a, 0x00, 0x8a, 0x00, 0x8a, 0x00, 0x8a, 0x00, 0x8a, 0x00, 0x8a, 0x00, 0x8a, 0x00,
    0x8a, 0x00, 0x8a, 0x00, 0x8a, 0x00, 0x8a, 0x00, 0x8a, 0x00, 0x8a, 0x00, 0x8a, 0x00, 0x8a, 0x00,
    0x8a, 0x00, 0x8a, 0x00, 0x8a, 0x00, 0x0c, 0x01, 0x0c, 0x01, 0x8a, 0x00, 0xef, 0x00, 0xef, 0x00,
    0xe8, 0x00, 0x23, 0x00, 0x00, 0x00, 0x00, 0x00, 0x00, 0x00, 0x00, 0x00, 0x00, 0x00, 0x00, 0x00,
    0x00, 0x00, 0x8a, 0x00, 0xe8, 0x00, 0x00, 0x00, 0x00, 0x00, 0x00, 0x00, 0x23, 0x00, 0x00, 0x00,
    0x46, 0x00, 0x8a, 0x00, 0x23, 0x00, 0x00, 0x00, 0x00, 0x00, 0x00, 0x00, 0x00, 0x00, 0x00, 0x00,
    0x00, 0x00, 0x00, 0x00, 0x00, 0x00, 0x00, 0x00, 0x00, 0x00, 0x00, 0x00, 0x00, 0x00, 0x00, 0x00,
    0x46, 0x00, 0x33, 0x01, 0xef, 0x00, 0xef, 0x00, 0xe8, 0x00, 0x23, 0x00, 0x23, 0x00, 0x00, 0x00,
    0x23, 0x00, 0x23, 0x00, 0x23, 0x00, 0x23, 0x00, 0x23, 0x00, 0x23, 0x00, 0x23, 0x00, 0x23, 0x00,
    0x23, 0x00, 0x23, 0x00, 0x23, 0x00, 0x23, 0x00, 0x23, 0x00, 0x23, 0x00, 0x23, 0x00, 0x23, 0x00,
    0x23, 0x00, 0x23, 0x00, 0x23, 0x00, 0x23, 0x00, 0x23, 0x00, 0x23, 0x00, 0x23, 0x00, 0x23, 0x00,
    0x23, 0x00, 0x23, 0x00, 0x23, 0x00, 0x23, 0x00, 0x23, 0x00, 0x23, 0x00, 0x23, 0x00, 0x23, 0x00,
    0x23, 0x00, 0x23, 0x00, 0x23, 0x00, 0x23, 0x00, 0x23, 0x00, 0x23, 0x00, 0x23, 0x00, 0x23, 0x00,
    0x23, 0x00, 0x23, 0x00, 0x23, 0x00, 0x23, 0x00, 0x23, 0x00, 0x23, 0x00, 0x23, 0x00, 0x23, 0x00,
    0x23, 0x00, 0x23, 0x00, 0x23, 0x00, 0x23, 0x00, 0x23, 0x00, 0x23, 0x00, 0x23, 0x00, 0x23, 0x00,
    0x23, 0x00, 0x23, 0x00, 0x23, 0x00, 0x23, 0x00, 0x23, 0x00, 0x23, 0x00, 0x23, 0x00, 0x23, 0x00,
    0x23, 0x00, 0x23, 0x00, 0x23, 0x00, 0x23, 0x00, 0x23, 0x00, 0x23, 0x00, 0x23, 0x00, 0x23, 0x00,
    0x23, 0x00, 0x23, 0x00, 0x23, 0x00, 0x23, 0x00, 0x23, 0x00, 0x23, 0x00, 0x23, 0x00, 0x23, 0x00,
    0x23, 0x00, 0x23, 0x00, 0x23, 0x00, 0x23, 0x00, 0x23, 0x00, 0x23, 0x00, 0x23, 0x00, 0x23, 0x00,
    0x23, 0x00, 0x23, 0x00, 0x23, 0x00, 0x23, 0x00, 0x23, 0x00, 0x23, 0x00, 0x23, 0x00, 0x23, 0x00,
    0x23, 0x00, 0x23, 0x00, 0x23, 0x00, 0x23, 0x00, 0x23, 0x00, 0x23, 0x00, 0x23, 0x00, 0x23, 0x00,
    0x23, 0x00, 0x23, 0x00, 0x23, 0x00, 0x23, 0x00, 0x23, 0x00, 0x23, 0x00, 0x23, 0x00, 0x23, 0x00,
    0x23, 0x00, 0x23, 0x00, 0x23, 0x00, 0x23, 0x00, 0x23, 0x00, 0x23, 0x00, 0x23, 0x00, 0x23, 0x00,
    0x23, 0x00, 0x23, 0x00, 0x23, 0x00, 0x23, 0x00, 0x23, 0x00, 0x23, 0x00, 0x23, 0x00, 0x23, 0x00,
    0x23, 0x00, 0x23, 0x00, 0x23, 0x00, 0x23, 0x00, 0x23, 0x00, 0x23, 0x00, 0x23, 0x00, 0x23, 0x00,
    0x23, 0x00, 0x23, 0x00, 0x23, 0x00, 0x23, 0x00, 0x23, 0x00, 0x23, 0x00, 0x23, 0x00, 0x23, 0x00,
    0x23, 0x00, 0x23, 0x00, 0x23, 0x00, 0x23, 0x00, 0x23, 0x00, 0x23, 0x00, 0x23, 0x00, 0x23, 0x00,
    0x23, 0x00, 0x23, 0x00, 0x23, 0x00, 0x23, 0x00, 0x23, 0x00, 0x23, 0x00, 0x23, 0x00, 0x23, 0x00,
    0x23, 0x00, 0x23, 0x00, 0x23, 0x00, 0x23, 0x00, 0x23, 0x00, 0x23, 0x00, 0x23, 0x00, 0x23, 0x00,
    0x23, 0x00, 0x23, 0x00, 0x23, 0x00, 0x23, 0x00, 0x23, 0x00, 0x23, 0x00, 0x23, 0x00, 0x23, 0x00,
    0x23, 0x00, 0x23, 0x00, 0x23, 0x00, 0x23, 0x00, 0x23, 0x00, 0x23, 0x00, 0x23, 0x00, 0x23, 0x00,
    0x23, 0x00, 0x23, 0x00, 0x23, 0x00, 0x23, 0x00, 0x23, 0x00, 0x23, 0x00, 0x23, 0x00, 0x23, 0x00,
    0x23, 0x00, 0x23, 0x00, 0x23, 0x00, 0x23, 0x00, 0x23, 0x00, 0x00, 0x00, 0xef, 0x00, 0x51, 0x01,
    0xef, 0x00, 0x46, 0x00, 0x00, 0x00, 0x00, 0x00, 0x00, 0x00, 0x00, 0x00, 0x00, 0x00, 0x00, 0x00,
    0x00, 0x00, 0x8a, 0x00, 0xe8, 0x00, 0x00, 0x00, 0x00, 0x00, 0x46, 0x00, 0x46, 0x00, 0x00, 0x00,
    0x46, 0x00, 0x0c, 0x01, 0x23, 0x00, 0x00, 0x00, 0x00, 0x00, 0x00, 0x00, 0x00, 0x00, 0x00, 0x00,
    0x00, 0x00, 0x00, 0x00, 0x00, 0x00, 0x00, 0x00, 0x00, 0x00, 0x00, 0x00, 0x00, 0x00, 0x8a, 0x00,
    0x0c, 0x01, 0x51, 0x01, 0x0c, 0x01, 0xe8, 0x00, 0x46, 0x00, 0x46, 0x00, 0x46, 0x00, 0x46, 0x00,
    0x46, 0x00, 0x23, 0x00, 0x23, 0x00, 0x23, 0x00, 0x23, 0x00, 0x23, 0x00, 0x23, 0x00, 0x23, 0x00,
    0x23, 0x00, 0x23, 0x00, 0x23, 0x00, 0x23, 0x00, 0x23, 0x00, 0x23, 0x00, 0x23, 0x00, 0x23, 0x00,
    0x23, 0x00, 0x23, 0x00, 0x23, 0x00, 0x23, 0x00, 0x23, 0x00, 0x23, 0x00, 0x23, 0x00, 0x23, 0x00,
    0x23, 0x00, 0x23, 0x00, 0x23, 0x00, 0x23, 0x00, 0x23, 0x00, 0x23, 0x00, 0x23, 0x00, 0x23, 0x00,
    0x23, 0x00, 0x23, 0x00, 0x23, 0x00, 0x23, 0x00, 0x23, 0x00, 0x23, 0x00, 0x23, 0x00, 0x23, 0x00,
    0x23, 0x00, 0x23, 0x00, 0x23, 0x00, 0x23, 0x00, 0x23, 0x00, 0x23, 0x00, 0x23, 0x00, 0x23, 0x00,
    0x23, 0x00, 0x23, 0x00, 0x23, 0x00, 0x23, 0x00, 0x23, 0x00, 0x23, 0x00, 0x23, 0x00, 0x23, 0x00,
    0x23, 0x00, 0x23, 0x00, 0x23, 0x00, 0x23, 0x00, 0x23, 0x00, 0x23, 0x00, 0x23, 0x00, 0x23, 0x00,
    0x23, 0x00, 0x23, 0x00, 0x23, 0x00, 0x23, 0x00, 0x23, 0x00, 0x23, 0x00, 0x23, 0x00, 0x23, 0x00,
    0x23, 0x00, 0x23, 0x00, 0x23, 0x00, 0x23, 0x00, 0x23, 0x00, 0x23, 0x00, 0x23, 0x00, 0x23, 0x00,
    0x23, 0x00, 0x23, 0x00, 0x23, 0x00, 0x23, 0x00, 0x23, 0x00, 0x23, 0x00, 0x23, 0x00, 0x23, 0x00,
    0x23, 0x00, 0x23, 0x00, 0x23, 0x00, 0x23, 0x00, 0x23, 0x00, 0x23, 0x00, 0x23, 0x00, 0x23, 0x00,
    0x23, 0x00, 0x23, 0x00, 0x23, 0x00, 0x23, 0x00, 0x23, 0x00, 0x23, 0x00, 0x23, 0x00, 0x23, 0x00,
    0x23, 0x00, 0x23, 0x00, 0x23, 0x00, 0x23, 0x00, 0x23, 0x00, 0x23, 0x00, 0x23, 0x00, 0x23, 0x00,
    0x23, 0x00, 0x23, 0x00, 0x23, 0x00, 0x23, 0x00, 0x23, 0x00, 0x23, 0x00, 0x23, 0x00, 0x23, 0x00,
    0x23, 0x00, 0x23, 0x00, 0x23, 0x00, 0x23, 0x00, 0x23, 0x00, 0x23, 0x00, 0x23, 0x00, 0x23, 0x00,
    0x23, 0x00, 0x23, 0x00, 0x23, 0x00, 0x23, 0x00, 0x23, 0x00, 0x23, 0x00, 0x23, 0x00, 0x23, 0x00,
    0x23, 0x00, 0x23, 0x00, 0x23, 0x00, 0x23, 0x00, 0x23, 0x00, 0x23, 0x00, 0x23, 0x00, 0x23, 0x00,
    0x23, 0x00, 0x23, 0x00, 0x23, 0x00, 0x23, 0x00, 0x23, 0x00, 0x23, 0x00, 0x23, 0x00, 0x23, 0x00,
    0x23, 0x00, 0x23, 0x00, 0x23, 0x00, 0x23, 0x00, 0x23, 0x00, 0x23, 0x00, 0x23, 0x00, 0x23, 0x00,
    0x23, 0x00, 0x23, 0x00, 0x23, 0x00, 0x23, 0x00, 0x23, 0x00, 0x23, 0x00, 0x23, 0x00, 0x23, 0x00,
    0x23, 0x00, 0x23, 0x00, 0x23, 0x00, 0x23, 0x00, 0x23, 0x00, 0x23, 0x00, 0x23, 0x00, 0x23, 0x00,
    0x23, 0x00, 0x23, 0x00, 0x23, 0x00, 0x23, 0x00, 0x23, 0x00, 0x23, 0x00, 0x23, 0x00, 0x23, 0x00,
    0x23, 0x00, 0x23, 0x00, 0x23, 0x00, 0x23, 0x00, 0x23, 0x00, 0x23, 0x00, 0x23, 0x00, 0x23, 0x00,
    0x23, 0x00, 0x46, 0x00, 0xe8, 0x00, 0xe8, 0x00, 0x46, 0x00, 0x00, 0x00, 0x8a, 0x00, 0xef, 0x00,
    0x51, 0x01, 0x0c, 0x01, 0x0c, 0x01, 0x00, 0x00, 0x00, 0x00, 0x00, 0x00, 0x00, 0x00, 0x00, 0x00,
    0x00, 0x00, 0x8a, 0x00, 0xe8, 0x00, 0x00, 0x00, 0x46, 0x00, 0x19, 0x02, 0x33, 0x01, 0x00, 0x00,
    0x46, 0x00, 0x0c, 0x01, 0x23, 0x00, 0x00, 0x00, 0x00, 0x00, 0x00, 0x00, 0x00, 0x00, 0x00, 0x00,
    0x00, 0x00, 0x00, 0x00, 0x00, 0x00, 0x00, 0x00, 0x00, 0x00, 0x00, 0x00, 0x00, 0x00, 0x33, 0x01,
    0xef, 0x00, 0xe8, 0x00, 0x46, 0x00, 0x23, 0x00, 0x23, 0x00, 0x19, 0x02, 0xdf, 0x02, 0xdf, 0x02,
    0xdf, 0x03, 0x46, 0x00, 0x23, 0x00, 0x23, 0x00, 0x23, 0x00, 0x23, 0x00, 0x23, 0x00, 0x23, 0x00,
    0x23, 0x00, 0x23, 0x00, 0x23, 0x00, 0x23, 0x00, 0x23, 0x00, 0x23, 0x00, 0x23, 0x00, 0x23, 0x00,
    0x23, 0x00, 0x23, 0x00, 0x23, 0x00, 0x23, 0x00, 0x23, 0x00, 0x23, 0x00, 0x23, 0x00, 0x23, 0x00,
    0x23, 0x00, 0x23, 0x00, 0x23, 0x00, 0x23, 0x00, 0x23, 0x00, 0x23, 0x00, 0x23, 0x00, 0x23, 0x00,
    0x23, 0x00, 0x23, 0x00, 0x23, 0x00, 0x23, 0x00, 0x23, 0x00, 0x23, 0x00, 0x23, 0x00, 0x23, 0x00,
    0x23, 0x00, 0x23, 0x00, 0x23, 0x00, 0x23, 0x00, 0x23, 0x00, 0x23, 0x00, 0x23, 0x00, 0x23, 0x00,
    0x23, 0x00, 0x23, 0x00, 0x23, 0x00, 0x23, 0x00, 0x23, 0x00, 0x23, 0x00, 0x23, 0x00, 0x23, 0x00,
    0x23, 0x00, 0x23, 0x00, 0x23, 0x00, 0x23, 0x00, 0x23, 0x00, 0x23, 0x00, 0x23, 0x00, 0x23, 0x00,
    0x23, 0x00, 0x23, 0x00, 0x23, 0x00, 0x23, 0x00, 0x23, 0x00, 0x23, 0x00, 0x23, 0x00, 0x23, 0x00,
    0x23, 0x00, 0x23, 0x00, 0x23, 0x00, 0x23, 0x00, 0x23, 0x00, 0x23, 0x00, 0x23, 0x00, 0x23, 0x00,
    0x23, 0x00, 0x23, 0x00, 0x23, 0x00, 0x23, 0x00, 0x23, 0x00, 0x23, 0x00, 0x23, 0x00, 0x23, 0x00,
    0x23, 0x00, 0x23, 0x00, 0x23, 0x00, 0x23, 0x00, 0x23, 0x00, 0x23, 0x00, 0x23, 0x00, 0x23, 0x00,
    0x23, 0x00, 0x23, 0x00, 0x23, 0x00, 0x23, 0x00, 0x23, 0x00, 0x23, 0x00, 0x23, 0x00, 0x23, 0x00,
    0x23, 0x00, 0x23, 0x00, 0x23, 0x00, 0x23, 0x00, 0x23, 0x00, 0x23, 0x00, 0x23, 0x00, 0x23, 0x00,
    0x23, 0x00, 0x23, 0x00, 0x23, 0x00, 0x23, 0x00, 0x23, 0x00, 0x23, 0x00, 0x23, 0x00, 0x23, 0x00,
    0x23, 0x00, 0x23, 0x00, 0x23, 0x00, 0x23, 0x00, 0x23, 0x00, 0x23, 0x00, 0x23, 0x00, 0x23, 0x00,
    0x23, 0x00, 0x23, 0x00, 0x23, 0x00, 0x23, 0x00, 0x23, 0x00, 0x23, 0x00, 0x23, 0x00, 0x23, 0x00,
    0x23, 0x00, 0x23, 0x00, 0x23, 0x00, 0x23, 0x00, 0x23, 0x00, 0x23, 0x00, 0x23, 0x00, 0x23, 0x00,
    0x23, 0x00, 0x23, 0x00, 0x23, 0x00, 0x23, 0x00, 0x23, 0x00, 0x23, 0x00, 0x23, 0x00, 0x23, 0x00,
    0x23, 0x00, 0x23, 0x00, 0x23, 0x00, 0x23, 0x00, 0x23, 0x00, 0x23, 0x00, 0x23, 0x00, 0x23, 0x00,
    0x23, 0x00, 0x23, 0x00, 0x23, 0x00, 0x23, 0x00, 0x23, 0x00, 0x23, 0x00, 0x23, 0x00, 0x23, 0x00,
    0x23, 0x00, 0x23, 0x00, 0x23, 0x00, 0x23, 0x00, 0x23, 0x00, 0x23, 0x00, 0x23, 0x00, 0x23, 0x00,
    0x23, 0x00, 0x23, 0x00, 0x23, 0x00, 0x23, 0x00, 0x23, 0x00, 0x23, 0x00, 0x23, 0x00, 0x23, 0x00,
    0x23, 0x00, 0x23, 0x00, 0x23, 0x00, 0x23, 0x00, 0x23, 0x00, 0x23, 0x00, 0x23, 0x00, 0x23, 0x00,
    0x23, 0x00, 0xdf, 0x02, 0xdf, 0x02, 0xdf, 0x02, 0xdf, 0x02, 0x23, 0x00, 0x23, 0x00, 0x46, 0x00,
    0x8a, 0x00, 0x51, 0x01, 0x51, 0x01, 0x00, 0x00, 0x00, 0x00, 0x00, 0x00, 0x00, 0x00, 0x00, 0x00,
    0x00, 0x00, 0x8a, 0x00, 0x8a, 0x00, 0x00, 0x00, 0xe8, 0x00, 0xb5, 0x01, 0xef, 0x00, 0x00, 0x00,
    0x46, 0x00, 0x0c, 0x01, 0x23, 0x00, 0x00, 0x00, 0x00, 0x00, 0x00, 0x00, 0x00, 0x00, 0x00, 0x00,
    0x00, 0x00, 0x00, 0x00, 0x00, 0x00, 0x00, 0x00, 0x00, 0x00, 0x00, 0x00, 0x00, 0x00, 0x33, 0x01,
    0x51, 0x01, 0x23, 0x00, 0x23, 0x00, 0x23, 0x00, 0x0c, 0x01, 0x3d, 0x02, 0xdf, 0x02, 0xdf, 0x02,
    0xdf, 0x03, 0x46, 0x00, 0x23, 0x00, 0x23, 0x00, 0x23, 0x00, 0x23, 0x00, 0x23, 0x00, 0x23, 0x00,
    0x23, 0x00, 0x23, 0x00, 0x23, 0x00, 0x23, 0x00, 0x23, 0x00, 0x23, 0x00, 0x23, 0x00, 0x23, 0x00,
    0x23, 0x00, 0x23, 0x00, 0x23, 0x00, 0x23, 0x00, 0x23, 0x00, 0x23, 0x00, 0x23, 0x00, 0x23, 0x00,
    0x23, 0x00, 0x23, 0x00, 0x23, 0x00, 0x23, 0x00, 0x23, 0x00, 0x23, 0x00, 0x23, 0x00, 0x23, 0x00,
    0x23, 0x00, 0x23, 0x00, 0x23, 0x00, 0x23, 0x00, 0x23, 0x00, 0x23, 0x00, 0x23, 0x00, 0x23, 0x00,
    0x23, 0x00, 0x23, 0x00, 0x23, 0x00, 0x23, 0x00, 0x23, 0x00, 0x23, 0x00, 0x23, 0x00, 0x23, 0x00,
    0x23, 0x00, 0x23, 0x00, 0x23, 0x00, 0x23, 0x00, 0x23, 0x00, 0x23, 0x00, 0x23, 0x00, 0x23, 0x00,
    0x23, 0x00, 0x23, 0x00, 0x23, 0x00, 0x23, 0x00, 0x23, 0x00, 0x23, 0x00, 0x23, 0x00, 0x23, 0x00,
    0x23, 0x00, 0x23, 0x00, 0x23, 0x00, 0x23, 0x00, 0x23, 0x00, 0x23, 0x00, 0x23, 0x00, 0x23, 0x00,
    0x23, 0x00, 0x23, 0x00, 0x23, 0x00, 0x23, 0x00, 0x23, 0x00, 0x23, 0x00, 0x23, 0x00, 0x23, 0x00,
    0x23, 0x00, 0x23, 0x00, 0x23, 0x00, 0x23, 0x00, 0x23, 0x00, 0x23, 0x00, 0x23, 0x00, 0x23, 0x00,
    0x23, 0x00, 0x23, 0x00, 0x23, 0x00, 0x23, 0x00, 0x23, 0x00, 0x23, 0x00, 0x23, 0x00, 0x23, 0x00,
    0x23, 0x00, 0x23, 0x00, 0x23, 0x00, 0x23, 0x00, 0x23, 0x00, 0x23, 0x00, 0x23, 0x00, 0x23, 0x00,
    0x23, 0x00, 0x23, 0x00, 0x23, 0x00, 0x23, 0x00, 0x23, 0x00, 0x23, 0x00, 0x23, 0x00, 0x23, 0x00,
    0x23, 0x00, 0x23, 0x00, 0x23, 0x00, 0x23, 0x00, 0x23, 0x00, 0x23, 0x00, 0x23, 0x00, 0x23, 0x00,
    0x23, 0x00, 0x23, 0x00, 0x23, 0x00, 0x23, 0x00, 0x23, 0x00, 0x23, 0x00, 0x23, 0x00, 0x23, 0x00,
    0x23, 0x00, 0x23, 0x00, 0x23, 0x00, 0x23, 0x00, 0x23, 0x00, 0x23, 0x00, 0x23, 0x00, 0x23, 0x00,
    0x23, 0x00, 0x23, 0x00, 0x23, 0x00, 0x23, 0x00, 0x23, 0x00, 0x23, 0x00, 0x23, 0x00, 0x23, 0x00,
    0x23, 0x00, 0x23, 0x00, 0x23, 0x00, 0x23, 0x00, 0x23, 0x00, 0x23, 0x00, 0x23, 0x00, 0x23, 0x00,
    0x23, 0x00, 0x23, 0x00, 0x23, 0x00, 0x23, 0x00, 0x23, 0x00, 0x23, 0x00, 0x23, 0x00, 0x23, 0x00,
    0x23, 0x00, 0x23, 0x00, 0x23, 0x00, 0x23, 0x00, 0x23, 0x00, 0x23, 0x00, 0x23, 0x00, 0x23, 0x00,
    0x23, 0x00, 0x23, 0x00, 0x23, 0x00, 0x23, 0x00, 0x23, 0x00, 0x23, 0x00, 0x23, 0x00, 0x23, 0x00,
    0x23, 0x00, 0x23, 0x00, 0x23, 0x00, 0x23, 0x00, 0x23, 0x00, 0x23, 0x00, 0x23, 0x00, 0x23, 0x00,
    0x23, 0x00, 0x23, 0x00, 0x23, 0x00, 0x23, 0x00, 0x23, 0x00, 0x23, 0x00, 0x23, 0x00, 0x23, 0x00,
    0x23, 0x00, 0xdf, 0x02, 0xdf, 0x02, 0xdf, 0x02, 0xdf, 0x02, 0x51, 0x01, 0x23, 0x00, 0x23, 0x00,
    0x23, 0x00, 0x51, 0x01, 0x51, 0x01, 0x00, 0x00, 0x00, 0x00, 0x00, 0x00, 0x00, 0x00, 0x00, 0x00,
    0x00, 0x00, 0x8a, 0x00, 0x8a, 0x00, 0x00, 0x00, 0xe8, 0x00, 0xb5, 0x01, 0xef, 0x00, 0x00, 0x00,
    0x46, 0x00, 0x0c, 0x01, 0x23, 0x00, 0x00, 0x00, 0x00, 0x00, 0x00, 0x00, 0x00, 0x00, 0x00, 0x00,
    0x00, 0x00, 0x00, 0x00, 0x00, 0x00, 0x00, 0x00, 0x00, 0x00, 0x00, 0x00, 0x00, 0x00, 0x51, 0x01,
    0x51, 0x01, 0x23, 0x00, 0x23, 0x00, 0x23, 0x00, 0xbb, 0x02, 0x3f, 0x02, 0x51, 0x01, 0x46, 0x00,
    0x23, 0x00, 0x23, 0x00, 0x23, 0x00, 0x23, 0x00, 0x23, 0x00, 0x23, 0x00, 0x23, 0x00, 0x23, 0x00,
    0x23, 0x00, 0x23, 0x00, 0x23, 0x00, 0x23, 0x00, 0x23, 0x00, 0x23, 0x00, 0x23, 0x00, 0x23, 0x00,
    0x23, 0x00, 0x23, 0x00, 0x23, 0x00, 0x23, 0x00, 0x23, 0x00, 0x23, 0x00, 0x23, 0x00, 0x23, 0x00,
    0x23, 0x00, 0x23, 0x00, 0x23, 0x00, 0x23, 0x00, 0x23, 0x00, 0x23, 0x00, 0x23, 0x00, 0x23, 0x00,
    0x23, 0x00, 0x23, 0x00, 0x23, 0x00, 0x23, 0x00, 0x23, 0x00, 0x23, 0x00, 0x23, 0x00, 0x23, 0x00,
    0x23, 0x00, 0x23, 0x00, 0x23, 0x00, 0x23, 0x00, 0x23, 0x00, 0x23, 0x00, 0x23, 0x00, 0x23, 0x00,
    0x23, 0x00, 0x23, 0x00, 0x23, 0x00, 0x23, 0x00, 0x23, 0x00, 0x23, 0x00, 0x23, 0x00, 0x23, 0x00,
    0x23, 0x00, 0x23, 0x00, 0x23, 0x00, 0x23, 0x00, 0x23, 0x00, 0x23, 0x00, 0x23, 0x00, 0x23, 0x00,
    0x23, 0x00, 0x23, 0x00, 0x23, 0x00, 0x23, 0x00, 0x23, 0x00, 0x23, 0x00, 0x23, 0x00, 0x23, 0x00,
    0x23, 0x00, 0x23, 0x00, 0x23, 0x00, 0x23, 0x00, 0x23, 0x00, 0x23, 0x00, 0x23, 0x00, 0x23, 0x00,
    0x23, 0x00, 0x23, 0x00, 0x23, 0x00, 0x23, 0x00, 0x23, 0x00, 0x23, 0x00, 0x23, 0x00, 0x23, 0x00,
    0x23, 0x00, 0x23, 0x00, 0x23, 0x00, 0x23, 0x00, 0x23, 0x00, 0x23, 0x00, 0x23, 0x00, 0x23, 0x00,
    0x23, 0x00, 0x23, 0x00, 0x23, 0x00, 0x23, 0x00, 0x23, 0x00, 0x23, 0x00, 0x23, 0x00, 0x23, 0x00,
    0x23, 0x00, 0x23, 0x00, 0x23, 0x00, 0x23, 0x00, 0x23, 0x00, 0x23, 0x00, 0x23, 0x00, 0x23, 0x00,
    0x23, 0x00, 0x23, 0x00, 0x23, 0x00, 0x23, 0x00, 0x23, 0x00, 0x23, 0x00, 0x23, 0x00, 0x23, 0x00,
    0x23, 0x00, 0x23, 0x00, 0x23, 0x00, 0x23, 0x00, 0x23, 0x00, 0x23, 0x00, 0x23, 0x00, 0x23, 0x00,
    0x23, 0x00, 0x23, 0x00, 0x23, 0x00, 0x23, 0x00, 0x23, 0x00, 0x23, 0x00, 0x23, 0x00, 0x23, 0x00,
    0x23, 0x00, 0x23, 0x00, 0x23, 0x00, 0x23, 0x00, 0x23, 0x00, 0x23, 0x00, 0x23, 0x00, 0x23, 0x00,
    0x23, 0x00, 0x23, 0x00, 0x23, 0x00, 0x23, 0x00, 0x23, 0x00, 0x23, 0x00, 0x23, 0x00, 0x23, 0x00,
    0x23, 0x00, 0x23, 0x00, 0x23, 0x00, 0x23, 0x00, 0x23, 0x00, 0x23, 0x00, 0x23, 0x00, 0x23, 0x00,
    0x23, 0x00, 0x23, 0x00, 0x23, 0x00, 0x23, 0x00, 0x23, 0x00, 0x23, 0x00, 0x23, 0x00, 0x23, 0x00,
    0x23, 0x00, 0x23, 0x00, 0x23, 0x00, 0x23, 0x00, 0x23, 0x00, 0x23, 0x00, 0x23, 0x00, 0x23, 0x00,
    0x23, 0x00, 0x23, 0x00, 0x23, 0x00, 0x23, 0x00, 0x23, 0x00, 0x23, 0x00, 0x23, 0x00, 0x23, 0x00,
    0x23, 0x00, 0x23, 0x00, 0x23, 0x00, 0x23, 0x00, 0x23, 0x00, 0x23, 0x00, 0x23, 0x00, 0x23, 0x00,
    0x23, 0x00, 0x23, 0x00, 0x46, 0x00, 0x46, 0x00, 0xdf, 0x02, 0xdf, 0x02, 0x23, 0x00, 0x23, 0x00,
    0x23, 0x00, 0x51, 0x01, 0x51, 0x01, 0x00, 0x00, 0x00, 0x00, 0x00, 0x00, 0x00, 0x00, 0x00, 0x00,
    0x00, 0x00, 0x8a, 0x00, 0x8a, 0x00, 0x00, 0x00, 0xe8, 0x00, 0xb5, 0x01, 0xef, 0x00, 0x00, 0x00,
    0x46, 0x00, 0x0c, 0x01, 0x23, 0x00, 0x00, 0x00, 0x00, 0x00, 0x00, 0x00, 0x00, 0x00, 0x00, 0x00,
    0x00, 0x00, 0x00, 0x00, 0x00, 0x00, 0x00, 0x00, 0x00, 0x00, 0x00, 0x00, 0x00, 0x00, 0x51, 0x01,
    0xef, 0x00, 0x23, 0x00, 0x23, 0x00, 0x23, 0x00, 0xbb, 0x02, 0xdf, 0x02, 0xef, 0x00, 0x23, 0x00,
    0x23, 0x00, 0x23, 0x00, 0x23, 0x00, 0x23, 0x00, 0x23, 0x00, 0x23, 0x00, 0x23, 0x00, 0x23, 0x00,
    0x23, 0x00, 0x23, 0x00, 0x23, 0x00, 0x23, 0x00, 0x23, 0x00, 0x23, 0x00, 0x23, 0x00, 0x23, 0x00,
    0x23, 0x00, 0x23, 0x00, 0x23, 0x00, 0x23, 0x00, 0x23, 0x00, 0x23, 0x00, 0x23, 0x00, 0x23, 0x00,
    0x23, 0x00, 0x23, 0x00, 0x23, 0x00, 0x23, 0x00, 0x23, 0x00, 0x23, 0x00, 0x23, 0x00, 0x23, 0x00,
    0x23, 0x00, 0x23, 0x00, 0x23, 0x00, 0x23, 0x00, 0x23, 0x00, 0x23, 0x00, 0x23, 0x00, 0x23, 0x00,
    0x23, 0x00, 0x23, 0x00, 0x23, 0x00, 0x23, 0x00, 0x23, 0x00, 0x23, 0x00, 0x23, 0x00, 0x23, 0x00,
    0x23, 0x00, 0x23, 0x00, 0x23, 0x00, 0x23, 0x00, 0x23, 0x00, 0x23, 0x00, 0x23, 0x00, 0x23, 0x00,
    0x23, 0x00, 0x23, 0x00, 0x23, 0x00, 0x23, 0x00, 0x23, 0x00, 0x23, 0x00, 0x23, 0x00, 0x23, 0x00,
    0x23, 0x00, 0x23, 0x00, 0x23, 0x00, 0x23, 0x00, 0x23, 0x00, 0x23, 0x00, 0x23, 0x00, 0x23, 0x00,
    0x23, 0x00, 0x23, 0x00, 0x23, 0x00, 0x23, 0x00, 0x23, 0x00, 0x23, 0x00, 0x23, 0x00, 0x23, 0x00,
    0x23, 0x00, 0x23, 0x00, 0x23, 0x00, 0x23, 0x00, 0x23, 0x00, 0x23, 0x00, 0x23, 0x00, 0x23, 0x00,
    0x23, 0x00, 0x23, 0x00, 0x23, 0x00, 0x23, 0x00, 0x23, 0x00, 0x23, 0x00, 0x23, 0x00, 0x23, 0x00,
    0x23, 0x00, 0x23, 0x00, 0x23, 0x00, 0x23, 0x00, 0x23, 0x00, 0x23, 0x00, 0x23, 0x00, 0x23, 0x00,
    0x23, 0x00, 0x23, 0x00, 0x23, 0x00, 0x23, 0x00, 0x23, 0x00, 0x23, 0x00, 0x23, 0x00, 0x23, 0x00,
    0x23, 0x00, 0x23, 0x00, 0x23, 0x00, 0x23, 0x00, 0x23, 0x00, 0x23, 0x00, 0x23, 0x00, 0x23, 0x00,
    0x23, 0x00, 0x23, 0x00, 0x23, 0x00, 0x23, 0x00, 0x23, 0x00, 0x23, 0x00, 0x23, 0x00, 0x23, 0x00,
    0x23, 0x00, 0x23, 0x00, 0x23, 0x00, 0x23, 0x00, 0x23, 0x00, 0x23, 0x00, 0x23, 0x00, 0x23, 0x00,
    0x23, 0x00, 0x23, 0x00, 0x23, 0x00, 0x23, 0x00, 0x23, 0x00, 0x23, 0x00, 0x23, 0x00, 0x23, 0x00,
    0x23, 0x00, 0x23, 0x00, 0x23, 0x00, 0x23, 0x00, 0x23, 0x00, 0x23, 0x00, 0x23, 0x00, 0x23, 0x00,
    0x23, 0x00, 0x23, 0x00, 0x23, 0x00, 0x23, 0x00, 0x23, 0x00, 0x23, 0x00, 0x23, 0x00, 0x23, 0x00,
    0x23, 0x00, 0x23, 0x00, 0x23, 0x00, 0x23, 0x00, 0x23, 0x00, 0x23, 0x00, 0x23, 0x00, 0x23, 0x00,
    0x23, 0x00, 0x23, 0x00, 0x23, 0x00, 0x23, 0x00, 0x23, 0x00, 0x23, 0x00, 0x23, 0x00, 0x23, 0x00,
    0x23, 0x00, 0x23, 0x00, 0x23, 0x00, 0x23, 0x00, 0x23, 0x00, 0x23, 0x00, 0x23, 0x00, 0x23, 0x00,
    0x23, 0x00, 0x23, 0x00, 0x23, 0x00, 0x23, 0x00, 0x23, 0x00, 0x23, 0x00, 0x23, 0x00, 0x23, 0x00,
    0x23, 0x00, 0x23, 0x00, 0x23, 0x00, 0x23, 0x00, 0xdf, 0x02, 0xdf, 0x02, 0x23, 0x00, 0x23, 0x00,
    0x23, 0x00, 0x33, 0x01, 0x51, 0x01, 0x00, 0x00, 0x00, 0x00, 0x00, 0x00, 0x00, 0x00, 0x00, 0x00,
    0x00, 0x00, 0x8a, 0x00, 0xe8, 0x00, 0x00, 0x00, 0xe8, 0x00, 0x19, 0x02, 0x51, 0x01, 0x00, 0x00,
    0x46, 0x00, 0x0c, 0x01, 0x23, 0x00, 0x00, 0x00, 0x00, 0x00, 0x00, 0x00, 0x00, 0x00, 0x00, 0x00,
    0x00, 0x00, 0x00, 0x00, 0x00, 0x00, 0x00, 0x00, 0x00, 0x00, 0x00, 0x00, 0x00, 0x00, 0x51, 0x01,
    0xef, 0x00, 0x23, 0x00, 0x23, 0x00, 0x23, 0x00, 0xb5, 0x01, 0x19, 0x02, 0x8a, 0x00, 0x23, 0x00,
    0x23, 0x00, 0x23, 0x00, 0x23, 0x00, 0x23, 0x00, 0x23, 0x00, 0x23, 0x00, 0x23, 0x00, 0x23, 0x00,
    0x23, 0x00, 0x23, 0x00, 0x23, 0x00, 0x23, 0x00, 0x23, 0x00, 0x23, 0x00, 0x23, 0x00, 0x23, 0x00,
    0x23, 0x00, 0x23, 0x00, 0x23, 0x00, 0x23, 0x00, 0x23, 0x00, 0x23, 0x00, 0x23, 0x00, 0x23, 0x00,
    0x23, 0x00, 0x23, 0x00, 0x23, 0x00, 0x23, 0x00, 0x23, 0x00, 0x23, 0x00, 0x23, 0x00, 0x23, 0x00,
    0x23, 0x00, 0x23, 0x00, 0x23, 0x00, 0x23, 0x00, 0x23, 0x00, 0x23, 0x00, 0x23, 0x00, 0x23, 0x00,
    0x23, 0x00, 0x23, 0x00, 0x23, 0x00, 0x23, 0x00, 0x23, 0x00, 0x23, 0x00, 0x23, 0x00, 0x23, 0x00,
    0x23, 0x00, 0x23, 0x00, 0x23, 0x00, 0x23, 0x00, 0x23, 0x00, 0x23, 0x00, 0x23, 0x00, 0x23, 0x00,
    0x23, 0x00, 0x23, 0x00, 0x23, 0x00, 0x23, 0x00, 0x23, 0x00, 0x23, 0x00, 0x23, 0x00, 0x23, 0x00,
    0x23, 0x00, 0x23, 0x00, 0x23, 0x00, 0x23, 0x00, 0x23, 0x00, 0x23, 0x00, 0x23, 0x00, 0x23, 0x00,
    0x23, 0x00, 0x23, 0x00, 0x23, 0x00, 0x23, 0x00, 0x23, 0x00, 0x23, 0x00, 0x23, 0x00, 0x23, 0x00,
    0x23, 0x00, 0x23, 0x00, 0x23, 0x00, 0x23, 0x00, 0x23, 0x00, 0x23, 0x00, 0x23, 0x00, 0x23, 0x00,
    0x23, 0x00, 0x23, 0x00, 0x23, 0x00, 0x23, 0x00, 0x23, 0x00, 0x23, 0x00, 0x23, 0x00, 0x23, 0x00,
    0x23, 0x00, 0x23, 0x00, 0x23, 0x00, 0x23, 0x00, 0x23, 0x00, 0x23, 0x00, 0x23, 0x00, 0x23, 0x00,
    0x23, 0x00, 0x23, 0x00, 0x23, 0x00, 0x23, 0x00, 0x23, 0x00, 0x23, 0x00, 0x23, 0x00, 0x23, 0x00,
    0x23, 0x00, 0x23, 0x00, 0x23, 0x00, 0x23, 0x00, 0x23, 0x00, 0x23, 0x00, 0x23, 0x00, 0x23, 0x00,
    0x23, 0x00, 0x23, 0x00, 0x23, 0x00, 0x23, 0x00, 0x23, 0x00, 0x23, 0x00, 0x23, 0x00, 0x23, 0x00,
    0x23, 0x00, 0x23, 0x00, 0x23, 0x00, 0x23, 0x00, 0x23, 0x00, 0x23, 0x00, 0x23, 0x00, 0x23, 0x00,
    0x23, 0x00, 0x23, 0x00, 0x23, 0x00, 0x23, 0x00, 0x23, 0x00, 0x23, 0x00, 0x23, 0x00, 0x23, 0x00,
    0x23, 0x00, 0x23, 0x00, 0x23, 0x00, 0x23, 0x00, 0x23, 0x00, 0x23, 0x00, 0x23, 0x00, 0x23, 0x00,
    0x23, 0x00, 0x23, 0x00, 0x23, 0x00, 0x23, 0x00, 0x23, 0x00, 0x23, 0x00, 0x23, 0x00, 0x23, 0x00,
    0x23, 0x00, 0x23, 0x00, 0x23, 0x00, 0x23, 0x00, 0x23, 0x00, 0x23, 0x00, 0x23, 0x00, 0x23, 0x00,
    0x23, 0x00, 0x23, 0x00, 0x23, 0x00, 0x23, 0x00, 0x23, 0x00, 0x23, 0x00, 0x23, 0x00, 0x23, 0x00,
    0x23, 0x00, 0x23, 0x00, 0x23, 0x00, 0x23, 0x00, 0x23, 0x00, 0x23, 0x00, 0x23, 0x00, 0x23, 0x00,
    0x23, 0x00, 0x23, 0x00, 0x23, 0x00, 0x23, 0x00, 0x23, 0x00, 0x23, 0x00, 0x23, 0x00, 0x23, 0x00,
    0x23, 0x00, 0x23, 0x00, 0x23, 0x00, 0x23, 0x00, 0xbb, 0x02, 0xbb, 0x02, 0x23, 0x00, 0x23, 0x00,
    0x23, 0x00, 0x33, 0x01, 0x51, 0x01, 0x00, 0x00, 0x00, 0x00, 0x00, 0x00, 0x00, 0x00, 0x00, 0x00,
    0x00, 0x00, 0x8a, 0x00, 0xe8, 0x00, 0x00, 0x00, 0x00, 0x00, 0x00, 0x00, 0x00, 0x00, 0x00, 0x00,
    0x46, 0x00, 0x0c, 0x01, 0x23, 0x00, 0x00, 0x00, 0x00, 0x00, 0x00, 0x00, 0x00, 0x00, 0x00, 0x00,
    0x00, 0x00, 0x00, 0x00, 0x00, 0x00, 0x00, 0x00, 0x00, 0x00, 0x00, 0x00, 0x00, 0x00, 0x51, 0x01,
    0xef, 0x00, 0x23, 0x00, 0x23, 0x00, 0x23, 0x00, 0x23, 0x00, 0x23, 0x00, 0x23, 0x00, 0x23, 0x00,
    0x23, 0x00, 0x23, 0x00, 0x23, 0x00, 0x23, 0x00, 0x23, 0x00, 0x23, 0x00, 0x23, 0x00, 0x23, 0x00,
    0x23, 0x00, 0x23, 0x00, 0x23, 0x00, 0x23, 0x00, 0x23, 0x00, 0x23, 0x00, 0x23, 0x00, 0x23, 0x00,
    0x23, 0x00, 0x23, 0x00, 0x23, 0x00, 0x23, 0x00, 0x23, 0x00, 0x23, 0x00, 0x23, 0x00, 0x23, 0x00,
    0x23, 0x00, 0x23, 0x00, 0x23, 0x00, 0x23, 0x00, 0x23, 0x00, 0x23, 0x00, 0x23, 0x00, 0x23, 0x00,
    0x23, 0x00, 0x23, 0x00, 0x23, 0x00, 0x23, 0x00, 0x23, 0x00, 0x23, 0x00, 0x23, 0x00, 0x23, 0x00,
    0x23, 0x00, 0x23, 0x00, 0x23, 0x00, 0x23, 0x00, 0x23, 0x00, 0x23, 0x00, 0x23, 0x00, 0x23, 0x00,
    0x23, 0x00, 0x23, 0x00, 0x23, 0x00, 0x23, 0x00, 0x23, 0x00, 0x23, 0x00, 0x23, 0x00, 0x23, 0x00,
    0x23, 0x00, 0x23, 0x00, 0x23, 0x00, 0x23, 0x00, 0x23, 0x00, 0x23, 0x00, 0x23, 0x00, 0x23, 0x00,
    0x23, 0x00, 0x23, 0x00, 0x23, 0x00, 0x23, 0x00, 0x23, 0x00, 0x23, 0x00, 0x23, 0x00, 0x23, 0x00,
    0x23, 0x00, 0x23, 0x00, 0x23, 0x00, 0x23, 0x00, 0x23, 0x00, 0x23, 0x00, 0x23, 0x00, 0x23, 0x00,
    0x23, 0x00, 0x23, 0x00, 0x23, 0x00, 0x23, 0x00, 0x23, 0x00, 0x23, 0x00, 0x23, 0x00, 0x23, 0x00,
    0x23, 0x00, 0x23, 0x00, 0x23, 0x00, 0x23, 0x00, 0x23, 0x00, 0x23, 0x00, 0x23, 0x00, 0x23, 0x00,
    0x23, 0x00, 0x23, 0x00, 0x23, 0x00, 0x23, 0x00, 0x23, 0x00, 0x23, 0x00, 0x23, 0x00, 0x23, 0x00,
    0x23, 0x00, 0x23, 0x00, 0x23, 0x00, 0x23, 0x00, 0x23, 0x00, 0x23, 0x00, 0x23, 0x00, 0x23, 0x00,
    0x23, 0x00, 0x23, 0x00, 0x23, 0x00, 0x23, 0x00, 0x23, 0x00, 0x23, 0x00, 0x23, 0x00, 0x23, 0x00,
    0x23, 0x00, 0x23, 0x00, 0x23, 0x00, 0x23, 0x00, 0x23, 0x00, 0x23, 0x00, 0x23, 0x00, 0x23, 0x00,
    0x23, 0x00, 0x23, 0x00, 0x23, 0x00, 0x23, 0x00, 0x8a, 0x00, 0xe8, 0x00, 0x8a, 0x00, 0x8a, 0x00,
    0x8a, 0x00, 0x46, 0x00, 0xe8, 0x00, 0x8a, 0x00, 0x8a, 0x00, 0x8a, 0x00, 0xe8, 0x00, 0x8a, 0x00,
    0xe8, 0x00, 0x8a, 0x00, 0x8a, 0x00, 0x8a, 0x00, 0x8a, 0x00, 0x8a, 0x00, 0x8a, 0x00, 0xe8, 0x00,
    0x8a, 0x00, 0x8a, 0x00, 0x8a, 0x00, 0x8a, 0x00, 0x8a, 0x00, 0x8a, 0x00, 0xe8, 0x00, 0x8a, 0x00,
    0x46, 0x00, 0x23, 0x00, 0x23, 0x00, 0x23, 0x00, 0x23, 0x00, 0x23, 0x00, 0x23, 0x00, 0x23, 0x00,
    0x23, 0x00, 0x23, 0x00, 0x23, 0x00, 0x23, 0x00, 0x23, 0x00, 0x23, 0x00, 0x23, 0x00, 0x23, 0x00,
    0x23, 0x00, 0x23, 0x00, 0x23, 0x00, 0x23, 0x00, 0x23, 0x00, 0x23, 0x00, 0x23, 0x00, 0x23, 0x00,
    0x23, 0x00, 0x23, 0x00, 0x23, 0x00, 0x23, 0x00, 0x23, 0x00, 0x23, 0x00, 0x23, 0x00, 0x23, 0x00,
    0x23, 0x00, 0x23, 0x00, 0x23, 0x00, 0x23, 0x00, 0x23, 0x00, 0x23, 0x00, 0x23, 0x00, 0x23, 0x00,
    0x23, 0x00, 0x51, 0x01, 0x51, 0x01, 0x00, 0x00, 0x00, 0x00, 0x00, 0x00, 0x00, 0x00, 0x00, 0x00,
    0x00, 0x00, 0x8a, 0x00, 0xe8, 0x00, 0x00, 0x00, 0x00, 0x00, 0x00, 0x00, 0x00, 0x00, 0x00, 0x00,
    0x46, 0x00, 0x0c, 0x01, 0x23, 0x00, 0x00, 0x00, 0x00, 0x00, 0x00, 0x00, 0x00, 0x00, 0x00, 0x00,
    0x00, 0x00, 0x00, 0x00, 0x00, 0x00, 0x00, 0x00, 0x00, 0x00, 0x00, 0x00, 0x00, 0x00, 0x51, 0x01,
    0xef, 0x00, 0x23, 0x00, 0x23, 0x00, 0x23, 0x00, 0x46, 0x00, 0x46, 0x00, 0x23, 0x00, 0x23, 0x00,
    0x23, 0x00, 0x23, 0x00, 0x23, 0x00, 0x23, 0x00, 0x23, 0x00, 0x23, 0x00, 0x23, 0x00, 0x23, 0x00,
    0x23, 0x00, 0x23, 0x00, 0x23, 0x00, 0x23, 0x00, 0x23, 0x00, 0x23, 0x00, 0x23, 0x00, 0x23, 0x00,
    0x23, 0x00, 0x23, 0x00, 0x23, 0x00, 0x23, 0x00, 0x23, 0x00, 0x23, 0x00, 0x23, 0x00, 0x23, 0x00,
    0x23, 0x00, 0x23, 0x00, 0x23, 0x00, 0x23, 0x00, 0x23, 0x00, 0x23, 0x00, 0x23, 0x00, 0x23, 0x00,
    0x23, 0x00, 0x23, 0x00, 0x23, 0x00, 0x23, 0x00, 0x23, 0x00, 0x23, 0x00, 0x23, 0x00, 0x23, 0x00,
    0x23, 0x00, 0x23, 0x00, 0x23, 0x00, 0x23, 0x00, 0x23, 0x00, 0x23, 0x00, 0x23, 0x00, 0x23, 0x00,
    0x23, 0x00, 0x23, 0x00, 0x23, 0x00, 0x23, 0x00, 0x23, 0x00, 0x23, 0x00, 0x23, 0x00, 0x23, 0x00,
    0x23, 0x00, 0x23, 0x00, 0x23, 0x00, 0x23, 0x00, 0x23, 0x00, 0x23, 0x00, 0x23, 0x00, 0x23, 0x00,
    0x23, 0x00, 0x23, 0x00, 0x23, 0x00, 0x23, 0x00, 0x23, 0x00, 0x23, 0x00, 0x23, 0x00, 0x23, 0x00,
    0x23, 0x00, 0x23, 0x00, 0x23, 0x00, 0x23, 0x00, 0x23, 0x00, 0x23, 0x00, 0x23, 0x00, 0x23, 0x00,
    0x23, 0x00, 0x23, 0x00, 0x23, 0x00, 0x23, 0x00, 0x23, 0x00, 0x8a, 0x00, 0x46, 0x00, 0x23, 0x00,
    0x23, 0x00, 0x46, 0x00, 0xe8, 0x00, 0x23, 0x00, 0x23, 0x00, 0x46, 0x00, 0x8a, 0x00, 0x46, 0x00,
    0x23, 0x00, 0x23, 0x00, 0xe8, 0x00, 0x46, 0x00, 0x23, 0x00, 0x23, 0x00, 0x46, 0x00, 0x8a, 0x00,
    0x23, 0x00, 0x23, 0x00, 0x46, 0x00, 0x46, 0x00, 0x46, 0x00, 0x23, 0x00, 0x23, 0x00, 0x8a, 0x00,
    0x8a, 0x00, 0x23, 0x00, 0x23, 0x00, 0x23, 0x00, 0xe8, 0x00, 0x46, 0x00, 0x23, 0x00, 0x23, 0x00,
    0x8a, 0x00, 0x8a, 0x00, 0x23, 0x00, 0x23, 0x00, 0x8a, 0x00, 0xe8, 0x00, 0x23, 0x00, 0x23, 0x00,
    0x23, 0x00, 0x23, 0x00, 0x23, 0x00, 0x8a, 0x00, 0xe8, 0x00, 0x46, 0x00, 0x46, 0x00, 0x46, 0x00,
    0x46, 0x00, 0x46, 0x00, 0x46, 0x00, 0x46, 0x00, 0x46, 0x00, 0x46, 0x00, 0x46, 0x00, 0x46, 0x00,
    0x46, 0x00, 0x46, 0x00, 0x46, 0x00, 0x46, 0x00, 0x46, 0x00, 0x46, 0x00, 0x46, 0x00, 0x46, 0x00,
    0x46, 0x00, 0x46, 0x00, 0x46, 0x00, 0x46, 0x00, 0x46, 0x00, 0x46, 0x00, 0x46, 0x00, 0x46, 0x00,
    0x8a, 0x00, 0x46, 0x00, 0x23, 0x00, 0x23, 0x00, 0x23, 0x00, 0x23, 0x00, 0x23, 0x00, 0x23, 0x00,
    0x23, 0x00, 0x23, 0x00, 0x46, 0x00, 0x46, 0x00, 0x23, 0x00, 0x23, 0x00, 0x23, 0x00, 0x46, 0x00,
    0x46, 0x00, 0x23, 0x00, 0x23, 0x00, 0x23, 0x00, 0x46, 0x00, 0x46, 0x00, 0x23, 0x00, 0x23, 0x00,
    0x23, 0x00, 0x23, 0x00, 0x46, 0x00, 0x46, 0x00, 0x23, 0x00, 0x23, 0x00, 0x23, 0x00, 0x23, 0x00,
    0x23, 0x00, 0x23, 0x00, 0x23, 0x00, 0x23, 0x00, 0x23, 0x00, 0x23, 0x00, 0x23, 0x00, 0x23, 0x00,
    0x23, 0x00, 0x51, 0x01, 0x51, 0x01, 0x00, 0x00, 0x00, 0x00, 0x00, 0x00, 0x00, 0x00, 0x00, 0x00,
    0x00, 0x00, 0x8a, 0x00, 0xe8, 0x00, 0x00, 0x00, 0x00, 0x00, 0x00, 0x00, 0x00, 0x00, 0x00, 0x00,
    0x46, 0x00, 0x0c, 0x01, 0x23, 0x00, 0x00, 0x00, 0x00, 0x00, 0x00, 0x00, 0x00, 0x00, 0x00, 0x00,
    0x00, 0x00, 0x00, 0x00, 0x00, 0x00, 0x00, 0x00, 0x00, 0x00, 0x00, 0x00, 0x00, 0x00, 0x51, 0x01,
    0x51, 0x01, 0x23, 0x00, 0x23, 0x00, 0x23, 0x00, 0x46, 0x00, 0x46, 0x00, 0x23, 0x00, 0x23, 0x00,
    0x23, 0x00, 0x23, 0x00, 0x23, 0x00, 0x23, 0x00, 0x23, 0x00, 0x23, 0x00, 0x23, 0x00, 0x23, 0x00,
    0x23, 0x00, 0x46, 0x00, 0x23, 0x00, 0x23, 0x00, 0x23, 0x00, 0x23, 0x00, 0x23, 0x00, 0x23, 0x00,
    0x23, 0x00, 0x23, 0x00, 0x23, 0x00, 0x23, 0x00, 0x23, 0x00, 0x23, 0x00, 0x23, 0x00, 0x23, 0x00,
    0x23, 0x00, 0x23, 0x00, 0x23, 0x00, 0x23, 0x00, 0x23, 0x00, 0x23, 0x00, 0x23, 0x00, 0x23, 0x00,
    0x23, 0x00, 0x23, 0x00, 0x23, 0x00, 0x23, 0x00, 0x23, 0x00, 0x23, 0x00, 0x23, 0x00, 0x23, 0x00,
    0x23, 0x00, 0x23, 0x00, 0x23, 0x00, 0x23, 0x00, 0x23, 0x00, 0x23, 0x00, 0x23, 0x00, 0x23, 0x00,
    0x23, 0x00, 0x23, 0x00, 0x23, 0x00, 0x23, 0x00, 0x23, 0x00, 0x23, 0x00, 0x23, 0x00, 0x23, 0x00,
    0x23, 0x00, 0x23, 0x00, 0x23, 0x00, 0x23, 0x00, 0x23, 0x00, 0x23, 0x00, 0x23, 0x00, 0x23, 0x00,
    0x23, 0x00, 0x23, 0x00, 0x23, 0x00, 0x23, 0x00, 0x23, 0x00, 0x23, 0x00, 0x23, 0x00, 0x23, 0x00,
    0x23, 0x00, 0x23, 0x00, 0x23, 0x00, 0x23, 0x00, 0x23, 0x00, 0x23, 0x00, 0x23, 0x00, 0x23, 0x00,
    0x23, 0x00, 0x23, 0x00, 0x23, 0x00, 0x23, 0x00, 0x23, 0x00, 0xe8, 0x00, 0x46, 0x00, 0x23, 0x00,
    0x23, 0x00, 0x46, 0x00, 0x46, 0x00, 0x23, 0x00, 0x23, 0x00, 0x46, 0x00, 0x46, 0x00, 0x46, 0x00,
    0x23, 0x00, 0x23, 0x00, 0x46, 0x00, 0x46, 0x00, 0x23, 0x00, 0x23, 0x00, 0x46, 0x00, 0x46, 0x00,
    0x23, 0x00, 0x23, 0x00, 0x23, 0x00, 0x46, 0x00, 0x46, 0x00, 0x23, 0x00, 0x23, 0x00, 0x8a, 0x00,
    0x8a, 0x00, 0x23, 0x00, 0x23, 0x00, 0x23, 0x00, 0x46, 0x00, 0x46, 0x00, 0x23, 0x00, 0x23, 0x00,
    0x46, 0x00, 0x8a, 0x00, 0x23, 0x00, 0x23, 0x00, 0x8a, 0x00, 0x46, 0x00, 0x23, 0x00, 0x23, 0x00,
    0x23, 0x00, 0x23, 0x00, 0xe8, 0x00, 0x46, 0x00, 0x23, 0x00, 0x23, 0x00, 0x23, 0x00, 0x23, 0x00,
    0x23, 0x00, 0x23, 0x00, 0x23, 0x00, 0x23, 0x00, 0x23, 0x00, 0x23, 0x00, 0x23, 0x00, 0x23, 0x00,
    0x23, 0x00, 0x23, 0x00, 0x23, 0x00, 0x23, 0x00, 0x23, 0x00, 0x23, 0x00, 0x23, 0x00, 0x23, 0x00,
    0x23, 0x00, 0x23, 0x00, 0x23, 0x00, 0x23, 0x00, 0x23, 0x00, 0x23, 0x00, 0x23, 0x00, 0x23, 0x00,
    0x46, 0x00, 0x8a, 0x00, 0x46, 0x00, 0x23, 0x00, 0x23, 0x00, 0x23, 0x00, 0x23, 0x00, 0x23, 0x00,
    0x23, 0x00, 0x23, 0x00, 0x8a, 0x00, 0x8a, 0x00, 0x23, 0x00, 0x23, 0x00, 0x23, 0x00, 0x8a, 0x00,
    0x8a, 0x00, 0x46, 0x00, 0x23, 0x00, 0x23, 0x00, 0x8a, 0x00, 0x8a, 0x00, 0x46, 0x00, 0x23, 0x00,
    0x23, 0x00, 0x23, 0x00, 0xe8, 0x00, 0xe8, 0x00, 0x23, 0x00, 0x23, 0x00, 0x23, 0x00, 0x23, 0x00,
    0x23, 0x00, 0x23, 0x00, 0x23, 0x00, 0x23, 0x00, 0x46, 0x00, 0x46, 0x00, 0x23, 0x00, 0x23, 0x00,
    0x23, 0x00, 0x51, 0x01, 0x51, 0x01, 0x00, 0x00, 0x00, 0x00, 0x00, 0x00, 0x00, 0x00, 0x00, 0x00,
    0x00, 0x00, 0x8a, 0x00, 0xe8, 0x00, 0x00, 0x00, 0x46, 0x00, 0x19, 0x02, 0x33, 0x01, 0x00, 0x00,
    0x46, 0x00, 0x0c, 0x01, 0x23, 0x00, 0x00, 0x00, 0x00, 0x00, 0x00, 0x00, 0x00, 0x00, 0x00, 0x00,
    0x00, 0x00, 0x00, 0x00, 0x00, 0x00, 0x00, 0x00, 0x00, 0x00, 0x00, 0x00, 0x00, 0x00, 0x33, 0x01,
    0x51, 0x01, 0x23, 0x00, 0x23, 0x00, 0x23, 0x00, 0x23, 0x00, 0x23, 0x00, 0x23, 0x00, 0x23, 0x00,
    0x23, 0x00, 0x46, 0x00, 0x8a, 0x00, 0x23, 0x00, 0x23, 0x00, 0x46, 0x00, 0x46, 0x00, 0x23, 0x00,
    0x46, 0x00, 0x46, 0x00, 0x23, 0x00, 0x23, 0x00, 0x46, 0x00, 0x46, 0x00, 0x46, 0x00, 0x23, 0x00,
    0x23, 0x00, 0x23, 0x00, 0x23, 0x00, 0x23, 0x00, 0x23, 0x00, 0x23, 0x00, 0x23, 0x00, 0x23, 0x00,
    0x23, 0x00, 0x23, 0x00, 0x23, 0x00, 0x23, 0x00, 0x23, 0x00, 0x23, 0x00, 0x23, 0x00, 0x23, 0x00,
    0x23, 0x00, 0x23, 0x00, 0x23, 0x00, 0x23, 0x00, 0x23, 0x00, 0x23, 0x00, 0x23, 0x00, 0x23, 0x00,
    0x23, 0x00, 0x23, 0x00, 0x23, 0x00, 0x23, 0x00, 0x23, 0x00, 0x23, 0x00, 0x23, 0x00, 0x23, 0x00,
    0x23, 0x00, 0x23, 0x00, 0x23, 0x00, 0x23, 0x00, 0x23, 0x00, 0x23, 0x00, 0x23, 0x00, 0x23, 0x00,
    0x23, 0x00, 0x23, 0x00, 0x23, 0x00, 0x23, 0x00, 0x23, 0x00, 0x23, 0x00, 0x23, 0x00, 0x23, 0x00,
    0x23, 0x00, 0x23, 0x00, 0x23, 0x00, 0x23, 0x00, 0x23, 0x00, 0x23, 0x00, 0x23, 0x00, 0x23, 0x00,
    0x23, 0x00, 0x23, 0x00, 0x23, 0x00, 0x23, 0x00, 0x23, 0x00, 0x23, 0x00, 0x23, 0x00, 0x23, 0x00,
    0x23, 0x00, 0x23, 0x00, 0x23, 0x00, 0x23, 0x00, 0x23, 0x00, 0x23, 0x00, 0x23, 0x00, 0x23, 0x00,
    0x23, 0x00, 0x23, 0x00, 0x23, 0x00, 0x23, 0x00, 0x23, 0x00, 0x23, 0x00, 0x23, 0x00, 0x23, 0x00,
    0x23, 0x00, 0x23, 0x00, 0x23, 0x00, 0x23, 0x00, 0x23, 0x00, 0x23, 0x00, 0x23, 0x00, 0x23, 0x00,
    0x23, 0x00, 0x23, 0x00, 0x23, 0x00, 0x23, 0x00, 0x23, 0x00, 0x23, 0x00, 0x23, 0x00, 0x23, 0x00,
    0x23, 0x00, 0x23, 0x00, 0x23, 0x00, 0x23, 0x00, 0x23, 0x00, 0x23, 0x00, 0x23, 0x00, 0x23, 0x00,
    0x23, 0x00, 0x23, 0x00, 0x23, 0x00, 0x23, 0x00, 0x23, 0x00, 0x23, 0x00, 0x23, 0x00, 0x23, 0x00,
    0x23, 0x00, 0x46, 0x00, 0x46, 0x00, 0x23, 0x00, 0x23, 0x00, 0x23, 0x00, 0x23, 0x00, 0x23, 0x00,
    0x23, 0x00, 0x23, 0x00, 0x23, 0x00, 0x23, 0x00, 0x23, 0x00, 0x23, 0x00, 0x23, 0x00, 0x23, 0x00,
    0x23, 0x00, 0x23, 0x00, 0x23, 0x00, 0x23, 0x00, 0x23, 0x00, 0x23, 0x00, 0x23, 0x00, 0x23, 0x00,
    0x23, 0x00, 0x23, 0x00, 0x23, 0x00, 0x23, 0x00, 0x23, 0x00, 0x23, 0x00, 0x23, 0x00, 0x23, 0x00,
    0x23, 0x00, 0x46, 0x00, 0xe8, 0x00, 0x46, 0x00, 0x23, 0x00, 0x23, 0x00, 0x23, 0x00, 0x23, 0x00,
    0x23, 0x00, 0x23, 0x00, 0x46, 0x00, 0x46, 0x00, 0x23, 0x00, 0x23, 0x00, 0x23, 0x00, 0x46, 0x00,
    0x46, 0x00, 0x23, 0x00, 0x23, 0x00, 0x23, 0x00, 0x46, 0x00, 0x46, 0x00, 0x46, 0x00, 0x23, 0x00,
    0x23, 0x00, 0x23, 0x00, 0x46, 0x00, 0x46, 0x00, 0x23, 0x00, 0x23, 0x00, 0x23, 0x00, 0x23, 0x00,
    0x23, 0x00, 0x23, 0x00, 0x23, 0x00, 0x23, 0x00, 0x8a, 0x00, 0x46, 0x00, 0x23, 0x00, 0x23, 0x00,
    0x23, 0x00, 0x51, 0x01, 0x51, 0x01, 0x00, 0x00, 0x00, 0x00, 0x00, 0x00, 0x00, 0x00, 0x00, 0x00,
    0x00, 0x00, 0x8a, 0x00, 0xe8, 0x00, 0x00, 0x00, 0x46, 0x00, 0xb5, 0x01, 0x33, 0x01, 0x00, 0x00,
    0x46, 0x00, 0x0c, 0x01, 0x23, 0x00, 0x00, 0x00, 0x00, 0x00, 0x00, 0x00, 0x00, 0x00, 0x00, 0x00,
    0x00, 0x00, 0x00, 0x00, 0x00, 0x00, 0x00, 0x00, 0x00, 0x00, 0x00, 0x00, 0x00, 0x00, 0x33, 0x01,
    0xef, 0x00, 0x23, 0x00, 0x23, 0x00, 0x23, 0x00, 0x23, 0x00, 0x23, 0x00, 0x23, 0x00, 0x23, 0x00,
    0x23, 0x00, 0x46, 0x00, 0x46, 0x00, 0x23, 0x00, 0x23, 0x00, 0x46, 0x00, 0x46, 0x00, 0x23, 0x00,
    0x23, 0x00, 0x46, 0x00, 0x23, 0x00, 0x23, 0x00, 0x23, 0x00, 0x46, 0x00, 0x23, 0x00, 0x23, 0x00,
    0x23, 0x00, 0x23, 0x00, 0x23, 0x00, 0x23, 0x00, 0x23, 0x00, 0x23, 0x00, 0x23, 0x00, 0x23, 0x00,
    0x23, 0x00, 0x23, 0x00, 0x23, 0x00, 0x23, 0x00, 0x23, 0x00, 0x23, 0x00, 0x23, 0x00, 0x23, 0x00,
    0x23, 0x00, 0x23, 0x00, 0x23, 0x00, 0x23, 0x00, 0x23, 0x00, 0x23, 0x00, 0x23, 0x00, 0x23, 0x00,
    0x23, 0x00, 0x23, 0x00, 0x23, 0x00, 0x23, 0x00, 0x23, 0x00, 0x23, 0x00, 0x23, 0x00, 0x23, 0x00,
    0x23, 0x00, 0x23, 0x00, 0x23, 0x00, 0x23, 0x00, 0x23, 0x00, 0x23, 0x00, 0x23, 0x00, 0x23, 0x00,
    0x23, 0x00, 0x23, 0x00, 0x23, 0x00, 0x23, 0x00, 0x23, 0x00, 0x23, 0x00, 0x23, 0x00, 0x23, 0x00,
    0x23, 0x00, 0x23, 0x00, 0x23, 0x00, 0x23, 0x00, 0x23, 0x00, 0x23, 0x00, 0x23, 0x00, 0x23, 0x00,
    0x23, 0x00, 0x23, 0x00, 0x23, 0x00, 0x23, 0x00, 0x23, 0x00, 0x23, 0x00, 0x23, 0x00, 0x23, 0x00,
    0x23, 0x00, 0x23, 0x00, 0x23, 0x00, 0x23, 0x00, 0x23, 0x00, 0x23, 0x00, 0x23, 0x00, 0x23, 0x00,
    0x23, 0x00, 0x23, 0x00, 0x23, 0x00, 0x23, 0x00, 0x23, 0x00, 0x23, 0x00, 0x23, 0x00, 0x23, 0x00,
    0x23, 0x00, 0x23, 0x00, 0x23, 0x00, 0x23, 0x00, 0x23, 0x00, 0x23, 0x00, 0x23, 0x00, 0x23, 0x00,
    0x23, 0x00, 0x23, 0x00, 0x23, 0x00, 0x23, 0x00, 0x23, 0x00, 0x23, 0x00, 0x23, 0x00, 0x23, 0x00,
    0x23, 0x00, 0x23, 0x00, 0x23, 0x00, 0x23, 0x00, 0x23, 0x00, 0x23, 0x00, 0x23, 0x00, 0x23, 0x00,
    0x23, 0x00, 0x23, 0x00, 0x23, 0x00, 0x23, 0x00, 0x23, 0x00, 0x23, 0x00, 0x23, 0x00, 0x23, 0x00,
    0x46, 0x00, 0x46, 0x00, 0x23, 0x00, 0x23, 0x00, 0x23, 0x00, 0x23, 0x00, 0x23, 0x00, 0x23, 0x00,
    0x23, 0x00, 0x23, 0x00, 0x23, 0x00, 0x23, 0x00, 0x23, 0x00, 0x23, 0x00, 0x23, 0x00, 0x46, 0x00,
    0x46, 0x00, 0x23, 0x00, 0x46, 0x00, 0x23, 0x00, 0x46, 0x00, 0x46, 0x00, 0x46, 0x00, 0x46, 0x00,
    0x46, 0x00, 0x23, 0x00, 0x23, 0x00, 0x23, 0x00, 0x23, 0x00, 0x46, 0x00, 0x46, 0x00, 0x46, 0x00,
    0x23, 0x00, 0x23, 0x00, 0x23, 0x00, 0xe8, 0x00, 0x46, 0x00, 0x23, 0x00, 0x23, 0x00, 0x23, 0x00,
    0x23, 0x00, 0x23, 0x00, 0x23, 0x00, 0x23, 0x00, 0x23, 0x00, 0x23, 0x00, 0x23, 0x00, 0x23, 0x00,
    0x23, 0x00, 0x23, 0x00, 0x23, 0x00, 0x23, 0x00, 0x23, 0x00, 0x23, 0x00, 0x23, 0x00, 0x23, 0x00,
    0x23, 0x00, 0x23, 0x00, 0x23, 0x00, 0x23, 0x00, 0x23, 0x00, 0x23, 0x00, 0x23, 0x00, 0x23, 0x00,
    0x23, 0x00, 0x23, 0x00, 0x23, 0x00, 0x23, 0x00, 0xe8, 0x00, 0x46, 0x00, 0x23, 0x00, 0x23, 0x00,
    0x23, 0x00, 0x51, 0x01, 0x51, 0x01, 0x00, 0x00, 0x00, 0x00, 0x00, 0x00, 0x00, 0x00, 0x00, 0x00,
    0x00, 0x00, 0x8a, 0x00, 0x8a, 0x00, 0x00, 0x00, 0xe8, 0x00, 0xb5, 0x01, 0x51, 0x01, 0x00, 0x00,
    0x46, 0x00, 0x0c, 0x01, 0x23, 0x00, 0x00, 0x00, 0x00, 0x00, 0x00, 0x00, 0x00, 0x00, 0x00, 0x00,
    0x00, 0x00, 0x00, 0x00, 0x00, 0x00, 0x00, 0x00, 0x00, 0x00, 0x00, 0x00, 0x00, 0x00, 0x33, 0x01,
    0xef, 0x00, 0x23, 0x00, 0x23, 0x00, 0x23, 0x00, 0x23, 0x00, 0x23, 0x00, 0x23, 0x00, 0x23, 0x00,
    0x23, 0x00, 0x23, 0x00, 0x23, 0x00, 0x23, 0x00, 0x23, 0x00, 0x23, 0x00, 0x23, 0x00, 0x23, 0x00,
    0x23, 0x00, 0x23, 0x00, 0x23, 0x00, 0x23, 0x00, 0x23, 0x00, 0x23, 0x00, 0x23, 0x00, 0x23, 0x00,
    0x23, 0x00, 0x23, 0x00, 0x23, 0x00, 0x23, 0x00, 0x23, 0x00, 0x23, 0x00, 0x23, 0x00, 0x23, 0x00,
    0x23, 0x00, 0x23, 0x00, 0x23, 0x00, 0x23, 0x00, 0x23, 0x00, 0x23, 0x00, 0x23, 0x00, 0x23, 0x00,
    0x23, 0x00, 0x23, 0x00, 0x23, 0x00, 0x23, 0x00, 0x23, 0x00, 0x23, 0x00, 0x23, 0x00, 0x23, 0x00,
    0x23, 0x00, 0x23, 0x00, 0x23, 0x00, 0x23, 0x00, 0x23, 0x00, 0x23, 0x00, 0x23, 0x00, 0x23, 0x00,
    0x23, 0x00, 0x23, 0x00, 0x23, 0x00, 0x23, 0x00, 0x23, 0x00, 0x23, 0x00, 0x23, 0x00, 0x23, 0x00,
    0x23, 0x00, 0x23, 0x00, 0x23, 0x00, 0x23, 0x00, 0x23, 0x00, 0x23, 0x00, 0x23, 0x00, 0x23, 0x00,
    0x23, 0x00, 0x23, 0x00, 0x23, 0x00, 0x23, 0x00, 0x23, 0x00, 0x23, 0x00, 0x23, 0x00, 0x23, 0x00,
    0x23, 0x00, 0x23, 0x00, 0x23, 0x00, 0x23, 0x00, 0x23, 0x00, 0x23, 0x00, 0x23, 0x00, 0x23, 0x00,
    0x23, 0x00, 0x23, 0x00, 0x23, 0x00, 0x23, 0x00, 0x23, 0x00, 0x23, 0x00, 0x23, 0x00, 0x23, 0x00,
    0x23, 0x00, 0x23, 0x00, 0x23, 0x00, 0x23, 0x00, 0x23, 0x00, 0x23, 0x00, 0x23, 0x00, 0x23, 0x00,
    0x23, 0x00, 0x23, 0x00, 0x23, 0x00, 0x23, 0x00, 0x23, 0x00, 0x23, 0x00, 0x23, 0x00, 0x23, 0x00,
    0x23, 0x00, 0x23, 0x00, 0x23, 0x00, 0x23, 0x00, 0x23, 0x00, 0x23, 0x00, 0x23, 0x00, 0x23, 0x00,
    0x23, 0x00, 0x23, 0x00, 0x23, 0x00, 0x23, 0x00, 0x23, 0x00, 0x23, 0x00, 0x23, 0x00, 0x23, 0x00,
    0x23, 0x00, 0x23, 0x00, 0x23, 0x00, 0x23, 0x00, 0x23, 0x00, 0x23, 0x00, 0x23, 0x00, 0x23, 0x00,
    0x46, 0x00, 0x23, 0x00, 0x23, 0x00, 0x23, 0x00, 0x23, 0x00, 0x23, 0x00, 0x23, 0x00, 0x23, 0x00,
    0x23, 0x00, 0x23, 0x00, 0x23, 0x00, 0x23, 0x00, 0x23, 0x00, 0x23, 0x00, 0x23, 0x00, 0x8a, 0x00,
    0x8a, 0x00, 0x46, 0x00, 0xe8, 0x00, 0xe8, 0x00, 0x8a, 0x00, 0x8a, 0x00, 0x8a, 0x00, 0x46, 0x00,
    0x8a, 0x00, 0x46, 0x00, 0x46, 0x00, 0xe8, 0x00, 0xe8, 0x00, 0x8a, 0x00, 0x8a, 0x00, 0x8a, 0x00,
    0x46, 0x00, 0x23, 0x00, 0x23, 0x00, 0x46, 0x00, 0x8a, 0x00, 0x46, 0x00, 0x23, 0x00, 0x23, 0x00,
    0x23, 0x00, 0x23, 0x00, 0x23, 0x00, 0x23, 0x00, 0x23, 0x00, 0x23, 0x00, 0x23, 0x00, 0x23, 0x00,
    0x23, 0x00, 0x23, 0x00, 0x23, 0x00, 0x23, 0x00, 0x23, 0x00, 0x23, 0x00, 0x23, 0x00, 0x23, 0x00,
    0x23, 0x00, 0x23, 0x00, 0x23, 0x00, 0x23, 0x00, 0x23, 0x00, 0x23, 0x00, 0x23, 0x00, 0x23, 0x00,
    0x23, 0x00, 0x23, 0x00, 0x23, 0x00, 0x23, 0x00, 0xe8, 0x00, 0x46, 0x00, 0x23, 0x00, 0x23, 0x00,
    0x23, 0x00, 0x51, 0x01, 0x51, 0x01, 0x00, 0x00, 0x00, 0x00, 0x00, 0x00, 0x00, 0x00, 0x00, 0x00,
    0x00, 0x00, 0x8a, 0x00, 0xe8, 0x00, 0x00, 0x00, 0xe8, 0x00, 0xb5, 0x01, 0x51, 0x01, 0x00, 0x00,
    0x46, 0x00, 0x0c, 0x01, 0x23, 0x00, 0x00, 0x00, 0x00, 0x00, 0x00, 0x00, 0x00, 0x00, 0x00, 0x00,
    0x00, 0x00, 0x00, 0x00, 0x00, 0x00, 0x00, 0x00, 0x00, 0x00, 0x00, 0x00, 0x00, 0x00, 0x33, 0x01,
    0xef, 0x00, 0x23, 0x00, 0x23, 0x00, 0x23, 0x00, 0x23, 0x00, 0x23, 0x00, 0x23, 0x00, 0x23, 0x00,
    0x23, 0x00, 0x23, 0x00, 0x23, 0x00, 0x23, 0x00, 0x23, 0x00, 0x23, 0x00, 0x23, 0x00, 0x23, 0x00,
    0x23, 0x00, 0x23, 0x00, 0x23, 0x00, 0x23, 0x00, 0x23, 0x00, 0x23, 0x00, 0x23, 0x00, 0x23, 0x00,
    0x23, 0x00, 0x23, 0x00, 0x23, 0x00, 0x23, 0x00, 0x23, 0x00, 0x23, 0x00, 0x23, 0x00, 0x23, 0x00,
    0x23, 0x00, 0x23, 0x00, 0x23, 0x00, 0x23, 0x00, 0x23, 0x00, 0x23, 0x00, 0x23, 0x00, 0x23, 0x00,
    0x23, 0x00, 0x23, 0x00, 0x23, 0x00, 0x23, 0x00, 0x23, 0x00, 0x23, 0x00, 0x23, 0x00, 0x23, 0x00,
    0x23, 0x00, 0x23, 0x00, 0x23, 0x00, 0x23, 0x00, 0x23, 0x00, 0x23, 0x00, 0x23, 0x00, 0x23, 0x00,
    0x23, 0x00, 0x23, 0x00, 0x23, 0x00, 0x23, 0x00, 0x23, 0x00, 0x23, 0x00, 0x23, 0x00, 0x23, 0x00,
    0x23, 0x00, 0x23, 0x00, 0x23, 0x00, 0x23, 0x00, 0x23, 0x00, 0x23, 0x00, 0x23, 0x00, 0x23, 0x00,
    0x23, 0x00, 0x23, 0x00, 0x23, 0x00, 0x23, 0x00, 0x23, 0x00, 0x23, 0x00, 0x23, 0x00, 0x23, 0x00,
    0x23, 0x00, 0x23, 0x00, 0x23, 0x00, 0x23, 0x00, 0x23, 0x00, 0x23, 0x00, 0x23, 0x00, 0x23, 0x00,
    0x23, 0x00, 0x23, 0x00, 0x23, 0x00, 0x23, 0x00, 0x23, 0x00, 0x23, 0x00, 0x23, 0x00, 0x23, 0x00,
    0x23, 0x00, 0x23, 0x00, 0x23, 0x00, 0x23, 0x00, 0x23, 0x00, 0x23, 0x00, 0x23, 0x00, 0x23, 0x00,
    0x23, 0x00, 0x23, 0x00, 0x23, 0x00, 0x23, 0x00, 0x23, 0x00, 0x23, 0x00, 0x23, 0x00, 0x23, 0x00,
    0x23, 0x00, 0x23, 0x00, 0x23, 0x00, 0x23, 0x00, 0x23, 0x00, 0x23, 0x00, 0x23, 0x00, 0x23, 0x00,
    0x23, 0x00, 0x23, 0x00, 0x23, 0x00, 0x23, 0x00, 0x23, 0x00, 0x23, 0x00, 0x23, 0x00, 0x23, 0x00,
    0x23, 0x00, 0x23, 0x00, 0x23, 0x00, 0x23, 0x00, 0x23, 0x00, 0x23, 0x00, 0x23, 0x00, 0x23, 0x00,
    0x23, 0x00, 0x23, 0x00, 0x23, 0x00, 0x23, 0x00, 0x23, 0x00, 0x23, 0x00, 0x23, 0x00, 0x23, 0x00,
    0x23, 0x00, 0x23, 0x00, 0x23, 0x00, 0x23, 0x00, 0x23, 0x00, 0x23, 0x00, 0x23, 0x00, 0x46, 0x00,
    0x46, 0x00, 0x23, 0x00, 0x23, 0x00, 0x23, 0x00, 0x23, 0x00, 0x23, 0x00, 0x23, 0x00, 0x23, 0x00,
    0x23, 0x00, 0x23, 0x00, 0x23, 0x00, 0x23, 0x00, 0x23, 0x00, 0x23, 0x00, 0x23, 0x00, 0x23, 0x00,
    0x8a, 0x00, 0x46, 0x00, 0x23, 0x00, 0x23, 0x00, 0x46, 0x00, 0x8a, 0x00, 0x23, 0x00, 0x46, 0x00,
    0x46, 0x00, 0x23, 0x00, 0x23, 0x00, 0x23, 0x00, 0x23, 0x00, 0x23, 0x00, 0x23, 0x00, 0x23, 0x00,
    0x23, 0x00, 0x23, 0x00, 0x23, 0x00, 0x23, 0x00, 0x23, 0x00, 0x23, 0x00, 0x23, 0x00, 0x23, 0x00,
    0x46, 0x00, 0x46, 0x00, 0x0c, 0x01, 0x46, 0x00, 0x23, 0x00, 0x23, 0x00, 0x23, 0x00, 0x23, 0x00,
    0x23, 0x00, 0x23, 0x00, 0x23, 0x00, 0x23, 0x00, 0xe8, 0x00, 0x46, 0x00, 0x23, 0x00, 0x23, 0x00,
    0x23, 0x00, 0x51, 0x01, 0x51, 0x01, 0x00, 0x00, 0x00, 0x00, 0x00, 0x00, 0x00, 0x00, 0x00, 0x00,
    0x00, 0x00, 0x8a, 0x00, 0x8a, 0x00, 0x00, 0x00, 0xe8, 0x00, 0x19, 0x02, 0x51, 0x01, 0x00, 0x00,
    0x46, 0x00, 0x0c, 0x01, 0x23, 0x00, 0x00, 0x00, 0x00, 0x00, 0x00, 0x00, 0x00, 0x00, 0x00, 0x00,
    0x00, 0x00, 0x00, 0x00, 0x00, 0x00, 0x00, 0x00, 0x00, 0x00, 0x00, 0x00, 0x00, 0x00, 0x51, 0x01,
    0x51, 0x01, 0x23, 0x00, 0x23, 0x00, 0x23, 0x00, 0x46, 0x00, 0x8a, 0x00, 0x23, 0x00, 0x23, 0x00,
    0x23, 0x00, 0x23, 0x00, 0x23, 0x00, 0x23, 0x00, 0x23, 0x00, 0x23, 0x00, 0x46, 0x00, 0x23, 0x00,
    0x23, 0x00, 0x23, 0x00, 0x23, 0x00, 0x23, 0x00, 0x23, 0x00, 0x23, 0x00, 0x23, 0x00, 0x23, 0x00,
    0x23, 0x00, 0x23, 0x00, 0x23, 0x00, 0x23, 0x00, 0x23, 0x00, 0x23, 0x00, 0x23, 0x00, 0x23, 0x00,
    0x23, 0x00, 0x23, 0x00, 0x23, 0x00, 0x23, 0x00, 0x23, 0x00, 0x23, 0x00, 0x23, 0x00, 0x23, 0x00,
    0x23, 0x00, 0x23, 0x00, 0x23, 0x00, 0x23, 0x00, 0x23, 0x00, 0x23, 0x00, 0x23, 0x00, 0x23, 0x00,
    0x23, 0x00, 0x23, 0x00, 0x23, 0x00, 0x23, 0x00, 0x23, 0x00, 0x23, 0x00, 0x23, 0x00, 0x23, 0x00,
    0x23, 0x00, 0x23, 0x00, 0x23, 0x00, 0x23, 0x00, 0x23, 0x00, 0x23, 0x00, 0x23, 0x00, 0x23, 0x00,
    0x23, 0x00, 0x23, 0x00, 0x23, 0x00, 0x23, 0x00, 0x23, 0x00, 0x23, 0x00, 0x23, 0x00, 0x23, 0x00,
    0x23, 0x00, 0x23, 0x00, 0x23, 0x00, 0x23, 0x00, 0x23, 0x00, 0x23, 0x00, 0x23, 0x00, 0x23, 0x00,
    0x23, 0x00, 0x23, 0x00, 0x23, 0x00, 0x23, 0x00, 0x23, 0x00, 0x23, 0x00, 0x23, 0x00, 0x23, 0x00,
    0x23, 0x00, 0x23, 0x00, 0x23, 0x00, 0x23, 0x00, 0x23, 0x00, 0x23, 0x00, 0x23, 0x00, 0x23, 0x00,
    0x23, 0x00, 0x23, 0x00, 0x23, 0x00, 0x23, 0x00, 0x23, 0x00, 0x23, 0x00, 0x23, 0x00, 0x23, 0x00,
    0x23, 0x00, 0x23, 0x00, 0x23, 0x00, 0x23, 0x00, 0x23, 0x00, 0x23, 0x00, 0x23, 0x00, 0x23, 0x00,
    0x23, 0x00, 0x23, 0x00, 0x23, 0x00, 0x23, 0x00, 0x23, 0x00, 0x23, 0x00, 0x23, 0x00, 0x23, 0x00,
    0x23, 0x00, 0x23, 0x00, 0x23, 0x00, 0x23, 0x00, 0x23, 0x00, 0x23, 0x00, 0x23, 0x00, 0x23, 0x00,
    0x23, 0x00, 0x23, 0x00, 0x23, 0x00, 0x23, 0x00, 0x23, 0x00, 0x23, 0x00, 0x23, 0x00, 0x23, 0x00,
    0x23, 0x00, 0x23, 0x00, 0x23, 0x00, 0x23, 0x00, 0x23, 0x00, 0x23, 0x00, 0x23, 0x00, 0x23, 0x00,
    0x23, 0x00, 0x23, 0x00, 0x23, 0x00, 0x23, 0x00, 0x23, 0x00, 0x23, 0x00, 0x23, 0x00, 0x23, 0x00,
    0x23, 0x00, 0x23, 0x00, 0x23, 0x00, 0x23, 0x00, 0x23, 0x00, 0x23, 0x00, 0x23, 0x00, 0x23, 0x00,
    0x23, 0x00, 0x23, 0x00, 0x23, 0x00, 0x23, 0x00, 0x23, 0x00, 0x23, 0x00, 0x23, 0x00, 0x23, 0x00,
    0x46, 0x00, 0x8a, 0x00, 0x46, 0x00, 0x23, 0x00, 0x23, 0x00, 0x46, 0x00, 0x8a, 0x00, 0x8a, 0x00,
    0x8a, 0x00, 0x8a, 0x00, 0x8a, 0x00, 0x8a, 0x00, 0x8a, 0x00, 0x8a, 0x00, 0x8a, 0x00, 0x8a, 0x00,
    0x8a, 0x00, 0x8a, 0x00, 0x8a, 0x00, 0x8a, 0x00, 0xe8, 0x00, 0x46, 0x00, 0x8a, 0x00, 0x8a, 0x00,
    0x8a, 0x00, 0x8a, 0x00, 0x0c, 0x01, 0x8a, 0x00, 0x23, 0x00, 0x23, 0x00, 0x23, 0x00, 0x23, 0x00,
    0x23, 0x00, 0x23, 0x00, 0x23, 0x00, 0x23, 0x00, 0x8a, 0x00, 0x8a, 0x00, 0x23, 0x00, 0x23, 0x00,
    0x23, 0x00, 0x51, 0x01, 0x51, 0x01, 0x00, 0x00, 0x00, 0x00, 0x00, 0x00, 0x00, 0x00, 0x00, 0x00,
    0x00, 0x00, 0x8a, 0x00, 0xe8, 0x00, 0x00, 0x00, 0x23, 0x00, 0xe8, 0x00, 0x46, 0x00, 0x00, 0x00,
    0x46, 0x00, 0x0c, 0x01, 0x23, 0x00, 0x00, 0x00, 0x00, 0x00, 0x00, 0x00, 0x00, 0x00, 0x00, 0x00,
    0x00, 0x00, 0x00, 0x00, 0x00, 0x00, 0x00, 0x00, 0x00, 0x00, 0x00, 0x00, 0x00, 0x00, 0x33, 0x01,
    0x51, 0x01, 0x23, 0x00, 0x23, 0x00, 0x23, 0x00, 0x46, 0x00, 0x8a, 0x00, 0x23, 0x00, 0x23, 0x00,
    0x23, 0x00, 0x46, 0x00, 0x8a, 0x00, 0x23, 0x00, 0x23, 0x00, 0x8a, 0x00, 0x8a, 0x00, 0x23, 0x00,
    0x46, 0x00, 0x8a, 0x00, 0x23, 0x00, 0x23, 0x00, 0x46, 0x00, 0x46, 0x00, 0x23, 0x00, 0x23, 0x00,
    0x23, 0x00, 0x23, 0x00, 0x23, 0x00, 0x23, 0x00, 0x23, 0x00, 0x23, 0x00, 0x23, 0x00, 0x23, 0x00,
    0x23, 0x00, 0x23, 0x00, 0x23, 0x00, 0x23, 0x00, 0x23, 0x00, 0x23, 0x00, 0x23, 0x00, 0x23, 0x00,
    0x23, 0x00, 0x23, 0x00, 0x23, 0x00, 0x23, 0x00, 0x23, 0x00, 0x23, 0x00, 0x23, 0x00, 0x23, 0x00,
    0x23, 0x00, 0x23, 0x00, 0x23, 0x00, 0x23, 0x00, 0x23, 0x00, 0x23, 0x00, 0x23, 0x00, 0x23, 0x00,
    0x23, 0x00, 0x23, 0x00, 0x23, 0x00, 0x23, 0x00, 0x23, 0x00, 0x23, 0x00, 0x23, 0x00, 0x23, 0x00,
    0x23, 0x00, 0x23, 0x00, 0x23, 0x00, 0x23, 0x00, 0x23, 0x00, 0x23, 0x00, 0x23, 0x00, 0x23, 0x00,
    0x23, 0x00, 0x23, 0x00, 0x23, 0x00, 0x23, 0x00, 0x23, 0x00, 0x23, 0x00, 0x23, 0x00, 0x23, 0x00,
    0x23, 0x00, 0x23, 0x00, 0x23, 0x00, 0x23, 0x00, 0x23, 0x00, 0x23, 0x00, 0x23, 0x00, 0x23, 0x00,
    0x23, 0x00, 0x23, 0x00, 0x23, 0x00, 0x23, 0x00, 0x23, 0x00, 0x23, 0x00, 0x23, 0x00, 0x23, 0x00,
    0x23, 0x00, 0x23, 0x00, 0x23, 0x00, 0x23, 0x00, 0x23, 0x00, 0x23, 0x00, 0x23, 0x00, 0x23, 0x00,
    0x23, 0x00, 0x23, 0x00, 0x23, 0x00, 0x23, 0x00, 0x23, 0x00, 0x23, 0x00, 0x23, 0x00, 0x23, 0x00,
    0x23, 0x00, 0x23, 0x00, 0x23, 0x00, 0x23, 0x00, 0x23, 0x00, 0x23, 0x00, 0x23, 0x00, 0x23, 0x00,
    0x23, 0x00, 0x23, 0x00, 0x23, 0x00, 0x23, 0x00, 0x23, 0x00, 0x23, 0x00, 0x23, 0x00, 0x23, 0x00,
    0x23, 0x00, 0x23, 0x00, 0x23, 0x00, 0x23, 0x00, 0x23, 0x00, 0x23, 0x00, 0x23, 0x00, 0x23, 0x00,
    0x23, 0x00, 0x23, 0x00, 0x23, 0x00, 0x23, 0x00, 0x23, 0x00, 0x23, 0x00, 0x23, 0x00, 0x23, 0x00,
    0x23, 0x00, 0x23, 0x00, 0x23, 0x00, 0x23, 0x00, 0x23, 0x00, 0x23, 0x00, 0x23, 0x00, 0x23, 0x00,
    0x23, 0x00, 0x23, 0x00, 0x23, 0x00, 0x23, 0x00, 0x23, 0x00, 0x23, 0x00, 0x23, 0x00, 0x23, 0x00,
    0x23, 0x00, 0x23, 0x00, 0x23, 0x00, 0x23, 0x00, 0x23, 0x00, 0x23, 0x00, 0x23, 0x00, 0x23, 0x00,
    0x23, 0x00, 0x23, 0x00, 0x8a, 0x00, 0x46, 0x00, 0x23, 0x00, 0x23, 0x00, 0x46, 0x00, 0x23, 0x00,
    0x23, 0x00, 0x23, 0x00, 0x46, 0x00, 0x23, 0x00, 0x23, 0x00, 0x23, 0x00, 0x23, 0x00, 0x23, 0x00,
    0x23, 0x00, 0x23, 0x00, 0x23, 0x00, 0x23, 0x00, 0x23, 0x00, 0x23, 0x00, 0x23, 0x00, 0x46, 0x00,
    0x46, 0x00, 0x23, 0x00, 0xe8, 0x00, 0x46, 0x00, 0x23, 0x00, 0x23, 0x00, 0x23, 0x00, 0x23, 0x00,
    0x23, 0x00, 0x23, 0x00, 0x23, 0x00, 0x23, 0x00, 0xe8, 0x00, 0xe8, 0x00, 0x23, 0x00, 0x23, 0x00,
    0x23, 0x00, 0x33, 0x01, 0x51, 0x01, 0x00, 0x00, 0x00, 0x00, 0x00, 0x00, 0x00, 0x00, 0x00, 0x00,
    0x00, 0x00, 0x8a, 0x00, 0xe8, 0x00, 0x00, 0x00, 0x00, 0x00, 0x00, 0x00, 0x00, 0x00, 0x00, 0x00,
    0x46, 0x00, 0x0c, 0x01, 0x23, 0x00, 0x00, 0x00, 0x00, 0x00, 0x00, 0x00, 0x00, 0x00, 0x00, 0x00,
    0x00, 0x00, 0x00, 0x00, 0x00, 0x00, 0x00, 0x00, 0x00, 0x00, 0x00, 0x00, 0x00, 0x00, 0x33, 0x01,
    0x51, 0x01, 0x23, 0x00, 0x23, 0x00, 0x23, 0x00, 0x46, 0x00, 0x8a, 0x00, 0x23, 0x00, 0x23, 0x00,
    0x23, 0x00, 0x23, 0x00, 0x46, 0x00, 0x23, 0x00, 0x23, 0x00, 0x46, 0x00, 0x46, 0x00, 0x23, 0x00,
    0x23, 0x00, 0x46, 0x00, 0x23, 0x00, 0x23, 0x00, 0x23, 0x00, 0x46, 0x00, 0x23, 0x00, 0x23, 0x00,
    0x23, 0x00, 0x23, 0x00, 0x23, 0x00, 0x23, 0x00, 0x23, 0x00, 0x23, 0x00, 0x23, 0x00, 0x23, 0x00,
    0x23, 0x00, 0x23, 0x00, 0x23, 0x00, 0x23, 0x00, 0x23, 0x00, 0x23, 0x00, 0x23, 0x00, 0x23, 0x00,
    0x23, 0x00, 0x23, 0x00, 0x23, 0x00, 0x23, 0x00, 0x23, 0x00, 0x23, 0x00, 0x23, 0x00, 0x23, 0x00,
    0x23, 0x00, 0x23, 0x00, 0x23, 0x00, 0x23, 0x00, 0x23, 0x00, 0x23, 0x00, 0x23, 0x00, 0x23, 0x00,
    0x23, 0x00, 0x23, 0x00, 0x23, 0x00, 0x23, 0x00, 0x23, 0x00, 0x23, 0x00, 0x23, 0x00, 0x23, 0x00,
    0x23, 0x00, 0x23, 0x00, 0x23, 0x00, 0x23, 0x00, 0x23, 0x00, 0x23, 0x00, 0x23, 0x00, 0x23, 0x00,
    0x23, 0x00, 0x23, 0x00, 0x23, 0x00, 0x23, 0x00, 0x23, 0x00, 0x23, 0x00, 0x23, 0x00, 0x23, 0x00,
    0x23, 0x00, 0x23, 0x00, 0x23, 0x00, 0x23, 0x00, 0x23, 0x00, 0x23, 0x00, 0x23, 0x00, 0x23, 0x00,
    0x23, 0x00, 0x23, 0x00, 0x23, 0x00, 0x23, 0x00, 0x23, 0x00, 0x23, 0x00, 0x23, 0x00, 0x23, 0x00,
    0x23, 0x00, 0x23, 0x00, 0x23, 0x00, 0x23, 0x00, 0x23, 0x00, 0x23, 0x00, 0x23, 0x00, 0x23, 0x00,
    0x23, 0x00, 0x23, 0x00, 0x23, 0x00, 0x23, 0x00, 0x23, 0x00, 0x23, 0x00, 0x23, 0x00, 0x23, 0x00,
    0x23, 0x00, 0x23, 0x00, 0x23, 0x00, 0x23, 0x00, 0x23, 0x00, 0x23, 0x00, 0x23, 0x00, 0x23, 0x00,
    0x23, 0x00, 0x23, 0x00, 0x23, 0x00, 0x23, 0x00, 0x23, 0x00, 0x23, 0x00, 0x23, 0x00, 0x23, 0x00,
    0x23, 0x00, 0x23, 0x00, 0x23, 0x00, 0x23, 0x00, 0x23, 0x00, 0x23, 0x00, 0x23, 0x00, 0x23, 0x00,
    0x23, 0x00, 0x23, 0x00, 0x23, 0x00, 0x23, 0x00, 0x23, 0x00, 0x23, 0x00, 0x23, 0x00, 0x23, 0x00,
    0x23, 0x00, 0x23, 0x00, 0x23, 0x00, 0x23, 0x00, 0x23, 0x00, 0x23, 0x00, 0x23, 0x00, 0x23, 0x00,
    0x23, 0x00, 0x23, 0x00, 0x23, 0x00, 0x23, 0x00, 0x23, 0x00, 0x23, 0x00, 0x23, 0x00, 0x23, 0x00,
    0x23, 0x00, 0x23, 0x00, 0x23, 0x00, 0x23, 0x00, 0x23, 0x00, 0x23, 0x00, 0x23, 0x00, 0x23, 0x00,
    0x23, 0x00, 0x23, 0x00, 0x46, 0x00, 0xe8, 0x00, 0x46, 0x00, 0x23, 0x00, 0x23, 0x00, 0x23, 0x00,
    0x23, 0x00, 0x23, 0x00, 0x23, 0x00, 0x23, 0x00, 0x23, 0x00, 0x23, 0x00, 0x23, 0x00, 0x23, 0x00,
    0x23, 0x00, 0x23, 0x00, 0x23, 0x00, 0x23, 0x00, 0x23, 0x00, 0x23, 0x00, 0x23, 0x00, 0x23, 0x00,
    0x23, 0x00, 0x23, 0x00, 0x00, 0x00, 0x23, 0x00, 0x23, 0x00, 0x23, 0x00, 0x23, 0x00, 0x23, 0x00,
    0x23, 0x00, 0x23, 0x00, 0x23, 0x00, 0x23, 0x00, 0x8a, 0x00, 0x8a, 0x00, 0x23, 0x00, 0x23, 0x00,
    0x23, 0x00, 0x33, 0x01, 0x33, 0x01, 0x00, 0x00, 0x00, 0x00, 0x00, 0x00, 0x00, 0x00, 0x00, 0x00,
    0x00, 0x00, 0x8a, 0x00, 0xe8, 0x00, 0x00, 0x00, 0x00, 0x00, 0x00, 0x00, 0x00, 0x00, 0x00, 0x00,
    0x46, 0x00, 0x0c, 0x01, 0x23, 0x00, 0x00, 0x00, 0x00, 0x00, 0x00, 0x00, 0x00, 0x00, 0x00, 0x00,
    0x00, 0x00, 0x00, 0x00, 0x00, 0x00, 0x00, 0x00, 0x00, 0x00, 0x00, 0x00, 0x00, 0x00, 0x33, 0x01,
    0xef, 0x00, 0x23, 0x00, 0x23, 0x00, 0x23, 0x00, 0x46, 0x00, 0x8a, 0x00, 0x23, 0x00, 0x23, 0x00,
    0x23, 0x00, 0x23, 0x00, 0x23, 0x00, 0x23, 0x00, 0x23, 0x00, 0x23, 0x00, 0x23, 0x00, 0x23, 0x00,
    0x23, 0x00, 0x23, 0x00, 0x23, 0x00, 0x23, 0x00, 0x23, 0x00, 0x23, 0x00, 0x23, 0x00, 0x23, 0x00,
    0x23, 0x00, 0x23, 0x00, 0x23, 0x00, 0x23, 0x00, 0x23, 0x00, 0x23, 0x00, 0x23, 0x00, 0x23, 0x00,
    0x23, 0x00, 0x23, 0x00, 0x23, 0x00, 0x23, 0x00, 0x23, 0x00, 0x23, 0x00, 0x23, 0x00, 0x23, 0x00,
    0x23, 0x00, 0x23, 0x00, 0x23, 0x00, 0x23, 0x00, 0x23, 0x00, 0x23, 0x00, 0x23, 0x00, 0x23, 0x00,
    0x23, 0x00, 0x23, 0x00, 0x23, 0x00, 0x23, 0x00, 0x23, 0x00, 0x23, 0x00, 0x23, 0x00, 0x23, 0x00,
    0x23, 0x00, 0x23, 0x00, 0x23, 0x00, 0x23, 0x00, 0x23, 0x00, 0x23, 0x00, 0x23, 0x00, 0x23, 0x00,
    0x23, 0x00, 0x23, 0x00, 0x23, 0x00, 0x23, 0x00, 0x23, 0x00, 0x23, 0x00, 0x23, 0x00, 0x23, 0x00,
    0x23, 0x00, 0x23, 0x00, 0x23, 0x00, 0x23, 0x00, 0x23, 0x00, 0x23, 0x00, 0x23, 0x00, 0x23, 0x00,
    0x23, 0x00, 0x23, 0x00, 0x23, 0x00, 0x23, 0x00, 0x23, 0x00, 0x23, 0x00, 0x23, 0x00, 0x23, 0x00,
    0x23, 0x00, 0x23, 0x00, 0x23, 0x00, 0x23, 0x00, 0x23, 0x00, 0x23, 0x00, 0x23, 0x00, 0x23, 0x00,
    0x23, 0x00, 0x23, 0x00, 0x23, 0x00, 0x23, 0x00, 0x23, 0x00, 0x23, 0x00, 0x23, 0x00, 0x23, 0x00,
    0x23, 0x00, 0x23, 0x00, 0x23, 0x00, 0x23, 0x00, 0x23, 0x00, 0x23, 0x00, 0x23, 0x00, 0x23, 0x00,
    0x23, 0x00, 0x23, 0x00, 0x23, 0x00, 0x23, 0x00, 0x23, 0x00, 0x23, 0x00, 0x23, 0x00, 0x23, 0x00,
    0x23, 0x00, 0x23, 0x00, 0x23, 0x00, 0x23, 0x00, 0x23, 0x00, 0x23, 0x00, 0x23, 0x00, 0x23, 0x00,
    0x23, 0x00, 0x23, 0x00, 0x23, 0x00, 0x23, 0x00, 0x23, 0x00, 0x23, 0x00, 0x23, 0x00, 0x23, 0x00,
    0x23, 0x00, 0x23, 0x00, 0x23, 0x00, 0x23, 0x00, 0x23, 0x00, 0x23, 0x00, 0x23, 0x00, 0x23, 0x00,
    0x23, 0x00, 0x23, 0x00, 0x23, 0x00, 0x23, 0x00, 0x23, 0x00, 0x23, 0x00, 0x23, 0x00, 0x23, 0x00,
    0x23, 0x00, 0x23, 0x00, 0x23, 0x00, 0x23, 0x00, 0x23, 0x00, 0x23, 0x00, 0x23, 0x00, 0x23, 0x00,
    0x23, 0x00, 0x23, 0x00, 0x23, 0x00, 0x23, 0x00, 0x23, 0x00, 0x23, 0x00, 0x23, 0x00, 0x23, 0x00,
    0x23, 0x00, 0x23, 0x00, 0x23, 0x00, 0x46, 0x00, 0x8a, 0x00, 0x46, 0x00, 0x23, 0x00, 0x23, 0x00,
    0x23, 0x00, 0x23, 0x00, 0x00, 0x00, 0x23, 0x00, 0x23, 0x00, 0x23, 0x00, 0x23, 0x00, 0x23, 0x00,
    0x23, 0x00, 0x23, 0x00, 0x23, 0x00, 0x23, 0x00, 0x23, 0x00, 0x23, 0x00, 0x23, 0x00, 0x23, 0x00,
    0x23, 0x00, 0x23, 0x00, 0x23, 0x00, 0x23, 0x00, 0x23, 0x00, 0x23, 0x00, 0x23, 0x00, 0x23, 0x00,
    0x23, 0x00, 0x23, 0x00, 0x23, 0x00, 0x23, 0x00, 0x8a, 0x00, 0xe8, 0x00, 0x23, 0x00, 0x23, 0x00,
    0x23, 0x00, 0x33, 0x01, 0x51, 0x01, 0x00, 0x00, 0x00, 0x00, 0x00, 0x00, 0x00, 0x00, 0x00, 0x00,
    0x00, 0x00, 0x8a, 0x00, 0xe8, 0x00, 0x00, 0x00, 0x23, 0x00, 0x8a, 0x00, 0x46, 0x00, 0x00, 0x00,
    0x46, 0x00, 0x0c, 0x01, 0x23, 0x00, 0x00, 0x00, 0x00, 0x00, 0x00, 0x00, 0x00, 0x00, 0x00, 0x00,
    0x00, 0x00, 0x00, 0x00, 0x00, 0x00, 0x00, 0x00, 0x00, 0x00, 0x00, 0x00, 0x00, 0x00, 0x51, 0x01,
    0xef, 0x00, 0x23, 0x00, 0x23, 0x00, 0x23, 0x00, 0x46, 0x00, 0x8a, 0x00, 0x23, 0x00, 0x23, 0x00,
    0x23, 0x00, 0x23, 0x00, 0x23, 0x00, 0x23, 0x00, 0x23, 0x00, 0x23, 0x00, 0x23, 0x00, 0x23, 0x00,
    0x23, 0x00, 0x23, 0x00, 0x23, 0x00, 0x23, 0x00, 0x23, 0x00, 0x23, 0x00, 0x23, 0x00, 0x23, 0x00,
    0x23, 0x00, 0x23, 0x00, 0x23, 0x00, 0x23, 0x00, 0x23, 0x00, 0x23, 0x00, 0x23, 0x00, 0x23, 0x00,
    0x23, 0x00, 0x23, 0x00, 0x23, 0x00, 0x23, 0x00, 0x23, 0x00, 0x23, 0x00, 0x23, 0x00, 0x23, 0x00,
    0x23, 0x00, 0x23, 0x00, 0x23, 0x00, 0x23, 0x00, 0x23, 0x00, 0x23, 0x00, 0x23, 0x00, 0x23, 0x00,
    0x23, 0x00, 0x23, 0x00, 0x23, 0x00, 0x23, 0x00, 0x23, 0x00, 0x23, 0x00, 0x23, 0x00, 0x23, 0x00,
    0x23, 0x00, 0x23, 0x00, 0x23, 0x00, 0x23, 0x00, 0x23, 0x00, 0x23, 0x00, 0x23, 0x00, 0x23, 0x00,
    0x23, 0x00, 0x23, 0x00, 0x23, 0x00, 0x23, 0x00, 0x23, 0x00, 0x23, 0x00, 0x23, 0x00, 0x23, 0x00,
    0x23, 0x00, 0x23, 0x00, 0x23, 0x00, 0x23, 0x00, 0x23, 0x00, 0x23, 0x00, 0x23, 0x00, 0x23, 0x00,
    0x23, 0x00, 0x23, 0x00, 0x23, 0x00, 0x23, 0x00, 0x23, 0x00, 0x23, 0x00, 0x23, 0x00, 0x23, 0x00,
    0x23, 0x00, 0x23, 0x00, 0x23, 0x00, 0x23, 0x00, 0x23, 0x00, 0x23, 0x00, 0x23, 0x00, 0x23, 0x00,
    0x23, 0x00, 0x23, 0x00, 0x23, 0x00, 0x23, 0x00, 0x23, 0x00, 0x23, 0x00, 0x23, 0x00, 0x23, 0x00,
    0x23, 0x00, 0x23, 0x00, 0x23, 0x00, 0x23, 0x00, 0x23, 0x00, 0x23, 0x00, 0x23, 0x00, 0x23, 0x00,
    0x23, 0x00, 0x23, 0x00, 0x23, 0x00, 0x23, 0x00, 0x23, 0x00, 0x23, 0x00, 0x23, 0x00, 0x23, 0x00,
    0x23, 0x00, 0x23, 0x00, 0x23, 0x00, 0x23, 0x00, 0x23, 0x00, 0x23, 0x00, 0x23, 0x00, 0x23, 0x00,
    0x23, 0x00, 0x23, 0x00, 0x23, 0x00, 0x23, 0x00, 0x23, 0x00, 0x23, 0x00, 0x23, 0x00, 0x23, 0x00,
    0x23, 0x00, 0x23, 0x00, 0x23, 0x00, 0x23, 0x00, 0x23, 0x00, 0x23, 0x00, 0x23, 0x00, 0x23, 0x00,
    0x23, 0x00, 0x23, 0x00, 0x23, 0x00, 0x23, 0x00, 0x23, 0x00, 0x23, 0x00, 0x23, 0x00, 0x23, 0x00,
    0x23, 0x00, 0x23, 0x00, 0x23, 0x00, 0x23, 0x00, 0x23, 0x00, 0x23, 0x00, 0x23, 0x00, 0x23, 0x00,
    0x23, 0x00, 0x23, 0x00, 0x23, 0x00, 0x23, 0x00, 0x23, 0x00, 0x23, 0x00, 0x23, 0x00, 0x23, 0x00,
    0x23, 0x00, 0x23, 0x00, 0x23, 0x00, 0x23, 0x00, 0x46, 0x00, 0xe8, 0x00, 0xe8, 0x00, 0xe8, 0x00,
    0xe8, 0x00, 0x46, 0x00, 0x46, 0x00, 0x46, 0x00, 0x8a, 0x00, 0x8a, 0x00, 0x8a, 0x00, 0x8a, 0x00,
    0xe8, 0x00, 0xe8, 0x00, 0xe8, 0x00, 0xe8, 0x00, 0xe8, 0x00, 0xe8, 0x00, 0x8a, 0x00, 0x46, 0x00,
    0x46, 0x00, 0x46, 0x00, 0x0c, 0x01, 0x8a, 0x00, 0x23, 0x00, 0x23, 0x00, 0x23, 0x00, 0x23, 0x00,
    0x23, 0x00, 0x23, 0x00, 0x23, 0x00, 0x23, 0x00, 0x8a, 0x00, 0xe8, 0x00, 0x23, 0x00, 0x23, 0x00,
    0x23, 0x00, 0x51, 0x01, 0x51, 0x01, 0x00, 0x00, 0x00, 0x00, 0x00, 0x00, 0x00, 0x00, 0x00, 0x00,
    0x00, 0x00, 0x8a, 0x00, 0xe8, 0x00, 0x00, 0x00, 0xe8, 0x00, 0x57, 0x01, 0x33, 0x01, 0x00, 0x00,
    0x46, 0x00, 0x0c, 0x01, 0x23, 0x00, 0x00, 0x00, 0x00, 0x00, 0x00, 0x00, 0x00, 0x00, 0x00, 0x00,
    0x00, 0x00, 0x00, 0x00, 0x00, 0x00, 0x00, 0x00, 0x00, 0x00, 0x00, 0x00, 0x00, 0x00, 0x51, 0x01,
    0xef, 0x00, 0x23, 0x00, 0x23, 0x00, 0x23, 0x00, 0x46, 0x00, 0x8a, 0x00, 0x23, 0x00, 0x23, 0x00,
    0x23, 0x00, 0x23, 0x00, 0x23, 0x00, 0x23, 0x00, 0x23, 0x00, 0x23, 0x00, 0x23, 0x00, 0x23, 0x00,
    0x23, 0x00, 0x23, 0x00, 0x23, 0x00, 0x23, 0x00, 0x23, 0x00, 0x23, 0x00, 0x23, 0x00, 0x23, 0x00,
    0x23, 0x00, 0x23, 0x00, 0x23, 0x00, 0x23, 0x00, 0x23, 0x00, 0x23, 0x00, 0x23, 0x00, 0x23, 0x00,
    0x23, 0x00, 0x23, 0x00, 0x23, 0x00, 0x23, 0x00, 0x23, 0x00, 0x23, 0x00, 0x23, 0x00, 0x23, 0x00,
    0x23, 0x00, 0x23, 0x00, 0x23, 0x00, 0x23, 0x00, 0x23, 0x00, 0x23, 0x00, 0x23, 0x00, 0x23, 0x00,
    0x23, 0x00, 0x23, 0x00, 0x23, 0x00, 0x23, 0x00, 0x23, 0x00, 0x23, 0x00, 0x23, 0x00, 0x23, 0x00,
    0x23, 0x00, 0x23, 0x00, 0x23, 0x00, 0x23, 0x00, 0x23, 0x00, 0x23, 0x00, 0x23, 0x00, 0x23, 0x00,
    0x23, 0x00, 0x23, 0x00, 0x23, 0x00, 0x23, 0x00, 0x23, 0x00, 0x23, 0x00, 0x23, 0x00, 0x23, 0x00,
    0x23, 0x00, 0x23, 0x00, 0x23, 0x00, 0x23, 0x00, 0x23, 0x00, 0x23, 0x00, 0x23, 0x00, 0x23, 0x00,
    0x23, 0x00, 0x23, 0x00, 0x23, 0x00, 0x23, 0x00, 0x23, 0x00, 0x23, 0x00, 0x23, 0x00, 0x23, 0x00,
    0x23, 0x00, 0x23, 0x00, 0x23, 0x00, 0x23, 0x00, 0x23, 0x00, 0x23, 0x00, 0x23, 0x00, 0x23, 0x00,
    0x23, 0x00, 0x23, 0x00, 0x23, 0x00, 0x23, 0x00, 0x23, 0x00, 0x23, 0x00, 0x23, 0x00, 0x23, 0x00,
    0x23, 0x00, 0x23, 0x00, 0x23, 0x00, 0x23, 0x00, 0x23, 0x00, 0x23, 0x00, 0x23, 0x00, 0x23, 0x00,
    0x23, 0x00, 0x23, 0x00, 0x23, 0x00, 0x23, 0x00, 0x23, 0x00, 0x23, 0x00, 0x23, 0x00, 0x23, 0x00,
    0x23, 0x00, 0x23, 0x00, 0x23, 0x00, 0x23, 0x00, 0x23, 0x00, 0x23, 0x00, 0x23, 0x00, 0x23, 0x00,
    0x23, 0x00, 0x23, 0x00, 0x23, 0x00, 0x23, 0x00, 0x23, 0x00, 0x23, 0x00, 0x23, 0x00, 0x23, 0x00,
    0x23, 0x00, 0x23, 0x00, 0x23, 0x00, 0x23, 0x00, 0x23, 0x00, 0x23, 0x00, 0x23, 0x00, 0x23, 0x00,
    0x23, 0x00, 0x23, 0x00, 0x23, 0x00, 0x23, 0x00, 0x23, 0x00, 0x23, 0x00, 0x23, 0x00, 0x23, 0x00,
    0x23, 0x00, 0x23, 0x00, 0x23, 0x00, 0x23, 0x00, 0x23, 0x00, 0x23, 0x00, 0x23, 0x00, 0x23, 0x00,
    0x23, 0x00, 0x23, 0x00, 0x23, 0x00, 0x23, 0x00, 0x23, 0x00, 0x23, 0x00, 0x23, 0x00, 0x23, 0x00,
    0x23, 0x00, 0x23, 0x00, 0x23, 0x00, 0x23, 0x00, 0x23, 0x00, 0x46, 0x00, 0x46, 0x00, 0x46, 0x00,
    0x46, 0x00, 0x46, 0x00, 0x46, 0x00, 0x46, 0x00, 0x46, 0x00, 0x46, 0x00, 0x46, 0x00, 0x46, 0x00,
    0x46, 0x00, 0x46, 0x00, 0x46, 0x00, 0x46, 0x00, 0x46, 0x00, 0x46, 0x00, 0x46, 0x00, 0x46, 0x00,
    0x23, 0x00, 0x46, 0x00, 0xef, 0x00, 0x0c, 0x01, 0x23, 0x00, 0x23, 0x00, 0x23, 0x00, 0x23, 0x00,
    0x23, 0x00, 0x23, 0x00, 0x23, 0x00, 0x23, 0x00, 0xe8, 0x00, 0xe8, 0x00, 0x23, 0x00, 0x23, 0x00,
    0x23, 0x00, 0x51, 0x01, 0x51, 0x01, 0x00, 0x00, 0x00, 0x00, 0x00, 0x00, 0x00, 0x00, 0x00, 0x00,
    0x00, 0x00, 0x8a, 0x00, 0xe8, 0x00, 0x00, 0x00, 0xe8, 0x00, 0x19, 0x02, 0x33, 0x01, 0x00, 0x00,
    0x46, 0x00, 0x0c, 0x01, 0x23, 0x00, 0x00, 0x00, 0x00, 0x00, 0x00, 0x00, 0x00, 0x00, 0x00, 0x00,
    0x00, 0x00, 0x00, 0x00, 0x00, 0x00, 0x00, 0x00, 0x00, 0x00, 0x00, 0x00, 0x00, 0x00, 0x51, 0x01,
    0xef, 0x00, 0x23, 0x00, 0x23, 0x00, 0x23, 0x00, 0x46, 0x00, 0x8a, 0x00, 0x23, 0x00, 0x23, 0x00,
    0x23, 0x00, 0x23, 0x00, 0x23, 0x00, 0x23, 0x00, 0x23, 0x00, 0x23, 0x00, 0x23, 0x00, 0x23, 0x00,
    0x23, 0x00, 0x23, 0x00, 0x23, 0x00, 0x23, 0x00, 0x23, 0x00, 0x23, 0x00, 0x23, 0x00, 0x23, 0x00,
    0x23, 0x00, 0x23, 0x00, 0x23, 0x00, 0x23, 0x00, 0x23, 0x00, 0x23, 0x00, 0x23, 0x00, 0x23, 0x00,
    0x23, 0x00, 0x23, 0x00, 0x23, 0x00, 0x23, 0x00, 0x23, 0x00, 0x23, 0x00, 0x23, 0x00, 0x23, 0x00,
    0x23, 0x00, 0x23, 0x00, 0x23, 0x00, 0x23, 0x00, 0x23, 0x00, 0x23, 0x00, 0x23, 0x00, 0x23, 0x00,
    0x23, 0x00, 0x23, 0x00, 0x23, 0x00, 0x23, 0x00, 0x23, 0x00, 0x23, 0x00, 0x23, 0x00, 0x23, 0x00,
    0x23, 0x00, 0x23, 0x00, 0x23, 0x00, 0x23, 0x00, 0x23, 0x00, 0x23, 0x00, 0x23, 0x00, 0x23, 0x00,
    0x23, 0x00, 0x23, 0x00, 0x23, 0x00, 0x23, 0x00, 0x23, 0x00, 0x23, 0x00, 0x23, 0x00, 0x23, 0x00,
    0x23, 0x00, 0x23, 0x00, 0x23, 0x00, 0x23, 0x00, 0x23, 0x00, 0x23, 0x00, 0x23, 0x00, 0x23, 0x00,
    0x23, 0x00, 0x23, 0x00, 0x23, 0x00, 0x23, 0x00, 0x23, 0x00, 0x23, 0x00, 0x23, 0x00, 0x23, 0x00,
    0x23, 0x00, 0x23, 0x00, 0x23, 0x00, 0x23, 0x00, 0x23, 0x00, 0x23, 0x00, 0x23, 0x00, 0x23, 0x00,
    0x23, 0x00, 0x23, 0x00, 0x23, 0x00, 0x23, 0x00, 0x23, 0x00, 0x23, 0x00, 0x23, 0x00, 0x23, 0x00,
    0x23, 0x00, 0x23, 0x00, 0x23, 0x00, 0x23, 0x00, 0x23, 0x00, 0x23, 0x00, 0x23, 0x00, 0x23, 0x00,
    0x23, 0x00, 0x23, 0x00, 0x23, 0x00, 0x23, 0x00, 0x23, 0x00, 0x23, 0x00, 0x23, 0x00, 0x23, 0x00,
    0x23, 0x00, 0x23, 0x00, 0x23, 0x00, 0x23, 0x00, 0x23, 0x00, 0x23, 0x00, 0x23, 0x00, 0x23, 0x00,
    0x23, 0x00, 0x23, 0x00, 0x23, 0x00, 0x23, 0x00, 0x23, 0x00, 0x23, 0x00, 0x23, 0x00, 0x23, 0x00,
    0x23, 0x00, 0x23, 0x00, 0x23, 0x00, 0x23, 0x00, 0x23, 0x00, 0x23, 0x00, 0x23, 0x00, 0x23, 0x00,
    0x23, 0x00, 0x23, 0x00, 0x23, 0x00, 0x23, 0x00, 0x23, 0x00, 0x23, 0x00, 0x23, 0x00, 0x23, 0x00,
    0x23, 0x00, 0x23, 0x00, 0x23, 0x00, 0x23, 0x00, 0x23, 0x00, 0x23, 0x00, 0x23, 0x00, 0x23, 0x00,
    0x23, 0x00, 0x23, 0x00, 0x23, 0x00, 0x23, 0x00, 0x23, 0x00, 0x23, 0x00, 0x23, 0x00, 0x23, 0x00,
    0x23, 0x00, 0x23, 0x00, 0x23, 0x00, 0x23, 0x00, 0x23, 0x00, 0x23, 0x00, 0x23, 0x00, 0x23, 0x00,
    0x23, 0x00, 0x23, 0x00, 0x23, 0x00, 0x23, 0x00, 0x23, 0x00, 0x23, 0x00, 0x23, 0x00, 0x23, 0x00,
    0x23, 0x00, 0x23, 0x00, 0x23, 0x00, 0x23, 0x00, 0x23, 0x00, 0x23, 0x00, 0x23, 0x00, 0x23, 0x00,
    0x23, 0x00, 0x23, 0x00, 0x23, 0x00, 0x23, 0x00, 0x23, 0x00, 0x23, 0x00, 0x23, 0x00, 0x23, 0x00,
    0x23, 0x00, 0x23, 0x00, 0x23, 0x00, 0x23, 0x00, 0x8a, 0x00, 0xe8, 0x00, 0x23, 0x00, 0x23, 0x00,
    0x23, 0x00, 0x51, 0x01, 0x51, 0x01, 0x00, 0x00, 0x00, 0x00, 0x00, 0x00, 0x00, 0x00, 0x00, 0x00,
    0x00, 0x00, 0x8a, 0x00, 0xe8, 0x00, 0x00, 0x00, 0xe8, 0x00, 0x19, 0x02, 0x51, 0x01, 0x00, 0x00,
    0x46, 0x00, 0x0c, 0x01, 0x23, 0x00, 0x00, 0x00, 0x00, 0x00, 0x00, 0x00, 0x00, 0x00, 0x00, 0x00,
    0x00, 0x00, 0x00, 0x00, 0x00, 0x00, 0x00, 0x00, 0x00, 0x00, 0x00, 0x00, 0x00, 0x00, 0x51, 0x01,
    0xef, 0x00, 0x23, 0x00, 0x23, 0x00, 0x23, 0x00, 0x46, 0x00, 0x8a, 0x00, 0x23, 0x00, 0x23, 0x00,
    0x23, 0x00, 0x23, 0x00, 0x23, 0x00, 0x23, 0x00, 0x23, 0x00, 0x23, 0x00, 0x23, 0x00, 0x23, 0x00,
    0x23, 0x00, 0x23, 0x00, 0x23, 0x00, 0x23, 0x00, 0x23, 0x00, 0x23, 0x00, 0x23, 0x00, 0x23, 0x00,
    0x23, 0x00, 0x23, 0x00, 0x23, 0x00, 0x23, 0x00, 0x23, 0x00, 0x23, 0x00, 0x23, 0x00, 0x23, 0x00,
    0x23, 0x00, 0x23, 0x00, 0x23, 0x00, 0x23, 0x00, 0x23, 0x00, 0x23, 0x00, 0x23, 0x00, 0x23, 0x00,
    0x23, 0x00, 0x23, 0x00, 0x23, 0x00, 0x23, 0x00, 0x23, 0x00, 0x23, 0x00, 0x23, 0x00, 0x23, 0x00,
    0x23, 0x00, 0x23, 0x00, 0x23, 0x00, 0x23, 0x00, 0x23, 0x00, 0x23, 0x00, 0x23, 0x00, 0x23, 0x00,
    0x23, 0x00, 0x23, 0x00, 0x23, 0x00, 0x23, 0x00, 0x23, 0x00, 0x23, 0x00, 0x23, 0x00, 0x23, 0x00,
    0x23, 0x00, 0x23, 0x00, 0x23, 0x00, 0x23, 0x00, 0x23, 0x00, 0x23, 0x00, 0x23, 0x00, 0x23, 0x00,
    0x23, 0x00, 0x23, 0x00, 0x23, 0x00, 0x23, 0x00, 0x23, 0x00, 0x23, 0x00, 0x23, 0x00, 0x23, 0x00,
    0x23, 0x00, 0x23, 0x00, 0x23, 0x00, 0x23, 0x00, 0x23, 0x00, 0x23, 0x00, 0x23, 0x00, 0x23, 0x00,
    0x23, 0x00, 0x23, 0x00, 0x23, 0x00, 0x23, 0x00, 0x23, 0x00, 0x23, 0x00, 0x23, 0x00, 0x23, 0x00,
    0x23, 0x00, 0x23, 0x00, 0x23, 0x00, 0x23, 0x00, 0x23, 0x00, 0x23, 0x00, 0x23, 0x00, 0x23, 0x00,
    0x23, 0x00, 0x23, 0x00, 0x23, 0x00, 0x23, 0x00, 0x23, 0x00, 0x23, 0x00, 0x23, 0x00, 0x23, 0x00,
    0x23, 0x00, 0x23, 0x00, 0x23, 0x00, 0x23, 0x00, 0x23, 0x00, 0x23, 0x00, 0x23, 0x00, 0x23, 0x00,
    0x23, 0x00, 0x23, 0x00, 0x23, 0x00, 0x23, 0x00, 0x23, 0x00, 0x23, 0x00, 0x23, 0x00, 0x23, 0x00,
    0x23, 0x00, 0x23, 0x00, 0x23, 0x00, 0x23, 0x00, 0x23, 0x00, 0x23, 0x00, 0x23, 0x00, 0x23, 0x00,
    0x23, 0x00, 0x23, 0x00, 0x23, 0x00, 0x23, 0x00, 0x23, 0x00, 0x23, 0x00, 0x23, 0x00, 0x23, 0x00,
    0x23, 0x00, 0x23, 0x00, 0x23, 0x00, 0x23, 0x00, 0x23, 0x00, 0x23, 0x00, 0x23, 0x00, 0x23, 0x00,
    0x23, 0x00, 0x23, 0x00, 0x23, 0x00, 0x23, 0x00, 0x23, 0x00, 0x23, 0x00, 0x23, 0x00, 0x23, 0x00,
    0x23, 0x00, 0x23, 0x00, 0x23, 0x00, 0x23, 0x00, 0x23, 0x00, 0x23, 0x00, 0x23, 0x00, 0x23, 0x00,
    0x23, 0x00, 0x23, 0x00, 0x23, 0x00, 0x23, 0x00, 0x23, 0x00, 0x23, 0x00, 0x23, 0x00, 0x23, 0x00,
    0x23, 0x00, 0x23, 0x00, 0x23, 0x00, 0x23, 0x00, 0x23, 0x00, 0x23, 0x00, 0x23, 0x00, 0x23, 0x00,
    0x23, 0x00, 0x23, 0x00, 0x23, 0x00, 0x23, 0x00, 0x23, 0x00, 0x23, 0x00, 0x23, 0x00, 0x23, 0x00,
    0x23, 0x00, 0x23, 0x00, 0x23, 0x00, 0x23, 0x00, 0x23, 0x00, 0x23, 0x00, 0x23, 0x00, 0x23, 0x00,
    0x23, 0x00, 0x23, 0x00, 0x23, 0x00, 0x23, 0x00, 0x8a, 0x00, 0x46, 0x00, 0x23, 0x00, 0x23, 0x00,
    0x23, 0x00, 0x51, 0x01, 0x51, 0x01, 0x00, 0x00, 0x00, 0x00, 0x00, 0x00, 0x00, 0x00, 0x00, 0x00,
    0x00, 0x00, 0x8a, 0x00, 0xe8, 0x00, 0x00, 0x00, 0xe8, 0x00, 0x19, 0x02, 0x51, 0x01, 0x00, 0x00,
    0x46, 0x00, 0x0c, 0x01, 0x23, 0x00, 0x00, 0x00, 0x00, 0x00, 0x00, 0x00, 0x00, 0x00, 0x00, 0x00,
    0x00, 0x00, 0x00, 0x00, 0x00, 0x00, 0x00, 0x00, 0x00, 0x00, 0x00, 0x00, 0x00, 0x00, 0x33, 0x01,
    0x51, 0x01, 0x23, 0x00, 0x23, 0x00, 0x23, 0x00, 0x46, 0x00, 0x8a, 0x00, 0x23, 0x00, 0x23, 0x00,
    0x23, 0x00, 0x23, 0x00, 0x23, 0x00, 0x23, 0x00, 0x23, 0x00, 0x23, 0x00, 0x23, 0x00, 0x23, 0x00,
    0x23, 0x00, 0x23, 0x00, 0x23, 0x00, 0x23, 0x00, 0x23, 0x00, 0x23, 0x00, 0x23, 0x00, 0x23, 0x00,
    0x23, 0x00, 0x23, 0x00, 0x23, 0x00, 0x23, 0x00, 0x23, 0x00, 0x23, 0x00, 0x23, 0x00, 0x23, 0x00,
    0x23, 0x00, 0x23, 0x00, 0x23, 0x00, 0x23, 0x00, 0x23, 0x00, 0x23, 0x00, 0x23, 0x00, 0x23, 0x00,
    0x23, 0x00, 0x23, 0x00, 0x23, 0x00, 0x23, 0x00, 0x23, 0x00, 0x23, 0x00, 0x23, 0x00, 0x23, 0x00,
    0x23, 0x00, 0x23, 0x00, 0x23, 0x00, 0x23, 0x00, 0x23, 0x00, 0x23, 0x00, 0x23, 0x00, 0x23, 0x00,
    0x23, 0x00, 0x23, 0x00, 0x23, 0x00, 0x23, 0x00, 0x23, 0x00, 0x23, 0x00, 0x23, 0x00, 0x23, 0x00,
    0x23, 0x00, 0x23, 0x00, 0x23, 0x00, 0x23, 0x00, 0x23, 0x00, 0x23, 0x00, 0x23, 0x00, 0x23, 0x00,
    0x23, 0x00, 0x23, 0x00, 0x23, 0x00, 0x23, 0x00, 0x23, 0x00, 0x23, 0x00, 0x23, 0x00, 0x23, 0x00,
    0x23, 0x00, 0x23, 0x00, 0x23, 0x00, 0x23, 0x00, 0x23, 0x00, 0x23, 0x00, 0x23, 0x00, 0x23, 0x00,
    0x23, 0x00, 0x23, 0x00, 0x23, 0x00, 0x23, 0x00, 0x23, 0x00, 0x23, 0x00, 0x23, 0x00, 0x23, 0x00,
    0x23, 0x00, 0x23, 0x00, 0x23, 0x00, 0x23, 0x00, 0x23, 0x00, 0x23, 0x00, 0x23, 0x00, 0x23, 0x00,
    0x23, 0x00, 0x23, 0x00, 0x23, 0x00, 0x23, 0x00, 0x23, 0x00, 0x23, 0x00, 0x23, 0x00, 0x23, 0x00,
    0x23, 0x00, 0x23, 0x00, 0x23, 0x00, 0x23, 0x00, 0x23, 0x00, 0x23, 0x00, 0x23, 0x00, 0x23, 0x00,
    0x23, 0x00, 0x23, 0x00, 0x23, 0x00, 0x23, 0x00, 0x23, 0x00, 0x23, 0x00, 0x23, 0x00, 0x23, 0x00,
    0x23, 0x00, 0x23, 0x00, 0x23, 0x00, 0x23, 0x00, 0x23, 0x00, 0x23, 0x00, 0x23, 0x00, 0x23, 0x00,
    0x23, 0x00, 0x23, 0x00, 0x23, 0x00, 0x23, 0x00, 0x23, 0x00, 0x23, 0x00, 0x23, 0x00, 0x23, 0x00,
    0x23, 0x00, 0x23, 0x00, 0x23, 0x00, 0x23, 0x00, 0x23, 0x00, 0x23, 0x00, 0x23, 0x00, 0x23, 0x00,
    0x23, 0x00, 0x23, 0x00, 0x23, 0x00, 0x23, 0x00, 0x23, 0x00, 0x23, 0x00, 0x23, 0x00, 0x23, 0x00,
    0x23, 0x00, 0x23, 0x00, 0x23, 0x00, 0x23, 0x00, 0x23, 0x00, 0x23, 0x00, 0x23, 0x00, 0x23, 0x00,
    0x23, 0x00, 0x23, 0x00, 0x23, 0x00, 0x23, 0x00, 0x23, 0x00, 0x23, 0x00, 0x23, 0x00, 0x23, 0x00,
    0x23, 0x00, 0x23, 0x00, 0x23, 0x00, 0x23, 0x00, 0x23, 0x00, 0x23, 0x00, 0x23, 0x00, 0x23, 0x00,
    0x23, 0x00, 0x23, 0x00, 0x23, 0x00, 0x23, 0x00, 0x23, 0x00, 0x23, 0x00, 0x23, 0x00, 0x23, 0x00,
    0x23, 0x00, 0x23, 0x00, 0x23, 0x00, 0x23, 0x00, 0x23, 0x00, 0x23, 0x00, 0x23, 0x00, 0x23, 0x00,
    0x23, 0x00, 0x23, 0x00, 0x23, 0x00, 0x23, 0x00, 0x8a, 0x00, 0x8a, 0x00, 0x23, 0x00, 0x23, 0x00,
    0x23, 0x00, 0x51, 0x01, 0x51, 0x01, 0x00, 0x00, 0x00, 0x00, 0x00, 0x00, 0x00, 0x00, 0x00, 0x00,
    0x00, 0x00, 0x8a, 0x00, 0xe8, 0x00, 0x00, 0x00, 0x46, 0x00, 0x33, 0x01, 0x0c, 0x01, 0x00, 0x00,
    0x46, 0x00, 0x0c, 0x01, 0x23, 0x00, 0x00, 0x00, 0x00, 0x00, 0x00, 0x00, 0x00, 0x00, 0x00, 0x00,
    0x00, 0x00, 0x00, 0x00, 0x00, 0x00, 0x00, 0x00, 0x00, 0x00, 0x00, 0x00, 0x00, 0x00, 0x51, 0x01,
    0x51, 0x01, 0x23, 0x00, 0x23, 0x00, 0x23, 0x00, 0x46, 0x00, 0x8a, 0x00, 0x23, 0x00, 0x23, 0x00,
    0x23, 0x00, 0x23, 0x00, 0x23, 0x00, 0x23, 0x00, 0x23, 0x00, 0x23, 0x00, 0x23, 0x00, 0x23, 0x00,
    0x23, 0x00, 0x23, 0x00, 0x23, 0x00, 0x23, 0x00, 0x23, 0x00, 0x23, 0x00, 0x23, 0x00, 0x23, 0x00,
    0x23, 0x00, 0x23, 0x00, 0x23, 0x00, 0x23, 0x00, 0x23, 0x00, 0x23, 0x00, 0x23, 0x00, 0x23, 0x00,
    0x23, 0x00, 0x23, 0x00, 0x23, 0x00, 0x23, 0x00, 0x23, 0x00, 0x23, 0x00, 0x23, 0x00, 0x23, 0x00,
    0x23, 0x00, 0x23, 0x00, 0x23, 0x00, 0x23, 0x00, 0x23, 0x00, 0x23, 0x00, 0x23, 0x00, 0x23, 0x00,
    0x23, 0x00, 0x23, 0x00, 0x23, 0x00, 0x23, 0x00, 0x23, 0x00, 0x23, 0x00, 0x23, 0x00, 0x23, 0x00,
    0x23, 0x00, 0x23, 0x00, 0x23, 0x00, 0x23, 0x00, 0x23, 0x00, 0x23, 0x00, 0x23, 0x00, 0x23, 0x00,
    0x23, 0x00, 0x23, 0x00, 0x23, 0x00, 0x23, 0x00, 0x23, 0x00, 0x23, 0x00, 0x23, 0x00, 0x23, 0x00,
    0x23, 0x00, 0x23, 0x00, 0x23, 0x00, 0x23, 0x00, 0x23, 0x00, 0x23, 0x00, 0x23, 0x00, 0x23, 0x00,
    0x23, 0x00, 0x23, 0x00, 0x23, 0x00, 0x23, 0x00, 0x23, 0x00, 0x23, 0x00, 0x23, 0x00, 0x23, 0x00,
    0x23, 0x00, 0x23, 0x00, 0x23, 0x00, 0x23, 0x00, 0x23, 0x00, 0x23, 0x00, 0x23, 0x00, 0x23, 0x00,
    0x23, 0x00, 0x23, 0x00, 0x23, 0x00, 0x23, 0x00, 0x23, 0x00, 0x23, 0x00, 0x23, 0x00, 0x23, 0x00,
    0x23, 0x00, 0x23, 0x00, 0x23, 0x00, 0x23, 0x00, 0x23, 0x00, 0x23, 0x00, 0x23, 0x00, 0x23, 0x00,
    0x23, 0x00, 0x23, 0x00, 0x23, 0x00, 0x23, 0x00, 0x23, 0x00, 0x23, 0x00, 0x23, 0x00, 0x23, 0x00,
    0x23, 0x00, 0x23, 0x00, 0x23, 0x00, 0x23, 0x00, 0x23, 0x00, 0x23, 0x00, 0x23, 0x00, 0x23, 0x00,
    0x23, 0x00, 0x23, 0x00, 0x23, 0x00, 0x23, 0x00, 0x23, 0x00, 0x23, 0x00, 0x23, 0x00, 0x23, 0x00,
    0x23, 0x00, 0x23, 0x00, 0x23, 0x00, 0x23, 0x00, 0x23, 0x00, 0x23, 0x00, 0x23, 0x00, 0x23, 0x00,
    0x23, 0x00, 0x23, 0x00, 0x23, 0x00, 0x23, 0x00, 0x23, 0x00, 0x23, 0x00, 0x23, 0x00, 0x23, 0x00,
    0x23, 0x00, 0x23, 0x00, 0x23, 0x00, 0x23, 0x00, 0x23, 0x00, 0x23, 0x00, 0x23, 0x00, 0x23, 0x00,
    0x23, 0x00, 0x23, 0x00, 0x23, 0x00, 0x23, 0x00, 0x23, 0x00, 0x23, 0x00, 0x23, 0x00, 0x23, 0x00,
    0x23, 0x00, 0x23, 0x00, 0x23, 0x00, 0x23, 0x00, 0x23, 0x00, 0x23, 0x00, 0x23, 0x00, 0x23, 0x00,
    0x23, 0x00, 0x23, 0x00, 0x23, 0x00, 0x23, 0x00, 0x23, 0x00, 0x23, 0x00, 0x23, 0x00, 0x23, 0x00,
    0x23, 0x00, 0x23, 0x00, 0x23, 0x00, 0x23, 0x00, 0x23, 0x00, 0x23, 0x00, 0x23, 0x00, 0x23, 0x00,
    0x23, 0x00, 0x23, 0x00, 0x23, 0x00, 0x23, 0x00, 0x23, 0x00, 0x23, 0x00, 0x23, 0x00, 0x23, 0x00,
    0x23, 0x00, 0x23, 0x00, 0x23, 0x00, 0x23, 0x00, 0x8a, 0x00, 0x8a, 0x00, 0x23, 0x00, 0x23, 0x00,
    0x23, 0x00, 0x51, 0x01, 0x51, 0x01, 0x00, 0x00, 0x00, 0x00, 0x00, 0x00, 0x00, 0x00, 0x00, 0x00,
    0x00, 0x00, 0x8a, 0x00, 0xe8, 0x00, 0x00, 0x00, 0x00, 0x00, 0x00, 0x00, 0x00, 0x00, 0x00, 0x00,
    0x46, 0x00, 0x0c, 0x01, 0x23, 0x00, 0x00, 0x00, 0x00, 0x00, 0x00, 0x00, 0x00, 0x00, 0x00, 0x00,
    0x00, 0x00, 0x00, 0x00, 0x00, 0x00, 0x00, 0x00, 0x00, 0x00, 0x00, 0x00, 0x00, 0x00, 0x51, 0x01,
    0x51, 0x01, 0x23, 0x00, 0x23, 0x00, 0x23, 0x00, 0x46, 0x00, 0x8a, 0x00, 0x23, 0x00, 0x23, 0x00,
    0x23, 0x00, 0x23, 0x00, 0x23, 0x00, 0x23, 0x00, 0x23, 0x00, 0x23, 0x00, 0x23, 0x00, 0x23, 0x00,
    0x23, 0x00, 0x23, 0x00, 0x23, 0x00, 0x23, 0x00, 0x23, 0x00, 0x23, 0x00, 0x23, 0x00, 0x23, 0x00,
    0x23, 0x00, 0x23, 0x00, 0x23, 0x00, 0x23, 0x00, 0x23, 0x00, 0x23, 0x00, 0x23, 0x00, 0x23, 0x00,
    0x23, 0x00, 0x23, 0x00, 0x23, 0x00, 0x23, 0x00, 0x23, 0x00, 0x23, 0x00, 0x23, 0x00, 0x23, 0x00,
    0x23, 0x00, 0x23, 0x00, 0x23, 0x00, 0x23, 0x00, 0x23, 0x00, 0x23, 0x00, 0x23, 0x00, 0x23, 0x00,
    0x23, 0x00, 0x23, 0x00, 0x23, 0x00, 0x23, 0x00, 0x23, 0x00, 0x23, 0x00, 0x23, 0x00, 0x23, 0x00,
    0x23, 0x00, 0x23, 0x00, 0x23, 0x00, 0x23, 0x00, 0x23, 0x00, 0x23, 0x00, 0x23, 0x00, 0x23, 0x00,
    0x23, 0x00, 0x23, 0x00, 0x23, 0x00, 0x23, 0x00, 0x23, 0x00, 0x23, 0x00, 0x23, 0x00, 0x23, 0x00,
    0x23, 0x00, 0x23, 0x00, 0x23, 0x00, 0x23, 0x00, 0x23, 0x00, 0x23, 0x00, 0x23, 0x00, 0x23, 0x00,
    0x23, 0x00, 0x23, 0x00, 0x23, 0x00, 0x23, 0x00, 0x23, 0x00, 0x23, 0x00, 0x23, 0x00, 0x23, 0x00,
    0x23, 0x00, 0x23, 0x00, 0x23, 0x00, 0x23, 0x00, 0x23, 0x00, 0x23, 0x00, 0x23, 0x00, 0x23, 0x00,
    0x23, 0x00, 0x23, 0x00, 0x23, 0x00, 0x23, 0x00, 0x23, 0x00, 0x23, 0x00, 0x23, 0x00, 0x23, 0x00,
    0x23, 0x00, 0x23, 0x00, 0x23, 0x00, 0x23, 0x00, 0x23, 0x00, 0x23, 0x00, 0x23, 0x00, 0x23, 0x00,
    0x23, 0x00, 0x23, 0x00, 0x23, 0x00, 0x23, 0x00, 0x23, 0x00, 0x23, 0x00, 0x23, 0x00, 0x23, 0x00,
    0x23, 0x00, 0x23, 0x00, 0x23, 0x00, 0x23, 0x00, 0x23, 0x00, 0x23, 0x00, 0x23, 0x00, 0x23, 0x00,
    0x23, 0x00, 0x23, 0x00, 0x23, 0x00, 0x23, 0x00, 0x23, 0x00, 0x23, 0x00, 0x23, 0x00, 0x23, 0x00,
    0x23, 0x00, 0x23, 0x00, 0x23, 0x00, 0x23, 0x00, 0x23, 0x00, 0x23, 0x00, 0x23, 0x00, 0x23, 0x00,
    0x23, 0x00, 0x23, 0x00, 0x23, 0x00, 0x23, 0x00, 0x23, 0x00, 0x23, 0x00, 0x23, 0x00, 0x23, 0x00,
    0x23, 0x00, 0x23, 0x00, 0x23, 0x00, 0x23, 0x00, 0x23, 0x00, 0x23, 0x00, 0x23, 0x00, 0x23, 0x00,
    0x23, 0x00, 0x23, 0x00, 0x23, 0x00, 0x23, 0x00, 0x23, 0x00, 0x23, 0x00, 0x23, 0x00, 0x23, 0x00,
    0x23, 0x00, 0x23, 0x00, 0x23, 0x00, 0x23, 0x00, 0x23, 0x00, 0x23, 0x00, 0x23, 0x00, 0x23, 0x00,
    0x23, 0x00, 0x23, 0x00, 0x23, 0x00, 0x23, 0x00, 0x23, 0x00, 0x23, 0x00, 0x23, 0x00, 0x23, 0x00,
    0x23, 0x00, 0x23, 0x00, 0x23, 0x00, 0x23, 0x00, 0x23, 0x00, 0x23, 0x00, 0x23, 0x00, 0x23, 0x00,
    0x23, 0x00, 0x23, 0x00, 0x23, 0x00, 0x23, 0x00, 0x23, 0x00, 0x23, 0x00, 0x23, 0x00, 0x23, 0x00,
    0x23, 0x00, 0x23, 0x00, 0x23, 0x00, 0x23, 0x00, 0x8a, 0x00, 0xe8, 0x00, 0x23, 0x00, 0x23, 0x00,
    0x23, 0x00, 0x51, 0x01, 0x51, 0x01, 0x00, 0x00, 0x00, 0x00, 0x00, 0x00, 0x00, 0x00, 0x00, 0x00,
    0x00, 0x00, 0x8a, 0x00, 0xe8, 0x00, 0x00, 0x00, 0x00, 0x00, 0x00, 0x00, 0x00, 0x00, 0x00, 0x00,
    0x46, 0x00, 0x0c, 0x01, 0x23, 0x00, 0x00, 0x00, 0x00, 0x00, 0x00, 0x00, 0x00, 0x00, 0x00, 0x00,
    0x00, 0x00, 0x00, 0x00, 0x00, 0x00, 0x00, 0x00, 0x00, 0x00, 0x00, 0x00, 0x00, 0x00, 0x51, 0x01,
    0xef, 0x00, 0x23, 0x00, 0x23, 0x00, 0x23, 0x00, 0x46, 0x00, 0x8a, 0x00, 0x23, 0x00, 0x23, 0x00,
    0x23, 0x00, 0x23, 0x00, 0x23, 0x00, 0x23, 0x00, 0x23, 0x00, 0x23, 0x00, 0x23, 0x00, 0x23, 0x00,
    0x23, 0x00, 0x23, 0x00, 0x23, 0x00, 0x23, 0x00, 0x23, 0x00, 0x23, 0x00, 0x23, 0x00, 0x23, 0x00,
    0x23, 0x00, 0x23, 0x00, 0x23, 0x00, 0x23, 0x00, 0x23, 0x00, 0x23, 0x00, 0x23, 0x00, 0x23, 0x00,
    0x23, 0x00, 0x23, 0x00, 0x23, 0x00, 0x23, 0x00, 0x23, 0x00, 0x23, 0x00, 0x23, 0x00, 0x23, 0x00,
    0x23, 0x00, 0x23, 0x00, 0x23, 0x00, 0x23, 0x00, 0x23, 0x00, 0x23, 0x00, 0x23, 0x00, 0x23, 0x00,
    0x23, 0x00, 0x23, 0x00, 0x23, 0x00, 0x23, 0x00, 0x23, 0x00, 0x23, 0x00, 0x23, 0x00, 0x23, 0x00,
    0x23, 0x00, 0x23, 0x00, 0x23, 0x00, 0x23, 0x00, 0x23, 0x00, 0x23, 0x00, 0x23, 0x00, 0x23, 0x00,
    0x23, 0x00, 0x23, 0x00, 0x23, 0x00, 0x23, 0x00, 0x23, 0x00, 0x23, 0x00, 0x23, 0x00, 0x23, 0x00,
    0x23, 0x00, 0x23, 0x00, 0x23, 0x00, 0x23, 0x00, 0x23, 0x00, 0x23, 0x00, 0x23, 0x00, 0x23, 0x00,
    0x23, 0x00, 0x23, 0x00, 0x23, 0x00, 0x23, 0x00, 0x23, 0x00, 0x23, 0x00, 0x23, 0x00, 0x23, 0x00,
    0x23, 0x00, 0x23, 0x00, 0x23, 0x00, 0x23, 0x00, 0x23, 0x00, 0x23, 0x00, 0x23, 0x00, 0x23, 0x00,
    0x23, 0x00, 0x23, 0x00, 0x23, 0x00, 0x23, 0x00, 0x23, 0x00, 0x23, 0x00, 0x23, 0x00, 0x23, 0x00,
    0x23, 0x00, 0x23, 0x00, 0x23, 0x00, 0x23, 0x00, 0x23, 0x00, 0x23, 0x00, 0x23, 0x00, 0x23, 0x00,
    0x23, 0x00, 0x23, 0x00, 0x23, 0x00, 0x23, 0x00, 0x23, 0x00, 0x23, 0x00, 0x23, 0x00, 0x23, 0x00,
    0x23, 0x00, 0x23, 0x00, 0x23, 0x00, 0x23, 0x00, 0x23, 0x00, 0x23, 0x00, 0x23, 0x00, 0x23, 0x00,
    0x23, 0x00, 0x23, 0x00, 0x23, 0x00, 0x23, 0x00, 0x23, 0x00, 0x23, 0x00, 0x23, 0x00, 0x23, 0x00,
    0x23, 0x00, 0x23, 0x00, 0x23, 0x00, 0x23, 0x00, 0x23, 0x00, 0x23, 0x00, 0x23, 0x00, 0x23, 0x00,
    0x23, 0x00, 0x23, 0x00, 0x23, 0x00, 0x23, 0x00, 0x23, 0x00, 0x23, 0x00, 0x23, 0x00, 0x23, 0x00,
    0x23, 0x00, 0x23, 0x00, 0x23, 0x00, 0x23, 0x00, 0x23, 0x00, 0x23, 0x00, 0x23, 0x00, 0x23, 0x00,
    0x23, 0x00, 0x23, 0x00, 0x23, 0x00, 0x23, 0x00, 0x23, 0x00, 0x23, 0x00, 0x23, 0x00, 0x23, 0x00,
    0x23, 0x00, 0x23, 0x00, 0x23, 0x00, 0x23, 0x00, 0x23, 0x00, 0x23, 0x00, 0x23, 0x00, 0x23, 0x00,
    0x23, 0x00, 0x23, 0x00, 0x23, 0x00, 0x23, 0x00, 0x23, 0x00, 0x23, 0x00, 0x23, 0x00, 0x23, 0x00,
    0x23, 0x00, 0x23, 0x00, 0x23, 0x00, 0x23, 0x00, 0x23, 0x00, 0x23, 0x00, 0x23, 0x00, 0x23, 0x00,
    0x23, 0x00, 0x23, 0x00, 0x23, 0x00, 0x23, 0x00, 0x23, 0x00, 0x23, 0x00, 0x23, 0x00, 0x23, 0x00,
    0x23, 0x00, 0x23, 0x00, 0x23, 0x00, 0x23, 0x00, 0x8a, 0x00, 0xe8, 0x00, 0x23, 0x00, 0x23, 0x00,
    0x23, 0x00, 0x51, 0x01, 0x51, 0x01, 0x00, 0x00, 0x00, 0x00, 0x00, 0x00, 0x00, 0x00, 0x00, 0x00,
    0x00, 0x00, 0x8a, 0x00, 0x8a, 0x00, 0x00, 0x00, 0x00, 0x00, 0x23, 0x00, 0x23, 0x00, 0x00, 0x00,
    0x46, 0x00, 0x0c, 0x01, 0x23, 0x00, 0x00, 0x00, 0x00, 0x00, 0x00, 0x00, 0x00, 0x00, 0x00, 0x00,
    0x00, 0x00, 0x00, 0x00, 0x00, 0x00, 0x00, 0x00, 0x00, 0x00, 0x00, 0x00, 0x00, 0x00, 0x51, 0x01,
    0xef, 0x00, 0x23, 0x00, 0x23, 0x00, 0x23, 0x00, 0x46, 0x00, 0x8a, 0x00, 0x23, 0x00, 0x23, 0x00,
    0x23, 0x00, 0x23, 0x00, 0x23, 0x00, 0x23, 0x00, 0x23, 0x00, 0x23, 0x00, 0x23, 0x00, 0x23, 0x00,
    0x23, 0x00, 0x23, 0x00, 0x23, 0x00, 0x23, 0x00, 0x23, 0x00, 0x23, 0x00, 0x23, 0x00, 0x23, 0x00,
    0x23, 0x00, 0x23, 0x00, 0x23, 0x00, 0x23, 0x00, 0x23, 0x00, 0x23, 0x00, 0x23, 0x00, 0x23, 0x00,
    0x23, 0x00, 0x23, 0x00, 0x23, 0x00, 0x23, 0x00, 0x23, 0x00, 0x23, 0x00, 0x23, 0x00, 0x23, 0x00,
    0x23, 0x00, 0x23, 0x00, 0x23, 0x00, 0x23, 0x00, 0x23, 0x00, 0x23, 0x00, 0x23, 0x00, 0x23, 0x00,
    0x23, 0x00, 0x23, 0x00, 0x23, 0x00, 0x23, 0x00, 0x23, 0x00, 0x23, 0x00, 0x23, 0x00, 0x23, 0x00,
    0x23, 0x00, 0x23, 0x00, 0x23, 0x00, 0x23, 0x00, 0x23, 0x00, 0x23, 0x00, 0x23, 0x00, 0x23, 0x00,
    0x23, 0x00, 0x23, 0x00, 0x23, 0x00, 0x23, 0x00, 0x23, 0x00, 0x23, 0x00, 0x23, 0x00, 0x23, 0x00,
    0x23, 0x00, 0x23, 0x00, 0x23, 0x00, 0x23, 0x00, 0x23, 0x00, 0x23, 0x00, 0x23, 0x00, 0x23, 0x00,
    0x23, 0x00, 0x23, 0x00, 0x23, 0x00, 0x23, 0x00, 0x23, 0x00, 0x23, 0x00, 0x23, 0x00, 0x23, 0x00,
    0x23, 0x00, 0x23, 0x00, 0x23, 0x00, 0x23, 0x00, 0x23, 0x00, 0x23, 0x00, 0x23, 0x00, 0x23, 0x00,
    0x23, 0x00, 0x23, 0x00, 0x23, 0x00, 0x23, 0x00, 0x23, 0x00, 0x23, 0x00, 0x23, 0x00, 0x23, 0x00,
    0x23, 0x00, 0x23, 0x00, 0x23, 0x00, 0x23, 0x00, 0x23, 0x00, 0x23, 0x00, 0x23, 0x00, 0x23, 0x00,
    0x23, 0x00, 0x23, 0x00, 0x23, 0x00, 0x23, 0x00, 0x23, 0x00, 0x23, 0x00, 0x23, 0x00, 0x23, 0x00,
    0x23, 0x00, 0x23, 0x00, 0x23, 0x00, 0x23, 0x00, 0x23, 0x00, 0x23, 0x00, 0x23, 0x00, 0x23, 0x00,
    0x23, 0x00, 0x23, 0x00, 0x23, 0x00, 0x23, 0x00, 0x23, 0x00, 0x23, 0x00, 0x23, 0x00, 0x23, 0x00,
    0x23, 0x00, 0x23, 0x00, 0x23, 0x00, 0x23, 0x00, 0x23, 0x00, 0x23, 0x00, 0x23, 0x00, 0x23, 0x00,
    0x23, 0x00, 0x23, 0x00, 0x23, 0x00, 0x23, 0x00, 0x23, 0x00, 0x23, 0x00, 0x23, 0x00, 0x23, 0x00,
    0x23, 0x00, 0x23, 0x00, 0x23, 0x00, 0x23, 0x00, 0x23, 0x00, 0x23, 0x00, 0x23, 0x00, 0x23, 0x00,
    0x23, 0x00, 0x23, 0x00, 0x23, 0x00, 0x23, 0x00, 0x23, 0x00, 0x23, 0x00, 0x23, 0x00, 0x23, 0x00,
    0x23, 0x00, 0x23, 0x00, 0x23, 0x00, 0x23, 0x00, 0x23, 0x00, 0x23, 0x00, 0x23, 0x00, 0x23, 0x00,
    0x23, 0x00, 0x23, 0x00, 0x23, 0x00, 0x23, 0x00, 0x23, 0x00, 0x23, 0x00, 0x23, 0x00, 0x23, 0x00,
    0x23, 0x00, 0x23, 0x00, 0x23, 0x00, 0x23, 0x00, 0x23, 0x00, 0x23, 0x00, 0x23, 0x00, 0x23, 0x00,
    0x23, 0x00, 0x23, 0x00, 0x23, 0x00, 0x23, 0x00, 0x23, 0x00, 0x23, 0x00, 0x23, 0x00, 0x23, 0x00,
    0x23, 0x00, 0x23, 0x00, 0x23, 0x00, 0x23, 0x00, 0x8a, 0x00, 0xe8, 0x00, 0x23, 0x00, 0x23, 0x00,
    0x23, 0x00, 0x51, 0x01, 0x51, 0x01, 0x00, 0x00, 0x00, 0x00, 0x00, 0x00, 0x00, 0x00, 0x00, 0x00,
    0x00, 0x00, 0x8a, 0x00, 0xe8, 0x00, 0x00, 0x00, 0x46, 0x00, 0xb5, 0x01, 0x33, 0x01, 0x00, 0x00,
    0x46, 0x00, 0x0c, 0x01, 0x23, 0x00, 0x00, 0x00, 0x00, 0x00, 0x00, 0x00, 0x00, 0x00, 0x00, 0x00,
    0x00, 0x00, 0x00, 0x00, 0x00, 0x00, 0x00, 0x00, 0x00, 0x00, 0x00, 0x00, 0x00, 0x00, 0x51, 0x01,
    0xef, 0x00, 0x23, 0x00, 0x23, 0x00, 0x23, 0x00, 0x46, 0x00, 0x8a, 0x00, 0x23, 0x00, 0x23, 0x00,
    0x23, 0x00, 0x23, 0x00, 0x23, 0x00, 0x23, 0x00, 0x23, 0x00, 0x23, 0x00, 0x23, 0x00, 0x23, 0x00,
    0x23, 0x00, 0x23, 0x00, 0x23, 0x00, 0x23, 0x00, 0x23, 0x00, 0x23, 0x00, 0x23, 0x00, 0x23, 0x00,
    0x23, 0x00, 0x23, 0x00, 0x23, 0x00, 0x23, 0x00, 0x23, 0x00, 0x23, 0x00, 0x23, 0x00, 0x23, 0x00,
    0x23, 0x00, 0x23, 0x00, 0x23, 0x00, 0x23, 0x00, 0x23, 0x00, 0x23, 0x00, 0x23, 0x00, 0x23, 0x00,
    0x23, 0x00, 0x23, 0x00, 0x23, 0x00, 0x23, 0x00, 0x23, 0x00, 0x23, 0x00, 0x23, 0x00, 0x23, 0x00,
    0x23, 0x00, 0x23, 0x00, 0x23, 0x00, 0x23, 0x00, 0x23, 0x00, 0x23, 0x00, 0x23, 0x00, 0x23, 0x00,
    0x23, 0x00, 0x23, 0x00, 0x23, 0x00, 0x23, 0x00, 0x23, 0x00, 0x23, 0x00, 0x23, 0x00, 0x23, 0x00,
    0x23, 0x00, 0x23, 0x00, 0x23, 0x00, 0x23, 0x00, 0x23, 0x00, 0x23, 0x00, 0x23, 0x00, 0x23, 0x00,
    0x23, 0x00, 0x23, 0x00, 0x23, 0x00, 0x23, 0x00, 0x23, 0x00, 0x23, 0x00, 0x23, 0x00, 0x23, 0x00,
    0x23, 0x00, 0x23, 0x00, 0x23, 0x00, 0x23, 0x00, 0x23, 0x00, 0x23, 0x00, 0x23, 0x00, 0x23, 0x00,
    0x23, 0x00, 0x23, 0x00, 0x23, 0x00, 0x23, 0x00, 0x23, 0x00, 0x23, 0x00, 0x23, 0x00, 0x23, 0x00,
    0x23, 0x00, 0x23, 0x00, 0x23, 0x00, 0x23, 0x00, 0x23, 0x00, 0x23, 0x00, 0x23, 0x00, 0x23, 0x00,
    0x23, 0x00, 0x23, 0x00, 0x23, 0x00, 0x23, 0x00, 0x23, 0x00, 0x23, 0x00, 0x23, 0x00, 0x23, 0x00,
    0x23, 0x00, 0x23, 0x00, 0x23, 0x00, 0x23, 0x00, 0x23, 0x00, 0x23, 0x00, 0x23, 0x00, 0x23, 0x00,
    0x23, 0x00, 0x23, 0x00, 0x23, 0x00, 0x23, 0x00, 0x23, 0x00, 0x23, 0x00, 0x23, 0x00, 0x23, 0x00,
    0x23, 0x00, 0x23, 0x00, 0x23, 0x00, 0x23, 0x00, 0x23, 0x00, 0x23, 0x00, 0x23, 0x00, 0x23, 0x00,
    0x23, 0x00, 0x23, 0x00, 0x23, 0x00, 0x23, 0x00, 0x23, 0x00, 0x23, 0x00, 0x23, 0x00, 0x23, 0x00,
    0x23, 0x00, 0x23, 0x00, 0x23, 0x00, 0x23, 0x00, 0x23, 0x00, 0x23, 0x00, 0x23, 0x00, 0x23, 0x00,
    0x23, 0x00, 0x23, 0x00, 0x23, 0x00, 0x23, 0x00, 0x23, 0x00, 0x23, 0x00, 0x23, 0x00, 0x23, 0x00,
    0x23, 0x00, 0x23, 0x00, 0x23, 0x00, 0x23, 0x00, 0x23, 0x00, 0x23, 0x00, 0x23, 0x00, 0x23, 0x00,
    0x23, 0x00, 0x23, 0x00, 0x23, 0x00, 0x23, 0x00, 0x23, 0x00, 0x23, 0x00, 0x23, 0x00, 0x23, 0x00,
    0x23, 0x00, 0x23, 0x00, 0x23, 0x00, 0x23, 0x00, 0x23, 0x00, 0x23, 0x00, 0x23, 0x00, 0x23, 0x00,
    0x23, 0x00, 0x23, 0x00, 0x23, 0x00, 0x23, 0x00, 0x23, 0x00, 0x23, 0x00, 0x23, 0x00, 0x23, 0x00,
    0x23, 0x00, 0x23, 0x00, 0x23, 0x00, 0x23, 0x00, 0x23, 0x00, 0x23, 0x00, 0x23, 0x00, 0x23, 0x00,
    0x23, 0x00, 0x23, 0x00, 0x23, 0x00, 0x23, 0x00, 0x8a, 0x00, 0xe8, 0x00, 0x23, 0x00, 0x23, 0x00,
    0x23, 0x00, 0x51, 0x01, 0x51, 0x01, 0x00, 0x00, 0x00, 0x00, 0x00, 0x00, 0x00, 0x00, 0x00, 0x00,
    0x00, 0x00, 0x8a, 0x00, 0xe8, 0x00, 0x00, 0x00, 0x46, 0x00, 0xb5, 0x01, 0x33, 0x01, 0x00, 0x00,
    0x46, 0x00, 0x0c, 0x01, 0x23, 0x00, 0x00, 0x00, 0x00, 0x00, 0x00, 0x00, 0x00, 0x00, 0x00, 0x00,
    0x00, 0x00, 0x00, 0x00, 0x00, 0x00, 0x00, 0x00, 0x00, 0x00, 0x00, 0x00, 0x00, 0x00, 0x51, 0x01,
    0xef, 0x00, 0x23, 0x00, 0x23, 0x00, 0x23, 0x00, 0x46, 0x00, 0x8a, 0x00, 0x23, 0x00, 0x23, 0x00,
    0x23, 0x00, 0x23, 0x00, 0x23, 0x00, 0x23, 0x00, 0x23, 0x00, 0x23, 0x00, 0x23, 0x00, 0x23, 0x00,
    0x23, 0x00, 0x23, 0x00, 0x23, 0x00, 0x23, 0x00, 0x23, 0x00, 0x23, 0x00, 0x23, 0x00, 0x23, 0x00,
    0x23, 0x00, 0x23, 0x00, 0x23, 0x00, 0x23, 0x00, 0x23, 0x00, 0x23, 0x00, 0x23, 0x00, 0x23, 0x00,
    0x23, 0x00, 0x23, 0x00, 0x23, 0x00, 0x23, 0x00, 0x23, 0x00, 0x23, 0x00, 0x23, 0x00, 0x23, 0x00,
    0x23, 0x00, 0x23, 0x00, 0x23, 0x00, 0x23, 0x00, 0x23, 0x00, 0x23, 0x00, 0x23, 0x00, 0x23, 0x00,
    0x23, 0x00, 0x23, 0x00, 0x23, 0x00, 0x23, 0x00, 0x23, 0x00, 0x23, 0x00, 0x23, 0x00, 0x23, 0x00,
    0x23, 0x00, 0x23, 0x00, 0x23, 0x00, 0x23, 0x00, 0x23, 0x00, 0x23, 0x00, 0x23, 0x00, 0x23, 0x00,
    0x23, 0x00, 0x23, 0x00, 0x23, 0x00, 0x23, 0x00, 0x23, 0x00, 0x23, 0x00, 0x23, 0x00, 0x23, 0x00,
    0x23, 0x00, 0x23, 0x00, 0x23, 0x00, 0x23, 0x00, 0x23, 0x00, 0x23, 0x00, 0x23, 0x00, 0x23, 0x00,
    0x23, 0x00, 0x23, 0x00, 0x23, 0x00, 0x23, 0x00, 0x23, 0x00, 0x23, 0x00, 0x23, 0x00, 0x23, 0x00,
    0x23, 0x00, 0x23, 0x00, 0x23, 0x00, 0x23, 0x00, 0x23, 0x00, 0x23, 0x00, 0x23, 0x00, 0x23, 0x00,
    0x23, 0x00, 0x23, 0x00, 0x23, 0x00, 0x23, 0x00, 0x23, 0x00, 0x23, 0x00, 0x23, 0x00, 0x23, 0x00,
    0x23, 0x00, 0x23, 0x00, 0x23, 0x00, 0x23, 0x00, 0x23, 0x00, 0x23, 0x00, 0x23, 0x00, 0x23, 0x00,
    0x23, 0x00, 0x23, 0x00, 0x23, 0x00, 0x23, 0x00, 0x23, 0x00, 0x23, 0x00, 0x23, 0x00, 0x23, 0x00,
    0x23, 0x00, 0x23, 0x00, 0x23, 0x00, 0x23, 0x00, 0x23, 0x00, 0x23, 0x00, 0x23, 0x00, 0x23, 0x00,
    0x23, 0x00, 0x23, 0x00, 0x23, 0x00, 0x23, 0x00, 0x23, 0x00, 0x23, 0x00, 0x23, 0x00, 0x23, 0x00,
    0x23, 0x00, 0x23, 0x00, 0x23, 0x00, 0x23, 0x00, 0x23, 0x00, 0x23, 0x00, 0x23, 0x00, 0x23, 0x00,
    0x23, 0x00, 0x23, 0x00, 0x23, 0x00, 0x23, 0x00, 0x23, 0x00, 0x23, 0x00, 0x23, 0x00, 0x23, 0x00,
    0x23, 0x00, 0x23, 0x00, 0x23, 0x00, 0x23, 0x00, 0x23, 0x00, 0x23, 0x00, 0x23, 0x00, 0x23, 0x00,
    0x23, 0x00, 0x23, 0x00, 0x23, 0x00, 0x23, 0x00, 0x23, 0x00, 0x23, 0x00, 0x23, 0x00, 0x23, 0x00,
    0x23, 0x00, 0x23, 0x00, 0x23, 0x00, 0x23, 0x00, 0x23, 0x00, 0x23, 0x00, 0x23, 0x00, 0x23, 0x00,
    0x23, 0x00, 0x23, 0x00, 0x23, 0x00, 0x23, 0x00, 0x23, 0x00, 0x23, 0x00, 0x23, 0x00, 0x23, 0x00,
    0x23, 0x00, 0x23, 0x00, 0x23, 0x00, 0x23, 0x00, 0x23, 0x00, 0x23, 0x00, 0x23, 0x00, 0x23, 0x00,
    0x23, 0x00, 0x23, 0x00, 0x23, 0x00, 0x23, 0x00, 0x23, 0x00, 0x23, 0x00, 0x23, 0x00, 0x23, 0x00,
    0x23, 0x00, 0x23, 0x00, 0x23, 0x00, 0x23, 0x00, 0x8a, 0x00, 0xe8, 0x00, 0x23, 0x00, 0x23, 0x00,
    0x23, 0x00, 0x51, 0x01, 0x51, 0x01, 0x00, 0x00, 0x00, 0x00, 0x00, 0x00, 0x00, 0x00, 0x00, 0x00,
    0x00, 0x00, 0x8a, 0x00, 0xe8, 0x00, 0x00, 0x00, 0xe8, 0x00, 0xb5, 0x01, 0x51, 0x01, 0x00, 0x00,
    0x46, 0x00, 0x0c, 0x01, 0x23, 0x00, 0x00, 0x00, 0x00, 0x00, 0x00, 0x00, 0x00, 0x00, 0x00, 0x00,
    0x00, 0x00, 0x00, 0x00, 0x00, 0x00, 0x00, 0x00, 0x00, 0x00, 0x00, 0x00, 0x00, 0x00, 0x51, 0x01,
    0xef, 0x00, 0x23, 0x00, 0x23, 0x00, 0x23, 0x00, 0x46, 0x00, 0x8a, 0x00, 0x23, 0x00, 0x23, 0x00,
    0x23, 0x00, 0x23, 0x00, 0x23, 0x00, 0x23, 0x00, 0x23, 0x00, 0x23, 0x00, 0x23, 0x00, 0x23, 0x00,
    0x23, 0x00, 0x23, 0x00, 0x23, 0x00, 0x23, 0x00, 0x23, 0x00, 0x23, 0x00, 0x23, 0x00, 0x23, 0x00,
    0x23, 0x00, 0x23, 0x00, 0x23, 0x00, 0x23, 0x00, 0x23, 0x00, 0x23, 0x00, 0x23, 0x00, 0x23, 0x00,
    0x23, 0x00, 0x23, 0x00, 0x23, 0x00, 0x23, 0x00, 0x23, 0x00, 0x23, 0x00, 0x23, 0x00, 0x23, 0x00,
    0x23, 0x00, 0x23, 0x00, 0x23, 0x00, 0x23, 0x00, 0x23, 0x00, 0x23, 0x00, 0x23, 0x00, 0x23, 0x00,
    0x23, 0x00, 0x23, 0x00, 0x23, 0x00, 0x23, 0x00, 0x23, 0x00, 0x23, 0x00, 0x23, 0x00, 0x23, 0x00,
    0x23, 0x00, 0x23, 0x00, 0x23, 0x00, 0x23, 0x00, 0x23, 0x00, 0x23, 0x00, 0x23, 0x00, 0x23, 0x00,
    0x23, 0x00, 0x23, 0x00, 0x23, 0x00, 0x23, 0x00, 0x23, 0x00, 0x23, 0x00, 0x23, 0x00, 0x23, 0x00,
    0x23, 0x00, 0x23, 0x00, 0x23, 0x00, 0x23, 0x00, 0x23, 0x00, 0x23, 0x00, 0x23, 0x00, 0x23, 0x00,
    0x23, 0x00, 0x23, 0x00, 0x23, 0x00, 0x23, 0x00, 0x23, 0x00, 0x23, 0x00, 0x23, 0x00, 0x23, 0x00,
    0x23, 0x00, 0x23, 0x00, 0x23, 0x00, 0x23, 0x00, 0x23, 0x00, 0x23, 0x00, 0x23, 0x00, 0x23, 0x00,
    0x23, 0x00, 0x23, 0x00, 0x23, 0x00, 0x23, 0x00, 0x23, 0x00, 0x23, 0x00, 0x23, 0x00, 0x23, 0x00,
    0x23, 0x00, 0x23, 0x00, 0x23, 0x00, 0x23, 0x00, 0x23, 0x00, 0x23, 0x00, 0x23, 0x00, 0x23, 0x00,
    0x23, 0x00, 0x23, 0x00, 0x23, 0x00, 0x23, 0x00, 0x23, 0x00, 0x23, 0x00, 0x23, 0x00, 0x23, 0x00,
    0x23, 0x00, 0x23, 0x00, 0x23, 0x00, 0x23, 0x00, 0x23, 0x00, 0x23, 0x00, 0x23, 0x00, 0x23, 0x00,
    0x23, 0x00, 0x23, 0x00, 0x23, 0x00, 0x23, 0x00, 0x23, 0x00, 0x23, 0x00, 0x23, 0x00, 0x23, 0x00,
    0x23, 0x00, 0x23, 0x00, 0x23, 0x00, 0x23, 0x00, 0x23, 0x00, 0x23, 0x00, 0x23, 0x00, 0x23, 0x00,
    0x23, 0x00, 0x23, 0x00, 0x23, 0x00, 0x23, 0x00, 0x23, 0x00, 0x23, 0x00, 0x23, 0x00, 0x23, 0x00,
    0x23, 0x00, 0x23, 0x00, 0x23, 0x00, 0x23, 0x00, 0x23, 0x00, 0x23, 0x00, 0x23, 0x00, 0x23, 0x00,
    0x23, 0x00, 0x23, 0x00, 0x23, 0x00, 0x23, 0x00, 0x23, 0x00, 0x23, 0x00, 0x23, 0x00, 0x23, 0x00,
    0x23, 0x00, 0x23, 0x00, 0x23, 0x00, 0x23, 0x00, 0x23, 0x00, 0x23, 0x00, 0x23, 0x00, 0x23, 0x00,
    0x23, 0x00, 0x23, 0x00, 0x23, 0x00, 0x23, 0x00, 0x23, 0x00, 0x23, 0x00, 0x23, 0x00, 0x23, 0x00,
    0x23, 0x00, 0x23, 0x00, 0x23, 0x00, 0x23, 0x00, 0x23, 0x00, 0x23, 0x00, 0x23, 0x00, 0x23, 0x00,
    0x23, 0x00, 0x23, 0x00, 0x23, 0x00, 0x23, 0x00, 0x23, 0x00, 0x23, 0x00, 0x23, 0x00, 0x23, 0x00,
    0x23, 0x00, 0x23, 0x00, 0x23, 0x00, 0x23, 0x00, 0x8a, 0x00, 0xe8, 0x00, 0x23, 0x00, 0x23, 0x00,
    0x23, 0x00, 0x51, 0x01, 0x51, 0x01, 0x00, 0x00, 0x00, 0x00, 0x00, 0x00, 0x00, 0x00, 0x00, 0x00,
    0x00, 0x00, 0x8a, 0x00, 0xe8, 0x00, 0x00, 0x00, 0xe8, 0x00, 0x57, 0x01, 0x51, 0x01, 0x00, 0x00,
    0x46, 0x00, 0x0c, 0x01, 0x23, 0x00, 0x00, 0x00, 0x00, 0x00, 0x00, 0x00, 0x00, 0x00, 0x00, 0x00,
    0x00, 0x00, 0x00, 0x00, 0x00, 0x00, 0x00, 0x00, 0x00, 0x00, 0x00, 0x00, 0x00, 0x00, 0x51, 0x01,
    0xef, 0x00, 0x23, 0x00, 0x23, 0x00, 0x23, 0x00, 0x46, 0x00, 0x8a, 0x00, 0x23, 0x00, 0x23, 0x00,
    0x23, 0x00, 0x23, 0x00, 0x23, 0x00, 0x23, 0x00, 0x23, 0x00, 0x23, 0x00, 0x23, 0x00, 0x23, 0x00,
    0x23, 0x00, 0x23, 0x00, 0x23, 0x00, 0x23, 0x00, 0x23, 0x00, 0x23, 0x00, 0x23, 0x00, 0x23, 0x00,
    0x23, 0x00, 0x23, 0x00, 0x23, 0x00, 0x23, 0x00, 0x23, 0x00, 0x23, 0x00, 0x23, 0x00, 0x23, 0x00,
    0x23, 0x00, 0x23, 0x00, 0x23, 0x00, 0x23, 0x00, 0x23, 0x00, 0x23, 0x00, 0x23, 0x00, 0x23, 0x00,
    0x23, 0x00, 0x23, 0x00, 0x23, 0x00, 0x23, 0x00, 0x23, 0x00, 0x23, 0x00, 0x23, 0x00, 0x23, 0x00,
    0x23, 0x00, 0x23, 0x00, 0x23, 0x00, 0x23, 0x00, 0x23, 0x00, 0x23, 0x00, 0x23, 0x00, 0x23, 0x00,
    0x23, 0x00, 0x23, 0x00, 0x23, 0x00, 0x23, 0x00, 0x23, 0x00, 0x23, 0x00, 0x23, 0x00, 0x23, 0x00,
    0x23, 0x00, 0x23, 0x00, 0x23, 0x00, 0x23, 0x00, 0x23, 0x00, 0x23, 0x00, 0x23, 0x00, 0x23, 0x00,
    0x23, 0x00, 0x23, 0x00, 0x23, 0x00, 0x23, 0x00, 0x23, 0x00, 0x23, 0x00, 0x23, 0x00, 0x23, 0x00,
    0x23, 0x00, 0x23, 0x00, 0x23, 0x00, 0x23, 0x00, 0x23, 0x00, 0x23, 0x00, 0x23, 0x00, 0x23, 0x00,
    0x23, 0x00, 0x23, 0x00, 0x23, 0x00, 0x23, 0x00, 0x23, 0x00, 0x23, 0x00, 0x23, 0x00, 0x23, 0x00,
    0x23, 0x00, 0x23, 0x00, 0x23, 0x00, 0x23, 0x00, 0x23, 0x00, 0x23, 0x00, 0x23, 0x00, 0x23, 0x00,
    0x23, 0x00, 0x23, 0x00, 0x23, 0x00, 0x23, 0x00, 0x23, 0x00, 0x23, 0x00, 0x23, 0x00, 0x23, 0x00,
    0x23, 0x00, 0x23, 0x00, 0x23, 0x00, 0x23, 0x00, 0x23, 0x00, 0x23, 0x00, 0x23, 0x00, 0x23, 0x00,
    0x23, 0x00, 0x23, 0x00, 0x23, 0x00, 0x23, 0x00, 0x23, 0x00, 0x23, 0x00, 0x23, 0x00, 0x23, 0x00,
    0x23, 0x00, 0x23, 0x00, 0x23, 0x00, 0x23, 0x00, 0x23, 0x00, 0x23, 0x00, 0x23, 0x00, 0x23, 0x00,
    0x23, 0x00, 0x23, 0x00, 0x23, 0x00, 0x23, 0x00, 0x23, 0x00, 0x23, 0x00, 0x23, 0x00, 0x23, 0x00,
    0x23, 0x00, 0x23, 0x00, 0x23, 0x00, 0x23, 0x00, 0x23, 0x00, 0x23, 0x00, 0x23, 0x00, 0x23, 0x00,
    0x23, 0x00, 0x23, 0x00, 0x23, 0x00, 0x23, 0x00, 0x23, 0x00, 0x23, 0x00, 0x23, 0x00, 0x23, 0x00,
    0x23, 0x00, 0x23, 0x00, 0x23, 0x00, 0x23, 0x00, 0x23, 0x00, 0x23, 0x00, 0x23, 0x00, 0x23, 0x00,
    0x23, 0x00, 0x23, 0x00, 0x23, 0x00, 0x23, 0x00, 0x23, 0x00, 0x23, 0x00, 0x23, 0x00, 0x23, 0x00,
    0x23, 0x00, 0x23, 0x00, 0x23, 0x00, 0x23, 0x00, 0x23, 0x00, 0x23, 0x00, 0x23, 0x00, 0x23, 0x00,
    0x23, 0x00, 0x23, 0x00, 0x23, 0x00, 0x23, 0x00, 0x23, 0x00, 0x23, 0x00, 0x23, 0x00, 0x23, 0x00,
    0x23, 0x00, 0x23, 0x00, 0x23, 0x00, 0x23, 0x00, 0x23, 0x00, 0x23, 0x00, 0x23, 0x00, 0x23, 0x00,
    0x23, 0x00, 0x23, 0x00, 0x23, 0x00, 0x23, 0x00, 0x8a, 0x00, 0xe8, 0x00, 0x23, 0x00, 0x23, 0x00,
    0x23, 0x00, 0x51, 0x01, 0x51, 0x01, 0x00, 0x00, 0x00, 0x00, 0x00, 0x00, 0x00, 0x00, 0x00, 0x00,
    0x00, 0x00, 0x8a, 0x00, 0xe8, 0x00, 0x00, 0x00, 0x8a, 0x00, 0x19, 0x02, 0x51, 0x01, 0x00, 0x00,
    0x46, 0x00, 0x0c, 0x01, 0x23, 0x00, 0x00, 0x00, 0x00, 0x00, 0x00, 0x00, 0x00, 0x00, 0x00, 0x00,
    0x00, 0x00, 0x00, 0x00, 0x00, 0x00, 0x00, 0x00, 0x00, 0x00, 0x00, 0x00, 0x00, 0x00, 0x51, 0x01,
    0xef, 0x00, 0x23, 0x00, 0x23, 0x00, 0x23, 0x00, 0x46, 0x00, 0x8a, 0x00, 0x23, 0x00, 0x23, 0x00,
    0x23, 0x00, 0x23, 0x00, 0x23, 0x00, 0x23, 0x00, 0x23, 0x00, 0x23, 0x00, 0x23, 0x00, 0x23, 0x00,
    0x23, 0x00, 0x23, 0x00, 0x23, 0x00, 0x23, 0x00, 0x23, 0x00, 0x23, 0x00, 0x23, 0x00, 0x23, 0x00,
    0x23, 0x00, 0x23, 0x00, 0x23, 0x00, 0x23, 0x00, 0x23, 0x00, 0x23, 0x00, 0x23, 0x00, 0x23, 0x00,
    0x23, 0x00, 0x23, 0x00, 0x23, 0x00, 0x23, 0x00, 0x23, 0x00, 0x23, 0x00, 0x23, 0x00, 0x23, 0x00,
    0x23, 0x00, 0x23, 0x00, 0x23, 0x00, 0x23, 0x00, 0x23, 0x00, 0x23, 0x00, 0x23, 0x00, 0x23, 0x00,
    0x23, 0x00, 0x23, 0x00, 0x23, 0x00, 0x23, 0x00, 0x23, 0x00, 0x23, 0x00, 0x23, 0x00, 0x23, 0x00,
    0x23, 0x00, 0x23, 0x00, 0x23, 0x00, 0x23, 0x00, 0x23, 0x00, 0x23, 0x00, 0x23, 0x00, 0x23, 0x00,
    0x23, 0x00, 0x23, 0x00, 0x23, 0x00, 0x23, 0x00, 0x23, 0x00, 0x23, 0x00, 0x23, 0x00, 0x23, 0x00,
    0x23, 0x00, 0x23, 0x00, 0x23, 0x00, 0x23, 0x00, 0x23, 0x00, 0x23, 0x00, 0x23, 0x00, 0x23, 0x00,
    0x23, 0x00, 0x23, 0x00, 0x23, 0x00, 0x23, 0x00, 0x23, 0x00, 0x23, 0x00, 0x23, 0x00, 0x23, 0x00,
    0x23, 0x00, 0x23, 0x00, 0x23, 0x00, 0x23, 0x00, 0x23, 0x00, 0x23, 0x00, 0x23, 0x00, 0x23, 0x00,
    0x23, 0x00, 0x23, 0x00, 0x23, 0x00, 0x23, 0x00, 0x23, 0x00, 0x23, 0x00, 0x23, 0x00, 0x23, 0x00,
    0x23, 0x00, 0x23, 0x00, 0x23, 0x00, 0x23, 0x00, 0x23, 0x00, 0x23, 0x00, 0x23, 0x00, 0x23, 0x00,
    0x23, 0x00, 0x23, 0x00, 0x23, 0x00, 0x23, 0x00, 0x23, 0x00, 0x23, 0x00, 0x23, 0x00, 0x23, 0x00,
    0x23, 0x00, 0x23, 0x00, 0x23, 0x00, 0x23, 0x00, 0x23, 0x00, 0x23, 0x00, 0x23, 0x00, 0x23, 0x00,
    0x23, 0x00, 0x23, 0x00, 0x23, 0x00, 0x23, 0x00, 0x23, 0x00, 0x23, 0x00, 0x23, 0x00, 0x23, 0x00,
    0x23, 0x00, 0x23, 0x00, 0x23, 0x00, 0x23, 0x00, 0x23, 0x00, 0x23, 0x00, 0x23, 0x00, 0x23, 0x00,
    0x23, 0x00, 0x23, 0x00, 0x23, 0x00, 0x23, 0x00, 0x23, 0x00, 0x23, 0x00, 0x23, 0x00, 0x23, 0x00,
    0x23, 0x00, 0x23, 0x00, 0x23, 0x00, 0x23, 0x00, 0x23, 0x00, 0x23, 0x00, 0x23, 0x00, 0x23, 0x00,
    0x23, 0x00, 0x23, 0x00, 0x23, 0x00, 0x23, 0x00, 0x23, 0x00, 0x23, 0x00, 0x23, 0x00, 0x23, 0x00,
    0x23, 0x00, 0x23, 0x00, 0x23, 0x00, 0x23, 0x00, 0x23, 0x00, 0x23, 0x00, 0x23, 0x00, 0x23, 0x00,
    0x23, 0x00, 0x23, 0x00, 0x23, 0x00, 0x23, 0x00, 0x23, 0x00, 0x23, 0x00, 0x23, 0x00, 0x23, 0x00,
    0x23, 0x00, 0x23, 0x00, 0x23, 0x00, 0x23, 0x00, 0x23, 0x00, 0x23, 0x00, 0x23, 0x00, 0x23, 0x00,
    0x23, 0x00, 0x23, 0x00, 0x23, 0x00, 0x23, 0x00, 0x23, 0x00, 0x23, 0x00, 0x23, 0x00, 0x23, 0x00,
    0x23, 0x00, 0x23, 0x00, 0x23, 0x00, 0x23, 0x00, 0x8a, 0x00, 0x8a, 0x00, 0x23, 0x00, 0x23, 0x00,
    0x23, 0x00, 0x51, 0x01, 0x51, 0x01, 0x00, 0x00, 0x00, 0x00, 0x00, 0x00, 0x00, 0x00, 0x00, 0x00,
    0x00, 0x00, 0x8a, 0x00, 0xe8, 0x00, 0x00, 0x00, 0x00, 0x00, 0x23, 0x00, 0x23, 0x00, 0x00, 0x00,
    0x46, 0x00, 0x0c, 0x01, 0x23, 0x00, 0x00, 0x00, 0x00, 0x00, 0x00, 0x00, 0x00, 0x00, 0x00, 0x00,
    0x00, 0x00, 0x00, 0x00, 0x00, 0x00, 0x00, 0x00, 0x00, 0x00, 0x00, 0x00, 0x00, 0x00, 0x51, 0x01,
    0xef, 0x00, 0x23, 0x00, 0x23, 0x00, 0x23, 0x00, 0x46, 0x00, 0x8a, 0x00, 0x23, 0x00, 0x23, 0x00,
    0x23, 0x00, 0x23, 0x00, 0x23, 0x00, 0x23, 0x00, 0x23, 0x00, 0x23, 0x00, 0x23, 0x00, 0x23, 0x00,
    0x23, 0x00, 0x23, 0x00, 0x23, 0x00, 0x23, 0x00, 0x23, 0x00, 0x23, 0x00, 0x23, 0x00, 0x23, 0x00,
    0x23, 0x00, 0x23, 0x00, 0x23, 0x00, 0x23, 0x00, 0x23, 0x00, 0x23, 0x00, 0x23, 0x00, 0x23, 0x00,
    0x23, 0x00, 0x23, 0x00, 0x23, 0x00, 0x23, 0x00, 0x23, 0x00, 0x23, 0x00, 0x23, 0x00, 0x23, 0x00,
    0x23, 0x00, 0x23, 0x00, 0x23, 0x00, 0x23, 0x00, 0x23, 0x00, 0x23, 0x00, 0x23, 0x00, 0x23, 0x00,
    0x23, 0x00, 0x23, 0x00, 0x23, 0x00, 0x23, 0x00, 0x23, 0x00, 0x23, 0x00, 0x23, 0x00, 0x23, 0x00,
    0x23, 0x00, 0x23, 0x00, 0x23, 0x00, 0x23, 0x00, 0x23, 0x00, 0x23, 0x00, 0x23, 0x00, 0x23, 0x00,
    0x23, 0x00, 0x23, 0x00, 0x23, 0x00, 0x23, 0x00, 0x23, 0x00, 0x23, 0x00, 0x23, 0x00, 0x23, 0x00,
    0x23, 0x00, 0x23, 0x00, 0x23, 0x00, 0x23, 0x00, 0x23, 0x00, 0x23, 0x00, 0x23, 0x00, 0x23, 0x00,
    0x23, 0x00, 0x23, 0x00, 0x23, 0x00, 0x23, 0x00, 0x23, 0x00, 0x23, 0x00, 0x23, 0x00, 0x23, 0x00,
    0x23, 0x00, 0x23, 0x00, 0x23, 0x00, 0x23, 0x00, 0x23, 0x00, 0x23, 0x00, 0x23, 0x00, 0x23, 0x00,
    0x23, 0x00, 0x23, 0x00, 0x23, 0x00, 0x23, 0x00, 0x23, 0x00, 0x23, 0x00, 0x23, 0x00, 0x23, 0x00,
    0x23, 0x00, 0x23, 0x00, 0x23, 0x00, 0x23, 0x00, 0x23, 0x00, 0x23, 0x00, 0x23, 0x00, 0x23, 0x00,
    0x23, 0x00, 0x23, 0x00, 0x23, 0x00, 0x23, 0x00, 0x23, 0x00, 0x23, 0x00, 0x23, 0x00, 0x23, 0x00,
    0x23, 0x00, 0x23, 0x00, 0x23, 0x00, 0x23, 0x00, 0x23, 0x00, 0x23, 0x00, 0x23, 0x00, 0x23, 0x00,
    0x23, 0x00, 0x23, 0x00, 0x23, 0x00, 0x23, 0x00, 0x23, 0x00, 0x23, 0x00, 0x23, 0x00, 0x23, 0x00,
    0x23, 0x00, 0x23, 0x00, 0x23, 0x00, 0x23, 0x00, 0x23, 0x00, 0x23, 0x00, 0x23, 0x00, 0x23, 0x00,
    0x23, 0x00, 0x23, 0x00, 0x23, 0x00, 0x23, 0x00, 0x23, 0x00, 0x23, 0x00, 0x23, 0x00, 0x23, 0x00,
    0x23, 0x00, 0x23, 0x00, 0x23, 0x00, 0x23, 0x00, 0x23, 0x00, 0x23, 0x00, 0x23, 0x00, 0x23, 0x00,
    0x23, 0x00, 0x23, 0x00, 0x23, 0x00, 0x23, 0x00, 0x23, 0x00, 0x23, 0x00, 0x23, 0x00, 0x23, 0x00,
    0x23, 0x00, 0x23, 0x00, 0x23, 0x00, 0x23, 0x00, 0x23, 0x00, 0x23, 0x00, 0x23, 0x00, 0x23, 0x00,
    0x23, 0x00, 0x23, 0x00, 0x23, 0x00, 0x23, 0x00, 0x23, 0x00, 0x23, 0x00, 0x23, 0x00, 0x23, 0x00,
    0x23, 0x00, 0x23, 0x00, 0x23, 0x00, 0x23, 0x00, 0x23, 0x00, 0x23, 0x00, 0x23, 0x00, 0x23, 0x00,
    0x23, 0x00, 0x23, 0x00, 0x23, 0x00, 0x23, 0x00, 0x23, 0x00, 0x23, 0x00, 0x23, 0x00, 0x23, 0x00,
    0x23, 0x00, 0x23, 0x00, 0x23, 0x00, 0x23, 0x00, 0x8a, 0x00, 0x46, 0x00, 0x23, 0x00, 0x23, 0x00,
    0x23, 0x00, 0x51, 0x01, 0x51, 0x01, 0x00, 0x00, 0x00, 0x00, 0x00, 0x00, 0x00, 0x00, 0x00, 0x00,
    0x00, 0x00, 0x8a, 0x00, 0xe8, 0x00, 0x00, 0x00, 0x00, 0x00, 0x00, 0x00, 0x00, 0x00, 0x00, 0x00,
    0x46, 0x00, 0x0c, 0x01, 0x23, 0x00, 0x00, 0x00, 0x00, 0x00, 0x00, 0x00, 0x00, 0x00, 0x00, 0x00,
    0x00, 0x00, 0x00, 0x00, 0x00, 0x00, 0x00, 0x00, 0x00, 0x00, 0x00, 0x00, 0x00, 0x00, 0x51, 0x01,
    0xef, 0x00, 0x23, 0x00, 0x23, 0x00, 0x23, 0x00, 0x46, 0x00, 0x8a, 0x00, 0x23, 0x00, 0x23, 0x00,
    0x23, 0x00, 0x23, 0x00, 0x23, 0x00, 0x23, 0x00, 0x23, 0x00, 0x23, 0x00, 0x23, 0x00, 0x23, 0x00,
    0x23, 0x00, 0x23, 0x00, 0x23, 0x00, 0x23, 0x00, 0x23, 0x00, 0x23, 0x00, 0x23, 0x00, 0x23, 0x00,
    0x23, 0x00, 0x23, 0x00, 0x23, 0x00, 0x23, 0x00, 0x23, 0x00, 0x23, 0x00, 0x23, 0x00, 0x23, 0x00,
    0x23, 0x00, 0x23, 0x00, 0x23, 0x00, 0x23, 0x00, 0x23, 0x00, 0x23, 0x00, 0x23, 0x00, 0x23, 0x00,
    0x23, 0x00, 0x23, 0x00, 0x23, 0x00, 0x23, 0x00, 0x23, 0x00, 0x23, 0x00, 0x23, 0x00, 0x23, 0x00,
    0x23, 0x00, 0x23, 0x00, 0x23, 0x00, 0x23, 0x00, 0x23, 0x00, 0x23, 0x00, 0x23, 0x00, 0x23, 0x00,
    0x23, 0x00, 0x23, 0x00, 0x23, 0x00, 0x23, 0x00, 0x23, 0x00, 0x23, 0x00, 0x23, 0x00, 0x23, 0x00,
    0x23, 0x00, 0x23, 0x00, 0x23, 0x00, 0x23, 0x00, 0x23, 0x00, 0x23, 0x00, 0x23, 0x00, 0x23, 0x00,
    0x23, 0x00, 0x23, 0x00, 0x23, 0x00, 0x23, 0x00, 0x23, 0x00, 0x23, 0x00, 0x23, 0x00, 0x23, 0x00,
    0x23, 0x00, 0x23, 0x00, 0x23, 0x00, 0x23, 0x00, 0x23, 0x00, 0x23, 0x00, 0x23, 0x00, 0x23, 0x00,
    0x23, 0x00, 0x23, 0x00, 0x23, 0x00, 0x23, 0x00, 0x23, 0x00, 0x23, 0x00, 0x23, 0x00, 0x23, 0x00,
    0x23, 0x00, 0x23, 0x00, 0x23, 0x00, 0x23, 0x00, 0x23, 0x00, 0x23, 0x00, 0x23, 0x00, 0x23, 0x00,
    0x23, 0x00, 0x23, 0x00, 0x23, 0x00, 0x23, 0x00, 0x23, 0x00, 0x23, 0x00, 0x23, 0x00, 0x23, 0x00,
    0x23, 0x00, 0x23, 0x00, 0x23, 0x00, 0x23, 0x00, 0x23, 0x00, 0x23, 0x00, 0x23, 0x00, 0x23, 0x00,
    0x23, 0x00, 0x23, 0x00, 0x23, 0x00, 0x23, 0x00, 0x23, 0x00, 0x23, 0x00, 0x23, 0x00, 0x23, 0x00,
    0x23, 0x00, 0x23, 0x00, 0x23, 0x00, 0x23, 0x00, 0x23, 0x00, 0x23, 0x00, 0x23, 0x00, 0x23, 0x00,
    0x23, 0x00, 0x23, 0x00, 0x23, 0x00, 0x23, 0x00, 0x23, 0x00, 0x23, 0x00, 0x23, 0x00, 0x23, 0x00,
    0x23, 0x00, 0x23, 0x00, 0x23, 0x00, 0x23, 0x00, 0x23, 0x00, 0x23, 0x00, 0x23, 0x00, 0x23, 0x00,
    0x23, 0x00, 0x23, 0x00, 0x23, 0x00, 0x23, 0x00, 0x23, 0x00, 0x23, 0x00, 0x23, 0x00, 0x23, 0x00,
    0x23, 0x00, 0x23, 0x00, 0x23, 0x00, 0x23, 0x00, 0x23, 0x00, 0x23, 0x00, 0x23, 0x00, 0x23, 0x00,
    0x23, 0x00, 0x23, 0x00, 0x23, 0x00, 0x23, 0x00, 0x23, 0x00, 0x23, 0x00, 0x23, 0x00, 0x23, 0x00,
    0x23, 0x00, 0x23, 0x00, 0x23, 0x00, 0x23, 0x00, 0x23, 0x00, 0x23, 0x00, 0x23, 0x00, 0x23, 0x00,
    0x23, 0x00, 0x23, 0x00, 0x23, 0x00, 0x23, 0x00, 0x23, 0x00, 0x23, 0x00, 0x23, 0x00, 0x23, 0x00,
    0x23, 0x00, 0x23, 0x00, 0x23, 0x00, 0x23, 0x00, 0x23, 0x00, 0x23, 0x00, 0x23, 0x00, 0x23, 0x00,
    0x23, 0x00, 0x23, 0x00, 0x23, 0x00, 0x23, 0x00, 0x8a, 0x00, 0x8a, 0x00, 0x23, 0x00, 0x23, 0x00,
    0x23, 0x00, 0x51, 0x01, 0x51, 0x01, 0x00, 0x00, 0x00, 0x00, 0x00, 0x00, 0x00, 0x00, 0x00, 0x00,
    0x00, 0x00, 0x8a, 0x00, 0xe8, 0x00, 0x00, 0x00, 0x00, 0x00, 0x00, 0x00, 0x23, 0x00, 0x00, 0x00,
    0x46, 0x00, 0x0c, 0x01, 0x23, 0x00, 0x00, 0x00, 0x00, 0x00, 0x00, 0x00, 0x00, 0x00, 0x00, 0x00,
    0x00, 0x00, 0x00, 0x00, 0x00, 0x00, 0x00, 0x00, 0x00, 0x00, 0x00, 0x00, 0x00, 0x00, 0x51, 0x01,
    0xef, 0x00, 0x23, 0x00, 0x23, 0x00, 0x23, 0x00, 0x46, 0x00, 0x8a, 0x00, 0x23, 0x00, 0x23, 0x00,
    0x23, 0x00, 0x23, 0x00, 0x23, 0x00, 0x23, 0x00, 0x23, 0x00, 0x23, 0x00, 0x23, 0x00, 0x23, 0x00,
    0x23, 0x00, 0x23, 0x00, 0x23, 0x00, 0x23, 0x00, 0x23, 0x00, 0x23, 0x00, 0x23, 0x00, 0x23, 0x00,
    0x23, 0x00, 0x23, 0x00, 0x23, 0x00, 0x23, 0x00, 0x23, 0x00, 0x23, 0x00, 0x23, 0x00, 0x23, 0x00,
    0x23, 0x00, 0x23, 0x00, 0x23, 0x00, 0x23, 0x00, 0x23, 0x00, 0x23, 0x00, 0x23, 0x00, 0x23, 0x00,
    0x23, 0x00, 0x23, 0x00, 0x23, 0x00, 0x23, 0x00, 0x23, 0x00, 0x23, 0x00, 0x23, 0x00, 0x23, 0x00,
    0x23, 0x00, 0x23, 0x00, 0x23, 0x00, 0x23, 0x00, 0x23, 0x00, 0x23, 0x00, 0x23, 0x00, 0x23, 0x00,
    0x23, 0x00, 0x23, 0x00, 0x23, 0x00, 0x23, 0x00, 0x23, 0x00, 0x23, 0x00, 0x23, 0x00, 0x23, 0x00,
    0x23, 0x00, 0x23, 0x00, 0x23, 0x00, 0x23, 0x00, 0x23, 0x00, 0x23, 0x00, 0x23, 0x00, 0x23, 0x00,
    0x23, 0x00, 0x23, 0x00, 0x23, 0x00, 0x23, 0x00, 0x23, 0x00, 0x23, 0x00, 0x23, 0x00, 0x23, 0x00,
    0x23, 0x00, 0x23, 0x00, 0x23, 0x00, 0x23, 0x00, 0x23, 0x00, 0x23, 0x00, 0x23, 0x00, 0x23, 0x00,
    0x23, 0x00, 0x23, 0x00, 0x23, 0x00, 0x23, 0x00, 0x23, 0x00, 0x23, 0x00, 0x23, 0x00, 0x23, 0x00,
    0x23, 0x00, 0x23, 0x00, 0x23, 0x00, 0x23, 0x00, 0x23, 0x00, 0x23, 0x00, 0x23, 0x00, 0x23, 0x00,
    0x23, 0x00, 0x23, 0x00, 0x23, 0x00, 0x23, 0x00, 0x23, 0x00, 0x23, 0x00, 0x23, 0x00, 0x23, 0x00,
    0x23, 0x00, 0x23, 0x00, 0x23, 0x00, 0x23, 0x00, 0x23, 0x00, 0x23, 0x00, 0x23, 0x00, 0x23, 0x00,
    0x23, 0x00, 0x23, 0x00, 0x23, 0x00, 0x23, 0x00, 0x23, 0x00, 0x23, 0x00, 0x23, 0x00, 0x23, 0x00,
    0x23, 0x00, 0x23, 0x00, 0x23, 0x00, 0x23, 0x00, 0x23, 0x00, 0x23, 0x00, 0x23, 0x00, 0x23, 0x00,
    0x23, 0x00, 0x23, 0x00, 0x23, 0x00, 0x23, 0x00, 0x23, 0x00, 0x23, 0x00, 0x23, 0x00, 0x23, 0x00,
    0x23, 0x00, 0x23, 0x00, 0x23, 0x00, 0x23, 0x00, 0x23, 0x00, 0x23, 0x00, 0x23, 0x00, 0x23, 0x00,
    0x23, 0x00, 0x23, 0x00, 0x23, 0x00, 0x23, 0x00, 0x23, 0x00, 0x23, 0x00, 0x23, 0x00, 0x23, 0x00,
    0x23, 0x00, 0x23, 0x00, 0x23, 0x00, 0x23, 0x00, 0x23, 0x00, 0x23, 0x00, 0x23, 0x00, 0x23, 0x00,
    0x23, 0x00, 0x23, 0x00, 0x23, 0x00, 0x23, 0x00, 0x23, 0x00, 0x23, 0x00, 0x23, 0x00, 0x23, 0x00,
    0x23, 0x00, 0x23, 0x00, 0x23, 0x00, 0x23, 0x00, 0x23, 0x00, 0x23, 0x00, 0x23, 0x00, 0x23, 0x00,
    0x23, 0x00, 0x23, 0x00, 0x23, 0x00, 0x23, 0x00, 0x23, 0x00, 0x23, 0x00, 0x23, 0x00, 0x23, 0x00,
    0x23, 0x00, 0x23, 0x00, 0x23, 0x00, 0x23, 0x00, 0x23, 0x00, 0x23, 0x00, 0x23, 0x00, 0x23, 0x00,
    0x23, 0x00, 0x23, 0x00, 0x23, 0x00, 0x23, 0x00, 0x8a, 0x00, 0xe8, 0x00, 0x23, 0x00, 0x23, 0x00,
    0x23, 0x00, 0x51, 0x01, 0x51, 0x01, 0x00, 0x00, 0x00, 0x00, 0x00, 0x00, 0x00, 0x00, 0x00, 0x00,
    0x00, 0x00, 0x8a, 0x00, 0xe8, 0x00, 0x00, 0x00, 0x46, 0x00, 0xb5, 0x01, 0xef, 0x00, 0x00, 0x00,
    0x46, 0x00, 0x0c, 0x01, 0x23, 0x00, 0x00, 0x00, 0x00, 0x00, 0x00, 0x00, 0x00, 0x00, 0x00, 0x00,
    0x00, 0x00, 0x00, 0x00, 0x00, 0x00, 0x00, 0x00, 0x00, 0x00, 0x00, 0x00, 0x00, 0x00, 0x51, 0x01,
    0xef, 0x00, 0x23, 0x00, 0x23, 0x00, 0x23, 0x00, 0x46, 0x00, 0x8a, 0x00, 0x23, 0x00, 0x23, 0x00,
    0x23, 0x00, 0x23, 0x00, 0x23, 0x00, 0x23, 0x00, 0x23, 0x00, 0x23, 0x00, 0x23, 0x00, 0x23, 0x00,
    0x23, 0x00, 0x23, 0x00, 0x23, 0x00, 0x23, 0x00, 0x23, 0x00, 0x23, 0x00, 0x23, 0x00, 0x23, 0x00,
    0x23, 0x00, 0x23, 0x00, 0x23, 0x00, 0x23, 0x00, 0x23, 0x00, 0x23, 0x00, 0x23, 0x00, 0x23, 0x00,
    0x23, 0x00, 0x23, 0x00, 0x23, 0x00, 0x23, 0x00, 0x23, 0x00, 0x23, 0x00, 0x23, 0x00, 0x23, 0x00,
    0x23, 0x00, 0x23, 0x00, 0x23, 0x00, 0x23, 0x00, 0x23, 0x00, 0x23, 0x00, 0x23, 0x00, 0x23, 0x00,
    0x23, 0x00, 0x23, 0x00, 0x23, 0x00, 0x23, 0x00, 0x23, 0x00, 0x23, 0x00, 0x23, 0x00, 0x23, 0x00,
    0x23, 0x00, 0x23, 0x00, 0x23, 0x00, 0x23, 0x00, 0x23, 0x00, 0x23, 0x00, 0x23, 0x00, 0x23, 0x00,
    0x23, 0x00, 0x23, 0x00, 0x23, 0x00, 0x23, 0x00, 0x23, 0x00, 0x23, 0x00, 0x23, 0x00, 0x23, 0x00,
    0x23, 0x00, 0x23, 0x00, 0x23, 0x00, 0x23, 0x00, 0x23, 0x00, 0x23, 0x00, 0x23, 0x00, 0x23, 0x00,
    0x23, 0x00, 0x23, 0x00, 0x23, 0x00, 0x23, 0x00, 0x23, 0x00, 0x23, 0x00, 0x23, 0x00, 0x23, 0x00,
    0x23, 0x00, 0x23, 0x00, 0x23, 0x00, 0x23, 0x00, 0x23, 0x00, 0x23, 0x00, 0x23, 0x00, 0x23, 0x00,
    0x23, 0x00, 0x23, 0x00, 0x23, 0x00, 0x23, 0x00, 0x23, 0x00, 0x23, 0x00, 0x23, 0x00, 0x23, 0x00,
    0x23, 0x00, 0x23, 0x00, 0x23, 0x00, 0x23, 0x00, 0x23, 0x00, 0x23, 0x00, 0x23, 0x00, 0x23, 0x00,
    0x23, 0x00, 0x23, 0x00, 0x23, 0x00, 0x23, 0x00, 0x23, 0x00, 0x23, 0x00, 0x23, 0x00, 0x23, 0x00,
    0x23, 0x00, 0x23, 0x00, 0x23, 0x00, 0x23, 0x00, 0x23, 0x00, 0x23, 0x00, 0x23, 0x00, 0x23, 0x00,
    0x23, 0x00, 0x23, 0x00, 0x23, 0x00, 0x23, 0x00, 0x23, 0x00, 0x23, 0x00, 0x23, 0x00, 0x23, 0x00,
    0x23, 0x00, 0x23, 0x00, 0x23, 0x00, 0x23, 0x00, 0x23, 0x00, 0x23, 0x00, 0x23, 0x00, 0x23, 0x00,
    0x23, 0x00, 0x23, 0x00, 0x23, 0x00, 0x23, 0x00, 0x23, 0x00, 0x23, 0x00, 0x23, 0x00, 0x23, 0x00,
    0x23, 0x00, 0x23, 0x00, 0x23, 0x00, 0x23, 0x00, 0x23, 0x00, 0x23, 0x00, 0x23, 0x00, 0x23, 0x00,
    0x23, 0x00, 0x23, 0x00, 0x23, 0x00, 0x23, 0x00, 0x23, 0x00, 0x23, 0x00, 0x23, 0x00, 0x23, 0x00,
    0x23, 0x00, 0x23, 0x00, 0x23, 0x00, 0x23, 0x00, 0x23, 0x00, 0x23, 0x00, 0x23, 0x00, 0x23, 0x00,
    0x23, 0x00, 0x23, 0x00, 0x23, 0x00, 0x23, 0x00, 0x23, 0x00, 0x23, 0x00, 0x23, 0x00, 0x23, 0x00,
    0x23, 0x00, 0x23, 0x00, 0x23, 0x00, 0x23, 0x00, 0x23, 0x00, 0x23, 0x00, 0x23, 0x00, 0x23, 0x00,
    0x23, 0x00, 0x23, 0x00, 0x23, 0x00, 0x23, 0x00, 0x23, 0x00, 0x23, 0x00, 0x23, 0x00, 0x23, 0x00,
    0x23, 0x00, 0x23, 0x00, 0x23, 0x00, 0x23, 0x00, 0x8a, 0x00, 0x8a, 0x00, 0x23, 0x00, 0x23, 0x00,
    0x23, 0x00, 0x51, 0x01, 0x51, 0x01, 0x00, 0x00, 0x00, 0x00, 0x00, 0x00, 0x00, 0x00, 0x00, 0x00,
    0x00, 0x00, 0x8a, 0x00, 0x8a, 0x00, 0x00, 0x00, 0x46, 0x00, 0x57, 0x01, 0x51, 0x01, 0x00, 0x00,
    0x46, 0x00, 0x0c, 0x01, 0x23, 0x00, 0x00, 0x00, 0x00, 0x00, 0x00, 0x00, 0x00, 0x00, 0x00, 0x00,
    0x00, 0x00, 0x00, 0x00, 0x00, 0x00, 0x00, 0x00, 0x00, 0x00, 0x00, 0x00, 0x00, 0x00, 0x51, 0x01,
    0xef, 0x00, 0x23, 0x00, 0x23, 0x00, 0x23, 0x00, 0x46, 0x00, 0x8a, 0x00, 0x23, 0x00, 0x23, 0x00,
    0x23, 0x00, 0x23, 0x00, 0x23, 0x00, 0x23, 0x00, 0x23, 0x00, 0x23, 0x00, 0x23, 0x00, 0x23, 0x00,
    0x23, 0x00, 0x23, 0x00, 0x23, 0x00, 0x23, 0x00, 0x23, 0x00, 0x23, 0x00, 0x23, 0x00, 0x23, 0x00,
    0x23, 0x00, 0x23, 0x00, 0x23, 0x00, 0x23, 0x00, 0x23, 0x00, 0x23, 0x00, 0x23, 0x00, 0x23, 0x00,
    0x23, 0x00, 0x23, 0x00, 0x23, 0x00, 0x23, 0x00, 0x23, 0x00, 0x23, 0x00, 0x23, 0x00, 0x23, 0x00,
    0x23, 0x00, 0x23, 0x00, 0x23, 0x00, 0x23, 0x00, 0x23, 0x00, 0x23, 0x00, 0x23, 0x00, 0x23, 0x00,
    0x23, 0x00, 0x23, 0x00, 0x23, 0x00, 0x23, 0x00, 0x23, 0x00, 0x23, 0x00, 0x23, 0x00, 0x23, 0x00,
    0x23, 0x00, 0x23, 0x00, 0x23, 0x00, 0x23, 0x00, 0x23, 0x00, 0x23, 0x00, 0x23, 0x00, 0x23, 0x00,
    0x23, 0x00, 0x23, 0x00, 0x23, 0x00, 0x23, 0x00, 0x23, 0x00, 0x23, 0x00, 0x23, 0x00, 0x23, 0x00,
    0x23, 0x00, 0x23, 0x00, 0x23, 0x00, 0x23, 0x00, 0x23, 0x00, 0x23, 0x00, 0x23, 0x00, 0x23, 0x00,
    0x23, 0x00, 0x23, 0x00, 0x23, 0x00, 0x23, 0x00, 0x23, 0x00, 0x23, 0x00, 0x23, 0x00, 0x23, 0x00,
    0x23, 0x00, 0x23, 0x00, 0x23, 0x00, 0x23, 0x00, 0x23, 0x00, 0x23, 0x00, 0x23, 0x00, 0x23, 0x00,
    0x23, 0x00, 0x23, 0x00, 0x23, 0x00, 0x23, 0x00, 0x23, 0x00, 0x23, 0x00, 0x23, 0x00, 0x23, 0x00,
    0x23, 0x00, 0x23, 0x00, 0x23, 0x00, 0x23, 0x00, 0x23, 0x00, 0x23, 0x00, 0x23, 0x00, 0x23, 0x00,
    0x23, 0x00, 0x23, 0x00, 0x23, 0x00, 0x23, 0x00, 0x23, 0x00, 0x23, 0x00, 0x23, 0x00, 0x23, 0x00,
    0x23, 0x00, 0x23, 0x00, 0x23, 0x00, 0x23, 0x00, 0x23, 0x00, 0x23, 0x00, 0x23, 0x00, 0x23, 0x00,
    0x23, 0x00, 0x23, 0x00, 0x23, 0x00, 0x23, 0x00, 0x23, 0x00, 0x23, 0x00, 0x23, 0x00, 0x23, 0x00,
    0x23, 0x00, 0x23, 0x00, 0x23, 0x00, 0x23, 0x00, 0x23, 0x00, 0x23, 0x00, 0x23, 0x00, 0x23, 0x00,
    0x23, 0x00, 0x23, 0x00, 0x23, 0x00, 0x23, 0x00, 0x23, 0x00, 0x23, 0x00, 0x23, 0x00, 0x23, 0x00,
    0x23, 0x00, 0x23, 0x00, 0x23, 0x00, 0x23, 0x00, 0x23, 0x00, 0x23, 0x00, 0x23, 0x00, 0x23, 0x00,
    0x23, 0x00, 0x23, 0x00, 0x23, 0x00, 0x23, 0x00, 0x23, 0x00, 0x23, 0x00, 0x23, 0x00, 0x23, 0x00,
    0x23, 0x00, 0x23, 0x00, 0x23, 0x00, 0x23, 0x00, 0x23, 0x00, 0x23, 0x00, 0x23, 0x00, 0x23, 0x00,
    0x23, 0x00, 0x23, 0x00, 0x23, 0x00, 0x23, 0x00, 0x23, 0x00, 0x23, 0x00, 0x23, 0x00, 0x23, 0x00,
    0x23, 0x00, 0x23, 0x00, 0x23, 0x00, 0x23, 0x00, 0x23, 0x00, 0x23, 0x00, 0x23, 0x00, 0x23, 0x00,
    0x23, 0x00, 0x23, 0x00, 0x23, 0x00, 0x23, 0x00, 0x23, 0x00, 0x23, 0x00, 0x23, 0x00, 0x23, 0x00,
    0x23, 0x00, 0x23, 0x00, 0x23, 0x00, 0x23, 0x00, 0xe8, 0x00, 0xe8, 0x00, 0x23, 0x00, 0x23, 0x00,
    0x23, 0x00, 0x51, 0x01, 0x51, 0x01, 0x00, 0x00, 0x00, 0x00, 0x00, 0x00, 0x00, 0x00, 0x00, 0x00,
    0x00, 0x00, 0x8a, 0x00, 0x8a, 0x00, 0x00, 0x00, 0x46, 0x00, 0xb5, 0x01, 0x51, 0x01, 0x00, 0x00,
    0x46, 0x00, 0x0c, 0x01, 0x23, 0x00, 0x00, 0x00, 0x00, 0x00, 0x00, 0x00, 0x00, 0x00, 0x00, 0x00,
    0x00, 0x00, 0x00, 0x00, 0x00, 0x00, 0x00, 0x00, 0x00, 0x00, 0x00, 0x00, 0x00, 0x00, 0x33, 0x01,
    0x51, 0x01, 0x23, 0x00, 0x23, 0x00, 0x23, 0x00, 0x46, 0x00, 0x8a, 0x00, 0x23, 0x00, 0x23, 0x00,
    0x23, 0x00, 0x23, 0x00, 0x23, 0x00, 0x23, 0x00, 0x23, 0x00, 0x23, 0x00, 0x23, 0x00, 0x23, 0x00,
    0x23, 0x00, 0x23, 0x00, 0x23, 0x00, 0x23, 0x00, 0x23, 0x00, 0x23, 0x00, 0x23, 0x00, 0x23, 0x00,
    0x23, 0x00, 0x23, 0x00, 0x23, 0x00, 0x23, 0x00, 0x23, 0x00, 0x23, 0x00, 0x23, 0x00, 0x23, 0x00,
    0x23, 0x00, 0x23, 0x00, 0x23, 0x00, 0x23, 0x00, 0x23, 0x00, 0x23, 0x00, 0x23, 0x00, 0x23, 0x00,
    0x23, 0x00, 0x23, 0x00, 0x23, 0x00, 0x23, 0x00, 0x23, 0x00, 0x23, 0x00, 0x23, 0x00, 0x23, 0x00,
    0x23, 0x00, 0x23, 0x00, 0x23, 0x00, 0x23, 0x00, 0x23, 0x00, 0x23, 0x00, 0x23, 0x00, 0x23, 0x00,
    0x23, 0x00, 0x23, 0x00, 0x23, 0x00, 0x23, 0x00, 0x23, 0x00, 0x23, 0x00, 0x23, 0x00, 0x23, 0x00,
    0x23, 0x00, 0x23, 0x00, 0x23, 0x00, 0x23, 0x00, 0x23, 0x00, 0x23, 0x00, 0x23, 0x00, 0x23, 0x00,
    0x23, 0x00, 0x23, 0x00, 0x23, 0x00, 0x23, 0x00, 0x23, 0x00, 0x23, 0x00, 0x23, 0x00, 0x23, 0x00,
    0x23, 0x00, 0x23, 0x00, 0x23, 0x00, 0x23, 0x00, 0x23, 0x00, 0x23, 0x00, 0x23, 0x00, 0x23, 0x00,
    0x23, 0x00, 0x23, 0x00, 0x23, 0x00, 0x23, 0x00, 0x23, 0x00, 0x23, 0x00, 0x23, 0x00, 0x23, 0x00,
    0x23, 0x00, 0x23, 0x00, 0x23, 0x00, 0x23, 0x00, 0x23, 0x00, 0x23, 0x00, 0x23, 0x00, 0x23, 0x00,
    0x23, 0x00, 0x23, 0x00, 0x23, 0x00, 0x23, 0x00, 0x23, 0x00, 0x23, 0x00, 0x23, 0x00, 0x23, 0x00,
    0x23, 0x00, 0x23, 0x00, 0x23, 0x00, 0x23, 0x00, 0x23, 0x00, 0x23, 0x00, 0x23, 0x00, 0x23, 0x00,
    0x23, 0x00, 0x23, 0x00, 0x23, 0x00, 0x23, 0x00, 0x23, 0x00, 0x23, 0x00, 0x23, 0x00, 0x23, 0x00,
    0x23, 0x00, 0x23, 0x00, 0x23, 0x00, 0x23, 0x00, 0x23, 0x00, 0x23, 0x00, 0x23, 0x00, 0x23, 0x00,
    0x23, 0x00, 0x23, 0x00, 0x23, 0x00, 0x23, 0x00, 0x23, 0x00, 0x23, 0x00, 0x23, 0x00, 0x23, 0x00,
    0x23, 0x00, 0x23, 0x00, 0x23, 0x00, 0x23, 0x00, 0x23, 0x00, 0x23, 0x00, 0x23, 0x00, 0x23, 0x00,
    0x23, 0x00, 0x23, 0x00, 0x23, 0x00, 0x23, 0x00, 0x23, 0x00, 0x23, 0x00, 0x23, 0x00, 0x23, 0x00,
    0x23, 0x00, 0x23, 0x00, 0x23, 0x00, 0x23, 0x00, 0x23, 0x00, 0x23, 0x00, 0x23, 0x00, 0x23, 0x00,
    0x23, 0x00, 0x23, 0x00, 0x23, 0x00, 0x23, 0x00, 0x23, 0x00, 0x23, 0x00, 0x23, 0x00, 0x23, 0x00,
    0x23, 0x00, 0x23, 0x00, 0x23, 0x00, 0x23, 0x00, 0x23, 0x00, 0x23, 0x00, 0x23, 0x00, 0x23, 0x00,
    0x23, 0x00, 0x23, 0x00, 0x23, 0x00, 0x23, 0x00, 0x23, 0x00, 0x23, 0x00, 0x23, 0x00, 0x23, 0x00,
    0x23, 0x00, 0x23, 0x00, 0x23, 0x00, 0x23, 0x00, 0x23, 0x00, 0x23, 0x00, 0x23, 0x00, 0x23, 0x00,
    0x23, 0x00, 0x23, 0x00, 0x23, 0x00, 0x23, 0x00, 0x8a, 0x00, 0xe8, 0x00, 0x23, 0x00, 0x23, 0x00,
    0x23, 0x00, 0x51, 0x01, 0x51, 0x01, 0x00, 0x00, 0x00, 0x00, 0x00, 0x00, 0x00, 0x00, 0x00, 0x00,
    0x00, 0x00, 0x8a, 0x00, 0x8a, 0x00, 0x00, 0x00, 0xe8, 0x00, 0xb5, 0x01, 0x51, 0x01, 0x00, 0x00,
    0x46, 0x00, 0x0c, 0x01, 0x23, 0x00, 0x00, 0x00, 0x00, 0x00, 0x00, 0x00, 0x00, 0x00, 0x00, 0x00,
    0x00, 0x00, 0x00, 0x00, 0x00, 0x00, 0x00, 0x00, 0x00, 0x00, 0x00, 0x00, 0x00, 0x00, 0x33, 0x01,
    0x51, 0x01, 0x23, 0x00, 0x23, 0x00, 0x23, 0x00, 0x46, 0x00, 0x8a, 0x00, 0x23, 0x00, 0x23, 0x00,
    0x23, 0x00, 0x23, 0x00, 0x23, 0x00, 0x23, 0x00, 0x23, 0x00, 0x23, 0x00, 0x23, 0x00, 0x23, 0x00,
    0x23, 0x00, 0x23, 0x00, 0x23, 0x00, 0x23, 0x00, 0x23, 0x00, 0x23, 0x00, 0x23, 0x00, 0x23, 0x00,
    0x23, 0x00, 0x23, 0x00, 0x23, 0x00, 0x23, 0x00, 0x23, 0x00, 0x23, 0x00, 0x23, 0x00, 0x23, 0x00,
    0x23, 0x00, 0x23, 0x00, 0x23, 0x00, 0x23, 0x00, 0x23, 0x00, 0x23, 0x00, 0x23, 0x00, 0x23, 0x00,
    0x23, 0x00, 0x23, 0x00, 0x23, 0x00, 0x23, 0x00, 0x23, 0x00, 0x23, 0x00, 0x23, 0x00, 0x23, 0x00,
    0x23, 0x00, 0x23, 0x00, 0x23, 0x00, 0x23, 0x00, 0x23, 0x00, 0x23, 0x00, 0x23, 0x00, 0x23, 0x00,
    0x23, 0x00, 0x23, 0x00, 0x23, 0x00, 0x23, 0x00, 0x23, 0x00, 0x23, 0x00, 0x23, 0x00, 0x23, 0x00,
    0x23, 0x00, 0x23, 0x00, 0x23, 0x00, 0x23, 0x00, 0x23, 0x00, 0x23, 0x00, 0x23, 0x00, 0x23, 0x00,
    0x23, 0x00, 0x23, 0x00, 0x23, 0x00, 0x23, 0x00, 0x23, 0x00, 0x23, 0x00, 0x23, 0x00, 0x23, 0x00,
    0x23, 0x00, 0x23, 0x00, 0x23, 0x00, 0x23, 0x00, 0x23, 0x00, 0x23, 0x00, 0x23, 0x00, 0x23, 0x00,
    0x23, 0x00, 0x23, 0x00, 0x23, 0x00, 0x23, 0x00, 0x23, 0x00, 0x23, 0x00, 0x23, 0x00, 0x23, 0x00,
    0x23, 0x00, 0x23, 0x00, 0x23, 0x00, 0x23, 0x00, 0x23, 0x00, 0x23, 0x00, 0x23, 0x00, 0x23, 0x00,
    0x23, 0x00, 0x23, 0x00, 0x23, 0x00, 0x23, 0x00, 0x23, 0x00, 0x23, 0x00, 0x23, 0x00, 0x23, 0x00,
    0x23, 0x00, 0x23, 0x00, 0x23, 0x00, 0x23, 0x00, 0x23, 0x00, 0x23, 0x00, 0x23, 0x00, 0x23, 0x00,
    0x23, 0x00, 0x23, 0x00, 0x23, 0x00, 0x23, 0x00, 0x23, 0x00, 0x23, 0x00, 0x23, 0x00, 0x23, 0x00,
    0x23, 0x00, 0x23, 0x00, 0x23, 0x00, 0x23, 0x00, 0x23, 0x00, 0x23, 0x00, 0x23, 0x00, 0x23, 0x00,
    0x23, 0x00, 0x23, 0x00, 0x23, 0x00, 0x23, 0x00, 0x23, 0x00, 0x23, 0x00, 0x23, 0x00, 0x23, 0x00,
    0x23, 0x00, 0x23, 0x00, 0x23, 0x00, 0x23, 0x00, 0x23, 0x00, 0x23, 0x00, 0x23, 0x00, 0x23, 0x00,
    0x23, 0x00, 0x23, 0x00, 0x23, 0x00, 0x23, 0x00, 0x23, 0x00, 0x23, 0x00, 0x23, 0x00, 0x23, 0x00,
    0x23, 0x00, 0x23, 0x00, 0x23, 0x00, 0x23, 0x00, 0x23, 0x00, 0x23, 0x00, 0x23, 0x00, 0x23, 0x00,
    0x23, 0x00, 0x23, 0x00, 0x23, 0x00, 0x23, 0x00, 0x23, 0x00, 0x23, 0x00, 0x23, 0x00, 0x23, 0x00,
    0x23, 0x00, 0x23, 0x00, 0x23, 0x00, 0x23, 0x00, 0x23, 0x00, 0x23, 0x00, 0x23, 0x00, 0x23, 0x00,
    0x23, 0x00, 0x23, 0x00, 0x23, 0x00, 0x23, 0x00, 0x23, 0x00, 0x23, 0x00, 0x23, 0x00, 0x23, 0x00,
    0x23, 0x00, 0x23, 0x00, 0x23, 0x00, 0x23, 0x00, 0x23, 0x00, 0x23, 0x00, 0x23, 0x00, 0x23, 0x00,
    0x23, 0x00, 0x23, 0x00, 0x23, 0x00, 0x23, 0x00, 0x8a, 0x00, 0x46, 0x00, 0x23, 0x00, 0x23, 0x00,
    0x23, 0x00, 0x51, 0x01, 0x51, 0x01, 0x00, 0x00, 0x00, 0x00, 0x00, 0x00, 0x00, 0x00, 0x00, 0x00,
    0x00, 0x00, 0x8a, 0x00, 0x8a, 0x00, 0x00, 0x00, 0xe8, 0x00, 0xb5, 0x01, 0x51, 0x01, 0x00, 0x00,
    0x46, 0x00, 0x0c, 0x01, 0x23, 0x00, 0x00, 0x00, 0x00, 0x00, 0x00, 0x00, 0x00, 0x00, 0x00, 0x00,
    0x00, 0x00, 0x00, 0x00, 0x00, 0x00, 0x00, 0x00, 0x00, 0x00, 0x00, 0x00, 0x00, 0x00, 0x33, 0x01,
    0x51, 0x01, 0x23, 0x00, 0x23, 0x00, 0x23, 0x00, 0x46, 0x00, 0x8a, 0x00, 0x23, 0x00, 0x23, 0x00,
    0x23, 0x00, 0x23, 0x00, 0x23, 0x00, 0x23, 0x00, 0x23, 0x00, 0x23, 0x00, 0x23, 0x00, 0x23, 0x00,
    0x23, 0x00, 0x23, 0x00, 0x23, 0x00, 0x23, 0x00, 0x23, 0x00, 0x23, 0x00, 0x23, 0x00, 0x23, 0x00,
    0x23, 0x00, 0x23, 0x00, 0x23, 0x00, 0x23, 0x00, 0x23, 0x00, 0x23, 0x00, 0x23, 0x00, 0x23, 0x00,
    0x23, 0x00, 0x23, 0x00, 0x23, 0x00, 0x23, 0x00, 0x23, 0x00, 0x23, 0x00, 0x23, 0x00, 0x23, 0x00,
    0x23, 0x00, 0x23, 0x00, 0x23, 0x00, 0x23, 0x00, 0x23, 0x00, 0x23, 0x00, 0x23, 0x00, 0x23, 0x00,
    0x23, 0x00, 0x23, 0x00, 0x23, 0x00, 0x23, 0x00, 0x23, 0x00, 0x23, 0x00, 0x23, 0x00, 0x23, 0x00,
    0x23, 0x00, 0x23, 0x00, 0x23, 0x00, 0x23, 0x00, 0x23, 0x00, 0x23, 0x00, 0x23, 0x00, 0x23, 0x00,
    0x23, 0x00, 0x23, 0x00, 0x23, 0x00, 0x23, 0x00, 0x23, 0x00, 0x23, 0x00, 0x23, 0x00, 0x23, 0x00,
    0x23, 0x00, 0x23, 0x00, 0x23, 0x00, 0x23, 0x00, 0x23, 0x00, 0x23, 0x00, 0x23, 0x00, 0x23, 0x00,
    0x23, 0x00, 0x23, 0x00, 0x23, 0x00, 0x23, 0x00, 0x23, 0x00, 0x23, 0x00, 0x23, 0x00, 0x23, 0x00,
    0x23, 0x00, 0x23, 0x00, 0x23, 0x00, 0x23, 0x00, 0x23, 0x00, 0x23, 0x00, 0x23, 0x00, 0x23, 0x00,
    0x23, 0x00, 0x23, 0x00, 0x23, 0x00, 0x23, 0x00, 0x23, 0x00, 0x23, 0x00, 0x23, 0x00, 0x23, 0x00,
    0x23, 0x00, 0x23, 0x00, 0x23, 0x00, 0x23, 0x00, 0x23, 0x00, 0x23, 0x00, 0x23, 0x00, 0x23, 0x00,
    0x23, 0x00, 0x23, 0x00, 0x23, 0x00, 0x23, 0x00, 0x23, 0x00, 0x23, 0x00, 0x23, 0x00, 0x23, 0x00,
    0x23, 0x00, 0x23, 0x00, 0x23, 0x00, 0x23, 0x00, 0x23, 0x00, 0x23, 0x00, 0x23, 0x00, 0x23, 0x00,
    0x23, 0x00, 0x23, 0x00, 0x23, 0x00, 0x23, 0x00, 0x23, 0x00, 0x23, 0x00, 0x23, 0x00, 0x23, 0x00,
    0x23, 0x00, 0x23, 0x00, 0x23, 0x00, 0x23, 0x00, 0x23, 0x00, 0x23, 0x00, 0x23, 0x00, 0x23, 0x00,
    0x23, 0x00, 0x23, 0x00, 0x23, 0x00, 0x23, 0x00, 0x23, 0x00, 0x23, 0x00, 0x23, 0x00, 0x23, 0x00,
    0x23, 0x00, 0x23, 0x00, 0x23, 0x00, 0x23, 0x00, 0x23, 0x00, 0x23, 0x00, 0x23, 0x00, 0x23, 0x00,
    0x23, 0x00, 0x23, 0x00, 0x23, 0x00, 0x23, 0x00, 0x23, 0x00, 0x23, 0x00, 0x23, 0x00, 0x23, 0x00,
    0x23, 0x00, 0x23, 0x00, 0x23, 0x00, 0x23, 0x00, 0x23, 0x00, 0x23, 0x00, 0x23, 0x00, 0x23, 0x00,
    0x23, 0x00, 0x23, 0x00, 0x23, 0x00, 0x23, 0x00, 0x23, 0x00, 0x23, 0x00, 0x23, 0x00, 0x23, 0x00,
    0x23, 0x00, 0x23, 0x00, 0x23, 0x00, 0x23, 0x00, 0x23, 0x00, 0x23, 0x00, 0x23, 0x00, 0x23, 0x00,
    0x23, 0x00, 0x23, 0x00, 0x23, 0x00, 0x23, 0x00, 0x23, 0x00, 0x23, 0x00, 0x23, 0x00, 0x23, 0x00,
    0x23, 0x00, 0x23, 0x00, 0x23, 0x00, 0x23, 0x00, 0x8a, 0x00, 0x46, 0x00, 0x23, 0x00, 0x23, 0x00,
    0x23, 0x00, 0x51, 0x01, 0x51, 0x01, 0x00, 0x00, 0x00, 0x00, 0x00, 0x00, 0x00, 0x00, 0x00, 0x00,
    0x00, 0x00, 0x8a, 0x00, 0xe8, 0x00, 0x00, 0x00, 0x23, 0x00, 0x0c, 0x01, 0x46, 0x00, 0x00, 0x00,
    0x46, 0x00, 0x0c, 0x01, 0x23, 0x00, 0x00, 0x00, 0x00, 0x00, 0x00, 0x00, 0x00, 0x00, 0x00, 0x00,
    0x00, 0x00, 0x00, 0x00, 0x00, 0x00, 0x00, 0x00, 0x00, 0x00, 0x00, 0x00, 0x00, 0x00, 0x33, 0x01,
    0x51, 0x01, 0x23, 0x00, 0x23, 0x00, 0x23, 0x00, 0x46, 0x00, 0x8a, 0x00, 0x23, 0x00, 0x23, 0x00,
    0x23, 0x00, 0x23, 0x00, 0x23, 0x00, 0x23, 0x00, 0x23, 0x00, 0x23, 0x00, 0x23, 0x00, 0x23, 0x00,
    0x23, 0x00, 0x23, 0x00, 0x23, 0x00, 0x23, 0x00, 0x23, 0x00, 0x23, 0x00, 0x23, 0x00, 0x23, 0x00,
    0x23, 0x00, 0x23, 0x00, 0x23, 0x00, 0x23, 0x00, 0x23, 0x00, 0x23, 0x00, 0x23, 0x00, 0x23, 0x00,
    0x23, 0x00, 0x23, 0x00, 0x23, 0x00, 0x23, 0x00, 0x23, 0x00, 0x23, 0x00, 0x23, 0x00, 0x23, 0x00,
    0x23, 0x00, 0x23, 0x00, 0x23, 0x00, 0x23, 0x00, 0x23, 0x00, 0x23, 0x00, 0x23, 0x00, 0x23, 0x00,
    0x23, 0x00, 0x23, 0x00, 0x23, 0x00, 0x23, 0x00, 0x23, 0x00, 0x23, 0x00, 0x23, 0x00, 0x23, 0x00,
    0x23, 0x00, 0x23, 0x00, 0x23, 0x00, 0x23, 0x00, 0x23, 0x00, 0x23, 0x00, 0x23, 0x00, 0x23, 0x00,
    0x23, 0x00, 0x23, 0x00, 0x23, 0x00, 0x23, 0x00, 0x23, 0x00, 0x23, 0x00, 0x23, 0x00, 0x23, 0x00,
    0x23, 0x00, 0x23, 0x00, 0x23, 0x00, 0x23, 0x00, 0x23, 0x00, 0x23, 0x00, 0x23, 0x00, 0x23, 0x00,
    0x23, 0x00, 0x23, 0x00, 0x23, 0x00, 0x23, 0x00, 0x23, 0x00, 0x23, 0x00, 0x23, 0x00, 0x23, 0x00,
    0x23, 0x00, 0x23, 0x00, 0x23, 0x00, 0x23, 0x00, 0x23, 0x00, 0x23, 0x00, 0x23, 0x00, 0x23, 0x00,
    0x23, 0x00, 0x23, 0x00, 0x23, 0x00, 0x23, 0x00, 0x23, 0x00, 0x23, 0x00, 0x23, 0x00, 0x23, 0x00,
    0x23, 0x00, 0x23, 0x00, 0x23, 0x00, 0x23, 0x00, 0x23, 0x00, 0x23, 0x00, 0x23, 0x00, 0x23, 0x00,
    0x23, 0x00, 0x23, 0x00, 0x23, 0x00, 0x23, 0x00, 0x23, 0x00, 0x23, 0x00, 0x23, 0x00, 0x23, 0x00,
    0x23, 0x00, 0x23, 0x00, 0x23, 0x00, 0x23, 0x00, 0x23, 0x00, 0x23, 0x00, 0x23, 0x00, 0x23, 0x00,
    0x23, 0x00, 0x23, 0x00, 0x23, 0x00, 0x23, 0x00, 0x23, 0x00, 0x23, 0x00, 0x23, 0x00, 0x23, 0x00,
    0x23, 0x00, 0x23, 0x00, 0x23, 0x00, 0x23, 0x00, 0x23, 0x00, 0x23, 0x00, 0x23, 0x00, 0x23, 0x00,
    0x23, 0x00, 0x23, 0x00, 0x23, 0x00, 0x23, 0x00, 0x23, 0x00, 0x23, 0x00, 0x23, 0x00, 0x23, 0x00,
    0x23, 0x00, 0x23, 0x00, 0x23, 0x00, 0x23, 0x00, 0x23, 0x00, 0x23, 0x00, 0x23, 0x00, 0x23, 0x00,
    0x23, 0x00, 0x23, 0x00, 0x23, 0x00, 0x23, 0x00, 0x23, 0x00, 0x23, 0x00, 0x23, 0x00, 0x23, 0x00,
    0x23, 0x00, 0x23, 0x00, 0x23, 0x00, 0x23, 0x00, 0x23, 0x00, 0x23, 0x00, 0x23, 0x00, 0x23, 0x00,
    0x23, 0x00, 0x23, 0x00, 0x23, 0x00, 0x23, 0x00, 0x23, 0x00, 0x23, 0x00, 0x23, 0x00, 0x23, 0x00,
    0x23, 0x00, 0x23, 0x00, 0x23, 0x00, 0x23, 0x00, 0x23, 0x00, 0x23, 0x00, 0x23, 0x00, 0x23, 0x00,
    0x23, 0x00, 0x23, 0x00, 0x23, 0x00, 0x23, 0x00, 0x23, 0x00, 0x23, 0x00, 0x23, 0x00, 0x23, 0x00,
    0x23, 0x00, 0x23, 0x00, 0x23, 0x00, 0x23, 0x00, 0x8a, 0x00, 0x46, 0x00, 0x23, 0x00, 0x23, 0x00,
    0x23, 0x00, 0x51, 0x01, 0x51, 0x01, 0x00, 0x00, 0x00, 0x00, 0x00, 0x00, 0x00, 0x00, 0x00, 0x00,
    0x00, 0x00, 0x8a, 0x00, 0xe8, 0x00, 0x00, 0x00, 0x00, 0x00, 0x00, 0x00, 0x00, 0x00, 0x00, 0x00,
    0x46, 0x00, 0x0c, 0x01, 0x23, 0x00, 0x00, 0x00, 0x00, 0x00, 0x00, 0x00, 0x00, 0x00, 0x00, 0x00,
    0x00, 0x00, 0x00, 0x00, 0x00, 0x00, 0x00, 0x00, 0x00, 0x00, 0x00, 0x00, 0x00, 0x00, 0x33, 0x01,
    0x51, 0x01, 0x23, 0x00, 0x23, 0x00, 0x23, 0x00, 0x46, 0x00, 0x8a, 0x00, 0x23, 0x00, 0x23, 0x00,
    0x23, 0x00, 0x23, 0x00, 0x23, 0x00, 0x23, 0x00, 0x23, 0x00, 0x23, 0x00, 0x23, 0x00, 0x23, 0x00,
    0x23, 0x00, 0x23, 0x00, 0x23, 0x00, 0x23, 0x00, 0x23, 0x00, 0x23, 0x00, 0x23, 0x00, 0x23, 0x00,
    0x23, 0x00, 0x23, 0x00, 0x23, 0x00, 0x23, 0x00, 0x23, 0x00, 0x23, 0x00, 0x23, 0x00, 0x23, 0x00,
    0x23, 0x00, 0x23, 0x00, 0x23, 0x00, 0x23, 0x00, 0x23, 0x00, 0x23, 0x00, 0x23, 0x00, 0x23, 0x00,
    0x23, 0x00, 0x23, 0x00, 0x23, 0x00, 0x23, 0x00, 0x23, 0x00, 0x23, 0x00, 0x23, 0x00, 0x23, 0x00,
    0x23, 0x00, 0x23, 0x00, 0x23, 0x00, 0x23, 0x00, 0x23, 0x00, 0x23, 0x00, 0x23, 0x00, 0x23, 0x00,
    0x23, 0x00, 0x23, 0x00, 0x23, 0x00, 0x23, 0x00, 0x23, 0x00, 0x23, 0x00, 0x23, 0x00, 0x23, 0x00,
    0x23, 0x00, 0x23, 0x00, 0x23, 0x00, 0x23, 0x00, 0x23, 0x00, 0x23, 0x00, 0x23, 0x00, 0x23, 0x00,
    0x23, 0x00, 0x23, 0x00, 0x23, 0x00, 0x23, 0x00, 0x23, 0x00, 0x23, 0x00, 0x23, 0x00, 0x23, 0x00,
    0x23, 0x00, 0x23, 0x00, 0x23, 0x00, 0x23, 0x00, 0x23, 0x00, 0x23, 0x00, 0x23, 0x00, 0x23, 0x00,
    0x23, 0x00, 0x23, 0x00, 0x23, 0x00, 0x23, 0x00, 0x23, 0x00, 0x23, 0x00, 0x23, 0x00, 0x23, 0x00,
    0x23, 0x00, 0x23, 0x00, 0x23, 0x00, 0x23, 0x00, 0x23, 0x00, 0x23, 0x00, 0x23, 0x00, 0x23, 0x00,
    0x23, 0x00, 0x23, 0x00, 0x23, 0x00, 0x23, 0x00, 0x23, 0x00, 0x23, 0x00, 0x23, 0x00, 0x23, 0x00,
    0x23, 0x00, 0x23, 0x00, 0x23, 0x00, 0x23, 0x00, 0x23, 0x00, 0x23, 0x00, 0x23, 0x00, 0x23, 0x00,
    0x23, 0x00, 0x23, 0x00, 0x23, 0x00, 0x23, 0x00, 0x23, 0x00, 0x23, 0x00, 0x23, 0x00, 0x23, 0x00,
    0x23, 0x00, 0x23, 0x00, 0x23, 0x00, 0x23, 0x00, 0x23, 0x00, 0x23, 0x00, 0x23, 0x00, 0x23, 0x00,
    0x23, 0x00, 0x23, 0x00, 0x23, 0x00, 0x23, 0x00, 0x23, 0x00, 0x23, 0x00, 0x23, 0x00, 0x23, 0x00,
    0x23, 0x00, 0x23, 0x00, 0x23, 0x00, 0x23, 0x00, 0x23, 0x00, 0x23, 0x00, 0x23, 0x00, 0x23, 0x00,
    0x23, 0x00, 0x23, 0x00, 0x23, 0x00, 0x23, 0x00, 0x23, 0x00, 0x23, 0x00, 0x23, 0x00, 0x23, 0x00,
    0x23, 0x00, 0x23, 0x00, 0x23, 0x00, 0x23, 0x00, 0x23, 0x00, 0x23, 0x00, 0x23, 0x00, 0x23, 0x00,
    0x23, 0x00, 0x23, 0x00, 0x23, 0x00, 0x23, 0x00, 0x23, 0x00, 0x23, 0x00, 0x23, 0x00, 0x23, 0x00,
    0x23, 0x00, 0x23, 0x00, 0x23, 0x00, 0x23, 0x00, 0x23, 0x00, 0x23, 0x00, 0x23, 0x00, 0x23, 0x00,
    0x23, 0x00, 0x23, 0x00, 0x23, 0x00, 0x23, 0x00, 0x23, 0x00, 0x23, 0x00, 0x23, 0x00, 0x23, 0x00,
    0x23, 0x00, 0x23, 0x00, 0x23, 0x00, 0x23, 0x00, 0x23, 0x00, 0x23, 0x00, 0x23, 0x00, 0x23, 0x00,
    0x23, 0x00, 0x23, 0x00, 0x23, 0x00, 0x23, 0x00, 0x8a, 0x00, 0xe8, 0x00, 0x23, 0x00, 0x23, 0x00,
    0x23, 0x00, 0x51, 0x01, 0x51, 0x01, 0x00, 0x00, 0x00, 0x00, 0x00, 0x00, 0x00, 0x00, 0x00, 0x00,
    0x00, 0x00, 0x8a, 0x00, 0xe8, 0x00, 0x00, 0x00, 0x00, 0x00, 0x00, 0x00, 0x00, 0x00, 0x00, 0x00,
    0x46, 0x00, 0x8a, 0x00, 0x23, 0x00, 0x00, 0x00, 0x00, 0x00, 0x00, 0x00, 0x00, 0x00, 0x00, 0x00,
    0x00, 0x00, 0x00, 0x00, 0x00, 0x00, 0x00, 0x00, 0x00, 0x00, 0x00, 0x00, 0x00, 0x00, 0x33, 0x01,
    0x51, 0x01, 0x23, 0x00, 0x23, 0x00, 0x23, 0x00, 0x46, 0x00, 0x8a, 0x00, 0x23, 0x00, 0x23, 0x00,
    0x23, 0x00, 0x23, 0x00, 0x23, 0x00, 0x23, 0x00, 0x23, 0x00, 0x23, 0x00, 0x23, 0x00, 0x23, 0x00,
    0x23, 0x00, 0x23, 0x00, 0x23, 0x00, 0x23, 0x00, 0x23, 0x00, 0x23, 0x00, 0x23, 0x00, 0x23, 0x00,
    0x23, 0x00, 0x23, 0x00, 0x23, 0x00, 0x23, 0x00, 0x23, 0x00, 0x23, 0x00, 0x23, 0x00, 0x23, 0x00,
    0x23, 0x00, 0x23, 0x00, 0x23, 0x00, 0x23, 0x00, 0x23, 0x00, 0x23, 0x00, 0x23, 0x00, 0x23, 0x00,
    0x23, 0x00, 0x23, 0x00, 0x23, 0x00, 0x23, 0x00, 0x23, 0x00, 0x23, 0x00, 0x23, 0x00, 0x23, 0x00,
    0x23, 0x00, 0x23, 0x00, 0x23, 0x00, 0x23, 0x00, 0x23, 0x00, 0x23, 0x00, 0x23, 0x00, 0x23, 0x00,
    0x23, 0x00, 0x23, 0x00, 0x23, 0x00, 0x23, 0x00, 0x23, 0x00, 0x23, 0x00, 0x23, 0x00, 0x23, 0x00,
    0x23, 0x00, 0x23, 0x00, 0x23, 0x00, 0x23, 0x00, 0x23, 0x00, 0x23, 0x00, 0x23, 0x00, 0x23, 0x00,
    0x23, 0x00, 0x23, 0x00, 0x23, 0x00, 0x23, 0x00, 0x23, 0x00, 0x23, 0x00, 0x23, 0x00, 0x23, 0x00,
    0x23, 0x00, 0x23, 0x00, 0x23, 0x00, 0x23, 0x00, 0x23, 0x00, 0x23, 0x00, 0x23, 0x00, 0x23, 0x00,
    0x23, 0x00, 0x23, 0x00, 0x23, 0x00, 0x23, 0x00, 0x23, 0x00, 0x23, 0x00, 0x23, 0x00, 0x23, 0x00,
    0x23, 0x00, 0x23, 0x00, 0x23, 0x00, 0x23, 0x00, 0x23, 0x00, 0x23, 0x00, 0x23, 0x00, 0x23, 0x00,
    0x23, 0x00, 0x23, 0x00, 0x23, 0x00, 0x23, 0x00, 0x23, 0x00, 0x23, 0x00, 0x23, 0x00, 0x23, 0x00,
    0x23, 0x00, 0x23, 0x00, 0x23, 0x00, 0x23, 0x00, 0x23, 0x00, 0x23, 0x00, 0x23, 0x00, 0x23, 0x00,
    0x23, 0x00, 0x23, 0x00, 0x23, 0x00, 0x23, 0x00, 0x23, 0x00, 0x23, 0x00, 0x23, 0x00, 0x23, 0x00,
    0x23, 0x00, 0x23, 0x00, 0x23, 0x00, 0x23, 0x00, 0x23, 0x00, 0x23, 0x00, 0x23, 0x00, 0x23, 0x00,
    0x23, 0x00, 0x23, 0x00, 0x23, 0x00, 0x23, 0x00, 0x23, 0x00, 0x23, 0x00, 0x23, 0x00, 0x23, 0x00,
    0x23, 0x00, 0x23, 0x00, 0x23, 0x00, 0x23, 0x00, 0x23, 0x00, 0x23, 0x00, 0x23, 0x00, 0x23, 0x00,
    0x23, 0x00, 0x23, 0x00, 0x23, 0x00, 0x23, 0x00, 0x23, 0x00, 0x23, 0x00, 0x23, 0x00, 0x23, 0x00,
    0x23, 0x00, 0x23, 0x00, 0x23, 0x00, 0x23, 0x00, 0x23, 0x00, 0x23, 0x00, 0x23, 0x00, 0x23, 0x00,
    0x23, 0x00, 0x23, 0x00, 0x23, 0x00, 0x23, 0x00, 0x23, 0x00, 0x23, 0x00, 0x23, 0x00, 0x23, 0x00,
    0x23, 0x00, 0x23, 0x00, 0x23, 0x00, 0x23, 0x00, 0x23, 0x00, 0x23, 0x00, 0x23, 0x00, 0x23, 0x00,
    0x23, 0x00, 0x23, 0x00, 0x23, 0x00, 0x23, 0x00, 0x23, 0x00, 0x23, 0x00, 0x23, 0x00, 0x23, 0x00,
    0x23, 0x00, 0x23, 0x00, 0x23, 0x00, 0x23, 0x00, 0x23, 0x00, 0x23, 0x00, 0x23, 0x00, 0x23, 0x00,
    0x23, 0x00, 0x23, 0x00, 0x23, 0x00, 0x23, 0x00, 0xe8, 0x00, 0xe8, 0x00, 0x23, 0x00, 0x23, 0x00,
    0x23, 0x00, 0x51, 0x01, 0x51, 0x01, 0x00, 0x00, 0x00, 0x00, 0x00, 0x00, 0x00, 0x00, 0x00, 0x00,
    0x00, 0x00, 0x8a, 0x00, 0xe8, 0x00, 0x00, 0x00, 0x23, 0x00, 0xef, 0x00, 0x8a, 0x00, 0x00, 0x00,
    0x46, 0x00, 0x0c, 0x01, 0x23, 0x00, 0x00, 0x00, 0x00, 0x00, 0x00, 0x00, 0x00, 0x00, 0x00, 0x00,
    0x00, 0x00, 0x00, 0x00, 0x00, 0x00, 0x00, 0x00, 0x00, 0x00, 0x00, 0x00, 0x00, 0x00, 0x33, 0x01,
    0x51, 0x01, 0x23, 0x00, 0x23, 0x00, 0x23, 0x00, 0x46, 0x00, 0x8a, 0x00, 0x23, 0x00, 0x23, 0x00,
    0x23, 0x00, 0x23, 0x00, 0x23, 0x00, 0x23, 0x00, 0x23, 0x00, 0x23, 0x00, 0x23, 0x00, 0x23, 0x00,
    0x23, 0x00, 0x23, 0x00, 0x23, 0x00, 0x23, 0x00, 0x23, 0x00, 0x23, 0x00, 0x23, 0x00, 0x23, 0x00,
    0x23, 0x00, 0x23, 0x00, 0x23, 0x00, 0x23, 0x00, 0x23, 0x00, 0x23, 0x00, 0x23, 0x00, 0x23, 0x00,
    0x23, 0x00, 0x23, 0x00, 0x23, 0x00, 0x23, 0x00, 0x23, 0x00, 0x23, 0x00, 0x23, 0x00, 0x23, 0x00,
    0x23, 0x00, 0x23, 0x00, 0x23, 0x00, 0x23, 0x00, 0x23, 0x00, 0x23, 0x00, 0x23, 0x00, 0x23, 0x00,
    0x23, 0x00, 0x23, 0x00, 0x23, 0x00, 0x23, 0x00, 0x23, 0x00, 0x23, 0x00, 0x23, 0x00, 0x23, 0x00,
    0x23, 0x00, 0x23, 0x00, 0x23, 0x00, 0x23, 0x00, 0x23, 0x00, 0x23, 0x00, 0x23, 0x00, 0x23, 0x00,
    0x23, 0x00, 0x23, 0x00, 0x23, 0x00, 0x23, 0x00, 0x23, 0x00, 0x23, 0x00, 0x23, 0x00, 0x23, 0x00,
    0x23, 0x00, 0x23, 0x00, 0x23, 0x00, 0x23, 0x00, 0x23, 0x00, 0x23, 0x00, 0x23, 0x00, 0x23, 0x00,
    0x23, 0x00, 0x23, 0x00, 0x23, 0x00, 0x23, 0x00, 0x23, 0x00, 0x23, 0x00, 0x23, 0x00, 0x23, 0x00,
    0x23, 0x00, 0x23, 0x00, 0x23, 0x00, 0x23, 0x00, 0x23, 0x00, 0x23, 0x00, 0x23, 0x00, 0x23, 0x00,
    0x23, 0x00, 0x23, 0x00, 0x23, 0x00, 0x23, 0x00, 0x23, 0x00, 0x23, 0x00, 0x23, 0x00, 0x23, 0x00,
    0x23, 0x00, 0x23, 0x00, 0x23, 0x00, 0x23, 0x00, 0x23, 0x00, 0x23, 0x00, 0x23, 0x00, 0x23, 0x00,
    0x23, 0x00, 0x23, 0x00, 0x23, 0x00, 0x23, 0x00, 0x23, 0x00, 0x23, 0x00, 0x23, 0x00, 0x23, 0x00,
    0x23, 0x00, 0x23, 0x00, 0x23, 0x00, 0x23, 0x00, 0x23, 0x00, 0x23, 0x00, 0x23, 0x00, 0x23, 0x00,
    0x23, 0x00, 0x23, 0x00, 0x23, 0x00, 0x23, 0x00, 0x23, 0x00, 0x23, 0x00, 0x23, 0x00, 0x23, 0x00,
    0x23, 0x00, 0x23, 0x00, 0x23, 0x00, 0x23, 0x00, 0x23, 0x00, 0x23, 0x00, 0x23, 0x00, 0x23, 0x00,
    0x23, 0x00, 0x23, 0x00, 0x23, 0x00, 0x23, 0x00, 0x23, 0x00, 0x23, 0x00, 0x23, 0x00, 0x23, 0x00,
    0x23, 0x00, 0x23, 0x00, 0x23, 0x00, 0x23, 0x00, 0x23, 0x00, 0x23, 0x00, 0x23, 0x00, 0x23, 0x00,
    0x23, 0x00, 0x23, 0x00, 0x23, 0x00, 0x23, 0x00, 0x23, 0x00, 0x23, 0x00, 0x23, 0x00, 0x23, 0x00,
    0x23, 0x00, 0x23, 0x00, 0x23, 0x00, 0x23, 0x00, 0x23, 0x00, 0x23, 0x00, 0x23, 0x00, 0x23, 0x00,
    0x23, 0x00, 0x23, 0x00, 0x23, 0x00, 0x23, 0x00, 0x23, 0x00, 0x23, 0x00, 0x23, 0x00, 0x23, 0x00,
    0x23, 0x00, 0x23, 0x00, 0x23, 0x00, 0x23, 0x00, 0x23, 0x00, 0x23, 0x00, 0x23, 0x00, 0x23, 0x00,
    0x23, 0x00, 0x23, 0x00, 0x23, 0x00, 0x23, 0x00, 0x23, 0x00, 0x23, 0x00, 0x23, 0x00, 0x23, 0x00,
    0x23, 0x00, 0x23, 0x00, 0x23, 0x00, 0x23, 0x00, 0xe8, 0x00, 0xe8, 0x00, 0x23, 0x00, 0x23, 0x00,
    0x23, 0x00, 0x51, 0x01, 0x51, 0x01, 0x00, 0x00, 0x00, 0x00, 0x00, 0x00, 0x00, 0x00, 0x00, 0x00,
    0x00, 0x00, 0x8a, 0x00, 0xe8, 0x00, 0x00, 0x00, 0x46, 0x00, 0xb5, 0x01, 0x51, 0x01, 0x00, 0x00,
    0x46, 0x00, 0x0c, 0x01, 0x23, 0x00, 0x00, 0x00, 0x00, 0x00, 0x00, 0x00, 0x00, 0x00, 0x00, 0x00,
    0x00, 0x00, 0x00, 0x00, 0x00, 0x00, 0x00, 0x00, 0x00, 0x00, 0x00, 0x00, 0x00, 0x00, 0x33, 0x01,
    0x51, 0x01, 0x23, 0x00, 0x23, 0x00, 0x23, 0x00, 0x46, 0x00, 0x8a, 0x00, 0x23, 0x00, 0x23, 0x00,
    0x23, 0x00, 0x23, 0x00, 0x23, 0x00, 0x23, 0x00, 0x23, 0x00, 0x23, 0x00, 0x23, 0x00, 0x23, 0x00,
    0x23, 0x00, 0x23, 0x00, 0x23, 0x00, 0x23, 0x00, 0x23, 0x00, 0x23, 0x00, 0x23, 0x00, 0x23, 0x00,
    0x23, 0x00, 0x23, 0x00, 0x23, 0x00, 0x23, 0x00, 0x23, 0x00, 0x23, 0x00, 0x23, 0x00, 0x23, 0x00,
    0x23, 0x00, 0x23, 0x00, 0x23, 0x00, 0x23, 0x00, 0x23, 0x00, 0x23, 0x00, 0x23, 0x00, 0x23, 0x00,
    0x23, 0x00, 0x23, 0x00, 0x23, 0x00, 0x23, 0x00, 0x23, 0x00, 0x23, 0x00, 0x23, 0x00, 0x23, 0x00,
    0x23, 0x00, 0x23, 0x00, 0x23, 0x00, 0x23, 0x00, 0x23, 0x00, 0x23, 0x00, 0x23, 0x00, 0x23, 0x00,
    0x23, 0x00, 0x23, 0x00, 0x23, 0x00, 0x23, 0x00, 0x23, 0x00, 0x23, 0x00, 0x23, 0x00, 0x23, 0x00,
    0x23, 0x00, 0x23, 0x00, 0x23, 0x00, 0x23, 0x00, 0x23, 0x00, 0x23, 0x00, 0x23, 0x00, 0x23, 0x00,
    0x23, 0x00, 0x23, 0x00, 0x23, 0x00, 0x23, 0x00, 0x23, 0x00, 0x23, 0x00, 0x23, 0x00, 0x23, 0x00,
    0x23, 0x00, 0x23, 0x00, 0x23, 0x00, 0x23, 0x00, 0x23, 0x00, 0x23, 0x00, 0x23, 0x00, 0x23, 0x00,
    0x23, 0x00, 0x23, 0x00, 0x23, 0x00, 0x23, 0x00, 0x23, 0x00, 0x23, 0x00, 0x23, 0x00, 0x23, 0x00,
    0x23, 0x00, 0x23, 0x00, 0x23, 0x00, 0x23, 0x00, 0x23, 0x00, 0x23, 0x00, 0x23, 0x00, 0x23, 0x00,
    0x23, 0x00, 0x23, 0x00, 0x23, 0x00, 0x23, 0x00, 0x23, 0x00, 0x23, 0x00, 0x23, 0x00, 0x23, 0x00,
    0x23, 0x00, 0x23, 0x00, 0x23, 0x00, 0x23, 0x00, 0x23, 0x00, 0x23, 0x00, 0x23, 0x00, 0x23, 0x00,
    0x23, 0x00, 0x23, 0x00, 0x23, 0x00, 0x23, 0x00, 0x23, 0x00, 0x23, 0x00, 0x23, 0x00, 0x23, 0x00,
    0x23, 0x00, 0x23, 0x00, 0x23, 0x00, 0x23, 0x00, 0x23, 0x00, 0x23, 0x00, 0x23, 0x00, 0x23, 0x00,
    0x23, 0x00, 0x23, 0x00, 0x23, 0x00, 0x23, 0x00, 0x23, 0x00, 0x23, 0x00, 0x23, 0x00, 0x23, 0x00,
    0x23, 0x00, 0x23, 0x00, 0x23, 0x00, 0x23, 0x00, 0x23, 0x00, 0x23, 0x00, 0x23, 0x00, 0x23, 0x00,
    0x23, 0x00, 0x23, 0x00, 0x23, 0x00, 0x23, 0x00, 0x23, 0x00, 0x23, 0x00, 0x23, 0x00, 0x23, 0x00,
    0x23, 0x00, 0x23, 0x00, 0x23, 0x00, 0x23, 0x00, 0x23, 0x00, 0x23, 0x00, 0x23, 0x00, 0x23, 0x00,
    0x23, 0x00, 0x23, 0x00, 0x23, 0x00, 0x23, 0x00, 0x23, 0x00, 0x23, 0x00, 0x23, 0x00, 0x23, 0x00,
    0x23, 0x00, 0x23, 0x00, 0x23, 0x00, 0x23, 0x00, 0x23, 0x00, 0x23, 0x00, 0x23, 0x00, 0x23, 0x00,
    0x23, 0x00, 0x23, 0x00, 0x23, 0x00, 0x23, 0x00, 0x23, 0x00, 0x23, 0x00, 0x23, 0x00, 0x23, 0x00,
    0x23, 0x00, 0x23, 0x00, 0x23, 0x00, 0x23, 0x00, 0x23, 0x00, 0x23, 0x00, 0x23, 0x00, 0x23, 0x00,
    0x23, 0x00, 0x23, 0x00, 0x23, 0x00, 0x23, 0x00, 0x8a, 0x00, 0x8a, 0x00, 0x23, 0x00, 0x23, 0x00,
    0x23, 0x00, 0x51, 0x01, 0x51, 0x01, 0x00, 0x00, 0x00, 0x00, 0x00, 0x00, 0x00, 0x00, 0x00, 0x00,
    0x00, 0x00, 0x8a, 0x00, 0xe8, 0x00, 0x00, 0x00, 0x46, 0x00, 0x33, 0x01, 0x51, 0x01, 0x00, 0x00,
    0x46, 0x00, 0x0c, 0x01, 0x23, 0x00, 0x00, 0x00, 0x00, 0x00, 0x00, 0x00, 0x00, 0x00, 0x00, 0x00,
    0x00, 0x00, 0x00, 0x00, 0x00, 0x00, 0x00, 0x00, 0x00, 0x00, 0x00, 0x00, 0x00, 0x00, 0x33, 0x01,
    0x51, 0x01, 0x23, 0x00, 0x23, 0x00, 0x23, 0x00, 0x46, 0x00, 0x8a, 0x00, 0x23, 0x00, 0x23, 0x00,
    0x23, 0x00, 0x23, 0x00, 0x23, 0x00, 0x23, 0x00, 0x23, 0x00, 0x23, 0x00, 0x23, 0x00, 0x23, 0x00,
    0x23, 0x00, 0x23, 0x00, 0x23, 0x00, 0x23, 0x00, 0x23, 0x00, 0x23, 0x00, 0x23, 0x00, 0x23, 0x00,
    0x23, 0x00, 0x23, 0x00, 0x23, 0x00, 0x23, 0x00, 0x23, 0x00, 0x23, 0x00, 0x23, 0x00, 0x23, 0x00,
    0x23, 0x00, 0x23, 0x00, 0x23, 0x00, 0x23, 0x00, 0x23, 0x00, 0x23, 0x00, 0x23, 0x00, 0x23, 0x00,
    0x23, 0x00, 0x23, 0x00, 0x23, 0x00, 0x23, 0x00, 0x23, 0x00, 0x23, 0x00, 0x23, 0x00, 0x23, 0x00,
    0x23, 0x00, 0x23, 0x00, 0x23, 0x00, 0x23, 0x00, 0x23, 0x00, 0x23, 0x00, 0x23, 0x00, 0x23, 0x00,
    0x23, 0x00, 0x23, 0x00, 0x23, 0x00, 0x23, 0x00, 0x23, 0x00, 0x23, 0x00, 0x23, 0x00, 0x23, 0x00,
    0x23, 0x00, 0x23, 0x00, 0x23, 0x00, 0x23, 0x00, 0x23, 0x00, 0x23, 0x00, 0x23, 0x00, 0x23, 0x00,
    0x23, 0x00, 0x23, 0x00, 0x23, 0x00, 0x23, 0x00, 0x23, 0x00, 0x23, 0x00, 0x23, 0x00, 0x23, 0x00,
    0x23, 0x00, 0x23, 0x00, 0x23, 0x00, 0x23, 0x00, 0x23, 0x00, 0x23, 0x00, 0x23, 0x00, 0x23, 0x00,
    0x23, 0x00, 0x23, 0x00, 0x23, 0x00, 0x23, 0x00, 0x23, 0x00, 0x23, 0x00, 0x23, 0x00, 0x23, 0x00,
    0x23, 0x00, 0x23, 0x00, 0x23, 0x00, 0x23, 0x00, 0x23, 0x00, 0x23, 0x00, 0x23, 0x00, 0x23, 0x00,
    0x23, 0x00, 0x23, 0x00, 0x23, 0x00, 0x23, 0x00, 0x23, 0x00, 0x23, 0x00, 0x23, 0x00, 0x23, 0x00,
    0x23, 0x00, 0x23, 0x00, 0x23, 0x00, 0x23, 0x00, 0x23, 0x00, 0x23, 0x00, 0x23, 0x00, 0x23, 0x00,
    0x23, 0x00, 0x23, 0x00, 0x23, 0x00, 0x23, 0x00, 0x23, 0x00, 0x23, 0x00, 0x23, 0x00, 0x23, 0x00,
    0x23, 0x00, 0x23, 0x00, 0x23, 0x00, 0x23, 0x00, 0x23, 0x00, 0x23, 0x00, 0x23, 0x00, 0x23, 0x00,
    0x23, 0x00, 0x23, 0x00, 0x23, 0x00, 0x23, 0x00, 0x23, 0x00, 0x23, 0x00, 0x23, 0x00, 0x23, 0x00,
    0x23, 0x00, 0x23, 0x00, 0x23, 0x00, 0x23, 0x00, 0x23, 0x00, 0x23, 0x00, 0x23, 0x00, 0x23, 0x00,
    0x23, 0x00, 0x23, 0x00, 0x23, 0x00, 0x23, 0x00, 0x23, 0x00, 0x23, 0x00, 0x23, 0x00, 0x23, 0x00,
    0x23, 0x00, 0x23, 0x00, 0x23, 0x00, 0x23, 0x00, 0x23, 0x00, 0x23, 0x00, 0x23, 0x00, 0x23, 0x00,
    0x23, 0x00, 0x23, 0x00, 0x23, 0x00, 0x23, 0x00, 0x23, 0x00, 0x23, 0x00, 0x23, 0x00, 0x23, 0x00,
    0x23, 0x00, 0x23, 0x00, 0x23, 0x00, 0x23, 0x00, 0x23, 0x00, 0x23, 0x00, 0x23, 0x00, 0x23, 0x00,
    0x23, 0x00, 0x23, 0x00, 0x23, 0x00, 0x23, 0x00, 0x23, 0x00, 0x23, 0x00, 0x23, 0x00, 0x23, 0x00,
    0x23, 0x00, 0x23, 0x00, 0x23, 0x00, 0x23, 0x00, 0x23, 0x00, 0x23, 0x00, 0x23, 0x00, 0x23, 0x00,
    0x23, 0x00, 0x23, 0x00, 0x23, 0x00, 0x23, 0x00, 0x8a, 0x00, 0xe8, 0x00, 0x23, 0x00, 0x23, 0x00,
    0x23, 0x00, 0x51, 0x01, 0x51, 0x01, 0x00, 0x00, 0x00, 0x00, 0x00, 0x00, 0x00, 0x00, 0x00, 0x00,
    0x00, 0x00, 0x8a, 0x00, 0xe8, 0x00, 0x00, 0x00, 0xe8, 0x00, 0xb5, 0x01, 0xef, 0x00, 0x00, 0x00,
    0x46, 0x00, 0x0c, 0x01, 0x23, 0x00, 0x00, 0x00, 0x00, 0x00, 0x00, 0x00, 0x00, 0x00, 0x00, 0x00,
    0x00, 0x00, 0x00, 0x00, 0x00, 0x00, 0x00, 0x00, 0x00, 0x00, 0x00, 0x00, 0x00, 0x00, 0x33, 0x01,
    0x51, 0x01, 0x23, 0x00, 0x23, 0x00, 0x23, 0x00, 0x46, 0x00, 0x8a, 0x00, 0x23, 0x00, 0x23, 0x00,
    0x23, 0x00, 0x23, 0x00, 0x23, 0x00, 0x23, 0x00, 0x23, 0x00, 0x23, 0x00, 0x23, 0x00, 0x23, 0x00,
    0x23, 0x00, 0x23, 0x00, 0x23, 0x00, 0x23, 0x00, 0x23, 0x00, 0x23, 0x00, 0x23, 0x00, 0x23, 0x00,
    0x23, 0x00, 0x23, 0x00, 0x23, 0x00, 0x23, 0x00, 0x23, 0x00, 0x23, 0x00, 0x23, 0x00, 0x23, 0x00,
    0x23, 0x00, 0x23, 0x00, 0x23, 0x00, 0x23, 0x00, 0x23, 0x00, 0x23, 0x00, 0x23, 0x00, 0x23, 0x00,
    0x23, 0x00, 0x23, 0x00, 0x23, 0x00, 0x23, 0x00, 0x23, 0x00, 0x23, 0x00, 0x23, 0x00, 0x23, 0x00,
    0x23, 0x00, 0x23, 0x00, 0x23, 0x00, 0x23, 0x00, 0x23, 0x00, 0x23, 0x00, 0x23, 0x00, 0x23, 0x00,
    0x23, 0x00, 0x23, 0x00, 0x23, 0x00, 0x23, 0x00, 0x23, 0x00, 0x23, 0x00, 0x23, 0x00, 0x23, 0x00,
    0x23, 0x00, 0x23, 0x00, 0x23, 0x00, 0x23, 0x00, 0x23, 0x00, 0x23, 0x00, 0x23, 0x00, 0x23, 0x00,
    0x23, 0x00, 0x23, 0x00, 0x23, 0x00, 0x23, 0x00, 0x23, 0x00, 0x23, 0x00, 0x23, 0x00, 0x23, 0x00,
    0x23, 0x00, 0x23, 0x00, 0x23, 0x00, 0x23, 0x00, 0x23, 0x00, 0x23, 0x00, 0x23, 0x00, 0x23, 0x00,
    0x23, 0x00, 0x23, 0x00, 0x23, 0x00, 0x23, 0x00, 0x23, 0x00, 0x23, 0x00, 0x23, 0x00, 0x23, 0x00,
    0x23, 0x00, 0x23, 0x00, 0x23, 0x00, 0x23, 0x00, 0x23, 0x00, 0x23, 0x00, 0x23, 0x00, 0x23, 0x00,
    0x23, 0x00, 0x23, 0x00, 0x23, 0x00, 0x23, 0x00, 0x23, 0x00, 0x23, 0x00, 0x23, 0x00, 0x23, 0x00,
    0x23, 0x00, 0x23, 0x00, 0x23, 0x00, 0x23, 0x00, 0x23, 0x00, 0x23, 0x00, 0x23, 0x00, 0x23, 0x00,
    0x23, 0x00, 0x23, 0x00, 0x23, 0x00, 0x23, 0x00, 0x23, 0x00, 0x23, 0x00, 0x23, 0x00, 0x23, 0x00,
    0x23, 0x00, 0x23, 0x00, 0x23, 0x00, 0x23, 0x00, 0x23, 0x00, 0x23, 0x00, 0x23, 0x00, 0x23, 0x00,
    0x23, 0x00, 0x23, 0x00, 0x23, 0x00, 0x23, 0x00, 0x23, 0x00, 0x23, 0x00, 0x23, 0x00, 0x23, 0x00,
    0x23, 0x00, 0x23, 0x00, 0x23, 0x00, 0x23, 0x00, 0x23, 0x00, 0x23, 0x00, 0x23, 0x00, 0x23, 0x00,
    0x23, 0x00, 0x23, 0x00, 0x23, 0x00, 0x23, 0x00, 0x23, 0x00, 0x23, 0x00, 0x23, 0x00, 0x23, 0x00,
    0x23, 0x00, 0x23, 0x00, 0x23, 0x00, 0x23, 0x00, 0x23, 0x00, 0x23, 0x00, 0x23, 0x00, 0x23, 0x00,
    0x23, 0x00, 0x23, 0x00, 0x23, 0x00, 0x23, 0x00, 0x23, 0x00, 0x23, 0x00, 0x23, 0x00, 0x23, 0x00,
    0x23, 0x00, 0x23, 0x00, 0x23, 0x00, 0x23, 0x00, 0x23, 0x00, 0x23, 0x00, 0x23, 0x00, 0x23, 0x00,
    0x23, 0x00, 0x23, 0x00, 0x23, 0x00, 0x23, 0x00, 0x23, 0x00, 0x23, 0x00, 0x23, 0x00, 0x23, 0x00,
    0x23, 0x00, 0x23, 0x00, 0x23, 0x00, 0x23, 0x00, 0x23, 0x00, 0x23, 0x00, 0x23, 0x00, 0x23, 0x00,
    0x23, 0x00, 0x23, 0x00, 0x23, 0x00, 0x23, 0x00, 0x8a, 0x00, 0xe8, 0x00, 0x23, 0x00, 0x23, 0x00,
    0x23, 0x00, 0x51, 0x01, 0x51, 0x01, 0x00, 0x00, 0x00, 0x00, 0x00, 0x00, 0x00, 0x00, 0x00, 0x00,
    0x00, 0x00, 0x8a, 0x00, 0xe8, 0x00, 0x00, 0x00, 0xe8, 0x00, 0xb5, 0x01, 0xef, 0x00, 0x00, 0x00,
    0x46, 0x00, 0x0c, 0x01, 0x23, 0x00, 0x00, 0x00, 0x00, 0x00, 0x00, 0x00, 0x00, 0x00, 0x00, 0x00,
    0x00, 0x00, 0x00, 0x00, 0x00, 0x00, 0x00, 0x00, 0x00, 0x00, 0x00, 0x00, 0x00, 0x00, 0x33, 0x01,
    0x51, 0x01, 0x23, 0x00, 0x23, 0x00, 0x23, 0x00, 0x46, 0x00, 0x8a, 0x00, 0x23, 0x00, 0x23, 0x00,
    0x23, 0x00, 0x23, 0x00, 0x23, 0x00, 0x23, 0x00, 0x23, 0x00, 0x23, 0x00, 0x23, 0x00, 0x23, 0x00,
    0x23, 0x00, 0x23, 0x00, 0x23, 0x00, 0x23, 0x00, 0x23, 0x00, 0x23, 0x00, 0x23, 0x00, 0x23, 0x00,
    0x23, 0x00, 0x23, 0x00, 0x23, 0x00, 0x23, 0x00, 0x23, 0x00, 0x23, 0x00, 0x23, 0x00, 0x23, 0x00,
    0x23, 0x00, 0x23, 0x00, 0x23, 0x00, 0x23, 0x00, 0x23, 0x00, 0x23, 0x00, 0x23, 0x00, 0x23, 0x00,
    0x23, 0x00, 0x23, 0x00, 0x23, 0x00, 0x23, 0x00, 0x23, 0x00, 0x23, 0x00, 0x23, 0x00, 0x23, 0x00,
    0x23, 0x00, 0x23, 0x00, 0x23, 0x00, 0x23, 0x00, 0x23, 0x00, 0x23, 0x00, 0x23, 0x00, 0x23, 0x00,
    0x23, 0x00, 0x23, 0x00, 0x23, 0x00, 0x23, 0x00, 0x23, 0x00, 0x23, 0x00, 0x23, 0x00, 0x23, 0x00,
    0x23, 0x00, 0x23, 0x00, 0x23, 0x00, 0x23, 0x00, 0x23, 0x00, 0x23, 0x00, 0x23, 0x00, 0x23, 0x00,
    0x23, 0x00, 0x23, 0x00, 0x23, 0x00, 0x23, 0x00, 0x23, 0x00, 0x23, 0x00, 0x23, 0x00, 0x23, 0x00,
    0x23, 0x00, 0x23, 0x00, 0x23, 0x00, 0x23, 0x00, 0x23, 0x00, 0x23, 0x00, 0x23, 0x00, 0x23, 0x00,
    0x23, 0x00, 0x23, 0x00, 0x23, 0x00, 0x23, 0x00, 0x23, 0x00, 0x23, 0x00, 0x23, 0x00, 0x23, 0x00,
    0x23, 0x00, 0x23, 0x00, 0x23, 0x00, 0x23, 0x00, 0x23, 0x00, 0x23, 0x00, 0x23, 0x00, 0x23, 0x00,
    0x23, 0x00, 0x23, 0x00, 0x23, 0x00, 0x23, 0x00, 0x23, 0x00, 0x23, 0x00, 0x23, 0x00, 0x23, 0x00,
    0x23, 0x00, 0x23, 0x00, 0x23, 0x00, 0x23, 0x00, 0x23, 0x00, 0x23, 0x00, 0x23, 0x00, 0x23, 0x00,
    0x23, 0x00, 0x23, 0x00, 0x23, 0x00, 0x23, 0x00, 0x23, 0x00, 0x23, 0x00, 0x23, 0x00, 0x23, 0x00,
    0x23, 0x00, 0x23, 0x00, 0x23, 0x00, 0x23, 0x00, 0x23, 0x00, 0x23, 0x00, 0x23, 0x00, 0x23, 0x00,
    0x23, 0x00, 0x23, 0x00, 0x23, 0x00, 0x23, 0x00, 0x23, 0x00, 0x23, 0x00, 0x23, 0x00, 0x23, 0x00,
    0x23, 0x00, 0x23, 0x00, 0x23, 0x00, 0x23, 0x00, 0x23, 0x00, 0x23, 0x00, 0x23, 0x00, 0x23, 0x00,
    0x23, 0x00, 0x23, 0x00, 0x23, 0x00, 0x23, 0x00, 0x23, 0x00, 0x23, 0x00, 0x23, 0x00, 0x23, 0x00,
    0x23, 0x00, 0x23, 0x00, 0x23, 0x00, 0x23, 0x00, 0x23, 0x00, 0x23, 0x00, 0x23, 0x00, 0x23, 0x00,
    0x23, 0x00, 0x23, 0x00, 0x23, 0x00, 0x23, 0x00, 0x23, 0x00, 0x23, 0x00, 0x23, 0x00, 0x23, 0x00,
    0x23, 0x00, 0x23, 0x00, 0x23, 0x00, 0x23, 0x00, 0x23, 0x00, 0x23, 0x00, 0x23, 0x00, 0x23, 0x00,
    0x23, 0x00, 0x23, 0x00, 0x23, 0x00, 0x23, 0x00, 0x23, 0x00, 0x23, 0x00, 0x23, 0x00, 0x23, 0x00,
    0x23, 0x00, 0x23, 0x00, 0x23, 0x00, 0x23, 0x00, 0x23, 0x00, 0x23, 0x00, 0x23, 0x00, 0x23, 0x00,
    0x23, 0x00, 0x23, 0x00, 0x23, 0x00, 0x23, 0x00, 0x8a, 0x00, 0x46, 0x00, 0x23, 0x00, 0x23, 0x00,
    0x23, 0x00, 0x51, 0x01, 0x51, 0x01, 0x00, 0x00, 0x00, 0x00, 0x00, 0x00, 0x00, 0x00, 0x00, 0x00,
    0x00, 0x00, 0x8a, 0x00, 0xe8, 0x00, 0x00, 0x00, 0x46, 0x00, 0x33, 0x01, 0x0c, 0x01, 0x00, 0x00,
    0x46, 0x00, 0x8a, 0x00, 0x23, 0x00, 0x00, 0x00, 0x00, 0x00, 0x00, 0x00, 0x00, 0x00, 0x00, 0x00,
    0x00, 0x00, 0x00, 0x00, 0x00, 0x00, 0x00, 0x00, 0x00, 0x00, 0x00, 0x00, 0x00, 0x00, 0x33, 0x01,
    0xef, 0x00, 0x23, 0x00, 0x23, 0x00, 0x23, 0x00, 0x46, 0x00, 0x8a, 0x00, 0x23, 0x00, 0x23, 0x00,
    0x23, 0x00, 0x23, 0x00, 0x23, 0x00, 0x23, 0x00, 0x23, 0x00, 0x23, 0x00, 0x23, 0x00, 0x23, 0x00,
    0x23, 0x00, 0x23, 0x00, 0x23, 0x00, 0x23, 0x00, 0x23, 0x00, 0x23, 0x00, 0x23, 0x00, 0x23, 0x00,
    0x23, 0x00, 0x23, 0x00, 0x23, 0x00, 0x23, 0x00, 0x23, 0x00, 0x23, 0x00, 0x23, 0x00, 0x23, 0x00,
    0x23, 0x00, 0x23, 0x00, 0x23, 0x00, 0x23, 0x00, 0x23, 0x00, 0x23, 0x00, 0x23, 0x00, 0x23, 0x00,
    0x23, 0x00, 0x23, 0x00, 0x23, 0x00, 0x23, 0x00, 0x23, 0x00, 0x23, 0x00, 0x23, 0x00, 0x23, 0x00,
    0x23, 0x00, 0x23, 0x00, 0x23, 0x00, 0x23, 0x00, 0x23, 0x00, 0x23, 0x00, 0x23, 0x00, 0x23, 0x00,
    0x23, 0x00, 0x23, 0x00, 0x23, 0x00, 0x23, 0x00, 0x23, 0x00, 0x23, 0x00, 0x23, 0x00, 0x23, 0x00,
    0x23, 0x00, 0x23, 0x00, 0x23, 0x00, 0x23, 0x00, 0x23, 0x00, 0x23, 0x00, 0x23, 0x00, 0x23, 0x00,
    0x23, 0x00, 0x23, 0x00, 0x23, 0x00, 0x23, 0x00, 0x23, 0x00, 0x23, 0x00, 0x23, 0x00, 0x23, 0x00,
    0x23, 0x00, 0x23, 0x00, 0x23, 0x00, 0x23, 0x00, 0x23, 0x00, 0x23, 0x00, 0x23, 0x00, 0x23, 0x00,
    0x23, 0x00, 0x23, 0x00, 0x23, 0x00, 0x23, 0x00, 0x23, 0x00, 0x23, 0x00, 0x23, 0x00, 0x23, 0x00,
    0x23, 0x00, 0x23, 0x00, 0x23, 0x00, 0x23, 0x00, 0x23, 0x00, 0x23, 0x00, 0x23, 0x00, 0x23, 0x00,
    0x23, 0x00, 0x23, 0x00, 0x23, 0x00, 0x23, 0x00, 0x23, 0x00, 0x23, 0x00, 0x23, 0x00, 0x23, 0x00,
    0x23, 0x00, 0x23, 0x00, 0x23, 0x00, 0x23, 0x00, 0x23, 0x00, 0x23, 0x00, 0x23, 0x00, 0x23, 0x00,
    0x23, 0x00, 0x23, 0x00, 0x23, 0x00, 0x23, 0x00, 0x23, 0x00, 0x23, 0x00, 0x23, 0x00, 0x23, 0x00,
    0x23, 0x00, 0x23, 0x00, 0x23, 0x00, 0x23, 0x00, 0x23, 0x00, 0x23, 0x00, 0x23, 0x00, 0x23, 0x00,
    0x23, 0x00, 0x23, 0x00, 0x23, 0x00, 0x23, 0x00, 0x23, 0x00, 0x23, 0x00, 0x23, 0x00, 0x23, 0x00,
    0x23, 0x00, 0x23, 0x00, 0x23, 0x00, 0x23, 0x00, 0x23, 0x00, 0x23, 0x00, 0x23, 0x00, 0x23, 0x00,
    0x23, 0x00, 0x23, 0x00, 0x23, 0x00, 0x23, 0x00, 0x23, 0x00, 0x23, 0x00, 0x23, 0x00, 0x23, 0x00,
    0x23, 0x00, 0x23, 0x00, 0x23, 0x00, 0x23, 0x00, 0x23, 0x00, 0x23, 0x00, 0x23, 0x00, 0x23, 0x00,
    0x23, 0x00, 0x23, 0x00, 0x23, 0x00, 0x23, 0x00, 0x23, 0x00, 0x23, 0x00, 0x23, 0x00, 0x23, 0x00,
    0x23, 0x00, 0x23, 0x00, 0x23, 0x00, 0x23, 0x00, 0x23, 0x00, 0x23, 0x00, 0x23, 0x00, 0x23, 0x00,
    0x23, 0x00, 0x23, 0x00, 0x23, 0x00, 0x23, 0x00, 0x23, 0x00, 0x23, 0x00, 0x23, 0x00, 0x23, 0x00,
    0x23, 0x00, 0x23, 0x00, 0x23, 0x00, 0x23, 0x00, 0x23, 0x00, 0x23, 0x00, 0x23, 0x00, 0x23, 0x00,
    0x23, 0x00, 0x23, 0x00, 0x23, 0x00, 0x23, 0x00, 0x8a, 0x00, 0xe8, 0x00, 0x23, 0x00, 0x23, 0x00,
    0x23, 0x00, 0x51, 0x01, 0x51, 0x01, 0x00, 0x00, 0x00, 0x00, 0x00, 0x00, 0x00, 0x00, 0x00, 0x00,
    0x00, 0x00, 0x8a, 0x00, 0xe8, 0x00, 0x00, 0x00, 0x00, 0x00, 0x00, 0x00, 0x00, 0x00, 0x00, 0x00,
    0x46, 0x00, 0x8a, 0x00, 0x23, 0x00, 0x00, 0x00, 0x00, 0x00, 0x00, 0x00, 0x00, 0x00, 0x00, 0x00,
    0x00, 0x00, 0x00, 0x00, 0x00, 0x00, 0x00, 0x00, 0x00, 0x00, 0x00, 0x00, 0x00, 0x00, 0x33, 0x01,
    0xef, 0x00, 0x23, 0x00, 0x23, 0x00, 0x23, 0x00, 0x46, 0x00, 0x8a, 0x00, 0x23, 0x00, 0x23, 0x00,
    0x23, 0x00, 0x23, 0x00, 0x23, 0x00, 0x23, 0x00, 0x23, 0x00, 0x23, 0x00, 0x23, 0x00, 0x23, 0x00,
    0x23, 0x00, 0x23, 0x00, 0x23, 0x00, 0x23, 0x00, 0x23, 0x00, 0x23, 0x00, 0x23, 0x00, 0x23, 0x00,
    0x23, 0x00, 0x23, 0x00, 0x23, 0x00, 0x23, 0x00, 0x23, 0x00, 0x23, 0x00, 0x23, 0x00, 0x23, 0x00,
    0x23, 0x00, 0x23, 0x00, 0x23, 0x00, 0x23, 0x00, 0x23, 0x00, 0x23, 0x00, 0x23, 0x00, 0x23, 0x00,
    0x23, 0x00, 0x23, 0x00, 0x23, 0x00, 0x23, 0x00, 0x23, 0x00, 0x23, 0x00, 0x23, 0x00, 0x23, 0x00,
    0x23, 0x00, 0x23, 0x00, 0x23, 0x00, 0x23, 0x00, 0x23, 0x00, 0x23, 0x00, 0x23, 0x00, 0x23, 0x00,
    0x23, 0x00, 0x23, 0x00, 0x23, 0x00, 0x23, 0x00, 0x23, 0x00, 0x23, 0x00, 0x23, 0x00, 0x23, 0x00,
    0x23, 0x00, 0x23, 0x00, 0x23, 0x00, 0x23, 0x00, 0x23, 0x00, 0x23, 0x00, 0x23, 0x00, 0x23, 0x00,
    0x23, 0x00, 0x23, 0x00, 0x23, 0x00, 0x23, 0x00, 0x23, 0x00, 0x23, 0x00, 0x23, 0x00, 0x23, 0x00,
    0x23, 0x00, 0x23, 0x00, 0x23, 0x00, 0x23, 0x00, 0x23, 0x00, 0x23, 0x00, 0x23, 0x00, 0x23, 0x00,
    0x23, 0x00, 0x23, 0x00, 0x23, 0x00, 0x23, 0x00, 0x23, 0x00, 0x23, 0x00, 0x23, 0x00, 0x23, 0x00,
    0x23, 0x00, 0x23, 0x00, 0x23, 0x00, 0x23, 0x00, 0x23, 0x00, 0x23, 0x00, 0x23, 0x00, 0x23, 0x00,
    0x23, 0x00, 0x23, 0x00, 0x23, 0x00, 0x23, 0x00, 0x23, 0x00, 0x23, 0x00, 0x23, 0x00, 0x23, 0x00,
    0x23, 0x00, 0x23, 0x00, 0x23, 0x00, 0x23, 0x00, 0x23, 0x00, 0x23, 0x00, 0x23, 0x00, 0x23, 0x00,
    0x23, 0x00, 0x23, 0x00, 0x23, 0x00, 0x23, 0x00, 0x23, 0x00, 0x23, 0x00, 0x23, 0x00, 0x23, 0x00,
    0x23, 0x00, 0x23, 0x00, 0x23, 0x00, 0x23, 0x00, 0x23, 0x00, 0x23, 0x00, 0x23, 0x00, 0x23, 0x00,
    0x23, 0x00, 0x23, 0x00, 0x23, 0x00, 0x23, 0x00, 0x23, 0x00, 0x23, 0x00, 0x23, 0x00, 0x23, 0x00,
    0x23, 0x00, 0x23, 0x00, 0x23, 0x00, 0x23, 0x00, 0x23, 0x00, 0x23, 0x00, 0x23, 0x00, 0x23, 0x00,
    0x23, 0x00, 0x23, 0x00, 0x23, 0x00, 0x23, 0x00, 0x23, 0x00, 0x23, 0x00, 0x23, 0x00, 0x23, 0x00,
    0x23, 0x00, 0x23, 0x00, 0x23, 0x00, 0x23, 0x00, 0x23, 0x00, 0x23, 0x00, 0x23, 0x00, 0x23, 0x00,
    0x23, 0x00, 0x23, 0x00, 0x23, 0x00, 0x23, 0x00, 0x23, 0x00, 0x23, 0x00, 0x23, 0x00, 0x23, 0x00,
    0x23, 0x00, 0x23, 0x00, 0x23, 0x00, 0x23, 0x00, 0x23, 0x00, 0x23, 0x00, 0x23, 0x00, 0x23, 0x00,
    0x23, 0x00, 0x23, 0x00, 0x23, 0x00, 0x23, 0x00, 0x23, 0x00, 0x23, 0x00, 0x23, 0x00, 0x23, 0x00,
    0x23, 0x00, 0x23, 0x00, 0x23, 0x00, 0x23, 0x00, 0x46, 0x00, 0x23, 0x00, 0x23, 0x00, 0x23, 0x00,
    0x23, 0x00, 0x23, 0x00, 0x23, 0x00, 0x23, 0x00, 0x8a, 0x00, 0x46, 0x00, 0x23, 0x00, 0x23, 0x00,
    0x23, 0x00, 0x51, 0x01, 0x51, 0x01, 0x00, 0x00, 0x00, 0x00, 0x00, 0x00, 0x00, 0x00, 0x00, 0x00,
    0x00, 0x00, 0x8a, 0x00, 0xe8, 0x00, 0x00, 0x00, 0x00, 0x00, 0x00, 0x00, 0x00, 0x00, 0x00, 0x00,
    0x46, 0x00, 0x8a, 0x00, 0x23, 0x00, 0x00, 0x00, 0x00, 0x00, 0x00, 0x00, 0x00, 0x00, 0x00, 0x00,
    0x00, 0x00, 0x00, 0x00, 0x00, 0x00, 0x00, 0x00, 0x00, 0x00, 0x00, 0x00, 0x00, 0x00, 0x33, 0x01,
    0x51, 0x01, 0x23, 0x00, 0x23, 0x00, 0x23, 0x00, 0x46, 0x00, 0x8a, 0x00, 0x23, 0x00, 0x23, 0x00,
    0x23, 0x00, 0x23, 0x00, 0x23, 0x00, 0x23, 0x00, 0x23, 0x00, 0x23, 0x00, 0x23, 0x00, 0x23, 0x00,
    0x23, 0x00, 0x23, 0x00, 0x23, 0x00, 0x23, 0x00, 0x23, 0x00, 0x23, 0x00, 0x23, 0x00, 0x23, 0x00,
    0x23, 0x00, 0x23, 0x00, 0x23, 0x00, 0x23, 0x00, 0x23, 0x00, 0x23, 0x00, 0x23, 0x00, 0x23, 0x00,
    0x23, 0x00, 0x23, 0x00, 0x23, 0x00, 0x23, 0x00, 0x23, 0x00, 0x23, 0x00, 0x23, 0x00, 0x23, 0x00,
    0x23, 0x00, 0x23, 0x00, 0x23, 0x00, 0x23, 0x00, 0x23, 0x00, 0x23, 0x00, 0x23, 0x00, 0x23, 0x00,
    0x23, 0x00, 0x23, 0x00, 0x23, 0x00, 0x23, 0x00, 0x23, 0x00, 0x23, 0x00, 0x23, 0x00, 0x23, 0x00,
    0x23, 0x00, 0x23, 0x00, 0x23, 0x00, 0x23, 0x00, 0x23, 0x00, 0x23, 0x00, 0x23, 0x00, 0x23, 0x00,
    0x23, 0x00, 0x23, 0x00, 0x23, 0x00, 0x23, 0x00, 0x23, 0x00, 0x23, 0x00, 0x23, 0x00, 0x23, 0x00,
    0x23, 0x00, 0x23, 0x00, 0x23, 0x00, 0x23, 0x00, 0x23, 0x00, 0x23, 0x00, 0x23, 0x00, 0x23, 0x00,
    0x23, 0x00, 0x23, 0x00, 0x23, 0x00, 0x23, 0x00, 0x23, 0x00, 0x23, 0x00, 0x23, 0x00, 0x23, 0x00,
    0x23, 0x00, 0x23, 0x00, 0x23, 0x00, 0x23, 0x00, 0x23, 0x00, 0x23, 0x00, 0x23, 0x00, 0x23, 0x00,
    0x23, 0x00, 0x23, 0x00, 0x23, 0x00, 0x23, 0x00, 0x23, 0x00, 0x23, 0x00, 0x23, 0x00, 0x23, 0x00,
    0x23, 0x00, 0x23, 0x00, 0x23, 0x00, 0x23, 0x00, 0x23, 0x00, 0x23, 0x00, 0x23, 0x00, 0x23, 0x00,
    0x23, 0x00, 0x23, 0x00, 0x23, 0x00, 0x23, 0x00, 0x23, 0x00, 0x23, 0x00, 0x23, 0x00, 0x23, 0x00,
    0x23, 0x00, 0x23, 0x00, 0x23, 0x00, 0x23, 0x00, 0x23, 0x00, 0x23, 0x00, 0x23, 0x00, 0x23, 0x00,
    0x23, 0x00, 0x23, 0x00, 0x23, 0x00, 0x23, 0x00, 0x23, 0x00, 0x23, 0x00, 0x23, 0x00, 0x23, 0x00,
    0x23, 0x00, 0x23, 0x00, 0x23, 0x00, 0x23, 0x00, 0x23, 0x00, 0x23, 0x00, 0x23, 0x00, 0x23, 0x00,
    0x23, 0x00, 0x23, 0x00, 0x23, 0x00, 0x23, 0x00, 0x23, 0x00, 0x23, 0x00, 0x23, 0x00, 0x23, 0x00,
    0x23, 0x00, 0x23, 0x00, 0x23, 0x00, 0x23, 0x00, 0x23, 0x00, 0x23, 0x00, 0x23, 0x00, 0x23, 0x00,
    0x23, 0x00, 0x23, 0x00, 0x23, 0x00, 0x23, 0x00, 0x23, 0x00, 0x23, 0x00, 0x23, 0x00, 0x23, 0x00,
    0x23, 0x00, 0x23, 0x00, 0x23, 0x00, 0x23, 0x00, 0x23, 0x00, 0x23, 0x00, 0xe8, 0x00, 0x8a, 0x00,
    0x8a, 0x00, 0x8a, 0x00, 0xe8, 0x00, 0x46, 0x00, 0xe8, 0x00, 0xe8, 0x00, 0xe8, 0x00, 0x8a, 0x00,
    0x8a, 0x00, 0x8a, 0x00, 0xe8, 0x00, 0xe8, 0x00, 0xe8, 0x00, 0x46, 0x00, 0x8a, 0x00, 0x46, 0x00,
    0xe8, 0x00, 0x46, 0x00, 0xe8, 0x00, 0x46, 0x00, 0xb5, 0x01, 0xb5, 0x01, 0x23, 0x00, 0x23, 0x00,
    0x23, 0x00, 0x23, 0x00, 0x23, 0x00, 0x23, 0x00, 0x8a, 0x00, 0xe8, 0x00, 0x23, 0x00, 0x23, 0x00,
    0x23, 0x00, 0x51, 0x01, 0x51, 0x01, 0x00, 0x00, 0x00, 0x00, 0x00, 0x00, 0x00, 0x00, 0x00, 0x00,
    0x00, 0x00, 0x8a, 0x00, 0xe8, 0x00, 0x00, 0x00, 0x23, 0x00, 0x46, 0x00, 0x46, 0x00, 0x00, 0x00,
    0x46, 0x00, 0x8a, 0x00, 0x23, 0x00, 0x00, 0x00, 0x00, 0x00, 0x00, 0x00, 0x00, 0x00, 0x00, 0x00,
    0x00, 0x00, 0x00, 0x00, 0x00, 0x00, 0x00, 0x00, 0x00, 0x00, 0x00, 0x00, 0x00, 0x00, 0x33, 0x01,
    0x51, 0x01, 0x23, 0x00, 0x23, 0x00, 0x23, 0x00, 0x46, 0x00, 0x8a, 0x00, 0x23, 0x00, 0x23, 0x00,
    0x23, 0x00, 0x23, 0x00, 0x23, 0x00, 0x23, 0x00, 0x23, 0x00, 0x23, 0x00, 0x23, 0x00, 0x23, 0x00,
    0x23, 0x00, 0x23, 0x00, 0x23, 0x00, 0x23, 0x00, 0x23, 0x00, 0x23, 0x00, 0x23, 0x00, 0x23, 0x00,
    0x23, 0x00, 0x23, 0x00, 0x23, 0x00, 0x23, 0x00, 0x23, 0x00, 0x23, 0x00, 0x23, 0x00, 0x23, 0x00,
    0x23, 0x00, 0x23, 0x00, 0x23, 0x00, 0x23, 0x00, 0x23, 0x00, 0x23, 0x00, 0x23, 0x00, 0x23, 0x00,
    0x23, 0x00, 0x23, 0x00, 0x23, 0x00, 0x23, 0x00, 0x23, 0x00, 0x23, 0x00, 0x23, 0x00, 0x23, 0x00,
    0x23, 0x00, 0x23, 0x00, 0x23, 0x00, 0x23, 0x00, 0x23, 0x00, 0x23, 0x00, 0x23, 0x00, 0x23, 0x00,
    0x23, 0x00, 0x23, 0x00, 0x23, 0x00, 0x23, 0x00, 0x23, 0x00, 0x23, 0x00, 0x23, 0x00, 0x23, 0x00,
    0x23, 0x00, 0x23, 0x00, 0x23, 0x00, 0x23, 0x00, 0x23, 0x00, 0x23, 0x00, 0x23, 0x00, 0x23, 0x00,
    0x23, 0x00, 0x23, 0x00, 0x23, 0x00, 0x23, 0x00, 0x23, 0x00, 0x23, 0x00, 0x23, 0x00, 0x23, 0x00,
    0x23, 0x00, 0x23, 0x00, 0x23, 0x00, 0x23, 0x00, 0x23, 0x00, 0x23, 0x00, 0x23, 0x00, 0x23, 0x00,
    0x23, 0x00, 0x23, 0x00, 0x23, 0x00, 0x23, 0x00, 0x23, 0x00, 0x23, 0x00, 0x23, 0x00, 0x23, 0x00,
    0x23, 0x00, 0x23, 0x00, 0x23, 0x00, 0x23, 0x00, 0x23, 0x00, 0x23, 0x00, 0x23, 0x00, 0x23, 0x00,
    0x23, 0x00, 0x23, 0x00, 0x23, 0x00, 0x23, 0x00, 0x23, 0x00, 0x23, 0x00, 0x23, 0x00, 0x23, 0x00,
    0x23, 0x00, 0x23, 0x00, 0x23, 0x00, 0x23, 0x00, 0x23, 0x00, 0x23, 0x00, 0x23, 0x00, 0x23, 0x00,
    0x23, 0x00, 0x23, 0x00, 0x23, 0x00, 0x23, 0x00, 0x23, 0x00, 0x23, 0x00, 0x23, 0x00, 0x23, 0x00,
    0x23, 0x00, 0x23, 0x00, 0x23, 0x00, 0x23, 0x00, 0x23, 0x00, 0x23, 0x00, 0x23, 0x00, 0x23, 0x00,
    0x23, 0x00, 0x23, 0x00, 0x23, 0x00, 0x23, 0x00, 0x23, 0x00, 0x23, 0x00, 0x23, 0x00, 0x23, 0x00,
    0x23, 0x00, 0x23, 0x00, 0x23, 0x00, 0x23, 0x00, 0x23, 0x00, 0x23, 0x00, 0x23, 0x00, 0x23, 0x00,
    0x23, 0x00, 0x23, 0x00, 0x23, 0x00, 0x23, 0x00, 0x23, 0x00, 0x23, 0x00, 0x23, 0x00, 0x23, 0x00,
    0x23, 0x00, 0x23, 0x00, 0x23, 0x00, 0x23, 0x00, 0x23, 0x00, 0x23, 0x00, 0x23, 0x00, 0x23, 0x00,
    0x23, 0x00, 0x23, 0x00, 0x23, 0x00, 0x23, 0x00, 0x23, 0x00, 0x8a, 0x00, 0xe8, 0x00, 0x46, 0x00,
    0x46, 0x00, 0x46, 0x00, 0x46, 0x00, 0x46, 0x00, 0x46, 0x00, 0x46, 0x00, 0x46, 0x00, 0x46, 0x00,
    0x46, 0x00, 0x46, 0x00, 0x46, 0x00, 0x46, 0x00, 0x46, 0x00, 0x46, 0x00, 0x46, 0x00, 0x46, 0x00,
    0x46, 0x00, 0x23, 0x00, 0x46, 0x00, 0x46, 0x00, 0x33, 0x01, 0xf1, 0x01, 0x23, 0x00, 0x23, 0x00,
    0x23, 0x00, 0x23, 0x00, 0x23, 0x00, 0x23, 0x00, 0xe8, 0x00, 0xe8, 0x00, 0x23, 0x00, 0x23, 0x00,
    0x23, 0x00, 0x51, 0x01, 0x51, 0x01, 0x00, 0x00, 0x00, 0x00, 0x00, 0x00, 0x00, 0x00, 0x00, 0x00,
    0x00, 0x00, 0x8a, 0x00, 0x46, 0x00, 0x00, 0x00, 0xe8, 0x00, 0x57, 0x01, 0x51, 0x01, 0x00, 0x00,
    0x46, 0x00, 0x8a, 0x00, 0x23, 0x00, 0x00, 0x00, 0x00, 0x00, 0x00, 0x00, 0x00, 0x00, 0x00, 0x00,
    0x00, 0x00, 0x00, 0x00, 0x00, 0x00, 0x00, 0x00, 0x00, 0x00, 0x00, 0x00, 0x00, 0x00, 0x33, 0x01,
    0x51, 0x01, 0x23, 0x00, 0x23, 0x00, 0x23, 0x00, 0x46, 0x00, 0x8a, 0x00, 0x23, 0x00, 0x23, 0x00,
    0x23, 0x00, 0x23, 0x00, 0x23, 0x00, 0x23, 0x00, 0x23, 0x00, 0x23, 0x00, 0x23, 0x00, 0x23, 0x00,
    0x23, 0x00, 0x23, 0x00, 0x23, 0x00, 0x23, 0x00, 0x23, 0x00, 0x23, 0x00, 0x23, 0x00, 0x23, 0x00,
    0x23, 0x00, 0x23, 0x00, 0x23, 0x00, 0x23, 0x00, 0x23, 0x00, 0x23, 0x00, 0x23, 0x00, 0x23, 0x00,
    0x23, 0x00, 0x23, 0x00, 0x23, 0x00, 0x23, 0x00, 0x23, 0x00, 0x23, 0x00, 0x23, 0x00, 0x23, 0x00,
    0x23, 0x00, 0x23, 0x00, 0x23, 0x00, 0x23, 0x00, 0x23, 0x00, 0x23, 0x00, 0x23, 0x00, 0x23, 0x00,
    0x23, 0x00, 0x23, 0x00, 0x23, 0x00, 0x23, 0x00, 0x23, 0x00, 0x23, 0x00, 0x23, 0x00, 0x23, 0x00,
    0x23, 0x00, 0x23, 0x00, 0x23, 0x00, 0x23, 0x00, 0x23, 0x00, 0x23, 0x00, 0x23, 0x00, 0x23, 0x00,
    0x23, 0x00, 0x23, 0x00, 0x23, 0x00, 0x23, 0x00, 0x23, 0x00, 0x23, 0x00, 0x23, 0x00, 0x23, 0x00,
    0x23, 0x00, 0x23, 0x00, 0x23, 0x00, 0x23, 0x00, 0x23, 0x00, 0x23, 0x00, 0x23, 0x00, 0x23, 0x00,
    0x23, 0x00, 0x23, 0x00, 0x23, 0x00, 0x23, 0x00, 0x23, 0x00, 0x23, 0x00, 0x23, 0x00, 0x23, 0x00,
    0x23, 0x00, 0x23, 0x00, 0x23, 0x00, 0x23, 0x00, 0x23, 0x00, 0x23, 0x00, 0x23, 0x00, 0x23, 0x00,
    0x23, 0x00, 0x23, 0x00, 0x23, 0x00, 0x23, 0x00, 0x23, 0x00, 0x23, 0x00, 0x23, 0x00, 0x23, 0x00,
    0x23, 0x00, 0x23, 0x00, 0x23, 0x00, 0x23, 0x00, 0x23, 0x00, 0x23, 0x00, 0x23, 0x00, 0x23, 0x00,
    0x23, 0x00, 0x23, 0x00, 0x23, 0x00, 0x23, 0x00, 0x23, 0x00, 0x23, 0x00, 0x23, 0x00, 0x23, 0x00,
    0x23, 0x00, 0x23, 0x00, 0x23, 0x00, 0x23, 0x00, 0x23, 0x00, 0x23, 0x00, 0x23, 0x00, 0x23, 0x00,
    0x23, 0x00, 0x23, 0x00, 0x23, 0x00, 0x23, 0x00, 0x23, 0x00, 0x23, 0x00, 0x23, 0x00, 0x23, 0x00,
    0x23, 0x00, 0x23, 0x00, 0x23, 0x00, 0x23, 0x00, 0x23, 0x00, 0x23, 0x00, 0x23, 0x00, 0x23, 0x00,
    0x23, 0x00, 0x23, 0x00, 0x23, 0x00, 0x23, 0x00, 0x23, 0x00, 0x23, 0x00, 0x23, 0x00, 0x23, 0x00,
    0x23, 0x00, 0x23, 0x00, 0x23, 0x00, 0x23, 0x00, 0x23, 0x00, 0x23, 0x00, 0x23, 0x00, 0x23, 0x00,
    0x23, 0x00, 0x23, 0x00, 0x23, 0x00, 0x23, 0x00, 0x23, 0x00, 0x23, 0x00, 0x23, 0x00, 0x23, 0x00,
    0x23, 0x00, 0x23, 0x00, 0x23, 0x00, 0x23, 0x00, 0x46, 0x00, 0xe8, 0x00, 0x46, 0x00, 0x23, 0x00,
    0x23, 0x00, 0x23, 0x00, 0x23, 0x00, 0x23, 0x00, 0x23, 0x00, 0x23, 0x00, 0x23, 0x00, 0x23, 0x00,
    0x23, 0x00, 0x23, 0x00, 0x23, 0x00, 0x23, 0x00, 0x23, 0x00, 0x23, 0x00, 0x23, 0x00, 0x23, 0x00,
    0x23, 0x00, 0x23, 0x00, 0x23, 0x00, 0x23, 0x00, 0x23, 0x00, 0x23, 0x00, 0x23, 0x00, 0x23, 0x00,
    0x23, 0x00, 0x23, 0x00, 0x23, 0x00, 0x23, 0x00, 0x8a, 0x00, 0x8a, 0x00, 0x23, 0x00, 0x23, 0x00,
    0x23, 0x00, 0x51, 0x01, 0x51, 0x01, 0x00, 0x00, 0x00, 0x00, 0x00, 0x00, 0x00, 0x00, 0x00, 0x00,
    0x00, 0x00, 0x8a, 0x00, 0x46, 0x00, 0x00, 0x00, 0xe8, 0x00, 0x57, 0x01, 0x33, 0x01, 0x00, 0x00,
    0x46, 0x00, 0x8a, 0x00, 0x23, 0x00, 0x00, 0x00, 0x00, 0x00, 0x00, 0x00, 0x00, 0x00, 0x00, 0x00,
    0x00, 0x00, 0x00, 0x00, 0x00, 0x00, 0x00, 0x00, 0x00, 0x00, 0x00, 0x00, 0x00, 0x00, 0x33, 0x01,
    0x51, 0x01, 0x23, 0x00, 0x23, 0x00, 0x23, 0x00, 0x46, 0x00, 0xe8, 0x00, 0x23, 0x00, 0x23, 0x00,
    0x23, 0x00, 0x23, 0x00, 0x23, 0x00, 0x23, 0x00, 0x23, 0x00, 0x23, 0x00, 0x23, 0x00, 0x23, 0x00,
    0x23, 0x00, 0x23, 0x00, 0x23, 0x00, 0x23, 0x00, 0x23, 0x00, 0x23, 0x00, 0x23, 0x00, 0x23, 0x00,
    0x23, 0x00, 0x23, 0x00, 0x23, 0x00, 0x23, 0x00, 0x23, 0x00, 0x23, 0x00, 0x23, 0x00, 0x23, 0x00,
    0x23, 0x00, 0x23, 0x00, 0x23, 0x00, 0x23, 0x00, 0x23, 0x00, 0x23, 0x00, 0x23, 0x00, 0x23, 0x00,
    0x23, 0x00, 0x23, 0x00, 0x23, 0x00, 0x23, 0x00, 0x23, 0x00, 0x23, 0x00, 0x23, 0x00, 0x23, 0x00,
    0x23, 0x00, 0x23, 0x00, 0x23, 0x00, 0x23, 0x00, 0x23, 0x00, 0x23, 0x00, 0x23, 0x00, 0x23, 0x00,
    0x23, 0x00, 0x23, 0x00, 0x23, 0x00, 0x23, 0x00, 0x23, 0x00, 0x23, 0x00, 0x23, 0x00, 0x23, 0x00,
    0x23, 0x00, 0x23, 0x00, 0x23, 0x00, 0x23, 0x00, 0x23, 0x00, 0x23, 0x00, 0x23, 0x00, 0x23, 0x00,
    0x23, 0x00, 0x23, 0x00, 0x23, 0x00, 0x23, 0x00, 0x23, 0x00, 0x23, 0x00, 0x23, 0x00, 0x23, 0x00,
    0x23, 0x00, 0x23, 0x00, 0x23, 0x00, 0x23, 0x00, 0x23, 0x00, 0x23, 0x00, 0x23, 0x00, 0x23, 0x00,
    0x23, 0x00, 0x23, 0x00, 0x23, 0x00, 0x23, 0x00, 0x23, 0x00, 0x23, 0x00, 0x23, 0x00, 0x23, 0x00,
    0x23, 0x00, 0x23, 0x00, 0x23, 0x00, 0x23, 0x00, 0x23, 0x00, 0x23, 0x00, 0x23, 0x00, 0x23, 0x00,
    0x23, 0x00, 0x23, 0x00, 0x23, 0x00, 0x23, 0x00, 0x23, 0x00, 0x23, 0x00, 0x23, 0x00, 0x23, 0x00,
    0x23, 0x00, 0x23, 0x00, 0x23, 0x00, 0x23, 0x00, 0x23, 0x00, 0x23, 0x00, 0x23, 0x00, 0x23, 0x00,
    0x23, 0x00, 0x23, 0x00, 0x23, 0x00, 0x23, 0x00, 0x23, 0x00, 0x23, 0x00, 0x23, 0x00, 0x23, 0x00,
    0x23, 0x00, 0x23, 0x00, 0x23, 0x00, 0x23, 0x00, 0x23, 0x00, 0x23, 0x00, 0x23, 0x00, 0x23, 0x00,
    0x23, 0x00, 0x23, 0x00, 0x23, 0x00, 0x23, 0x00, 0x23, 0x00, 0x23, 0x00, 0x23, 0x00, 0x23, 0x00,
    0x23, 0x00, 0x23, 0x00, 0x23, 0x00, 0x23, 0x00, 0x23, 0x00, 0x23, 0x00, 0x23, 0x00, 0x23, 0x00,
    0x23, 0x00, 0x23, 0x00, 0x23, 0x00, 0x23, 0x00, 0x23, 0x00, 0x23, 0x00, 0x23, 0x00, 0x23, 0x00,
    0x23, 0x00, 0x23, 0x00, 0x23, 0x00, 0x23, 0x00, 0x23, 0x00, 0x23, 0x00, 0x23, 0x00, 0x23, 0x00,
    0x23, 0x00, 0x23, 0x00, 0x23, 0x00, 0x46, 0x00, 0x46, 0x00, 0x23, 0x00, 0x23, 0x00, 0x23, 0x00,
    0x23, 0x00, 0x23, 0x00, 0x23, 0x00, 0x23, 0x00, 0x23, 0x00, 0x23, 0x00, 0x23, 0x00, 0x23, 0x00,
    0x23, 0x00, 0x23, 0x00, 0x23, 0x00, 0x23, 0x00, 0x23, 0x00, 0x23, 0x00, 0x23, 0x00, 0x23, 0x00,
    0x23, 0x00, 0x23, 0x00, 0x23, 0x00, 0x23, 0x00, 0x00, 0x00, 0x23, 0x00, 0x23, 0x00, 0x23, 0x00,
    0x23, 0x00, 0x23, 0x00, 0x23, 0x00, 0x23, 0x00, 0xe8, 0x00, 0xe8, 0x00, 0x23, 0x00, 0x23, 0x00,
    0x23, 0x00, 0x51, 0x01, 0x51, 0x01, 0x00, 0x00, 0x00, 0x00, 0x00, 0x00, 0x00, 0x00, 0x00, 0x00,
    0x00, 0x00, 0x8a, 0x00, 0xe8, 0x00, 0x00, 0x00, 0xe8, 0x00, 0x57, 0x01, 0x51, 0x01, 0x00, 0x00,
    0x46, 0x00, 0x8a, 0x00, 0x23, 0x00, 0x00, 0x00, 0x00, 0x00, 0x00, 0x00, 0x00, 0x00, 0x00, 0x00,
    0x00, 0x00, 0x00, 0x00, 0x00, 0x00, 0x00, 0x00, 0x00, 0x00, 0x00, 0x00, 0x00, 0x00, 0x33, 0x01,
    0x51, 0x01, 0x23, 0x00, 0x23, 0x00, 0x23, 0x00, 0x23, 0x00, 0x23, 0x00, 0x23, 0x00, 0x23, 0x00,
    0x23, 0x00, 0x23, 0x00, 0x23, 0x00, 0x23, 0x00, 0x23, 0x00, 0x23, 0x00, 0x23, 0x00, 0x23, 0x00,
    0x23, 0x00, 0x23, 0x00, 0x23, 0x00, 0x23, 0x00, 0x23, 0x00, 0x23, 0x00, 0x23, 0x00, 0x23, 0x00,
    0x23, 0x00, 0x23, 0x00, 0x23, 0x00, 0x23, 0x00, 0x23, 0x00, 0x23, 0x00, 0x23, 0x00, 0x23, 0x00,
    0x23, 0x00, 0x23, 0x00, 0x23, 0x00, 0x23, 0x00, 0x23, 0x00, 0x23, 0x00, 0x23, 0x00, 0x23, 0x00,
    0x23, 0x00, 0x23, 0x00, 0x23, 0x00, 0x23, 0x00, 0x23, 0x00, 0x23, 0x00, 0x23, 0x00, 0x23, 0x00,
    0x23, 0x00, 0x23, 0x00, 0x23, 0x00, 0x23, 0x00, 0x23, 0x00, 0x23, 0x00, 0x23, 0x00, 0x23, 0x00,
    0x23, 0x00, 0x23, 0x00, 0x23, 0x00, 0x23, 0x00, 0x23, 0x00, 0x23, 0x00, 0x23, 0x00, 0x23, 0x00,
    0x23, 0x00, 0x23, 0x00, 0x23, 0x00, 0x23, 0x00, 0x23, 0x00, 0x23, 0x00, 0x23, 0x00, 0x23, 0x00,
    0x23, 0x00, 0x23, 0x00, 0x23, 0x00, 0x23, 0x00, 0x23, 0x00, 0x23, 0x00, 0x23, 0x00, 0x23, 0x00,
    0x23, 0x00, 0x23, 0x00, 0x23, 0x00, 0x23, 0x00, 0x23, 0x00, 0x23, 0x00, 0x23, 0x00, 0x23, 0x00,
    0x23, 0x00, 0x23, 0x00, 0x23, 0x00, 0x23, 0x00, 0x23, 0x00, 0x23, 0x00, 0x23, 0x00, 0x23, 0x00,
    0x23, 0x00, 0x23, 0x00, 0x23, 0x00, 0x23, 0x00, 0x23, 0x00, 0x23, 0x00, 0x23, 0x00, 0x23, 0x00,
    0x23, 0x00, 0x23, 0x00, 0x23, 0x00, 0x23, 0x00, 0x23, 0x00, 0x23, 0x00, 0x23, 0x00, 0x23, 0x00,
    0x23, 0x00, 0x23, 0x00, 0x23, 0x00, 0x23, 0x00, 0x23, 0x00, 0x23, 0x00, 0x23, 0x00, 0x23, 0x00,
    0x23, 0x00, 0x23, 0x00, 0x23, 0x00, 0x23, 0x00, 0x23, 0x00, 0x23, 0x00, 0x23, 0x00, 0x23, 0x00,
    0x23, 0x00, 0x23, 0x00, 0x23, 0x00, 0x23, 0x00, 0x23, 0x00, 0x23, 0x00, 0x23, 0x00, 0x23, 0x00,
    0x23, 0x00, 0x23, 0x00, 0x23, 0x00, 0x23, 0x00, 0x23, 0x00, 0x23, 0x00, 0x23, 0x00, 0x23, 0x00,
    0x23, 0x00, 0x23, 0x00, 0x23, 0x00, 0x23, 0x00, 0x23, 0x00, 0x23, 0x00, 0x23, 0x00, 0x23, 0x00,
    0x23, 0x00, 0x23, 0x00, 0x23, 0x00, 0x46, 0x00, 0x8a, 0x00, 0xe8, 0x00, 0x8a, 0x00, 0xe8, 0x00,
    0x8a, 0x00, 0x46, 0x00, 0x8a, 0x00, 0x46, 0x00, 0x46, 0x00, 0xe8, 0x00, 0x8a, 0x00, 0x8a, 0x00,
    0x8a, 0x00, 0x46, 0x00, 0x8a, 0x00, 0x46, 0x00, 0x23, 0x00, 0x23, 0x00, 0x23, 0x00, 0x23, 0x00,
    0x46, 0x00, 0x46, 0x00, 0x46, 0x00, 0x46, 0x00, 0x46, 0x00, 0x46, 0x00, 0x46, 0x00, 0x46, 0x00,
    0x46, 0x00, 0x46, 0x00, 0x46, 0x00, 0x46, 0x00, 0x46, 0x00, 0x46, 0x00, 0x46, 0x00, 0x46, 0x00,
    0x46, 0x00, 0x46, 0x00, 0x46, 0x00, 0x23, 0x00, 0x51, 0x01, 0x51, 0x01, 0x23, 0x00, 0x23, 0x00,
    0x23, 0x00, 0x23, 0x00, 0x23, 0x00, 0x23, 0x00, 0xe8, 0x00, 0x46, 0x00, 0x23, 0x00, 0x23, 0x00,
    0x23, 0x00, 0x33, 0x01, 0x51, 0x01, 0x00, 0x00, 0x00, 0x00, 0x00, 0x00, 0x00, 0x00, 0x00, 0x00,
    0x00, 0x00, 0x8a, 0x00, 0xe8, 0x00, 0x00, 0x00, 0xe8, 0x00, 0xb5, 0x01, 0x51, 0x01, 0x00, 0x00,
    0x46, 0x00, 0x0c, 0x01, 0x23, 0x00, 0x00, 0x00, 0x00, 0x00, 0x00, 0x00, 0x00, 0x00, 0x00, 0x00,
    0x00, 0x00, 0x00, 0x00, 0x00, 0x00, 0x00, 0x00, 0x00, 0x00, 0x00, 0x00, 0x00, 0x00, 0x33, 0x01,
    0x51, 0x01, 0x23, 0x00, 0x23, 0x00, 0x23, 0x00, 0x23, 0x00, 0x23, 0x00, 0x23, 0x00, 0x23, 0x00,
    0x23, 0x00, 0x23, 0x00, 0x23, 0x00, 0x23, 0x00, 0x23, 0x00, 0x23, 0x00, 0x23, 0x00, 0x23, 0x00,
    0x23, 0x00, 0x23, 0x00, 0x23, 0x00, 0x23, 0x00, 0x23, 0x00, 0x23, 0x00, 0x23, 0x00, 0x23, 0x00,
    0x23, 0x00, 0x23, 0x00, 0x23, 0x00, 0x23, 0x00, 0x23, 0x00, 0x23, 0x00, 0x23, 0x00, 0x23, 0x00,
    0x23, 0x00, 0x23, 0x00, 0x23, 0x00, 0x23, 0x00, 0x23, 0x00, 0x23, 0x00, 0x23, 0x00, 0x23, 0x00,
    0x23, 0x00, 0x23, 0x00, 0x23, 0x00, 0x23, 0x00, 0x23, 0x00, 0x23, 0x00, 0x23, 0x00, 0x23, 0x00,
    0x23, 0x00, 0x23, 0x00, 0x23, 0x00, 0x23, 0x00, 0x23, 0x00, 0x23, 0x00, 0x23, 0x00, 0x23, 0x00,
    0x23, 0x00, 0x23, 0x00, 0x23, 0x00, 0x23, 0x00, 0x23, 0x00, 0x23, 0x00, 0x23, 0x00, 0x23, 0x00,
    0x23, 0x00, 0x23, 0x00, 0x23, 0x00, 0x23, 0x00, 0x23, 0x00, 0x23, 0x00, 0x23, 0x00, 0x23, 0x00,
    0x23, 0x00, 0x23, 0x00, 0x23, 0x00, 0x23, 0x00, 0x23, 0x00, 0x23, 0x00, 0x23, 0x00, 0x23, 0x00,
    0x23, 0x00, 0x23, 0x00, 0x23, 0x00, 0x23, 0x00, 0x23, 0x00, 0x23, 0x00, 0x23, 0x00, 0x23, 0x00,
    0x23, 0x00, 0x23, 0x00, 0x23, 0x00, 0x23, 0x00, 0x23, 0x00, 0x23, 0x00, 0x23, 0x00, 0x23, 0x00,
    0x23, 0x00, 0x23, 0x00, 0x23, 0x00, 0x23, 0x00, 0x23, 0x00, 0x23, 0x00, 0x23, 0x00, 0x23, 0x00,
    0x23, 0x00, 0x23, 0x00, 0x23, 0x00, 0x23, 0x00, 0x23, 0x00, 0x23, 0x00, 0x23, 0x00, 0x23, 0x00,
    0x23, 0x00, 0x23, 0x00, 0x23, 0x00, 0x23, 0x00, 0x23, 0x00, 0x23, 0x00, 0x23, 0x00, 0x23, 0x00,
    0x23, 0x00, 0x23, 0x00, 0x23, 0x00, 0x23, 0x00, 0x23, 0x00, 0x23, 0x00, 0x23, 0x00, 0x23, 0x00,
    0x23, 0x00, 0x23, 0x00, 0x23, 0x00, 0x23, 0x00, 0x23, 0x00, 0x23, 0x00, 0x23, 0x00, 0x23, 0x00,
    0x23, 0x00, 0x23, 0x00, 0x23, 0x00, 0x23, 0x00, 0x23, 0x00, 0x23, 0x00, 0x23, 0x00, 0x23, 0x00,
    0x23, 0x00, 0x23, 0x00, 0x23, 0x00, 0x23, 0x00, 0x23, 0x00, 0x23, 0x00, 0x23, 0x00, 0x23, 0x00,
    0x23, 0x00, 0x23, 0x00, 0x46, 0x00, 0x8a, 0x00, 0x46, 0x00, 0x46, 0x00, 0x46, 0x00, 0x46, 0x00,
    0x46, 0x00, 0x23, 0x00, 0x23, 0x00, 0x23, 0x00, 0x23, 0x00, 0x46, 0x00, 0x23, 0x00, 0x46, 0x00,
    0x46, 0x00, 0x46, 0x00, 0x46, 0x00, 0x23, 0x00, 0x23, 0x00, 0x23, 0x00, 0x23, 0x00, 0x46, 0x00,
    0x8a, 0x00, 0x8a, 0x00, 0xe8, 0x00, 0xe8, 0x00, 0x8a, 0x00, 0x8a, 0x00, 0x8a, 0x00, 0x8a, 0x00,
    0xe8, 0x00, 0xe8, 0x00, 0xe8, 0x00, 0x8a, 0x00, 0x8a, 0x00, 0x8a, 0x00, 0x46, 0x00, 0x46, 0x00,
    0x8a, 0x00, 0x8a, 0x00, 0x8a, 0x00, 0x46, 0x00, 0xb5, 0x01, 0xb5, 0x01, 0x23, 0x00, 0x23, 0x00,
    0x23, 0x00, 0x23, 0x00, 0x23, 0x00, 0x23, 0x00, 0x46, 0x00, 0x46, 0x00, 0x23, 0x00, 0x23, 0x00,
    0x23, 0x00, 0x51, 0x01, 0x51, 0x01, 0x00, 0x00, 0x00, 0x00, 0x00, 0x00, 0x00, 0x00, 0x00, 0x00,
    0x00, 0x00, 0x8a, 0x00, 0xe8, 0x00, 0x00, 0x00, 0x46, 0x00, 0xb5, 0x01, 0x51, 0x01, 0x00, 0x00,
    0x46, 0x00, 0x8a, 0x00, 0x23, 0x00, 0x00, 0x00, 0x00, 0x00, 0x00, 0x00, 0x00, 0x00, 0x00, 0x00,
    0x00, 0x00, 0x00, 0x00, 0x00, 0x00, 0x00, 0x00, 0x00, 0x00, 0x00, 0x00, 0x00, 0x00, 0x33, 0x01,
    0x51, 0x01, 0x23, 0x00, 0x23, 0x00, 0x23, 0x00, 0x23, 0x00, 0x23, 0x00, 0x23, 0x00, 0x23, 0x00,
    0x23, 0x00, 0x23, 0x00, 0x23, 0x00, 0x23, 0x00, 0x23, 0x00, 0x23, 0x00, 0x23, 0x00, 0x23, 0x00,
    0x23, 0x00, 0x23, 0x00, 0x23, 0x00, 0x23, 0x00, 0x23, 0x00, 0x23, 0x00, 0x23, 0x00, 0x23, 0x00,
    0x23, 0x00, 0x23, 0x00, 0x23, 0x00, 0x23, 0x00, 0x23, 0x00, 0x23, 0x00, 0x23, 0x00, 0x23, 0x00,
    0x23, 0x00, 0x23, 0x00, 0x23, 0x00, 0x23, 0x00, 0x23, 0x00, 0x23, 0x00, 0x23, 0x00, 0x23, 0x00,
    0x23, 0x00, 0x23, 0x00, 0x23, 0x00, 0x23, 0x00, 0x23, 0x00, 0x23, 0x00, 0x23, 0x00, 0x23, 0x00,
    0x23, 0x00, 0x23, 0x00, 0x23, 0x00, 0x23, 0x00, 0x23, 0x00, 0x23, 0x00, 0x23, 0x00, 0x23, 0x00,
    0x23, 0x00, 0x23, 0x00, 0x23, 0x00, 0x23, 0x00, 0x23, 0x00, 0x23, 0x00, 0x23, 0x00, 0x23, 0x00,
    0x23, 0x00, 0x23, 0x00, 0x23, 0x00, 0x23, 0x00, 0x23, 0x00, 0x23, 0x00, 0x23, 0x00, 0x23, 0x00,
    0x23, 0x00, 0x23, 0x00, 0x23, 0x00, 0x23, 0x00, 0x23, 0x00, 0x23, 0x00, 0x23, 0x00, 0x23, 0x00,
    0x23, 0x00, 0x23, 0x00, 0x23, 0x00, 0x23, 0x00, 0x23, 0x00, 0x23, 0x00, 0x23, 0x00, 0x23, 0x00,
    0x23, 0x00, 0x23, 0x00, 0x23, 0x00, 0x23, 0x00, 0x23, 0x00, 0x23, 0x00, 0x23, 0x00, 0x23, 0x00,
    0x23, 0x00, 0x23, 0x00, 0x23, 0x00, 0x23, 0x00, 0x23, 0x00, 0x23, 0x00, 0x23, 0x00, 0x23, 0x00,
    0x23, 0x00, 0x23, 0x00, 0x23, 0x00, 0x23, 0x00, 0x23, 0x00, 0x23, 0x00, 0x23, 0x00, 0x23, 0x00,
    0x23, 0x00, 0x23, 0x00, 0x23, 0x00, 0x23, 0x00, 0x23, 0x00, 0x23, 0x00, 0x23, 0x00, 0x23, 0x00,
    0x23, 0x00, 0x23, 0x00, 0x23, 0x00, 0x23, 0x00, 0x46, 0x00, 0x23, 0x00, 0x23, 0x00, 0x23, 0x00,
    0x46, 0x00, 0x46, 0x00, 0x23, 0x00, 0x23, 0x00, 0x46, 0x00, 0x46, 0x00, 0x23, 0x00, 0x23, 0x00,
    0x23, 0x00, 0x46, 0x00, 0x46, 0x00, 0x23, 0x00, 0x23, 0x00, 0x23, 0x00, 0x46, 0x00, 0x46, 0x00,
    0x23, 0x00, 0x23, 0x00, 0x46, 0x00, 0x46, 0x00, 0x23, 0x00, 0x23, 0x00, 0x23, 0x00, 0x23, 0x00,
    0x23, 0x00, 0x46, 0x00, 0x46, 0x00, 0x23, 0x00, 0x23, 0x00, 0x23, 0x00, 0x23, 0x00, 0x23, 0x00,
    0x23, 0x00, 0x23, 0x00, 0x23, 0x00, 0x23, 0x00, 0x23, 0x00, 0x23, 0x00, 0x23, 0x00, 0x23, 0x00,
    0x23, 0x00, 0x23, 0x00, 0x23, 0x00, 0x23, 0x00, 0x23, 0x00, 0x46, 0x00, 0x8a, 0x00, 0x46, 0x00,
    0x23, 0x00, 0x23, 0x00, 0x23, 0x00, 0x23, 0x00, 0x23, 0x00, 0x23, 0x00, 0x23, 0x00, 0x23, 0x00,
    0x23, 0x00, 0x23, 0x00, 0x23, 0x00, 0x23, 0x00, 0x23, 0x00, 0x23, 0x00, 0x23, 0x00, 0x23, 0x00,
    0x23, 0x00, 0x23, 0x00, 0x23, 0x00, 0x23, 0x00, 0x8a, 0x00, 0x8a, 0x00, 0x23, 0x00, 0x23, 0x00,
    0x23, 0x00, 0x23, 0x00, 0x23, 0x00, 0x23, 0x00, 0x23, 0x00, 0x23, 0x00, 0x23, 0x00, 0x23, 0x00,
    0x23, 0x00, 0x51, 0x01, 0x51, 0x01, 0x00, 0x00, 0x00, 0x00, 0x00, 0x00, 0x00, 0x00, 0x00, 0x00,
    0x00, 0x00, 0x8a, 0x00, 0xe8, 0x00, 0x00, 0x00, 0x00, 0x00, 0x00, 0x00, 0x00, 0x00, 0x00, 0x00,
    0x46, 0x00, 0x8a, 0x00, 0x23, 0x00, 0x00, 0x00, 0x00, 0x00, 0x00, 0x00, 0x00, 0x00, 0x00, 0x00,
    0x00, 0x00, 0x00, 0x00, 0x00, 0x00, 0x00, 0x00, 0x00, 0x00, 0x00, 0x00, 0x00, 0x00, 0x33, 0x01,
    0x51, 0x01, 0x23, 0x00, 0x23, 0x00, 0x23, 0x00, 0x23, 0x00, 0x23, 0x00, 0x23, 0x00, 0x23, 0x00,
    0x23, 0x00, 0x23, 0x00, 0x23, 0x00, 0x23, 0x00, 0x23, 0x00, 0x23, 0x00, 0x23, 0x00, 0x23, 0x00,
    0x23, 0x00, 0x23, 0x00, 0x23, 0x00, 0x23, 0x00, 0x23, 0x00, 0x23, 0x00, 0x23, 0x00, 0x23, 0x00,
    0x23, 0x00, 0x23, 0x00, 0x23, 0x00, 0x23, 0x00, 0x23, 0x00, 0x23, 0x00, 0x23, 0x00, 0x23, 0x00,
    0x23, 0x00, 0x23, 0x00, 0x23, 0x00, 0x23, 0x00, 0x23, 0x00, 0x23, 0x00, 0x23, 0x00, 0x23, 0x00,
    0x23, 0x00, 0x23, 0x00, 0x23, 0x00, 0x23, 0x00, 0x23, 0x00, 0x23, 0x00, 0x23, 0x00, 0x23, 0x00,
    0x23, 0x00, 0x23, 0x00, 0x23, 0x00, 0x23, 0x00, 0x23, 0x00, 0x23, 0x00, 0x23, 0x00, 0x23, 0x00,
    0x23, 0x00, 0x23, 0x00, 0x23, 0x00, 0x23, 0x00, 0x23, 0x00, 0x23, 0x00, 0x23, 0x00, 0x23, 0x00,
    0x23, 0x00, 0x23, 0x00, 0x23, 0x00, 0x23, 0x00, 0x23, 0x00, 0x23, 0x00, 0x23, 0x00, 0x23, 0x00,
    0x23, 0x00, 0x23, 0x00, 0x23, 0x00, 0x23, 0x00, 0x23, 0x00, 0x23, 0x00, 0x23, 0x00, 0x23, 0x00,
    0x23, 0x00, 0x23, 0x00, 0x23, 0x00, 0x23, 0x00, 0x23, 0x00, 0x23, 0x00, 0x23, 0x00, 0x23, 0x00,
    0x23, 0x00, 0x23, 0x00, 0x23, 0x00, 0x23, 0x00, 0x23, 0x00, 0x23, 0x00, 0x23, 0x00, 0x23, 0x00,
    0x23, 0x00, 0x23, 0x00, 0x23, 0x00, 0x23, 0x00, 0x23, 0x00, 0x23, 0x00, 0x23, 0x00, 0x23, 0x00,
    0x23, 0x00, 0x23, 0x00, 0x23, 0x00, 0x23, 0x00, 0x23, 0x00, 0x23, 0x00, 0x23, 0x00, 0x23, 0x00,
    0x23, 0x00, 0x23, 0x00, 0x23, 0x00, 0x23, 0x00, 0x23, 0x00, 0x23, 0x00, 0x23, 0x00, 0x23, 0x00,
    0x23, 0x00, 0x23, 0x00, 0x23, 0x00, 0x46, 0x00, 0x8a, 0x00, 0x46, 0x00, 0x23, 0x00, 0x23, 0x00,
    0x8a, 0x00, 0x8a, 0x00, 0x23, 0x00, 0x23, 0x00, 0x46, 0x00, 0x8a, 0x00, 0x46, 0x00, 0x23, 0x00,
    0x23, 0x00, 0x8a, 0x00, 0x8a, 0x00, 0x23, 0x00, 0x23, 0x00, 0x46, 0x00, 0x8a, 0x00, 0x46, 0x00,
    0x23, 0x00, 0x23, 0x00, 0x46, 0x00, 0x8a, 0x00, 0x46, 0x00, 0x23, 0x00, 0x23, 0x00, 0x23, 0x00,
    0x46, 0x00, 0x8a, 0x00, 0x23, 0x00, 0x23, 0x00, 0x23, 0x00, 0x23, 0x00, 0x23, 0x00, 0x23, 0x00,
    0x23, 0x00, 0x23, 0x00, 0x23, 0x00, 0x23, 0x00, 0x23, 0x00, 0x46, 0x00, 0x46, 0x00, 0x23, 0x00,
    0x23, 0x00, 0x23, 0x00, 0x23, 0x00, 0x46, 0x00, 0x46, 0x00, 0x8a, 0x00, 0x8a, 0x00, 0x23, 0x00,
    0x23, 0x00, 0x23, 0x00, 0x23, 0x00, 0x46, 0x00, 0x46, 0x00, 0x23, 0x00, 0x23, 0x00, 0x23, 0x00,
    0x23, 0x00, 0x46, 0x00, 0x23, 0x00, 0x23, 0x00, 0x23, 0x00, 0x46, 0x00, 0x46, 0x00, 0x46, 0x00,
    0x23, 0x00, 0x23, 0x00, 0x23, 0x00, 0x46, 0x00, 0xce, 0x01, 0xab, 0x01, 0x23, 0x00, 0x23, 0x00,
    0x23, 0x00, 0x23, 0x00, 0x23, 0x00, 0x23, 0x00, 0x23, 0x00, 0x23, 0x00, 0x23, 0x00, 0x23, 0x00,
    0x23, 0x00, 0x51, 0x01, 0x51, 0x01, 0x00, 0x00, 0x00, 0x00, 0x00, 0x00, 0x00, 0x00, 0x00, 0x00,
    0x00, 0x00, 0x8a, 0x00, 0x46, 0x00, 0x00, 0x00, 0x00, 0x00, 0x00, 0x00, 0x00, 0x00, 0x00, 0x00,
    0x46, 0x00, 0x8a, 0x00, 0x23, 0x00, 0x00, 0x00, 0x00, 0x00, 0x00, 0x00, 0x00, 0x00, 0x00, 0x00,
    0x00, 0x00, 0x00, 0x00, 0x00, 0x00, 0x00, 0x00, 0x00, 0x00, 0x00, 0x00, 0x00, 0x00, 0x33, 0x01,
    0x51, 0x01, 0x23, 0x00, 0x23, 0x00, 0x23, 0x00, 0x23, 0x00, 0x23, 0x00, 0x23, 0x00, 0x23, 0x00,
    0x23, 0x00, 0x23, 0x00, 0x23, 0x00, 0x23, 0x00, 0x23, 0x00, 0x23, 0x00, 0x23, 0x00, 0x23, 0x00,
    0x23, 0x00, 0x23, 0x00, 0x23, 0x00, 0x23, 0x00, 0x23, 0x00, 0x23, 0x00, 0x23, 0x00, 0x23, 0x00,
    0x23, 0x00, 0x23, 0x00, 0x23, 0x00, 0x23, 0x00, 0x23, 0x00, 0x23, 0x00, 0x23, 0x00, 0x23, 0x00,
    0x23, 0x00, 0x23, 0x00, 0x23, 0x00, 0x23, 0x00, 0x23, 0x00, 0x23, 0x00, 0x23, 0x00, 0x23, 0x00,
    0x23, 0x00, 0x23, 0x00, 0x23, 0x00, 0x23, 0x00, 0x23, 0x00, 0x23, 0x00, 0x23, 0x00, 0x23, 0x00,
    0x23, 0x00, 0x23, 0x00, 0x23, 0x00, 0x23, 0x00, 0x23, 0x00, 0x23, 0x00, 0x23, 0x00, 0x23, 0x00,
    0x23, 0x00, 0x23, 0x00, 0x23, 0x00, 0x23, 0x00, 0x23, 0x00, 0x23, 0x00, 0x23, 0x00, 0x23, 0x00,
    0x23, 0x00, 0x23, 0x00, 0x23, 0x00, 0x23, 0x00, 0x23, 0x00, 0x23, 0x00, 0x23, 0x00, 0x23, 0x00,
    0x23, 0x00, 0x23, 0x00, 0x23, 0x00, 0x23, 0x00, 0x23, 0x00, 0x23, 0x00, 0x23, 0x00, 0x23, 0x00,
    0x23, 0x00, 0x23, 0x00, 0x23, 0x00, 0x23, 0x00, 0x23, 0x00, 0x23, 0x00, 0x23, 0x00, 0x23, 0x00,
    0x23, 0x00, 0x23, 0x00, 0x23, 0x00, 0x23, 0x00, 0x23, 0x00, 0x23, 0x00, 0x23, 0x00, 0x23, 0x00,
    0x23, 0x00, 0x23, 0x00, 0x23, 0x00, 0x23, 0x00, 0x23, 0x00, 0x23, 0x00, 0x23, 0x00, 0x23, 0x00,
    0x23, 0x00, 0x23, 0x00, 0x23, 0x00, 0x23, 0x00, 0x23, 0x00, 0x23, 0x00, 0x23, 0x00, 0x23, 0x00,
    0x23, 0x00, 0x23, 0x00, 0x23, 0x00, 0x23, 0x00, 0x23, 0x00, 0x23, 0x00, 0x23, 0x00, 0x23, 0x00,
    0x23, 0x00, 0x23, 0x00, 0x23, 0x00, 0x23, 0x00, 0x46, 0x00, 0x46, 0x00, 0x23, 0x00, 0x23, 0x00,
    0x46, 0x00, 0x46, 0x00, 0x23, 0x00, 0x23, 0x00, 0x46, 0x00, 0x46, 0x00, 0x23, 0x00, 0x23, 0x00,
    0x23, 0x00, 0x46, 0x00, 0x46, 0x00, 0x23, 0x00, 0x23, 0x00, 0x23, 0x00, 0x46, 0x00, 0x46, 0x00,
    0x23, 0x00, 0x23, 0x00, 0x46, 0x00, 0x46, 0x00, 0x23, 0x00, 0x23, 0x00, 0x23, 0x00, 0x23, 0x00,
    0x46, 0x00, 0x23, 0x00, 0x23, 0x00, 0x23, 0x00, 0x23, 0x00, 0x23, 0x00, 0x23, 0x00, 0x23, 0x00,
    0x23, 0x00, 0x23, 0x00, 0x23, 0x00, 0x23, 0x00, 0x23, 0x00, 0x8a, 0x00, 0xef, 0x00, 0x0c, 0x01,
    0x00, 0x00, 0x23, 0x00, 0x46, 0x00, 0x0c, 0x01, 0x0c, 0x01, 0x8a, 0x00, 0x23, 0x00, 0x23, 0x00,
    0x23, 0x00, 0x23, 0x00, 0x23, 0x00, 0x0c, 0x01, 0xef, 0x00, 0x0c, 0x01, 0x23, 0x00, 0x23, 0x00,
    0x8a, 0x00, 0xef, 0x00, 0x0c, 0x01, 0x23, 0x00, 0x23, 0x00, 0x8a, 0x00, 0xef, 0x00, 0x0c, 0x01,
    0x46, 0x00, 0x23, 0x00, 0x23, 0x00, 0xce, 0x01, 0xff, 0x05, 0xff, 0x05, 0x00, 0x00, 0x23, 0x00,
    0x23, 0x00, 0x23, 0x00, 0x23, 0x00, 0x23, 0x00, 0x23, 0x00, 0x23, 0x00, 0x23, 0x00, 0x23, 0x00,
    0x23, 0x00, 0x51, 0x01, 0x51, 0x01, 0x00, 0x00, 0x00, 0x00, 0x00, 0x00, 0x00, 0x00, 0x00, 0x00,
    0x00, 0x00, 0x8a, 0x00, 0x46, 0x00, 0x00, 0x00, 0x00, 0x00, 0x23, 0x00, 0x23, 0x00, 0x00, 0x00,
    0x23, 0x00, 0x8a, 0x00, 0x23, 0x00, 0x00, 0x00, 0x00, 0x00, 0x00, 0x00, 0x00, 0x00, 0x00, 0x00,
    0x00, 0x00, 0x00, 0x00, 0x00, 0x00, 0x00, 0x00, 0x00, 0x00, 0x00, 0x00, 0x00, 0x00, 0x33, 0x01,
    0x51, 0x01, 0x23, 0x00, 0x23, 0x00, 0x23, 0x00, 0x46, 0x00, 0xe8, 0x00, 0x23, 0x00, 0x23, 0x00,
    0x23, 0x00, 0x23, 0x00, 0x23, 0x00, 0x23, 0x00, 0x23, 0x00, 0x23, 0x00, 0x23, 0x00, 0x23, 0x00,
    0x23, 0x00, 0x23, 0x00, 0x23, 0x00, 0x23, 0x00, 0x23, 0x00, 0x23, 0x00, 0x23, 0x00, 0x23, 0x00,
    0x23, 0x00, 0x23, 0x00, 0x23, 0x00, 0x23, 0x00, 0x23, 0x00, 0x23, 0x00, 0x23, 0x00, 0x23, 0x00,
    0x23, 0x00, 0x23, 0x00, 0x23, 0x00, 0x23, 0x00, 0x23, 0x00, 0x23, 0x00, 0x23, 0x00, 0x23, 0x00,
    0x23, 0x00, 0x23, 0x00, 0x23, 0x00, 0x23, 0x00, 0x23, 0x00, 0x23, 0x00, 0x23, 0x00, 0x23, 0x00,
    0x23, 0x00, 0x23, 0x00, 0x23, 0x00, 0x23, 0x00, 0x23, 0x00, 0x23, 0x00, 0x23, 0x00, 0x23, 0x00,
    0x23, 0x00, 0x23, 0x00, 0x23, 0x00, 0x23, 0x00, 0x23, 0x00, 0x23, 0x00, 0x23, 0x00, 0x23, 0x00,
    0x23, 0x00, 0x23, 0x00, 0x23, 0x00, 0x23, 0x00, 0x23, 0x00, 0x23, 0x00, 0x23, 0x00, 0x23, 0x00,
    0x23, 0x00, 0x23, 0x00, 0x23, 0x00, 0x23, 0x00, 0x23, 0x00, 0x23, 0x00, 0x23, 0x00, 0x23, 0x00,
    0x23, 0x00, 0x23, 0x00, 0x23, 0x00, 0x23, 0x00, 0x23, 0x00, 0x23, 0x00, 0x23, 0x00, 0x23, 0x00,
    0x23, 0x00, 0x23, 0x00, 0x23, 0x00, 0x23, 0x00, 0x23, 0x00, 0x23, 0x00, 0x23, 0x00, 0x23, 0x00,
    0x23, 0x00, 0x23, 0x00, 0x23, 0x00, 0x23, 0x00, 0x23, 0x00, 0x23, 0x00, 0x23, 0x00, 0x23, 0x00,
    0x23, 0x00, 0x23, 0x00, 0x23, 0x00, 0x23, 0x00, 0x23, 0x00, 0x23, 0x00, 0x23, 0x00, 0x23, 0x00,
    0x23, 0x00, 0x23, 0x00, 0x23, 0x00, 0x23, 0x00, 0x23, 0x00, 0x23, 0x00, 0x23, 0x00, 0x23, 0x00,
    0x23, 0x00, 0x23, 0x00, 0x23, 0x00, 0x23, 0x00, 0x23, 0x00, 0x23, 0x00, 0x23, 0x00, 0x23, 0x00,
    0x23, 0x00, 0x23, 0x00, 0x23, 0x00, 0x23, 0x00, 0x23, 0x00, 0x23, 0x00, 0x23, 0x00, 0x23, 0x00,
    0x23, 0x00, 0x23, 0x00, 0x23, 0x00, 0x23, 0x00, 0x23, 0x00, 0x23, 0x00, 0x23, 0x00, 0x23, 0x00,
    0x23, 0x00, 0x23, 0x00, 0x23, 0x00, 0x23, 0x00, 0x23, 0x00, 0x23, 0x00, 0x23, 0x00, 0x23, 0x00,
    0x23, 0x00, 0x23, 0x00, 0x23, 0x00, 0x23, 0x00, 0x23, 0x00, 0x23, 0x00, 0x23, 0x00, 0x23, 0x00,
    0x23, 0x00, 0x23, 0x00, 0x23, 0x00, 0x23, 0x00, 0x23, 0x00, 0x46, 0x00, 0xef, 0x00, 0xef, 0x00,
    0x23, 0x00, 0x23, 0x00, 0x46, 0x00, 0x0c, 0x01, 0x8a, 0x00, 0x23, 0x00, 0x23, 0x00, 0x23, 0x00,
    0x23, 0x00, 0x23, 0x00, 0x23, 0x00, 0x8a, 0x00, 0x51, 0x01, 0x0c, 0x01, 0x23, 0x00, 0x23, 0x00,
    0x0c, 0x01, 0xef, 0x00, 0x0c, 0x01, 0x23, 0x00, 0x23, 0x00, 0x8a, 0x00, 0xef, 0x00, 0x0c, 0x01,
    0x46, 0x00, 0x23, 0x00, 0x23, 0x00, 0xab, 0x01, 0xff, 0x05, 0xff, 0x05, 0x23, 0x00, 0x23, 0x00,
    0x23, 0x00, 0x23, 0x00, 0x23, 0x00, 0x23, 0x00, 0xe8, 0x00, 0xe8, 0x00, 0x23, 0x00, 0x23, 0x00,
    0x23, 0x00, 0x51, 0x01, 0x51, 0x01, 0x00, 0x00, 0x00, 0x00, 0x00, 0x00, 0x00, 0x00, 0x00, 0x00,
    0x00, 0x00, 0x8a, 0x00, 0x46, 0x00, 0x00, 0x00, 0xe8, 0x00, 0x3d, 0x02, 0x33, 0x01, 0x00, 0x00,
    0x23, 0x00, 0x8a, 0x00, 0x23, 0x00, 0x00, 0x00, 0x00, 0x00, 0x00, 0x00, 0x00, 0x00, 0x00, 0x00,
    0x00, 0x00, 0x00, 0x00, 0x00, 0x00, 0x00, 0x00, 0x00, 0x00, 0x00, 0x00, 0x00, 0x00, 0x33, 0x01,
    0x51, 0x01, 0x23, 0x00, 0x23, 0x00, 0x23, 0x00, 0xdf, 0x03, 0xdf, 0x03, 0xce, 0x01, 0x23, 0x00,
    0x23, 0x00, 0x23, 0x00, 0x23, 0x00, 0x23, 0x00, 0x23, 0x00, 0x23, 0x00, 0x23, 0x00, 0x23, 0x00,
    0x23, 0x00, 0x23, 0x00, 0x23, 0x00, 0x23, 0x00, 0x23, 0x00, 0x23, 0x00, 0x23, 0x00, 0x23, 0x00,
    0x23, 0x00, 0x23, 0x00, 0x23, 0x00, 0x23, 0x00, 0x23, 0x00, 0x23, 0x00, 0x23, 0x00, 0x23, 0x00,
    0x23, 0x00, 0x23, 0x00, 0x23, 0x00, 0x23, 0x00, 0x23, 0x00, 0x23, 0x00, 0x23, 0x00, 0x23, 0x00,
    0x23, 0x00, 0x23, 0x00, 0x23, 0x00, 0x23, 0x00, 0x23, 0x00, 0x23, 0x00, 0x23, 0x00, 0x23, 0x00,
    0x23, 0x00, 0x23, 0x00, 0x23, 0x00, 0x23, 0x00, 0x23, 0x00, 0x23, 0x00, 0x23, 0x00, 0x23, 0x00,
    0x23, 0x00, 0x23, 0x00, 0x23, 0x00, 0x23, 0x00, 0x23, 0x00, 0x23, 0x00, 0x23, 0x00, 0x23, 0x00,
    0x23, 0x00, 0x23, 0x00, 0x23, 0x00, 0x23, 0x00, 0x23, 0x00, 0x23, 0x00, 0x23, 0x00, 0x23, 0x00,
    0x23, 0x00, 0x23, 0x00, 0x23, 0x00, 0x23, 0x00, 0x23, 0x00, 0x23, 0x00, 0x23, 0x00, 0x23, 0x00,
    0x23, 0x00, 0x23, 0x00, 0x23, 0x00, 0x23, 0x00, 0x23, 0x00, 0x23, 0x00, 0x23, 0x00, 0x23, 0x00,
    0x23, 0x00, 0x23, 0x00, 0x23, 0x00, 0x23, 0x00, 0x23, 0x00, 0x23, 0x00, 0x23, 0x00, 0x23, 0x00,
    0x23, 0x00, 0x23, 0x00, 0x23, 0x00, 0x23, 0x00, 0x23, 0x00, 0x23, 0x00, 0x23, 0x00, 0x23, 0x00,
    0x23, 0x00, 0x23, 0x00, 0x23, 0x00, 0x23, 0x00, 0x23, 0x00, 0x23, 0x00, 0x23, 0x00, 0x23, 0x00,
    0x23, 0x00, 0x23, 0x00, 0x23, 0x00, 0x23, 0x00, 0x23, 0x00, 0x23, 0x00, 0x23, 0x00, 0x23, 0x00,
    0x23, 0x00, 0x23, 0x00, 0x23, 0x00, 0x23, 0x00, 0x23, 0x00, 0x23, 0x00, 0x23, 0x00, 0x23, 0x00,
    0x23, 0x00, 0x23, 0x00, 0x23, 0x00, 0x23, 0x00, 0x23, 0x00, 0x23, 0x00, 0x23, 0x00, 0x23, 0x00,
    0x23, 0x00, 0x23, 0x00, 0x23, 0x00, 0x23, 0x00, 0x23, 0x00, 0x23, 0x00, 0x23, 0x00, 0x23, 0x00,
    0x23, 0x00, 0x23, 0x00, 0x23, 0x00, 0x23, 0x00, 0x23, 0x00, 0x23, 0x00, 0x23, 0x00, 0x23, 0x00,
    0x23, 0x00, 0x23, 0x00, 0x23, 0x00, 0x23, 0x00, 0x23, 0x00, 0x23, 0x00, 0x23, 0x00, 0x23, 0x00,
    0x23, 0x00, 0x23, 0x00, 0x23, 0x00, 0x23, 0x00, 0x23, 0x00, 0x23, 0x00, 0x23, 0x00, 0x23, 0x00,
    0x23, 0x00, 0x23, 0x00, 0x00, 0x00, 0x23, 0x00, 0x23, 0x00, 0x23, 0x00, 0x23, 0x00, 0x23, 0x00,
    0x23, 0x00, 0x23, 0x00, 0x23, 0x00, 0x23, 0x00, 0x23, 0x00, 0x23, 0x00, 0x23, 0x00, 0x23, 0x00,
    0x23, 0x00, 0x23, 0x00, 0x23, 0x00, 0x23, 0x00, 0x23, 0x00, 0x23, 0x00, 0x23, 0x00, 0x23, 0x00,
    0x23, 0x00, 0x23, 0x00, 0x23, 0x00, 0x23, 0x00, 0x00, 0x00, 0x23, 0x00, 0x23, 0x00, 0x23, 0x00,
    0x23, 0x00, 0x23, 0x00, 0x23, 0x00, 0x46, 0x00, 0x7f, 0x04, 0xdf, 0x03, 0x23, 0x00, 0x23, 0x00,
    0x23, 0x00, 0x33, 0x01, 0x51, 0x01, 0x00, 0x00, 0x00, 0x00, 0x00, 0x00, 0x00, 0x00, 0x00, 0x00,
    0x00, 0x00, 0x8a, 0x00, 0x46, 0x00, 0x00, 0x00, 0x8a, 0x00, 0x19, 0x02, 0x33, 0x01, 0x00, 0x00,
    0x46, 0x00, 0x8a, 0x00, 0x23, 0x00, 0x00, 0x00, 0x00, 0x00, 0x00, 0x00, 0x00, 0x00, 0x00, 0x00,
    0x00, 0x00, 0x00, 0x00, 0x00, 0x00, 0x00, 0x00, 0x00, 0x00, 0x00, 0x00, 0x00, 0x00, 0xb5, 0x01,
    0x51, 0x01, 0x23, 0x00, 0x23, 0x00, 0x23, 0x00, 0xdf, 0x02, 0xdf, 0x02, 0x51, 0x01, 0x23, 0x00,
    0x23, 0x00, 0x23, 0x00, 0x23, 0x00, 0x23, 0x00, 0x23, 0x00, 0x23, 0x00, 0x23, 0x00, 0x23, 0x00,
    0x23, 0x00, 0x23, 0x00, 0x23, 0x00, 0x23, 0x00, 0x23, 0x00, 0x23, 0x00, 0x23, 0x00, 0x23, 0x00,
    0x23, 0x00, 0x23, 0x00, 0x23, 0x00, 0x23, 0x00, 0x23, 0x00, 0x23, 0x00, 0x23, 0x00, 0x23, 0x00,
    0x23, 0x00, 0x23, 0x00, 0x23, 0x00, 0x23, 0x00, 0x23, 0x00, 0x23, 0x00, 0x23, 0x00, 0x23, 0x00,
    0x23, 0x00, 0x23, 0x00, 0x23, 0x00, 0x23, 0x00, 0x23, 0x00, 0x23, 0x00, 0x23, 0x00, 0x23, 0x00,
    0x23, 0x00, 0x23, 0x00, 0x23, 0x00, 0x23, 0x00, 0x23, 0x00, 0x23, 0x00, 0x23, 0x00, 0x23, 0x00,
    0x23, 0x00, 0x23, 0x00, 0x23, 0x00, 0x23, 0x00, 0x23, 0x00, 0x23, 0x00, 0x23, 0x00, 0x23, 0x00,
    0x23, 0x00, 0x23, 0x00, 0x23, 0x00, 0x23, 0x00, 0x23, 0x00, 0x23, 0x00, 0x23, 0x00, 0x23, 0x00,
    0x23, 0x00, 0x23, 0x00, 0x23, 0x00, 0x23, 0x00, 0x23, 0x00, 0x23, 0x00, 0x23, 0x00, 0x23, 0x00,
    0x23, 0x00, 0x23, 0x00, 0x23, 0x00, 0x23, 0x00, 0x23, 0x00, 0x23, 0x00, 0x23, 0x00, 0x23, 0x00,
    0x23, 0x00, 0x23, 0x00, 0x23, 0x00, 0x23, 0x00, 0x23, 0x00, 0x23, 0x00, 0x23, 0x00, 0x23, 0x00,
    0x23, 0x00, 0x23, 0x00, 0x23, 0x00, 0x23, 0x00, 0x23, 0x00, 0x23, 0x00, 0x23, 0x00, 0x23, 0x00,
    0x23, 0x00, 0x23, 0x00, 0x23, 0x00, 0x23, 0x00, 0x23, 0x00, 0x23, 0x00, 0x23, 0x00, 0x23, 0x00,
    0x23, 0x00, 0x23, 0x00, 0x23, 0x00, 0x23, 0x00, 0x23, 0x00, 0x23, 0x00, 0x23, 0x00, 0x23, 0x00,
    0x23, 0x00, 0x23, 0x00, 0x23, 0x00, 0x23, 0x00, 0x23, 0x00, 0x23, 0x00, 0x23, 0x00, 0x23, 0x00,
    0x23, 0x00, 0x23, 0x00, 0x23, 0x00, 0x23, 0x00, 0x23, 0x00, 0x23, 0x00, 0x23, 0x00, 0x23, 0x00,
    0x23, 0x00, 0x23, 0x00, 0x23, 0x00, 0x23, 0x00, 0x23, 0x00, 0x23, 0x00, 0x23, 0x00, 0x23, 0x00,
    0x23, 0x00, 0x23, 0x00, 0x23, 0x00, 0x23, 0x00, 0x23, 0x00, 0x23, 0x00, 0x23, 0x00, 0x23, 0x00,
    0x23, 0x00, 0x23, 0x00, 0x23, 0x00, 0x23, 0x00, 0x23, 0x00, 0x23, 0x00, 0x23, 0x00, 0x23, 0x00,
    0x23, 0x00, 0x23, 0x00, 0x23, 0x00, 0x23, 0x00, 0x23, 0x00, 0x23, 0x00, 0x23, 0x00, 0x23, 0x00,
    0x23, 0x00, 0x23, 0x00, 0x23, 0x00, 0x23, 0x00, 0x23, 0x00, 0x23, 0x00, 0x23, 0x00, 0x23, 0x00,
    0x23, 0x00, 0x23, 0x00, 0x23, 0x00, 0x23, 0x00, 0x23, 0x00, 0x23, 0x00, 0x23, 0x00, 0x23, 0x00,
    0x23, 0x00, 0x23, 0x00, 0x23, 0x00, 0x23, 0x00, 0x23, 0x00, 0x23, 0x00, 0x23, 0x00, 0x23, 0x00,
    0x23, 0x00, 0x23, 0x00, 0x23, 0x00, 0x23, 0x00, 0x23, 0x00, 0x23, 0x00, 0x23, 0x00, 0x23, 0x00,
    0x23, 0x00, 0x23, 0x00, 0x23, 0x00, 0xe8, 0x00, 0xdf, 0x03, 0xdf, 0x03, 0x23, 0x00, 0x23, 0x00,
    0x23, 0x00, 0x33, 0x01, 0x51, 0x01, 0x00, 0x00, 0x00, 0x00, 0x00, 0x00, 0x00, 0x00, 0x00, 0x00,
    0x00, 0x00, 0x8a, 0x00, 0xe8, 0x00, 0x00, 0x00, 0xe8, 0x00, 0x19, 0x02, 0x33, 0x01, 0x00, 0x00,
    0x46, 0x00, 0x0c, 0x01, 0x23, 0x00, 0x00, 0x00, 0x00, 0x00, 0x00, 0x00, 0x00, 0x00, 0x00, 0x00,
    0x00, 0x00, 0x00, 0x00, 0x00, 0x00, 0x00, 0x00, 0x00, 0x00, 0x00, 0x00, 0x00, 0x00, 0xb5, 0x01,
    0x51, 0x01, 0x00, 0x00, 0x23, 0x00, 0x23, 0x00, 0xdf, 0x03, 0xdf, 0x03, 0x5d, 0x03, 0x55, 0x02,
    0xf8, 0x02, 0x23, 0x00, 0x23, 0x00, 0x23, 0x00, 0x23, 0x00, 0x23, 0x00, 0x23, 0x00, 0x23, 0x00,
    0x23, 0x00, 0x23, 0x00, 0x23, 0x00, 0x23, 0x00, 0x23, 0x00, 0x23, 0x00, 0x23, 0x00, 0x23, 0x00,
    0x23, 0x00, 0x23, 0x00, 0x23, 0x00, 0x23, 0x00, 0x23, 0x00, 0x23, 0x00, 0x23, 0x00, 0x23, 0x00,
    0x23, 0x00, 0x23, 0x00, 0x23, 0x00, 0x23, 0x00, 0x23, 0x00, 0x23, 0x00, 0x23, 0x00, 0x23, 0x00,
    0x23, 0x00, 0x23, 0x00, 0x23, 0x00, 0x23, 0x00, 0x23, 0x00, 0x23, 0x00, 0x23, 0x00, 0x23, 0x00,
    0x23, 0x00, 0x23, 0x00, 0x23, 0x00, 0x23, 0x00, 0x23, 0x00, 0x23, 0x00, 0x23, 0x00, 0x23, 0x00,
    0x23, 0x00, 0x23, 0x00, 0x23, 0x00, 0x23, 0x00, 0x23, 0x00, 0x23, 0x00, 0x23, 0x00, 0x23, 0x00,
    0x23, 0x00, 0x23, 0x00, 0x23, 0x00, 0x23, 0x00, 0x23, 0x00, 0x23, 0x00, 0x23, 0x00, 0x23, 0x00,
    0x23, 0x00, 0x23, 0x00, 0x23, 0x00, 0x23, 0x00, 0x23, 0x00, 0x23, 0x00, 0x23, 0x00, 0x23, 0x00,
    0x23, 0x00, 0x23, 0x00, 0x23, 0x00, 0x23, 0x00, 0x23, 0x00, 0x23, 0x00, 0x23, 0x00, 0x23, 0x00,
    0x23, 0x00, 0x23, 0x00, 0x23, 0x00, 0x23, 0x00, 0x23, 0x00, 0x23, 0x00, 0x23, 0x00, 0x23, 0x00,
    0x23, 0x00, 0x23, 0x00, 0x23, 0x00, 0x23, 0x00, 0x23, 0x00, 0x23, 0x00, 0x23, 0x00, 0x23, 0x00,
    0x23, 0x00, 0x23, 0x00, 0x23, 0x00, 0x23, 0x00, 0x23, 0x00, 0x23, 0x00, 0x23, 0x00, 0x23, 0x00,
    0x23, 0x00, 0x23, 0x00, 0x23, 0x00, 0x23, 0x00, 0x23, 0x00, 0x23, 0x00, 0x23, 0x00, 0x23, 0x00,
    0x23, 0x00, 0x23, 0x00, 0x23, 0x00, 0x23, 0x00, 0x23, 0x00, 0x23, 0x00, 0x23, 0x00, 0x23, 0x00,
    0x23, 0x00, 0x23, 0x00, 0x23, 0x00, 0x23, 0x00, 0x23, 0x00, 0x23, 0x00, 0x23, 0x00, 0x23, 0x00,
    0x23, 0x00, 0x23, 0x00, 0x23, 0x00, 0x23, 0x00, 0x23, 0x00, 0x23, 0x00, 0x23, 0x00, 0x23, 0x00,
    0x23, 0x00, 0x23, 0x00, 0x23, 0x00, 0x23, 0x00, 0x23, 0x00, 0x23, 0x00, 0x23, 0x00, 0x23, 0x00,
    0x23, 0x00, 0x23, 0x00, 0x23, 0x00, 0x23, 0x00, 0x23, 0x00, 0x23, 0x00, 0x23, 0x00, 0x23, 0x00,
    0x23, 0x00, 0x23, 0x00, 0x23, 0x00, 0x23, 0x00, 0x23, 0x00, 0x23, 0x00, 0x23, 0x00, 0x23, 0x00,
    0x23, 0x00, 0x23, 0x00, 0x23, 0x00, 0x23, 0x00, 0x23, 0x00, 0x23, 0x00, 0x23, 0x00, 0x23, 0x00,
    0x23, 0x00, 0x23, 0x00, 0x23, 0x00, 0x23, 0x00, 0x23, 0x00, 0x23, 0x00, 0x23, 0x00, 0x23, 0x00,
    0x23, 0x00, 0x23, 0x00, 0x23, 0x00, 0x23, 0x00, 0x23, 0x00, 0x23, 0x00, 0x23, 0x00, 0x23, 0x00,
    0x23, 0x00, 0x23, 0x00, 0x23, 0x00, 0x23, 0x00, 0x23, 0x00, 0x23, 0x00, 0x23, 0x00, 0x23, 0x00,
    0x23, 0x00, 0x90, 0x02, 0x55, 0x02, 0xbb, 0x02, 0x7f, 0x04, 0x7f, 0x04, 0x23, 0x00, 0x23, 0x00,
    0x23, 0x00, 0x33, 0x01, 0x51, 0x01, 0x00, 0x00, 0x00, 0x00, 0x00, 0x00, 0x00, 0x00, 0x00, 0x00,
    0x00, 0x00, 0xe8, 0x00, 0xe8, 0x00, 0x23, 0x00, 0x46, 0x00, 0xb5, 0x01, 0x51, 0x01, 0x00, 0x00,
    0x46, 0x00, 0x8a, 0x00, 0x23, 0x00, 0x00, 0x00, 0x00, 0x00, 0x00, 0x00, 0x00, 0x00, 0x00, 0x00,
    0x00, 0x00, 0x00, 0x00, 0x00, 0x00, 0x00, 0x00, 0x00, 0x00, 0x00, 0x00, 0x00, 0x00, 0x33, 0x01,
    0x51, 0x01, 0x00, 0x00, 0x23, 0x00, 0x23, 0x00, 0x23, 0x00, 0xbb, 0x02, 0xdf, 0x02, 0xdf, 0x03,
    0x7f, 0x04, 0x46, 0x00, 0x23, 0x00, 0x23, 0x00, 0x23, 0x00, 0x23, 0x00, 0x23, 0x00, 0x23, 0x00,
    0x23, 0x00, 0x23, 0x00, 0x23, 0x00, 0x23, 0x00, 0x23, 0x00, 0x23, 0x00, 0x23, 0x00, 0x23, 0x00,
    0x23, 0x00, 0x23, 0x00, 0x23, 0x00, 0x23, 0x00, 0x23, 0x00, 0x23, 0x00, 0x23, 0x00, 0x23, 0x00,
    0x23, 0x00, 0x23, 0x00, 0x23, 0x00, 0x23, 0x00, 0x23, 0x00, 0x23, 0x00, 0x23, 0x00, 0x23, 0x00,
    0x23, 0x00, 0x23, 0x00, 0x23, 0x00, 0x23, 0x00, 0x23, 0x00, 0x23, 0x00, 0x23, 0x00, 0x23, 0x00,
    0x23, 0x00, 0x23, 0x00, 0x23, 0x00, 0x23, 0x00, 0x23, 0x00, 0x23, 0x00, 0x23, 0x00, 0x23, 0x00,
    0x23, 0x00, 0x23, 0x00, 0x23, 0x00, 0x23, 0x00, 0x23, 0x00, 0x23, 0x00, 0x23, 0x00, 0x23, 0x00,
    0x23, 0x00, 0x23, 0x00, 0x23, 0x00, 0x23, 0x00, 0x23, 0x00, 0x23, 0x00, 0x23, 0x00, 0x23, 0x00,
    0x23, 0x00, 0x23, 0x00, 0x23, 0x00, 0x23, 0x00, 0x23, 0x00, 0x23, 0x00, 0x23, 0x00, 0x23, 0x00,
    0x23, 0x00, 0x23, 0x00, 0x23, 0x00, 0x23, 0x00, 0x23, 0x00, 0x23, 0x00, 0x23, 0x00, 0x23, 0x00,
    0x23, 0x00, 0x23, 0x00, 0x23, 0x00, 0x23, 0x00, 0x23, 0x00, 0x23, 0x00, 0x23, 0x00, 0x23, 0x00,
    0x23, 0x00, 0x23, 0x00, 0x23, 0x00, 0x23, 0x00, 0x23, 0x00, 0x23, 0x00, 0x23, 0x00, 0x23, 0x00,
    0x23, 0x00, 0x23, 0x00, 0x23, 0x00, 0x23, 0x00, 0x23, 0x00, 0x23, 0x00, 0x23, 0x00, 0x23, 0x00,
    0x23, 0x00, 0x23, 0x00, 0x23, 0x00, 0x23, 0x00, 0x23, 0x00, 0x23, 0x00, 0x23, 0x00, 0x23, 0x00,
    0x23, 0x00, 0x23, 0x00, 0x23, 0x00, 0x23, 0x00, 0x23, 0x00, 0x23, 0x00, 0x23, 0x00, 0x23, 0x00,
    0x23, 0x00, 0x23, 0x00, 0x23, 0x00, 0x23, 0x00, 0x23, 0x00, 0x23, 0x00, 0x23, 0x00, 0x23, 0x00,
    0x23, 0x00, 0x23, 0x00, 0x23, 0x00, 0x23, 0x00, 0x23, 0x00, 0x23, 0x00, 0x23, 0x00, 0x23, 0x00,
    0x23, 0x00, 0x23, 0x00, 0x23, 0x00, 0x23, 0x00, 0x23, 0x00, 0x23, 0x00, 0x23, 0x00, 0x23, 0x00,
    0x23, 0x00, 0x23, 0x00, 0x23, 0x00, 0x23, 0x00, 0x23, 0x00, 0x23, 0x00, 0x23, 0x00, 0x23, 0x00,
    0x23, 0x00, 0x23, 0x00, 0x23, 0x00, 0x23, 0x00, 0x23, 0x00, 0x23, 0x00, 0x23, 0x00, 0x23, 0x00,
    0x23, 0x00, 0x23, 0x00, 0x23, 0x00, 0x23, 0x00, 0x23, 0x00, 0x23, 0x00, 0x23, 0x00, 0x23, 0x00,
    0x23, 0x00, 0x23, 0x00, 0x23, 0x00, 0x23, 0x00, 0x23, 0x00, 0x23, 0x00, 0x23, 0x00, 0x23, 0x00,
    0x23, 0x00, 0x23, 0x00, 0x23, 0x00, 0x23, 0x00, 0x23, 0x00, 0x23, 0x00, 0x23, 0x00, 0x23, 0x00,
    0x23, 0x00, 0x23, 0x00, 0x23, 0x00, 0x23, 0x00, 0x23, 0x00, 0x23, 0x00, 0x23, 0x00, 0x23, 0x00,
    0x23, 0x00, 0xdf, 0x03, 0xdf, 0x02, 0xdf, 0x02, 0xdf, 0x02, 0x23, 0x00, 0x23, 0x00, 0x23, 0x00,
    0x23, 0x00, 0x51, 0x01, 0x33, 0x01, 0x00, 0x00, 0x00, 0x00, 0x00, 0x00, 0x00, 0x00, 0x00, 0x00,
    0x00, 0x00, 0x23, 0x00, 0x23, 0x00, 0x00, 0x00, 0x46, 0x00, 0x33, 0x01, 0x0c, 0x01, 0x00, 0x00,
    0x00, 0x00, 0x23, 0x00, 0x00, 0x00, 0x00, 0x00, 0x00, 0x00, 0x00, 0x00, 0x00, 0x00, 0x00, 0x00,
    0x00, 0x00, 0x00, 0x00, 0x00, 0x00, 0x00, 0x00, 0x00, 0x00, 0x00, 0x00, 0x00, 0x00, 0xb5, 0x01,
    0x33, 0x01, 0xef, 0x00, 0xe8, 0x00, 0x23, 0x00, 0x23, 0x00, 0xce, 0x01, 0x55, 0x02, 0xf8, 0x02,
    0xf8, 0x02, 0x23, 0x00, 0x23, 0x00, 0x23, 0x00, 0x23, 0x00, 0x23, 0x00, 0x23, 0x00, 0x23, 0x00,
    0x23, 0x00, 0x23, 0x00, 0x23, 0x00, 0x23, 0x00, 0x23, 0x00, 0x23, 0x00, 0x23, 0x00, 0x23, 0x00,
    0x23, 0x00, 0x23, 0x00, 0x23, 0x00, 0x23, 0x00, 0x23, 0x00, 0x23, 0x00, 0x23, 0x00, 0x23, 0x00,
    0x23, 0x00, 0x23, 0x00, 0x23, 0x00, 0x23, 0x00, 0x23, 0x00, 0x23, 0x00, 0x23, 0x00, 0x23, 0x00,
    0x23, 0x00, 0x23, 0x00, 0x23, 0x00, 0x23, 0x00, 0x23, 0x00, 0x23, 0x00, 0x23, 0x00, 0x23, 0x00,
    0x23, 0x00, 0x23, 0x00, 0x23, 0x00, 0x23, 0x00, 0x23, 0x00, 0x23, 0x00, 0x23, 0x00, 0x23, 0x00,
    0x23, 0x00, 0x23, 0x00, 0x23, 0x00, 0x23, 0x00, 0x23, 0x00, 0x23, 0x00, 0x23, 0x00, 0x23, 0x00,
    0x23, 0x00, 0x23, 0x00, 0x23, 0x00, 0x23, 0x00, 0x23, 0x00, 0x23, 0x00, 0x23, 0x00, 0x23, 0x00,
    0x23, 0x00, 0x23, 0x00, 0x23, 0x00, 0x23, 0x00, 0x23, 0x00, 0x23, 0x00, 0x23, 0x00, 0x23, 0x00,
    0x23, 0x00, 0x23, 0x00, 0x23, 0x00, 0x23, 0x00, 0x23, 0x00, 0x23, 0x00, 0x23, 0x00, 0x23, 0x00,
    0x23, 0x00, 0x23, 0x00, 0x23, 0x00, 0x23, 0x00, 0x23, 0x00, 0x23, 0x00, 0x23, 0x00, 0x23, 0x00,
    0x23, 0x00, 0x23, 0x00, 0x23, 0x00, 0x23, 0x00, 0x23, 0x00, 0x23, 0x00, 0x23, 0x00, 0x23, 0x00,
    0x23, 0x00, 0x23, 0x00, 0x23, 0x00, 0x23, 0x00, 0x23, 0x00, 0x23, 0x00, 0x23, 0x00, 0x23, 0x00,
    0x23, 0x00, 0x23, 0x00, 0x23, 0x00, 0x23, 0x00, 0x23, 0x00, 0x23, 0x00, 0x23, 0x00, 0x23, 0x00,
    0x23, 0x00, 0x23, 0x00, 0x23, 0x00, 0x23, 0x00, 0x23, 0x00, 0x23, 0x00, 0x23, 0x00, 0x23, 0x00,
    0x23, 0x00, 0x23, 0x00, 0x23, 0x00, 0x23, 0x00, 0x23, 0x00, 0x23, 0x00, 0x23, 0x00, 0x23, 0x00,
    0x23, 0x00, 0x23, 0x00, 0x23, 0x00, 0x23, 0x00, 0x23, 0x00, 0x23, 0x00, 0x23, 0x00, 0x23, 0x00,
    0x23, 0x00, 0x23, 0x00, 0x23, 0x00, 0x23, 0x00, 0x23, 0x00, 0x23, 0x00, 0x23, 0x00, 0x23, 0x00,
    0x23, 0x00, 0x23, 0x00, 0x23, 0x00, 0x23, 0x00, 0x23, 0x00, 0x23, 0x00, 0x23, 0x00, 0x23, 0x00,
    0x23, 0x00, 0x23, 0x00, 0x23, 0x00, 0x23, 0x00, 0x23, 0x00, 0x23, 0x00, 0x23, 0x00, 0x23, 0x00,
    0x23, 0x00, 0x23, 0x00, 0x23, 0x00, 0x23, 0x00, 0x23, 0x00, 0x23, 0x00, 0x23, 0x00, 0x23, 0x00,
    0x23, 0x00, 0x23, 0x00, 0x23, 0x00, 0x23, 0x00, 0x23, 0x00, 0x23, 0x00, 0x23, 0x00, 0x23, 0x00,
    0x23, 0x00, 0x23, 0x00, 0x23, 0x00, 0x23, 0x00, 0x23, 0x00, 0x23, 0x00, 0x23, 0x00, 0x23, 0x00,
    0x23, 0x00, 0x23, 0x00, 0x23, 0x00, 0x23, 0x00, 0x23, 0x00, 0x23, 0x00, 0x23, 0x00, 0x23, 0x00,
    0x23, 0x00, 0x55, 0x02, 0x19, 0x02, 0xf8, 0x02, 0xf1, 0x01, 0x23, 0x00, 0x23, 0x00, 0x0c, 0x01,
    0x51, 0x01, 0x33, 0x01, 0x33, 0x01, 0x00, 0x00, 0x00, 0x00, 0x00, 0x00, 0x00, 0x00, 0x00, 0x00,
    0x46, 0x00, 0x3d, 0x02, 0x55, 0x02, 0x00, 0x00, 0x00, 0x00, 0x23, 0x00, 0x23, 0x00, 0x00, 0x00,
    0x51, 0x01, 0x19, 0x02, 0xef, 0x00, 0x00, 0x00, 0x00, 0x00, 0x00, 0x00, 0x00, 0x00, 0x00, 0x00,
    0x00, 0x00, 0x00, 0x00, 0x00, 0x00, 0x00, 0x00, 0x00, 0x00, 0x00, 0x00, 0x00, 0x00, 0x23, 0x00,
    0x8a, 0x00, 0x51, 0x01, 0xef, 0x00, 0x51, 0x01, 0x46, 0x00, 0x23, 0x00, 0x00, 0x00, 0x23, 0x00,
    0x23, 0x00, 0x23, 0x00, 0x23, 0x00, 0x23, 0x00, 0x23, 0x00, 0x23, 0x00, 0x23, 0x00, 0x23, 0x00,
    0x23, 0x00, 0x23, 0x00, 0x23, 0x00, 0x23, 0x00, 0x23, 0x00, 0x23, 0x00, 0x23, 0x00, 0x23, 0x00,
    0x23, 0x00, 0x23, 0x00, 0x23, 0x00, 0x23, 0x00, 0x23, 0x00, 0x23, 0x00, 0x23, 0x00, 0x23, 0x00,
    0x23, 0x00, 0x23, 0x00, 0x23, 0x00, 0x23, 0x00, 0x23, 0x00, 0x23, 0x00, 0x23, 0x00, 0x23, 0x00,
    0x23, 0x00, 0x23, 0x00, 0x23, 0x00, 0x23, 0x00, 0x23, 0x00, 0x23, 0x00, 0x23, 0x00, 0x23, 0x00,
    0x23, 0x00, 0x23, 0x00, 0x23, 0x00, 0x23, 0x00, 0x23, 0x00, 0x23, 0x00, 0x23, 0x00, 0x23, 0x00,
    0x23, 0x00, 0x23, 0x00, 0x23, 0x00, 0x23, 0x00, 0x23, 0x00, 0x23, 0x00, 0x23, 0x00, 0x23, 0x00,
    0x23, 0x00, 0x23, 0x00, 0x23, 0x00, 0x23, 0x00, 0x23, 0x00, 0x23, 0x00, 0x23, 0x00, 0x23, 0x00,
    0x23, 0x00, 0x23, 0x00, 0x23, 0x00, 0x23, 0x00, 0x23, 0x00, 0x23, 0x00, 0x23, 0x00, 0x23, 0x00,
    0x23, 0x00, 0x23, 0x00, 0x23, 0x00, 0x23, 0x00, 0x23, 0x00, 0x23, 0x00, 0x23, 0x00, 0x23, 0x00,
    0x23, 0x00, 0x23, 0x00, 0x23, 0x00, 0x23, 0x00, 0x23, 0x00, 0x23, 0x00, 0x23, 0x00, 0x23, 0x00,
    0x23, 0x00, 0x23, 0x00, 0x23, 0x00, 0x23, 0x00, 0x23, 0x00, 0x23, 0x00, 0x23, 0x00, 0x23, 0x00,
    0x23, 0x00, 0x23, 0x00, 0x23, 0x00, 0x23, 0x00, 0x23, 0x00, 0x23, 0x00, 0x23, 0x00, 0x23, 0x00,
    0x23, 0x00, 0x23, 0x00, 0x23, 0x00, 0x23, 0x00, 0x23, 0x00, 0x23, 0x00, 0x23, 0x00, 0x23, 0x00,
    0x23, 0x00, 0x23, 0x00, 0x23, 0x00, 0x23, 0x00, 0x23, 0x00, 0x23, 0x00, 0x23, 0x00, 0x23, 0x00,
    0x23, 0x00, 0x23, 0x00, 0x23, 0x00, 0x23, 0x00, 0x23, 0x00, 0x23, 0x00, 0x23, 0x00, 0x23, 0x00,
    0x23, 0x00, 0x23, 0x00, 0x23, 0x00, 0x23, 0x00, 0x23, 0x00, 0x23, 0x00, 0x23, 0x00, 0x23, 0x00,
    0x23, 0x00, 0x23, 0x00, 0x23, 0x00, 0x23, 0x00, 0x23, 0x00, 0x23, 0x00, 0x23, 0x00, 0x23, 0x00,
    0x23, 0x00, 0x23, 0x00, 0x23, 0x00, 0x23, 0x00, 0x23, 0x00, 0x23, 0x00, 0x23, 0x00, 0x23, 0x00,
    0x23, 0x00, 0x23, 0x00, 0x23, 0x00, 0x23, 0x00, 0x23, 0x00, 0x23, 0x00, 0x23, 0x00, 0x23, 0x00,
    0x23, 0x00, 0x23, 0x00, 0x23, 0x00, 0x23, 0x00, 0x23, 0x00, 0x23, 0x00, 0x23, 0x00, 0x23, 0x00,
    0x23, 0x00, 0x23, 0x00, 0x23, 0x00, 0x23, 0x00, 0x23, 0x00, 0x23, 0x00, 0x23, 0x00, 0x23, 0x00,
    0x23, 0x00, 0x23, 0x00, 0x23, 0x00, 0x23, 0x00, 0x23, 0x00, 0x23, 0x00, 0x23, 0x00, 0x23, 0x00,
    0x23, 0x00, 0x23, 0x00, 0x23, 0x00, 0x23, 0x00, 0x23, 0x00, 0x23, 0x00, 0x23, 0x00, 0x23, 0x00,
    0x23, 0x00, 0x23, 0x00, 0x23, 0x00, 0x23, 0x00, 0x23, 0x00, 0x23, 0x00, 0x51, 0x01, 0x51, 0x01,
    0x51, 0x01, 0x8a, 0x00, 0x23, 0x00, 0x00, 0x00, 0x00, 0x00, 0x00, 0x00, 0x00, 0x00, 0x00, 0x00,
    0x46, 0x00, 0xdf, 0x02, 0x3d, 0x02, 0x0c, 0x01, 0x00, 0x00, 0x00, 0x00, 0x23, 0x00, 0x0c, 0x01,
    0x19, 0x02, 0x3d, 0x02, 0x51, 0x01, 0x00, 0x00, 0x00, 0x00, 0x00, 0x00, 0x00, 0x00, 0x00, 0x00,
    0x00, 0x00, 0x00, 0x00, 0x00, 0x00, 0x00, 0x00, 0x00, 0x00, 0x00, 0x00, 0x00, 0x00, 0x00, 0x00,
    0xe8, 0x00, 0x33, 0x01, 0x33, 0x01, 0x51, 0x01, 0x46, 0x00, 0x23, 0x00, 0x23, 0x00, 0x46, 0x00,
    0x23, 0x00, 0x23, 0x00, 0x23, 0x00, 0x23, 0x00, 0x23, 0x00, 0x23, 0x00, 0x23, 0x00, 0x23, 0x00,
    0x23, 0x00, 0x23, 0x00, 0x23, 0x00, 0x23, 0x00, 0x23, 0x00, 0x23, 0x00, 0x23, 0x00, 0x23, 0x00,
    0x23, 0x00, 0x23, 0x00, 0x23, 0x00, 0x23, 0x00, 0x23, 0x00, 0x23, 0x00, 0x23, 0x00, 0x23, 0x00,
    0x23, 0x00, 0x23, 0x00, 0x23, 0x00, 0x23, 0x00, 0x23, 0x00, 0x23, 0x00, 0x23, 0x00, 0x23, 0x00,
    0x23, 0x00, 0x23, 0x00, 0x23, 0x00, 0x23, 0x00, 0x23, 0x00, 0x23, 0x00, 0x23, 0x00, 0x23, 0x00,
    0x23, 0x00, 0x23, 0x00, 0x23, 0x00, 0x23, 0x00, 0x23, 0x00, 0x23, 0x00, 0x23, 0x00, 0x23, 0x00,
    0x23, 0x00, 0x23, 0x00, 0x23, 0x00, 0x23, 0x00, 0x23, 0x00, 0x23, 0x00, 0x23, 0x00, 0x23, 0x00,
    0x23, 0x00, 0x23, 0x00, 0x23, 0x00, 0x23, 0x00, 0x23, 0x00, 0x23, 0x00, 0x23, 0x00, 0x23, 0x00,
    0x23, 0x00, 0x23, 0x00, 0x23, 0x00, 0x23, 0x00, 0x23, 0x00, 0x23, 0x00, 0x23, 0x00, 0x23, 0x00,
    0x23, 0x00, 0x23, 0x00, 0x23, 0x00, 0x23, 0x00, 0x23, 0x00, 0x23, 0x00, 0x23, 0x00, 0x23, 0x00,
    0x23, 0x00, 0x23, 0x00, 0x23, 0x00, 0x23, 0x00, 0x23, 0x00, 0x23, 0x00, 0x23, 0x00, 0x23, 0x00,
    0x23, 0x00, 0x23, 0x00, 0x23, 0x00, 0x23, 0x00, 0x23, 0x00, 0x23, 0x00, 0x23, 0x00, 0x23, 0x00,
    0x23, 0x00, 0x23, 0x00, 0x23, 0x00, 0x23, 0x00, 0x23, 0x00, 0x23, 0x00, 0x23, 0x00, 0x23, 0x00,
    0x23, 0x00, 0x23, 0x00, 0x23, 0x00, 0x23, 0x00, 0x23, 0x00, 0x23, 0x00, 0x23, 0x00, 0x23, 0x00,
    0x23, 0x00, 0x23, 0x00, 0x23, 0x00, 0x23, 0x00, 0x23, 0x00, 0x23, 0x00, 0x23, 0x00, 0x23, 0x00,
    0x23, 0x00, 0x23, 0x00, 0x23, 0x00, 0x23, 0x00, 0x23, 0x00, 0x23, 0x00, 0x23, 0x00, 0x23, 0x00,
    0x23, 0x00, 0x23, 0x00, 0x23, 0x00, 0x23, 0x00, 0x23, 0x00, 0x23, 0x00, 0x23, 0x00, 0x23, 0x00,
    0x23, 0x00, 0x23, 0x00, 0x23, 0x00, 0x23, 0x00, 0x23, 0x00, 0x23, 0x00, 0x23, 0x00, 0x23, 0x00,
    0x23, 0x00, 0x23, 0x00, 0x23, 0x00, 0x23, 0x00, 0x23, 0x00, 0x23, 0x00, 0x23, 0x00, 0x23, 0x00,
    0x23, 0x00, 0x23, 0x00, 0x23, 0x00, 0x23, 0x00, 0x23, 0x00, 0x23, 0x00, 0x23, 0x00, 0x23, 0x00,
    0x23, 0x00, 0x23, 0x00, 0x23, 0x00, 0x23, 0x00, 0x23, 0x00, 0x23, 0x00, 0x23, 0x00, 0x23, 0x00,
    0x23, 0x00, 0x23, 0x00, 0x23, 0x00, 0x23, 0x00, 0x23, 0x00, 0x23, 0x00, 0x23, 0x00, 0x23, 0x00,
    0x23, 0x00, 0x23, 0x00, 0x23, 0x00, 0x23, 0x00, 0x23, 0x00, 0x23, 0x00, 0x23, 0x00, 0x23, 0x00,
    0x23, 0x00, 0x23, 0x00, 0x23, 0x00, 0x23, 0x00, 0x23, 0x00, 0x23, 0x00, 0x23, 0x00, 0x23, 0x00,
    0x23, 0x00, 0x23, 0x00, 0x23, 0x00, 0x46, 0x00, 0x46, 0x00, 0x23, 0x00, 0xef, 0x00, 0x51, 0x01,
    0x51, 0x01, 0x46, 0x00, 0x00, 0x00, 0x00, 0x00, 0x00, 0x00, 0x00, 0x00, 0x00, 0x00, 0x00, 0x00,
    0x23, 0x00, 0x19, 0x02, 0xdf, 0x02, 0x3d, 0x02, 0xb5, 0x01, 0xf1, 0x01, 0xb5, 0x01, 0x3f, 0x02,
    0x3f, 0x02, 0x19, 0x02, 0x8a, 0x00, 0x00, 0x00, 0x00, 0x00, 0x00, 0x00, 0x00, 0x00, 0x00, 0x00,
    0x00, 0x00, 0x00, 0x00, 0x00, 0x00, 0x00, 0x00, 0x00, 0x00, 0x00, 0x00, 0x00, 0x00, 0x00, 0x00,
    0x00, 0x00, 0x00, 0x00, 0x8a, 0x00, 0x51, 0x01, 0x51, 0x01, 0xef, 0x00, 0x51, 0x01, 0x51, 0x01,
    0x51, 0x01, 0x51, 0x01, 0x51, 0x01, 0x51, 0x01, 0xef, 0x00, 0x51, 0x01, 0x51, 0x01, 0x51, 0x01,
    0x51, 0x01, 0x51, 0x01, 0x51, 0x01, 0x51, 0x01, 0x51, 0x01, 0x51, 0x01, 0xef, 0x00, 0xef, 0x00,
    0xef, 0x00, 0x51, 0x01, 0x51, 0x01, 0x51, 0x01, 0x51, 0x01, 0xef, 0x00, 0x51, 0x01, 0x51, 0x01,
    0x51, 0x01, 0x51, 0x01, 0x51, 0x01, 0x51, 0x01, 0x51, 0x01, 0x51, 0x01, 0x51, 0x01, 0x51, 0x01,
    0x51, 0x01, 0x51, 0x01, 0xef, 0x00, 0xef, 0x00, 0xef, 0x00, 0xef, 0x00, 0xef, 0x00, 0x51, 0x01,
    0x51, 0x01, 0x51, 0x01, 0x51, 0x01, 0x51, 0x01, 0x51, 0x01, 0x51, 0x01, 0x51, 0x01, 0x51, 0x01,
    0x51, 0x01, 0x51, 0x01, 0x51, 0x01, 0x51, 0x01, 0x51, 0x01, 0xef, 0x00, 0x51, 0x01, 0xef, 0x00,
    0xef, 0x00, 0xef, 0x00, 0x51, 0x01, 0x51, 0x01, 0x51, 0x01, 0x51, 0x01, 0xef, 0x00, 0xef, 0x00,
    0xef, 0x00, 0xef, 0x00, 0xef, 0x00, 0xef, 0x00, 0xef, 0x00, 0xef, 0x00, 0xef, 0x00, 0x51, 0x01,
    0xef, 0x00, 0xef, 0x00, 0x51, 0x01, 0xef, 0x00, 0xef, 0x00, 0xef, 0x00, 0x51, 0x01, 0xef, 0x00,
    0xef, 0x00, 0xef, 0x00, 0xef, 0x00, 0xef, 0x00, 0xef, 0x00, 0xef, 0x00, 0xef, 0x00, 0x51, 0x01,
    0x51, 0x01, 0x51, 0x01, 0x51, 0x01, 0x51, 0x01, 0x51, 0x01, 0x51, 0x01, 0xef, 0x00, 0x51, 0x01,
    0x51, 0x01, 0xef, 0x00, 0xef, 0x00, 0x51, 0x01, 0xef, 0x00, 0xef, 0x00, 0x51, 0x01, 0x51, 0x01,
    0x51, 0x01, 0x51, 0x01, 0xef, 0x00, 0xef, 0x00, 0xef, 0x00, 0x51, 0x01, 0x51, 0x01, 0x51, 0x01,
    0x51, 0x01, 0x51, 0x01, 0x51, 0x01, 0x51, 0x01, 0x51, 0x01, 0x51, 0x01, 0x51, 0x01, 0xef, 0x00,
    0xef, 0x00, 0xef, 0x00, 0x51, 0x01, 0xef, 0x00, 0xef, 0x00, 0x51, 0x01, 0xef, 0x00, 0xef, 0x00,
    0xef, 0x00, 0xef, 0x00, 0xef, 0x00, 0xef, 0x00, 0xef, 0x00, 0xef, 0x00, 0xef, 0x00, 0xef, 0x00,
    0xef, 0x00, 0xef, 0x00, 0xef, 0x00, 0xef, 0x00, 0xef, 0x00, 0xef, 0x00, 0xef, 0x00, 0xef, 0x00,
    0xef, 0x00, 0xef, 0x00, 0xef, 0x00, 0xef, 0x00, 0x51, 0x01, 0x51, 0x01, 0x51, 0x01, 0xef, 0x00,
    0x51, 0x01, 0xef, 0x00, 0x51, 0x01, 0x51, 0x01, 0x51, 0x01, 0x51, 0x01, 0x51, 0x01, 0xef, 0x00,
    0xef, 0x00, 0xef, 0x00, 0xef, 0x00, 0xef, 0x00, 0xef, 0x00, 0x51, 0x01, 0x51, 0x01, 0x51, 0x01,
    0xef, 0x00, 0xef, 0x00, 0x51, 0x01, 0x51, 0x01, 0xef, 0x00, 0x51, 0x01, 0x51, 0x01, 0x51, 0x01,
    0x51, 0x01, 0x51, 0x01, 0x51, 0x01, 0xef, 0x00, 0xef, 0x00, 0x51, 0x01, 0x51, 0x01, 0xef, 0x00,
    0xef, 0x00, 0xef, 0x00, 0xef, 0x00, 0xef, 0x00, 0x51, 0x01, 0xef, 0x00, 0xef, 0x00, 0xef, 0x00,
    0xef, 0x00, 0xef, 0x00, 0xef, 0x00, 0x51, 0x01, 0x51, 0x01, 0xef, 0x00, 0xef, 0x00, 0x8a, 0x00,
    0x00, 0x00, 0x00, 0x00, 0x00, 0x00, 0x00, 0x00, 0x00, 0x00, 0x00, 0x00, 0x00, 0x00, 0x00, 0x00,
    0x00, 0x00, 0x46, 0x00, 0x3d, 0x02, 0x3f, 0x02, 0x3d, 0x02, 0x19, 0x02, 0x3d, 0x02, 0x3f, 0x02,
    0x3f, 0x02, 0x8a, 0x00, 0x00, 0x00, 0x00, 0x00, 0x00, 0x00, 0x00, 0x00, 0x00, 0x00, 0x00, 0x00,
    0x00, 0x00, 0x00, 0x00, 0x00, 0x00, 0x00, 0x00, 0x00, 0x00, 0x00, 0x00, 0x00, 0x00, 0x00, 0x00,
    0x00, 0x00, 0x00, 0x00, 0x8a, 0x00, 0xef, 0x00, 0xef, 0x00, 0xef, 0x00, 0xef, 0x00, 0xef, 0x00,
    0xef, 0x00, 0xef, 0x00, 0xef, 0x00, 0xef, 0x00, 0xef, 0x00, 0xef, 0x00, 0xef, 0x00, 0xef, 0x00,
    0xef, 0x00, 0xef, 0x00, 0xef, 0x00, 0xef, 0x00, 0xef, 0x00, 0xef, 0x00, 0xef, 0x00, 0xef, 0x00,
    0xef, 0x00, 0xef, 0x00, 0xef, 0x00, 0xef, 0x00, 0xef, 0x00, 0xef, 0x00, 0xef, 0x00, 0xef, 0x00,
    0xef, 0x00, 0xef, 0x00, 0xef, 0x00, 0xef, 0x00, 0xef, 0x00, 0xef, 0x00, 0xef, 0x00, 0xef, 0x00,
    0xef, 0x00, 0xef, 0x00, 0x0c, 0x01, 0x0c, 0x01, 0xef, 0x00, 0xef, 0x00, 0xef, 0x00, 0xef, 0x00,
    0xef, 0x00, 0xef, 0x00, 0xef, 0x00, 0xef, 0x00, 0xef, 0x00, 0xef, 0x00, 0xef, 0x00, 0xef, 0x00,
    0xef, 0x00, 0xef, 0x00, 0xef, 0x00, 0xef, 0x00, 0xef, 0x00, 0xef, 0x00, 0xef, 0x00, 0xef, 0x00,
    0x0c, 0x01, 0xef, 0x00, 0xef, 0x00, 0xef, 0x00, 0xef, 0x00, 0xef, 0x00, 0xef, 0x00, 0xef, 0x00,
    0xef, 0x00, 0xef, 0x00, 0xef, 0x00, 0x0c, 0x01, 0x0c, 0x01, 0x0c, 0x01, 0xef, 0x00, 0xef, 0x00,
    0xef, 0x00, 0xef, 0x00, 0xef, 0x00, 0xef, 0x00, 0x0c, 0x01, 0x0c, 0x01, 0xef, 0x00, 0xef, 0x00,
    0x0c, 0x01, 0x0c, 0x01, 0x0c, 0x01, 0x0c, 0x01, 0x0c, 0x01, 0xef, 0x00, 0xef, 0x00, 0xef, 0x00,
    0xef, 0x00, 0xef, 0x00, 0xef, 0x00, 0xef, 0x00, 0xef, 0x00, 0xef, 0x00, 0xef, 0x00, 0xef, 0x00,
    0xef, 0x00, 0xef, 0x00, 0xef, 0x00, 0xef, 0x00, 0xef, 0x00, 0xef, 0x00, 0xef, 0x00, 0xef, 0x00,
    0xef, 0x00, 0xef, 0x00, 0xef, 0x00, 0xef, 0x00, 0xef, 0x00, 0xef, 0x00, 0xef, 0x00, 0xef, 0x00,
    0xef, 0x00, 0xef, 0x00, 0xef, 0x00, 0xef, 0x00, 0xef, 0x00, 0xef, 0x00, 0xef, 0x00, 0xef, 0x00,
    0x0c, 0x01, 0xef, 0x00, 0x0c, 0x01, 0x0c, 0x01, 0x0c, 0x01, 0xef, 0x00, 0xef, 0x00, 0x0c, 0x01,
    0x0c, 0x01, 0x0c, 0x01, 0x0c, 0x01, 0x0c, 0x01, 0x0c, 0x01, 0x0c, 0x01, 0x0c, 0x01, 0x0c, 0x01,
    0x0c, 0x01, 0x0c, 0x01, 0x0c, 0x01, 0x0c, 0x01, 0x0c, 0x01, 0x0c, 0x01, 0x0c, 0x01, 0x0c, 0x01,
    0x0c, 0x01, 0xef, 0x00, 0xef, 0x00, 0xef, 0x00, 0xef, 0x00, 0xef, 0x00, 0xef, 0x00, 0xef, 0x00,
    0xef, 0x00, 0xef, 0x00, 0xef, 0x00, 0xef, 0x00, 0xef, 0x00, 0xef, 0x00, 0xef, 0x00, 0xef, 0x00,
    0xef, 0x00, 0xef, 0x00, 0xef, 0x00, 0xef, 0x00, 0xef, 0x00, 0xef, 0x00, 0xef, 0x00, 0xef, 0x00,
    0xef, 0x00, 0xef, 0x00, 0xef, 0x00, 0xef, 0x00, 0xef, 0x00, 0xef, 0x00, 0xef, 0x00, 0xef, 0x00,
    0xef, 0x00, 0xef, 0x00, 0xef, 0x00, 0xef, 0x00, 0xef, 0x00, 0xef, 0x00, 0xef, 0x00, 0xef, 0x00,
    0xef, 0x00, 0x0c, 0x01, 0xef, 0x00, 0xef, 0x00, 0xef, 0x00, 0x0c, 0x01, 0x0c, 0x01, 0x0c, 0x01,
    0x0c, 0x01, 0x0c, 0x01, 0xef, 0x00, 0xef, 0x00, 0x0c, 0x01, 0xef, 0x00, 0x0c, 0x01, 0xe8, 0x00,
    0x00, 0x00, 0x00, 0x00, 0x00, 0x00, 0x00, 0x00, 0x00, 0x00, 0x00, 0x00, 0x00, 0x00, 0x00, 0x00,
    0x00, 0x00, 0x00, 0x00, 0xef, 0x00, 0xb5, 0x01, 0xb5, 0x01, 0xb5, 0x01, 0xb5, 0x01, 0xb5, 0x01,
    0x51, 0x01, 0x00, 0x00, 0x00, 0x00, 0x00, 0x00, 0x00, 0x00, 0x00, 0x00, 0x00, 0x00, 0x00, 0x00,
    0x00, 0x00, 0x00, 0x00, 0x00, 0x00, 0x00, 0x00, 0x00, 0x00, 0x00, 0x00, 0x00, 0x00, 0x00, 0x00,
    0x00, 0x00, 0x00, 0x00, 0x00, 0x00, 0x00, 0x00, 0x00, 0x00, 0x00, 0x00, 0x00, 0x00, 0x00, 0x00,
    0x00, 0x00, 0x00, 0x00, 0x00, 0x00, 0x00, 0x00, 0x00, 0x00, 0x00, 0x00, 0x00, 0x00, 0x00, 0x00,
    0x00, 0x00, 0x00, 0x00, 0x00, 0x00, 0x00, 0x00, 0x00, 0x00, 0x00, 0x00, 0x00, 0x00, 0x00, 0x00,
    0x00, 0x00, 0x00, 0x00, 0x00, 0x00, 0x00, 0x00, 0x00, 0x00, 0x00, 0x00, 0x00, 0x00, 0x00, 0x00,
    0x00, 0x00, 0x00, 0x00, 0x00, 0x00, 0x00, 0x00, 0x00, 0x00, 0x00, 0x00, 0x00, 0x00, 0x00, 0x00,
    0x00, 0x00, 0x00, 0x00, 0x00, 0x00, 0x00, 0x00, 0x00, 0x00, 0x00, 0x00, 0x00, 0x00, 0x00, 0x00,
    0x00, 0x00, 0x00, 0x00, 0x00, 0x00, 0x00, 0x00, 0x00, 0x00, 0x00, 0x00, 0x00, 0x00, 0x00, 0x00,
    0x00, 0x00, 0x00, 0x00, 0x00, 0x00, 0x00, 0x00, 0x00, 0x00, 0x00, 0x00, 0x00, 0x00, 0x00, 0x00,
    0x00, 0x00, 0x00, 0x00, 0x00, 0x00, 0x00, 0x00, 0x00, 0x00, 0x00, 0x00, 0x00, 0x00, 0x00, 0x00,
    0x00, 0x00, 0x00, 0x00, 0x00, 0x00, 0x00, 0x00, 0x00, 0x00, 0x00, 0x00, 0x00, 0x00, 0x00, 0x00,
    0x00, 0x00, 0x00, 0x00, 0x00, 0x00, 0x00, 0x00, 0x00, 0x00, 0x00, 0x00, 0x00, 0x00, 0x00, 0x00,
    0x00, 0x00, 0x00, 0x00, 0x00, 0x00, 0x00, 0x00, 0x00, 0x00, 0x00, 0x00, 0x00, 0x00, 0x00, 0x00,
    0x00, 0x00, 0x00, 0x00, 0x00, 0x00, 0x00, 0x00, 0x00, 0x00, 0x00, 0x00, 0x00, 0x00, 0x00, 0x00,
    0x00, 0x00, 0x00, 0x00, 0x00, 0x00, 0x00, 0x00, 0x00, 0x00, 0x00, 0x00, 0x00, 0x00, 0x00, 0x00,
    0x00, 0x00, 0x00, 0x00, 0x00, 0x00, 0x00, 0x00, 0x00, 0x00, 0x00, 0x00, 0x00, 0x00, 0x00, 0x00,
    0x00, 0x00, 0x00, 0x00, 0x00, 0x00, 0x00, 0x00, 0x00, 0x00, 0x00, 0x00, 0x00, 0x00, 0x00, 0x00,
    0x00, 0x00, 0x00, 0x00, 0x00, 0x00, 0x00, 0x00, 0x00, 0x00, 0x00, 0x00, 0x00, 0x00, 0x00, 0x00,
    0x00, 0x00, 0x00, 0x00, 0x00, 0x00, 0x00, 0x00, 0x00, 0x00, 0x00, 0x00, 0x00, 0x00, 0x00, 0x00,
    0x00, 0x00, 0x00, 0x00, 0x00, 0x00, 0x00, 0x00, 0x00, 0x00, 0x00, 0x00, 0x00, 0x00, 0x00, 0x00,
    0x00, 0x00, 0x00, 0x00, 0x00, 0x00, 0x00, 0x00, 0x00, 0x00, 0x00, 0x00, 0x00, 0x00, 0x00, 0x00,
    0x00, 0x00, 0x00, 0x00, 0x00, 0x00, 0x00, 0x00, 0x00, 0x00, 0x00, 0x00, 0x00, 0x00, 0x00, 0x00,
    0x00, 0x00, 0x00, 0x00, 0x00, 0x00, 0x00, 0x00, 0x00, 0x00, 0x00, 0x00, 0x00, 0x00, 0x00, 0x00,
    0x00, 0x00, 0x00, 0x00, 0x00, 0x00, 0x00, 0x00, 0x00, 0x00, 0x00, 0x00, 0x00, 0x00, 0x00, 0x00,
    0x00, 0x00, 0x00, 0x00, 0x00, 0x00, 0x00, 0x00, 0x00, 0x00, 0x00, 0x00, 0x00, 0x00, 0x00, 0x00,
    0x00, 0x00, 0x00, 0x00, 0x00, 0x00, 0x00, 0x00, 0x00, 0x00, 0x00, 0x00, 0x00, 0x00, 0x00, 0x00,
    0x00, 0x00, 0x00, 0x00, 0x00, 0x00, 0x00, 0x00, 0x00, 0x00, 0x00, 0x00, 0x00, 0x00, 0x00, 0x00,
    0x00, 0x00, 0x00, 0x00, 0x00, 0x00, 0x00, 0x00, 0x00, 0x00, 0x00, 0x00, 0x00, 0x00, 0x00, 0x00,
    0x00, 0x00, 0x00, 0x00, 0x00, 0x00, 0x00, 0x00, 0x00, 0x00, 0x00, 0x00, 0x00, 0x00, 0x00, 0x00,
    0x00, 0x00, 0x00, 0x00, 0x00, 0x00, 0x00, 0x00, 0x00, 0x00, 0x00, 0x00, 0x00, 0x00, 0x00, 0x00,
    0x00, 0x00, 0x00, 0x00, 0x00, 0x00, 0x00, 0x00, 0x00, 0x00, 0x00, 0x00, 0x00, 0x00, 0x00, 0x00,
    0x00, 0x00, 0x00, 0x00, 0x00, 0x00, 0x00, 0x00, 0x00, 0x00, 0x00, 0x00, 0x00, 0x00, 0x00, 0x00,
    0x00, 0x00, 0x00, 0x00, 0x00, 0x00, 0x00, 0x00, 0x00, 0x00, 0x00, 0x00, 0x00, 0x00, 0x00, 0x00,
    0x00, 0x00, 0x00, 0x00, 0x00, 0x00, 0x00, 0x00, 0x00, 0x00, 0x00, 0x00, 0x00, 0x00, 0x00, 0x00,
    0x00, 0x00, 0x00, 0x00, 0x00, 0x00, 0x00, 0x00, 0x00, 0x00, 0x00, 0x00, 0x00, 0x00, 0x00, 0x00,
    0x00, 0x00, 0x00, 0x00, 0x00, 0x00, 0x00, 0x00, 0x00, 0x00, 0x00, 0x00, 0x00, 0x00, 0x00, 0x00,
    0x00, 0x00, 0x00, 0x00, 0x00, 0x00, 0x00, 0x00, 0x00, 0x00, 0x00, 0x00, 0x00, 0x00, 0x00, 0x00,
    0x00, 0x00, 0x00, 0x00, 0x00, 0x00, 0x00, 0x00, 0x00, 0x00, 0x00, 0x00, 0x00, 0x00, 0x00, 0x00,
    0x00, 0x00, 0x00, 0x00, 0x00, 0x00, 0x00, 0x00, 0x00, 0x00, 0x00, 0x00, 0x00, 0x00, 0x00, 0x00,
    0x00, 0x00, 0x00, 0x00, 0x00, 0x00, 0x00, 0x00, 0x00, 0x00, 0x00, 0x00, 0x00, 0x00, 0x00, 0x00,
    0x00, 0x00, 0x00, 0x00, 0x00, 0x00, 0x00, 0x00, 0x00, 0x00, 0x00, 0x00, 0x00, 0x00, 0x00, 0x00,
    0x00, 0x00, 0x00, 0x00, 0x00, 0x00, 0x00, 0x00, 0x00, 0x00, 0x00, 0x00, 0x00, 0x00, 0x00, 0x00,
    0x00, 0x00, 0x00, 0x00, 0x00, 0x00, 0x00, 0x00, 0x00, 0x00, 0x00, 0x00, 0x00, 0x00, 0x00, 0x00,
    0x00, 0x00, 0x00, 0x00, 0x00, 0x00, 0x00, 0x00, 0x00, 0x00, 0x00, 0x00, 0x00, 0x00, 0x00, 0x00,
    0x00, 0x00, 0x00, 0x00, 0x00, 0x00, 0x00, 0x00, 0x00, 0x00, 0x00, 0x00, 0x00, 0x00, 0x00, 0x00,
    0x00, 0x00, 0x00, 0x00, 0x00, 0x00, 0x00, 0x00, 0x00, 0x00, 0x00, 0x00, 0x00, 0x00, 0x00, 0x00,
    0x00, 0x00, 0x00, 0x00, 0x00, 0x00, 0x00, 0x00, 0x00, 0x00, 0x00, 0x00, 0x00, 0x00, 0x00, 0x00,
    0x00, 0x00, 0x00, 0x00, 0x00, 0x00, 0x00, 0x00, 0x00, 0x00, 0x00, 0x00, 0x00, 0x00, 0x00, 0x00,
    0x00, 0x00, 0x00, 0x00, 0x00, 0x00, 0x00, 0x00, 0x00, 0x00, 0x00, 0x00, 0x00, 0x00, 0x00, 0x00,
    0x00, 0x00, 0x00, 0x00, 0x00, 0x00, 0x00, 0x00, 0x00, 0x00, 0x00, 0x00, 0x00, 0x00, 0x00, 0x00,
    0x00, 0x00, 0x00, 0x00, 0x00, 0x00, 0x00, 0x00, 0x00, 0x00, 0x00, 0x00, 0x00, 0x00, 0x00, 0x00,
    0x00, 0x00, 0x00, 0x00, 0x00, 0x00, 0x00, 0x00, 0x00, 0x00, 0x00, 0x00, 0x00, 0x00, 0x00, 0x00,
    0x00, 0x00, 0x00, 0x00, 0x00, 0x00, 0x00, 0x00, 0x00, 0x00, 0x00, 0x00, 0x00, 0x00, 0x00, 0x00,
    0x00, 0x00, 0x00, 0x00, 0x00, 0x00, 0x00, 0x00, 0x00, 0x00, 0x00, 0x00, 0x00, 0x00, 0x00, 0x00,
    0x00, 0x00, 0x00, 0x00, 0x00, 0x00, 0x00, 0x00, 0x00, 0x00, 0x00, 0x00, 0x00, 0x00, 0x00, 0x00,
    0x00, 0x00, 0x00, 0x00, 0x00, 0x00, 0x00, 0x00, 0x00, 0x00, 0x00, 0x00, 0x00, 0x00, 0x00, 0x00,
    0x00, 0x00, 0x00, 0x00, 0x00, 0x00, 0x00, 0x00, 0x00, 0x00, 0x00, 0x00, 0x00, 0x00, 0x00, 0x00,
    0x00, 0x00, 0x00, 0x00, 0x00, 0x00, 0x00, 0x00, 0x00, 0x00, 0x00, 0x00, 0x00, 0x00, 0x00, 0x00,
    0x00, 0x00, 0x00, 0x00, 0x00, 0x00, 0x00, 0x00, 0x00, 0x00, 0x00, 0x00, 0x00, 0x00, 0x00, 0x00,
    0x00, 0x00, 0x00, 0x00, 0x00, 0x00, 0x00, 0x00, 0x00, 0x00, 0x00, 0x00, 0x00, 0x00, 0x00, 0x00,
    0x00, 0x00, 0x00, 0x00, 0x00, 0x00, 0x00, 0x00, 0x00, 0x00, 0x00, 0x00, 0x00, 0x00, 0x00, 0x00,
    0x00, 0x00, 0x00, 0x00, 0x00, 0x00, 0x00, 0x00, 0x00, 0x00, 0x00, 0x00, 0x00, 0x00, 0x00, 0x00,
    0x00, 0x00, 0x00, 0x00, 0x00, 0x00, 0x00, 0x00, 0x00, 0x00, 0x00, 0x00, 0x00, 0x00, 0x00, 0x00,
    0x00, 0x00, 0x00, 0x00, 0x00, 0x00, 0x00, 0x00, 0x00, 0x00, 0x00, 0x00, 0x00, 0x00, 0x00, 0x00,
    0x00, 0x00, 0x00, 0x00, 0x00, 0x00, 0x00, 0x00, 0x00, 0x00, 0x00, 0x00, 0x00, 0x00, 0x00, 0x00,
    0x00, 0x00, 0x00, 0x00, 0x00, 0x00, 0x00, 0x00, 0x00, 0x00, 0x00, 0x00, 0x00, 0x00, 0x00, 0x00,
    0x00, 0x00, 0x00, 0x00, 0x00, 0x00, 0x00, 0x00, 0x00, 0x00, 0x00, 0x00, 0x00, 0x00, 0x00, 0x00,
    0x00, 0x00, 0x00, 0x00, 0x00, 0x00, 0x00, 0x00, 0x00, 0x00, 0x00, 0x00, 0x00, 0x00, 0x00, 0x00,
    0x00, 0x00, 0x00, 0x00, 0x00, 0x00, 0x00, 0x00, 0x00, 0x00, 0x00, 0x00, 0x00, 0x00, 0x00, 0x00,
    0x00, 0x00, 0x00, 0x00, 0x00, 0x00, 0x00, 0x00, 0x00, 0x00, 0x00, 0x00, 0x00, 0x00, 0x00, 0x00,
    0x00, 0x00, 0x00, 0x00, 0x00, 0x00, 0x00, 0x00, 0x00, 0x00, 0x00, 0x00, 0x00, 0x00, 0x00, 0x00,
    0x00, 0x00, 0x00, 0x00, 0x00, 0x00, 0x00, 0x00, 0x00, 0x00, 0x00, 0x00, 0x00, 0x00, 0x00, 0x00,
    0x00, 0x00, 0x00, 0x00, 0x00, 0x00, 0x00, 0x00, 0x00, 0x00, 0x00, 0x00, 0x00, 0x00, 0x00, 0x00,
    0x00, 0x00, 0x00, 0x00, 0x00, 0x00, 0x00, 0x00, 0x00, 0x00, 0x00, 0x00, 0x00, 0x00, 0x00, 0x00,
    0x00, 0x00, 0x00, 0x00, 0x00, 0x00, 0x00, 0x00, 0x00, 0x00, 0x00, 0x00, 0x00, 0x00, 0x00, 0x00,
    0x00, 0x00, 0x00, 0x00, 0x00, 0x00, 0x00, 0x00, 0x00, 0x00, 0x00, 0x00, 0x00, 0x00, 0x00, 0x00,
    0x00, 0x00, 0x00, 0x00, 0x00, 0x00, 0x00, 0x00, 0x00, 0x00, 0x00, 0x00, 0x00, 0x00, 0x00, 0x00,
    0x00, 0x00, 0x00, 0x00, 0x00, 0x00, 0x00, 0x00, 0x00, 0x00, 0x00, 0x00, 0x00, 0x00, 0x00, 0x00,
    0x00, 0x00, 0x00, 0x00, 0x00, 0x00, 0x00, 0x00, 0x00, 0x00, 0x00, 0x00, 0x00, 0x00, 0x00, 0x00,
    0x00, 0x00, 0x00, 0x00, 0x00, 0x00, 0x00, 0x00, 0x00, 0x00, 0x00, 0x00, 0x00, 0x00, 0x00, 0x00,
    0x00, 0x00, 0x00, 0x00, 0x00, 0x00, 0x00, 0x00, 0x00, 0x00, 0x00, 0x00, 0x00, 0x00, 0x00, 0x00,
    0x00, 0x00, 0x00, 0x00, 0x00, 0x00, 0x00, 0x00, 0x00, 0x00, 0x00, 0x00, 0x00, 0x00, 0x00, 0x00,
    0x00, 0x00, 0x00, 0x00, 0x00, 0x00, 0x00, 0x00, 0x00, 0x00, 0x00, 0x00, 0x00, 0x00, 0x00, 0x00,
    0x00, 0x00, 0x00, 0x00, 0x00, 0x00, 0x00, 0x00, 0x00, 0x00, 0x00, 0x00, 0x00, 0x00, 0x00, 0x00,
    0x00, 0x00, 0x00, 0x00, 0x00, 0x00, 0x00, 0x00, 0x00, 0x00, 0x00, 0x00, 0x00, 0x00, 0x00, 0x00,
    0x00, 0x00, 0x00, 0x00, 0x00, 0x00, 0x00, 0x00, 0x00, 0x00, 0x00, 0x00, 0x00, 0x00, 0x00, 0x00,
    0x00, 0x00, 0x00, 0x00, 0x00, 0x00, 0x00, 0x00, 0x00, 0x00, 0x00, 0x00, 0x00, 0x00, 0x00, 0x00,
    0x00, 0x00, 0x00, 0x00, 0x00, 0x00, 0x00, 0x00, 0x00, 0x00, 0x00, 0x00, 0x00, 0x00, 0x00, 0x00,
    0x00, 0x00, 0x00, 0x00, 0x00, 0x00, 0x00, 0x00, 0x00, 0x00, 0x00, 0x00, 0x00, 0x00, 0x00, 0x00,
    0x00, 0x00, 0x00, 0x00, 0x00, 0x00, 0x00, 0x00, 0x00, 0x00, 0x00, 0x00, 0x00, 0x00, 0x00, 0x00,
    0x00, 0x00, 0x00, 0x00, 0x00, 0x00, 0x00, 0x00, 0x00, 0x00, 0x00, 0x00, 0x00, 0x00, 0x00, 0x00,
    0x00, 0x00, 0x00, 0x00, 0x00, 0x00, 0x00, 0x00, 0x00, 0x00, 0x00, 0x00, 0x00, 0x00, 0x00, 0x00,
    0x00, 0x00, 0x00, 0x00, 0x00, 0x00, 0x00, 0x00, 0x00, 0x00, 0x00, 0x00, 0x00, 0x00, 0x00, 0x00,
    0x00, 0x00, 0x00, 0x00, 0x00, 0x00, 0x00, 0x00, 0x00, 0x00, 0x00, 0x00, 0x00, 0x00, 0x00, 0x00,
    0x00, 0x00, 0x00, 0x00, 0x00, 0x00, 0x00, 0x00, 0x00, 0x00, 0x00, 0x00, 0x00, 0x00, 0x00, 0x00,
    0x00, 0x00, 0x00, 0x00, 0x00, 0x00, 0x00, 0x00, 0x00, 0x00, 0x00, 0x00, 0x00, 0x00, 0x00, 0x00,
    0x00, 0x00, 0x00, 0x00, 0x00, 0x00, 0x00, 0x00, 0x00, 0x00, 0x00, 0x00, 0x00, 0x00, 0x00, 0x00,
    0x00, 0x00, 0x00, 0x00, 0x00, 0x00, 0x00, 0x00, 0x00, 0x00, 0x00, 0x00, 0x00, 0x00, 0x00, 0x00,
    0x00, 0x00, 0x00, 0x00, 0x00, 0x00, 0x00, 0x00, 0x00, 0x00, 0x00, 0x00, 0x00, 0x00, 0x00, 0x00,
    0x00, 0x00, 0x00, 0x00, 0x00, 0x00, 0x00, 0x00, 0x00, 0x00, 0x00, 0x00, 0x00, 0x00, 0x00, 0x00,
    0x00, 0x00, 0x00, 0x00, 0x00, 0x00, 0x00, 0x00, 0x00, 0x00, 0x00, 0x00, 0x00, 0x00, 0x00, 0x00,
    0x00, 0x00, 0x00, 0x00, 0x00, 0x00, 0x00, 0x00, 0x00, 0x00, 0x00, 0x00, 0x00, 0x00, 0x00, 0x00,
    0x00, 0x00, 0x00, 0x00, 0x00, 0x00, 0x00, 0x00, 0x00, 0x00, 0x00, 0x00, 0x00, 0x00, 0x00, 0x00,
    0x00, 0x00, 0x00, 0x00, 0x00, 0x00, 0x00, 0x00, 0x00, 0x00, 0x00, 0x00, 0x00, 0x00, 0x00, 0x00,
    0x00, 0x00, 0x00, 0x00, 0x00, 0x00, 0x00, 0x00, 0x00, 0x00, 0x00, 0x00, 0x00, 0x00, 0x00, 0x00,
    0x00, 0x00, 0x00, 0x00, 0x00, 0x00, 0x00, 0x00, 0x00, 0x00, 0x00, 0x00, 0x00, 0x00, 0x00, 0x00,
    0x00, 0x00, 0x00, 0x00, 0x00, 0x00, 0x00, 0x00, 0x00, 0x00, 0x00, 0x00, 0x00, 0x00, 0x00, 0x00,
    0x00, 0x00, 0x00, 0x00, 0x00, 0x00, 0x00, 0x00, 0x00, 0x00, 0x00, 0x00, 0x00, 0x00, 0x00, 0x00,
    0x00, 0x00, 0x00, 0x00, 0x00, 0x00, 0x00, 0x00, 0x00, 0x00, 0x00, 0x00, 0x00, 0x00, 0x00, 0x00,
    0x00, 0x00, 0x00, 0x00, 0x00, 0x00, 0x00, 0x00, 0x00, 0x00, 0x00, 0x00, 0x00, 0x00, 0x00, 0x00,
    0x00, 0x00, 0x00, 0x00, 0x00, 0x00, 0x00, 0x00, 0x00, 0x00, 0x00, 0x00, 0x00, 0x00, 0x00, 0x00,
    0x00, 0x00, 0x00, 0x00, 0x00, 0x00, 0x00, 0x00, 0x00, 0x00, 0x00, 0x00, 0x00, 0x00, 0x00, 0x00,
    0x00, 0x00, 0x00, 0x00, 0x00, 0x00, 0x00, 0x00, 0x00, 0x00, 0x00, 0x00, 0x00, 0x00, 0x00, 0x00,
    0x00, 0x00, 0x00, 0x00, 0x00, 0x00, 0x00, 0x00, 0x00, 0x00, 0x00, 0x00, 0x00, 0x00, 0x00, 0x00,
    0x00, 0x00, 0x00, 0x00, 0x00, 0x00, 0x00, 0x00, 0x00, 0x00, 0x00, 0x00, 0x00, 0x00, 0x00, 0x00,
    0x00, 0x00, 0x00, 0x00, 0x00, 0x00, 0x00, 0x00, 0x00, 0x00, 0x00, 0x00, 0x00, 0x00, 0x00, 0x00,
    0x00, 0x00, 0x00, 0x00, 0x00, 0x00, 0x00, 0x00, 0x00, 0x00, 0x00, 0x00, 0x00, 0x00, 0x00, 0x00,
    0x00, 0x00, 0x00, 0x00, 0x00, 0x00, 0x00, 0x00, 0x00, 0x00, 0x00, 0x00, 0x00, 0x00, 0x00, 0x00,
    0x00, 0x00, 0x00, 0x00, 0x00, 0x00, 0x00, 0x00, 0x00, 0x00, 0x00, 0x00, 0x00, 0x00, 0x00, 0x00,
    0x00, 0x00, 0x00, 0x00, 0x00, 0x00, 0x00, 0x00, 0x00, 0x00, 0x00, 0x00, 0x00, 0x00, 0x00, 0x00,
    0x00, 0x00, 0x00, 0x00, 0x00, 0x00, 0x00, 0x00, 0x00, 0x00, 0x00, 0x00, 0x00, 0x00, 0x00, 0x00,
    0x00, 0x00, 0x00, 0x00, 0x00, 0x00, 0x00, 0x00, 0x00, 0x00, 0x00, 0x00, 0x00, 0x00, 0x00, 0x00,
    0x00, 0x00, 0x00, 0x00, 0x00, 0x00, 0x00, 0x00, 0x00, 0x00, 0x00, 0x00, 0x00, 0x00, 0x00, 0x00,
    0x00, 0x00, 0x00, 0x00, 0x00, 0x00, 0x00, 0x00, 0x00, 0x00, 0x00, 0x00, 0x00, 0x00, 0x00, 0x00,
    0x00, 0x00, 0x00, 0x00, 0x00, 0x00, 0x00, 0x00, 0x00, 0x00, 0x00, 0x00, 0x00, 0x00, 0x00, 0x00,
    0x00, 0x00, 0x00, 0x00, 0x00, 0x00, 0x00, 0x00, 0x00, 0x00, 0x00, 0x00, 0x00, 0x00, 0x00, 0x00,
    0x00, 0x00, 0x00, 0x00, 0x00, 0x00, 0x00, 0x00, 0x00, 0x00, 0x00, 0x00, 0x00, 0x00, 0x00, 0x00,
    0x00, 0x00, 0x00, 0x00, 0x00, 0x00, 0x00, 0x00, 0x00, 0x00, 0x00, 0x00, 0x00, 0x00, 0x00, 0x00,
    0x00, 0x00, 0x00, 0x00, 0x00, 0x00, 0x00, 0x00, 0x00, 0x00, 0x00, 0x00, 0x00, 0x00, 0x00, 0x00,
    0x00, 0x00, 0x00, 0x00, 0x00, 0x00, 0x00, 0x00, 0x00, 0x00, 0x00, 0x00, 0x00, 0x00, 0x00, 0x00,
    0x00, 0x00, 0x00, 0x00, 0x00, 0x00, 0x00, 0x00, 0x00, 0x00, 0x00, 0x00, 0x00, 0x00, 0x00, 0x00,
    0x00, 0x00, 0x00, 0x00, 0x00, 0x00, 0x00, 0x00, 0x00, 0x00, 0x00, 0x00, 0x00, 0x00, 0x00, 0x00,
    0x00, 0x00, 0x00, 0x00, 0x00, 0x00, 0x00, 0x00, 0x00, 0x00, 0x00, 0x00, 0x00, 0x00, 0x00, 0x00,
    0x00, 0x00, 0x00, 0x00, 0x00, 0x00, 0x00, 0x00, 0x00, 0x00, 0x00, 0x00, 0x00, 0x00, 0x00, 0x00,
    0x00, 0x00, 0x00, 0x00, 0x00, 0x00, 0x00, 0x00, 0x00, 0x00, 0x00, 0x00, 0x00, 0x00, 0x00, 0x00,
    0x00, 0x00, 0x00, 0x00, 0x00, 0x00, 0x00, 0x00, 0x00, 0x00, 0x00, 0x00, 0x00, 0x00, 0x00, 0x00,
    0x00, 0x00, 0x00, 0x00, 0x00, 0x00, 0x00, 0x00, 0x00, 0x00, 0x00, 0x00, 0x00, 0x00, 0x00, 0x00,
    0x00, 0x00, 0x00, 0x00, 0x00, 0x00, 0x00, 0x00, 0x00, 0x00, 0x00, 0x00, 0x00, 0x00, 0x00, 0x00,
    0x00, 0x00, 0x00, 0x00, 0x00, 0x00, 0x00, 0x00, 0x00, 0x00, 0x00, 0x00, 0x00, 0x00, 0x00, 0x00,
    0x00, 0x00, 0x00, 0x00, 0x00, 0x00, 0x00, 0x00, 0x00, 0x00, 0x00, 0x00, 0x00, 0x00, 0x00, 0x00,
    0x00, 0x00, 0x00, 0x00, 0x00, 0x00, 0x00, 0x00, 0x00, 0x00, 0x00, 0x00, 0x00, 0x00, 0x00, 0x00,
    0x00, 0x00, 0x00, 0x00, 0x00, 0x00, 0x00, 0x00, 0x00, 0x00, 0x00, 0x00, 0x00, 0x00, 0x00, 0x00,
    0x00, 0x00, 0x00, 0x00, 0x00, 0x00, 0x00, 0x00, 0x00, 0x00, 0x00, 0x00, 0x00, 0x00, 0x00, 0x00,
    0x00, 0x00, 0x00, 0x00, 0x00, 0x00, 0x00, 0x00, 0x00, 0x00, 0x00, 0x00, 0x00, 0x00, 0x00, 0x00,
    0x00, 0x00, 0x00, 0x00, 0x00, 0x00, 0x00, 0x00, 0x00, 0x00, 0x00, 0x00, 0x00, 0x00, 0x00, 0x00,
    0x00, 0x00, 0x00, 0x00, 0x00, 0x00, 0x00, 0x00, 0x00, 0x00, 0x00, 0x00, 0x00, 0x00, 0x00, 0x00,
    0x00, 0x00, 0x00, 0x00, 0x00, 0x00, 0x00, 0x00, 0x00, 0x00, 0x00, 0x00, 0x00, 0x00, 0x00, 0x00,
    0x00, 0x00, 0x00, 0x00, 0x00, 0x00, 0x00, 0x00, 0x00, 0x00, 0x00, 0x00, 0x00, 0x00, 0x00, 0x00,
    0x00, 0x00, 0x00, 0x00, 0x00, 0x00, 0x00, 0x00, 0x00, 0x00, 0x00, 0x00, 0x00, 0x00, 0x00, 0x00,
    0x00, 0x00, 0x00, 0x00, 0x00, 0x00, 0x00, 0x00, 0x00, 0x00, 0x00, 0x00, 0x00, 0x00, 0x00, 0x00,
    0x00, 0x00, 0x00, 0x00, 0x00, 0x00, 0x00, 0x00, 0x00, 0x00, 0x00, 0x00, 0x00, 0x00, 0x00, 0x00,
    0x00, 0x00, 0x00, 0x00, 0x00, 0x00, 0x00, 0x00, 0x00, 0x00, 0x00, 0x00, 0x00, 0x00, 0x00, 0x00,
    0x00, 0x00, 0x00, 0x00, 0x00, 0x00, 0x00, 0x00, 0x00, 0x00, 0x00, 0x00, 0x00, 0x00, 0x00, 0x00,
    0x00, 0x00, 0x00, 0x00, 0x00, 0x00, 0x00, 0x00, 0x00, 0x00, 0x00, 0x00, 0x00, 0x00, 0x00, 0x00,
    0x00, 0x00, 0x00, 0x00, 0x00, 0x00, 0x00, 0x00, 0x00, 0x00, 0x00, 0x00, 0x00, 0x00, 0x00, 0x00,
    0x00, 0x00, 0x00, 0x00, 0x00, 0x00, 0x00, 0x00, 0x00, 0x00, 0x00, 0x00, 0x00, 0x00, 0x00, 0x00,
    0x00, 0x00, 0x00, 0x00, 0x00, 0x00, 0x00, 0x00, 0x00, 0x00, 0x00, 0x00, 0x00, 0x00, 0x00, 0x00,
    0x00, 0x00, 0x00, 0x00, 0x00, 0x00, 0x00, 0x00, 0x00, 0x00, 0x00, 0x00, 0x00, 0x00, 0x00, 0x00,
    0x00, 0x00, 0x00, 0x00, 0x00, 0x00, 0x00, 0x00, 0x00, 0x00, 0x00, 0x00, 0x00, 0x00, 0x00, 0x00,
    0x00, 0x00, 0x00, 0x00, 0x00, 0x00, 0x00, 0x00, 0x00, 0x00, 0x00, 0x00, 0x00, 0x00, 0x00, 0x00,
    0x00, 0x00, 0x00, 0x00, 0x00, 0x00, 0x00, 0x00, 0x00, 0x00, 0x00, 0x00, 0x00, 0x00, 0x00, 0x00,
    0x00, 0x00, 0x00, 0x00, 0x00, 0x00, 0x00, 0x00, 0x00, 0x00, 0x00, 0x00, 0x00, 0x00, 0x00, 0x00,
    0x00, 0x00, 0x00, 0x00, 0x00, 0x00, 0x00, 0x00, 0x00, 0x00, 0x00, 0x00, 0x00, 0x00, 0x00, 0x00,
    0x00, 0x00, 0x00, 0x00, 0x00, 0x00, 0x00, 0x00, 0x00, 0x00, 0x00, 0x00, 0x00, 0x00, 0x00, 0x00,
    0x00, 0x00, 0x00, 0x00, 0x00, 0x00, 0x00, 0x00, 0x00, 0x00, 0x00, 0x00, 0x00, 0x00, 0x00, 0x00,
    0x00, 0x00, 0x00, 0x00, 0x00, 0x00, 0x00, 0x00, 0x00, 0x00, 0x00, 0x00, 0x00, 0x00, 0x00, 0x00,
    0x00, 0x00, 0x00, 0x00, 0x00, 0x00, 0x00, 0x00, 0x00, 0x00, 0x00, 0x00, 0x00, 0x00, 0x00, 0x00,
    0x00, 0x00, 0x00, 0x00, 0x00, 0x00, 0x00, 0x00, 0x00, 0x00, 0x00, 0x00, 0x00, 0x00, 0x00, 0x00,
    0x00, 0x00, 0x00, 0x00, 0x00, 0x00, 0x00, 0x00, 0x00, 0x00, 0x00, 0x00, 0x00, 0x00, 0x00, 0x00,
    0x00, 0x00, 0x00, 0x00, 0x00, 0x00, 0x00, 0x00, 0x00, 0x00, 0x00, 0x00, 0x00, 0x00, 0x00, 0x00,
    0x00, 0x00, 0x00, 0x00, 0x00, 0x00, 0x00, 0x00, 0x00, 0x00, 0x00, 0x00, 0x00, 0x00, 0x00, 0x00,
    0x00, 0x00, 0x00, 0x00, 0x00, 0x00, 0x00, 0x00, 0x00, 0x00, 0x00, 0x00, 0x00, 0x00, 0x00, 0x00,
    0x00, 0x00, 0x00, 0x00, 0x00, 0x00, 0x00, 0x00, 0x00, 0x00, 0x00, 0x00, 0x00, 0x00, 0x00, 0x00,
    0x00, 0x00, 0x00, 0x00, 0x00, 0x00, 0x00, 0x00, 0x00, 0x00, 0x00, 0x00, 0x00, 0x00, 0x00, 0x00,
    0x00, 0x00, 0x00, 0x00, 0x00, 0x00, 0x00, 0x00, 0x00, 0x00, 0x00, 0x00, 0x00, 0x00, 0x00, 0x00,
    0x00, 0x00, 0x00, 0x00, 0x00, 0x00, 0x00, 0x00, 0x00, 0x00, 0x00, 0x00, 0x00, 0x00, 0x00, 0x00,
    0x00, 0x00, 0x00, 0x00, 0x00, 0x00, 0x00, 0x00, 0x00, 0x00, 0x00, 0x00, 0x00, 0x00, 0x00, 0x00,
    0x00, 0x00, 0x00, 0x00, 0x00, 0x00, 0x00, 0x00, 0x00, 0x00, 0x00, 0x00, 0x00, 0x00, 0x00, 0x00,
    0x00, 0x00, 0x00, 0x00, 0x00, 0x00, 0x00, 0x00, 0x00, 0x00, 0x00, 0x00, 0x00, 0x00, 0x00, 0x00,
    0x00, 0x00, 0x00, 0x00, 0x00, 0x00, 0x00, 0x00, 0x00, 0x00, 0x00, 0x00, 0x00, 0x00, 0x00, 0x00,
    0x00, 0x00, 0x00, 0x00, 0x00, 0x00, 0x00, 0x00, 0x00, 0x00, 0x00, 0x00, 0x00, 0x00, 0x00, 0x00,
    0x00, 0x00, 0x00, 0x00, 0x8a, 0x00, 0x8a, 0x00, 0x8a, 0x00, 0x8a, 0x00, 0x8a, 0x00, 0x8a, 0x00,
    0x8a, 0x00, 0x8a, 0x00, 0x8a, 0x00, 0x8a, 0x00, 0x8a, 0x00, 0x8a, 0x00, 0x8a, 0x00, 0x8a, 0x00,
    0x8a, 0x00, 0x8a, 0x00, 0x8a, 0x00, 0x8a, 0x00, 0x8a, 0x00, 0x8a, 0x00, 0x8a, 0x00, 0x8a, 0x00,
    0x8a, 0x00, 0x8a, 0x00, 0x8a, 0x00, 0x8a, 0x00, 0x8a, 0x00, 0x8a, 0x00, 0x8a, 0x00, 0x8a, 0x00,
    0x8a, 0x00, 0x8a, 0x00, 0x8a, 0x00, 0x8a, 0x00, 0x8a, 0x00, 0x8a, 0x00, 0x8a, 0x00, 0x8a, 0x00,
    0x8a, 0x00, 0x8a, 0x00, 0x8a, 0x00, 0x8a, 0x00, 0x8a, 0x00, 0x8a, 0x00, 0x8a, 0x00, 0x8a, 0x00,
    0x8a, 0x00, 0x8a, 0x00, 0x8a, 0x00, 0x8a, 0x00, 0x8a, 0x00, 0x8a, 0x00, 0x8a, 0x00, 0x8a, 0x00,
    0x8a, 0x00, 0x8a, 0x00, 0x8a, 0x00, 0x8a, 0x00, 0x8a, 0x00, 0x8a, 0x00, 0x8a, 0x00, 0x8a, 0x00,
    0x8a, 0x00, 0x8a, 0x00, 0x8a, 0x00, 0x8a, 0x00, 0x8a, 0x00, 0x8a, 0x00, 0x8a, 0x00, 0x8a, 0x00,
    0x8a, 0x00, 0x8a, 0x00, 0x8a, 0x00, 0x8a, 0x00, 0x8a, 0x00, 0x8a, 0x00, 0x8a, 0x00, 0x8a, 0x00,
    0x8a, 0x00, 0x8a, 0x00, 0x8a, 0x00, 0x8a, 0x00, 0x8a, 0x00, 0x8a, 0x00, 0x8a, 0x00, 0x8a, 0x00,
    0x8a, 0x00, 0x8a, 0x00, 0x8a, 0x00, 0x8a, 0x00, 0x8a, 0x00, 0x8a, 0x00, 0x8a, 0x00, 0x8a, 0x00,
    0x8a, 0x00, 0x8a, 0x00, 0x8a, 0x00, 0x8a, 0x00, 0x8a, 0x00, 0x8a, 0x00, 0x8a, 0x00, 0x8a, 0x00,
    0x8a, 0x00, 0x8a, 0x00, 0x8a, 0x00, 0x8a, 0x00, 0x8a, 0x00, 0x8a, 0x00, 0x8a, 0x00, 0x8a, 0x00,
    0x8a, 0x00, 0x8a, 0x00, 0x8a, 0x00, 0x8a, 0x00, 0x8a, 0x00, 0x8a, 0x00, 0x8a, 0x00, 0x8a, 0x00,
    0x8a, 0x00, 0x8a, 0x00, 0x8a, 0x00, 0x8a, 0x00, 0x8a, 0x00, 0x8a, 0x00, 0x8a, 0x00, 0x8a, 0x00,
    0x8a, 0x00, 0x8a, 0x00, 0x8a, 0x00, 0x8a, 0x00, 0x8a, 0x00, 0x8a, 0x00, 0x8a, 0x00, 0x8a, 0x00,
    0x8a, 0x00, 0x8a, 0x00, 0x8a, 0x00, 0x8a, 0x00, 0x8a, 0x00, 0x8a, 0x00, 0x8a, 0x00, 0x8a, 0x00,
    0x8a, 0x00, 0x8a, 0x00, 0x8a, 0x00, 0x8a, 0x00, 0x8a, 0x00, 0x8a, 0x00, 0x8a, 0x00, 0x8a, 0x00,
    0x8a, 0x00, 0x8a, 0x00, 0x8a, 0x00, 0x8a, 0x00, 0x8a, 0x00, 0x8a, 0x00, 0x8a, 0x00, 0x8a, 0x00,
    0x8a, 0x00, 0x8a, 0x00, 0x8a, 0x00, 0x8a, 0x00, 0x8a, 0x00, 0x8a, 0x00, 0x8a, 0x00, 0x8a, 0x00,
    0x8a, 0x00, 0x8a, 0x00, 0x8a, 0x00, 0x8a, 0x00, 0x8a, 0x00, 0x8a, 0x00, 0x8a, 0x00, 0x8a, 0x00,
    0x8a, 0x00, 0x8a, 0x00, 0x8a, 0x00, 0x8a, 0x00, 0x8a, 0x00, 0x8a, 0x00, 0x8a, 0x00, 0x8a, 0x00,
    0x8a, 0x00, 0x8a, 0x00, 0x8a, 0x00, 0x8a, 0x00, 0x8a, 0x00, 0x8a, 0x00, 0x8a, 0x00, 0x8a, 0x00,
    0x8a, 0x00, 0x8a, 0x00, 0x8a, 0x00, 0x8a, 0x00, 0x8a, 0x00, 0x8a, 0x00, 0x8a, 0x00, 0x8a, 0x00,
    0x8a, 0x00, 0x8a, 0x00, 0x8a, 0x00, 0x8a, 0x00, 0x8a, 0x00, 0x8a, 0x00, 0x8a, 0x00, 0x8a, 0x00,
    0x8a, 0x00, 0x8a, 0x00, 0x8a, 0x00, 0x8a, 0x00, 0x8a, 0x00, 0x8a, 0x00, 0x8a, 0x00, 0x8a, 0x00,
    0x8a, 0x00, 0x8a, 0x00, 0x8a, 0x00, 0x8a, 0x00, 0x8a, 0x00, 0x8a, 0x00, 0x00, 0x00, 0x00, 0x00,
    0x00, 0x00, 0x00, 0x00, 0x00, 0x00, 0x00, 0x00, 0x00, 0x00, 0x00, 0x00, 0x00, 0x00, 0x00, 0x00,
    0x00, 0x00, 0x00, 0x00, 0x00, 0x00, 0x00, 0x00, 0x00, 0x00, 0x00, 0x00, 0x00, 0x00, 0x00, 0x00,
    0x00, 0x00, 0x23, 0x00, 0xef, 0x00, 0xef, 0x00, 0x0c, 0x01, 0x0c, 0x01, 0x0c, 0x01, 0x0c, 0x01,
    0x0c, 0x01, 0x0c, 0x01, 0x0c, 0x01, 0x0c, 0x01, 0x0c, 0x01, 0x0c, 0x01, 0x0c, 0x01, 0x0c, 0x01,
    0x0c, 0x01, 0x0c, 0x01, 0x0c, 0x01, 0x0c, 0x01, 0x0c, 0x01, 0x0c, 0x01, 0x0c, 0x01, 0x0c, 0x01,
    0x0c, 0x01, 0x0c, 0x01, 0x0c, 0x01, 0x0c, 0x01, 0x0c, 0x01, 0x0c, 0x01, 0x0c, 0x01, 0x0c, 0x01,
    0x0c, 0x01, 0x0c, 0x01, 0x0c, 0x01, 0x0c, 0x01, 0x0c, 0x01, 0x0c, 0x01, 0x0c, 0x01, 0x0c, 0x01,
    0x0c, 0x01, 0x0c, 0x01, 0x0c, 0x01, 0x0c, 0x01, 0x0c, 0x01, 0x0c, 0x01, 0x0c, 0x01, 0x0c, 0x01,
    0x0c, 0x01, 0x0c, 0x01, 0x0c, 0x01, 0x0c, 0x01, 0x0c, 0x01, 0x0c, 0x01, 0x0c, 0x01, 0x0c, 0x01,
    0x0c, 0x01, 0x0c, 0x01, 0x0c, 0x01, 0x0c, 0x01, 0x0c, 0x01, 0x0c, 0x01, 0x0c, 0x01, 0x0c, 0x01,
    0x0c, 0x01, 0x0c, 0x01, 0x0c, 0x01, 0x0c, 0x01, 0x0c, 0x01, 0x0c, 0x01, 0x0c, 0x01, 0x0c, 0x01,
    0x0c, 0x01, 0x0c, 0x01, 0x0c, 0x01, 0x0c, 0x01, 0x0c, 0x01, 0x0c, 0x01, 0x0c, 0x01, 0x0c, 0x01,
    0x0c, 0x01, 0x0c, 0x01, 0x0c, 0x01, 0x0c, 0x01, 0x0c, 0x01, 0x0c, 0x01, 0x0c, 0x01, 0x0c, 0x01,
    0x0c, 0x01, 0x0c, 0x01, 0x0c, 0x01, 0x0c, 0x01, 0x0c, 0x01, 0x0c, 0x01, 0x0c, 0x01, 0x0c, 0x01,
    0x0c, 0x01, 0x0c, 0x01, 0xef, 0x00, 0xef, 0x00, 0x0c, 0x01, 0x0c, 0x01, 0x0c, 0x01, 0x0c, 0x01,
    0x0c, 0x01, 0x0c, 0x01, 0x0c, 0x01, 0x0c, 0x01, 0x0c, 0x01, 0x0c, 0x01, 0x0c, 0x01, 0x0c, 0x01,
    0x0c, 0x01, 0x0c, 0x01, 0x0c, 0x01, 0x0c, 0x01, 0x0c, 0x01, 0x0c, 0x01, 0x0c, 0x01, 0x0c, 0x01,
    0x0c, 0x01, 0x0c, 0x01, 0x0c, 0x01, 0x0c, 0x01, 0x0c, 0x01, 0x0c, 0x01, 0x0c, 0x01, 0x0c, 0x01,
    0x0c, 0x01, 0x0c, 0x01, 0x0c, 0x01, 0x0c, 0x01, 0x0c, 0x01, 0x0c, 0x01, 0x0c, 0x01, 0x0c, 0x01,
    0x0c, 0x01, 0x0c, 0x01, 0x0c, 0x01, 0x0c, 0x01, 0x0c, 0x01, 0x0c, 0x01, 0x0c, 0x01, 0x0c, 0x01,
    0x0c, 0x01, 0x0c, 0x01, 0x0c, 0x01, 0x0c, 0x01, 0x0c, 0x01, 0x0c, 0x01, 0x0c, 0x01, 0x0c, 0x01,
    0x0c, 0x01, 0x0c, 0x01, 0x0c, 0x01, 0x0c, 0x01, 0x0c, 0x01, 0x0c, 0x01, 0x0c, 0x01, 0x0c, 0x01,
    0x0c, 0x01, 0x0c, 0x01, 0x0c, 0x01, 0x0c, 0x01, 0x0c, 0x01, 0x0c, 0x01, 0x0c, 0x01, 0x0c, 0x01,
    0x0c, 0x01, 0x0c, 0x01, 0x0c, 0x01, 0x0c, 0x01, 0x0c, 0x01, 0x0c, 0x01, 0x0c, 0x01, 0x0c, 0x01,
    0x0c, 0x01, 0x0c, 0x01, 0x0c, 0x01, 0x0c, 0x01, 0x0c, 0x01, 0x0c, 0x01, 0xef, 0x00, 0xef, 0x00,
    0x0c, 0x01, 0x0c, 0x01, 0x0c, 0x01, 0x0c, 0x01, 0x0c, 0x01, 0x0c, 0x01, 0x0c, 0x01, 0x0c, 0x01,
    0x0c, 0x01, 0x0c, 0x01, 0x0c, 0x01, 0x0c, 0x01, 0x0c, 0x01, 0x0c, 0x01, 0x0c, 0x01, 0x0c, 0x01,
    0x0c, 0x01, 0x0c, 0x01, 0x0c, 0x01, 0x0c, 0x01, 0x0c, 0x01, 0x0c, 0x01, 0x0c, 0x01, 0x0c, 0x01,
    0x0c, 0x01, 0x0c, 0x01, 0x0c, 0x01, 0x0c, 0x01, 0x0c, 0x01, 0x0c, 0x01, 0x0c, 0x01, 0x0c, 0x01,
    0x0c, 0x01, 0x0c, 0x01, 0x0c, 0x01, 0x0c, 0x01, 0xef, 0x00, 0xef, 0x00, 0x23, 0x00, 0x00, 0x00,
    0x00, 0x00, 0x00, 0x00, 0x00, 0x00, 0x00, 0x00, 0x00, 0x00, 0x00, 0x00, 0x00, 0x00, 0x00, 0x00,
    0x00, 0x00, 0x00, 0x00, 0x00, 0x00, 0x00, 0x00, 0x00, 0x00, 0x00, 0x00, 0x00, 0x00, 0x00, 0x00,
    0x8a, 0x00, 0x0c, 0x01, 0xef, 0x00, 0x8a, 0x00, 0x46, 0x00, 0x46, 0x00, 0x46, 0x00, 0x46, 0x00,
    0x46, 0x00, 0x46, 0x00, 0x46, 0x00, 0x46, 0x00, 0x46, 0x00, 0x46, 0x00, 0x46, 0x00, 0x46, 0x00,
    0x46, 0x00, 0x46, 0x00, 0x46, 0x00, 0x46, 0x00, 0x46, 0x00, 0x46, 0x00, 0x46, 0x00, 0x46, 0x00,
    0x46, 0x00, 0x46, 0x00, 0x46, 0x00, 0x46, 0x00, 0x46, 0x00, 0x46, 0x00, 0x46, 0x00, 0x46, 0x00,
    0x46, 0x00, 0x46, 0x00, 0x46, 0x00, 0x46, 0x00, 0x46, 0x00, 0x46, 0x00, 0x46, 0x00, 0x46, 0x00,
    0x46, 0x00, 0x46, 0x00, 0x46, 0x00, 0x46, 0x00, 0x46, 0x00, 0x46, 0x00, 0x46, 0x00, 0x46, 0x00,
    0x46, 0x00, 0x46, 0x00, 0x46, 0x00, 0x46, 0x00, 0x46, 0x00, 0x46, 0x00, 0x46, 0x00, 0x46, 0x00,
    0x46, 0x00, 0x46, 0x00, 0x46, 0x00, 0x46, 0x00, 0x46, 0x00, 0x46, 0x00, 0x46, 0x00, 0x46, 0x00,
    0x46, 0x00, 0x46, 0x00, 0x46, 0x00, 0x46, 0x00, 0x46, 0x00, 0x46, 0x00, 0x46, 0x00, 0x46, 0x00,
    0x46, 0x00, 0x46, 0x00, 0x46, 0x00, 0x46, 0x00, 0x46, 0x00, 0x46, 0x00, 0x46, 0x00, 0x46, 0x00,
    0x46, 0x00, 0x46, 0x00, 0x46, 0x00, 0x46, 0x00, 0x46, 0x00, 0x46, 0x00, 0x46, 0x00, 0x46, 0x00,
    0x46, 0x00, 0x46, 0x00, 0x46, 0x00, 0x46, 0x00, 0x46, 0x00, 0x46, 0x00, 0x46, 0x00, 0x46, 0x00,
    0x46, 0x00, 0x46, 0x00, 0x46, 0x00, 0x46, 0x00, 0x46, 0x00, 0x46, 0x00, 0x46, 0x00, 0x46, 0x00,
    0x46, 0x00, 0x46, 0x00, 0x46, 0x00, 0x46, 0x00, 0x46, 0x00, 0x46, 0x00, 0x46, 0x00, 0x46, 0x00,
    0x46, 0x00, 0x46, 0x00, 0x46, 0x00, 0x46, 0x00, 0x46, 0x00, 0x46, 0x00, 0x46, 0x00, 0x46, 0x00,
    0x46, 0x00, 0x46, 0x00, 0x46, 0x00, 0x46, 0x00, 0x46, 0x00, 0x46, 0x00, 0x46, 0x00, 0x46, 0x00,
    0x46, 0x00, 0x46, 0x00, 0x46, 0x00, 0x46, 0x00, 0x46, 0x00, 0x46, 0x00, 0x46, 0x00, 0x46, 0x00,
    0x46, 0x00, 0x46, 0x00, 0x46, 0x00, 0x46, 0x00, 0x46, 0x00, 0x46, 0x00, 0x46, 0x00, 0x46, 0x00,
    0x46, 0x00, 0x46, 0x00, 0x46, 0x00, 0x46, 0x00, 0x46, 0x00, 0x46, 0x00, 0x46, 0x00, 0x46, 0x00,
    0x46, 0x00, 0x46, 0x00, 0x46, 0x00, 0x46, 0x00, 0x46, 0x00, 0x46, 0x00, 0x46, 0x00, 0x46, 0x00,
    0x46, 0x00, 0x46, 0x00, 0x46, 0x00, 0x46, 0x00, 0x46, 0x00, 0x46, 0x00, 0x46, 0x00, 0x46, 0x00,
    0x46, 0x00, 0x46, 0x00, 0x46, 0x00, 0x46, 0x00, 0x46, 0x00, 0x46, 0x00, 0x46, 0x00, 0x46, 0x00,
    0x46, 0x00, 0x46, 0x00, 0x46, 0x00, 0x46, 0x00, 0x46, 0x00, 0x46, 0x00, 0x46, 0x00, 0x46, 0x00,
    0x46, 0x00, 0x46, 0x00, 0x46, 0x00, 0x46, 0x00, 0x46, 0x00, 0x46, 0x00, 0x46, 0x00, 0x46, 0x00,
    0x46, 0x00, 0x46, 0x00, 0x46, 0x00, 0x46, 0x00, 0x46, 0x00, 0x46, 0x00, 0x46, 0x00, 0x46, 0x00,
    0x46, 0x00, 0x46, 0x00, 0x46, 0x00, 0x46, 0x00, 0x46, 0x00, 0x46, 0x00, 0x46, 0x00, 0x46, 0x00,
    0x46, 0x00, 0x46, 0x00, 0x46, 0x00, 0x46, 0x00, 0x46, 0x00, 0x46, 0x00, 0x46, 0x00, 0x46, 0x00,
    0x46, 0x00, 0x46, 0x00, 0x46, 0x00, 0x46, 0x00, 0x0c, 0x01, 0xef, 0x00, 0x8a, 0x00, 0x8a, 0x00,
    0x00, 0x00, 0x00, 0x00, 0x00, 0x00, 0x00, 0x00, 0x00, 0x00, 0x00, 0x00, 0x00, 0x00, 0x00, 0x00,
    0x00, 0x00, 0x00, 0x00, 0x00, 0x00, 0x00, 0x00, 0x00, 0x00, 0x00, 0x00, 0x00, 0x00, 0x00, 0x00,
    0xef, 0x00, 0x0c, 0x01, 0xef, 0x00, 0x46, 0x00, 0x23, 0x00, 0x23, 0x00, 0x23, 0x00, 0x23, 0x00,
    0x23, 0x00, 0x23, 0x00, 0x23, 0x00, 0x23, 0x00, 0x23, 0x00, 0x23, 0x00, 0x23, 0x00, 0x23, 0x00,
    0x23, 0x00, 0x23, 0x00, 0x23, 0x00, 0x23, 0x00, 0x23, 0x00, 0x23, 0x00, 0x23, 0x00, 0x23, 0x00,
    0x23, 0x00, 0x23, 0x00, 0x23, 0x00, 0x23, 0x00, 0x23, 0x00, 0x23, 0x00, 0x23, 0x00, 0x23, 0x00,
    0x23, 0x00, 0x23, 0x00, 0x23, 0x00, 0x23, 0x00, 0x23, 0x00, 0x23, 0x00, 0x23, 0x00, 0x23, 0x00,
    0x23, 0x00, 0x23, 0x00, 0x23, 0x00, 0x23, 0x00, 0x23, 0x00, 0x23, 0x00, 0x23, 0x00, 0x23, 0x00,
    0x23, 0x00, 0x23, 0x00, 0x23, 0x00, 0x23, 0x00, 0x23, 0x00, 0x23, 0x00, 0x23, 0x00, 0x23, 0x00,
    0x23, 0x00, 0x23, 0x00, 0x23, 0x00, 0x23, 0x00, 0x23, 0x00, 0x23, 0x00, 0x23, 0x00, 0x23, 0x00,
    0x23, 0x00, 0x23, 0x00, 0x23, 0x00, 0x23, 0x00, 0x23, 0x00, 0x23, 0x00, 0x23, 0x00, 0x23, 0x00,
    0x23, 0x00, 0x23, 0x00, 0x23, 0x00, 0x23, 0x00, 0x23, 0x00, 0x23, 0x00, 0x23, 0x00, 0x23, 0x00,
    0x23, 0x00, 0x23, 0x00, 0x23, 0x00, 0x23, 0x00, 0x23, 0x00, 0x23, 0x00, 0x23, 0x00, 0x23, 0x00,
    0x23, 0x00, 0x23, 0x00, 0x23, 0x00, 0x23, 0x00, 0x23, 0x00, 0x23, 0x00, 0x23, 0x00, 0x23, 0x00,
    0x23, 0x00, 0x23, 0x00, 0x23, 0x00, 0x23, 0x00, 0x23, 0x00, 0x23, 0x00, 0x23, 0x00, 0x23, 0x00,
    0x23, 0x00, 0x23, 0x00, 0x23, 0x00, 0x23, 0x00, 0x23, 0x00, 0x23, 0x00, 0x23, 0x00, 0x23, 0x00,
    0x23, 0x00, 0x23, 0x00, 0x23, 0x00, 0x23, 0x00, 0x23, 0x00, 0x23, 0x00, 0x23, 0x00, 0x23, 0x00,
    0x23, 0x00, 0x23, 0x00, 0x23, 0x00, 0x23, 0x00, 0x23, 0x00, 0x23, 0x00, 0x23, 0x00, 0x23, 0x00,
    0x23, 0x00, 0x23, 0x00, 0x23, 0x00, 0x23, 0x00, 0x23, 0x00, 0x23, 0x00, 0x23, 0x00, 0x23, 0x00,
    0x23, 0x00, 0x23, 0x00, 0x23, 0x00, 0x23, 0x00, 0x23, 0x00, 0x23, 0x00, 0x23, 0x00, 0x23, 0x00,
    0x23, 0x00, 0x23, 0x00, 0x23, 0x00, 0x23, 0x00, 0x23, 0x00, 0x23, 0x00, 0x23, 0x00, 0x23, 0x00,
    0x23, 0x00, 0x23, 0x00, 0x23, 0x00, 0x23, 0x00, 0x23, 0x00, 0x23, 0x00, 0x23, 0x00, 0x23, 0x00,
    0x23, 0x00, 0x23, 0x00, 0x23, 0x00, 0x23, 0x00, 0x23, 0x00, 0x23, 0x00, 0x23, 0x00, 0x23, 0x00,
    0x23, 0x00, 0x23, 0x00, 0x23, 0x00, 0x23, 0x00, 0x23, 0x00, 0x23, 0x00, 0x23, 0x00, 0x23, 0x00,
    0x23, 0x00, 0x23, 0x00, 0x23, 0x00, 0x23, 0x00, 0x23, 0x00, 0x23, 0x00, 0x23, 0x00, 0x23, 0x00,
    0x23, 0x00, 0x23, 0x00, 0x23, 0x00, 0x23, 0x00, 0x23, 0x00, 0x23, 0x00, 0x23, 0x00, 0x23, 0x00,
    0x23, 0x00, 0x23, 0x00, 0x23, 0x00, 0x23, 0x00, 0x23, 0x00, 0x23, 0x00, 0x23, 0x00, 0x23, 0x00,
    0x23, 0x00, 0x23, 0x00, 0x23, 0x00, 0x23, 0x00, 0x23, 0x00, 0x23, 0x00, 0x23, 0x00, 0x23, 0x00,
    0x23, 0x00, 0x23, 0x00, 0x23, 0x00, 0x23, 0x00, 0x23, 0x00, 0x23, 0x00, 0x23, 0x00, 0x23, 0x00,
    0x23, 0x00, 0x23, 0x00, 0x23, 0x00, 0x23, 0x00, 0x8a, 0x00, 0xef, 0x00, 0x0c, 0x01, 0x0c, 0x01,
    0x00, 0x00, 0x00, 0x00, 0x00, 0x00, 0x00, 0x00, 0x00, 0x00, 0x00, 0x00, 0x00, 0x00, 0x00, 0x00,
    0x00, 0x00, 0x00, 0x00, 0x00, 0x00, 0x00, 0x00, 0x00, 0x00, 0x00, 0x00, 0x8a, 0x00, 0x8a, 0x00,
    0x0c, 0x01, 0x46, 0x00, 0x23, 0x00, 0x23, 0x00, 0x23, 0x00, 0x46, 0x00, 0x46, 0x00, 0x46, 0x00,
    0x23, 0x00, 0x23, 0x00, 0x23, 0x00, 0x23, 0x00, 0x23, 0x00, 0x23, 0x00, 0x23, 0x00, 0x23, 0x00,
    0x23, 0x00, 0x23, 0x00, 0x23, 0x00, 0x23, 0x00, 0x23, 0x00, 0x23, 0x00, 0x23, 0x00, 0x23, 0x00,
    0x23, 0x00, 0x23, 0x00, 0x23, 0x00, 0x23, 0x00, 0x23, 0x00, 0x23, 0x00, 0x23, 0x00, 0x23, 0x00,
    0x23, 0x00, 0x23, 0x00, 0x23, 0x00, 0x23, 0x00, 0x23, 0x00, 0x23, 0x00, 0x23, 0x00, 0x23, 0x00,
    0x23, 0x00, 0x23, 0x00, 0x23, 0x00, 0x23, 0x00, 0x23, 0x00, 0x23, 0x00, 0x23, 0x00, 0x23, 0x00,
    0x23, 0x00, 0x23, 0x00, 0x23, 0x00, 0x23, 0x00, 0x23, 0x00, 0x23, 0x00, 0x23, 0x00, 0x23, 0x00,
    0x23, 0x00, 0x23, 0x00, 0x23, 0x00, 0x23, 0x00, 0x23, 0x00, 0x23, 0x00, 0x23, 0x00, 0x23, 0x00,
    0x23, 0x00, 0x23, 0x00, 0x23, 0x00, 0x23, 0x00, 0x23, 0x00, 0x23, 0x00, 0x23, 0x00, 0x23, 0x00,
    0x23, 0x00, 0x23, 0x00, 0x23, 0x00, 0x23, 0x00, 0x23, 0x00, 0x23, 0x00, 0x23, 0x00, 0x23, 0x00,
    0x23, 0x00, 0x23, 0x00, 0x23, 0x00, 0x23, 0x00, 0x23, 0x00, 0x23, 0x00, 0x23, 0x00, 0x23, 0x00,
    0x23, 0x00, 0x23, 0x00, 0x23, 0x00, 0x23, 0x00, 0x23, 0x00, 0x23, 0x00, 0x23, 0x00, 0x23, 0x00,
    0x23, 0x00, 0x23, 0x00, 0x23, 0x00, 0x23, 0x00, 0x23, 0x00, 0x23, 0x00, 0x23, 0x00, 0x23, 0x00,
    0x23, 0x00, 0x23, 0x00, 0x23, 0x00, 0x23, 0x00, 0x23, 0x00, 0x23, 0x00, 0x23, 0x00, 0x23, 0x00,
    0x23, 0x00, 0x23, 0x00, 0x23, 0x00, 0x23, 0x00, 0x23, 0x00, 0x23, 0x00, 0x23, 0x00, 0x23, 0x00,
    0x23, 0x00, 0x23, 0x00, 0x23, 0x00, 0x23, 0x00, 0x23, 0x00, 0x23, 0x00, 0x23, 0x00, 0x23, 0x00,
    0x23, 0x00, 0x23, 0x00, 0x23, 0x00, 0x23, 0x00, 0x23, 0x00, 0x23, 0x00, 0x23, 0x00, 0x23, 0x00,
    0x23, 0x00, 0x23, 0x00, 0x23, 0x00, 0x23, 0x00, 0x23, 0x00, 0x23, 0x00, 0x23, 0x00, 0x23, 0x00,
    0x23, 0x00, 0x23, 0x00, 0x23, 0x00, 0x23, 0x00, 0x23, 0x00, 0x23, 0x00, 0x23, 0x00, 0x23, 0x00,
    0x23, 0x00, 0x23, 0x00, 0x23, 0x00, 0x23, 0x00, 0x23, 0x00, 0x23, 0x00, 0x23, 0x00, 0x23, 0x00,
    0x23, 0x00, 0x23, 0x00, 0x23, 0x00, 0x23, 0x00, 0x23, 0x00, 0x23, 0x00, 0x23, 0x00, 0x23, 0x00,
    0x23, 0x00, 0x23, 0x00, 0x23, 0x00, 0x23, 0x00, 0x23, 0x00, 0x23, 0x00, 0x23, 0x00, 0x23, 0x00,
    0x23, 0x00, 0x23, 0x00, 0x23, 0x00, 0x23, 0x00, 0x23, 0x00, 0x23, 0x00, 0x23, 0x00, 0x23, 0x00,
    0x23, 0x00, 0x23, 0x00, 0x23, 0x00, 0x23, 0x00, 0x23, 0x00, 0x23, 0x00, 0x23, 0x00, 0x23, 0x00,
    0x23, 0x00, 0x23, 0x00, 0x23, 0x00, 0x23, 0x00, 0x23, 0x00, 0x23, 0x00, 0x23, 0x00, 0x23, 0x00,
    0x23, 0x00, 0x23, 0x00, 0x23, 0x00, 0x23, 0x00, 0x23, 0x00, 0x23, 0x00, 0x23, 0x00, 0x23, 0x00,
    0x23, 0x00, 0x23, 0x00, 0x23, 0x00, 0x23, 0x00, 0x23, 0x00, 0x23, 0x00, 0x23, 0x00, 0x23, 0x00,
    0x46, 0x00, 0x46, 0x00, 0x8a, 0x00, 0x23, 0x00, 0x23, 0x00, 0x23, 0x00, 0xe8, 0x00, 0x0c, 0x01,
    0x0c, 0x01, 0xe8, 0x00, 0x00, 0x00, 0x00, 0x00, 0x00, 0x00, 0x00, 0x00, 0x00, 0x00, 0x00, 0x00,
    0x00, 0x00, 0x00, 0x00, 0x00, 0x00, 0x00, 0x00, 0x00, 0x00, 0x00, 0x00, 0xef, 0x00, 0xef, 0x00,
    0x8a, 0x00, 0x23, 0x00, 0x23, 0x00, 0x23, 0x00, 0x23, 0x00, 0x8a, 0x00, 0x8a, 0x00, 0xe8, 0x00,
    0x23, 0x00, 0x23, 0x00, 0x23, 0x00, 0x23, 0x00, 0x23, 0x00, 0x23, 0x00, 0x23, 0x00, 0x23, 0x00,
    0x23, 0x00, 0x23, 0x00, 0x23, 0x00, 0x23, 0x00, 0x23, 0x00, 0x23, 0x00, 0x23, 0x00, 0x23, 0x00,
    0x23, 0x00, 0x23, 0x00, 0x23, 0x00, 0x23, 0x00, 0x23, 0x00, 0x23, 0x00, 0x23, 0x00, 0x23, 0x00,
    0x23, 0x00, 0x23, 0x00, 0x23, 0x00, 0x23, 0x00, 0x23, 0x00, 0x23, 0x00, 0x23, 0x00, 0x23, 0x00,
    0x23, 0x00, 0x23, 0x00, 0x23, 0x00, 0x23, 0x00, 0x23, 0x00, 0x23, 0x00, 0x23, 0x00, 0x23, 0x00,
    0x23, 0x00, 0x23, 0x00, 0x23, 0x00, 0x23, 0x00, 0x23, 0x00, 0x23, 0x00, 0x23, 0x00, 0x23, 0x00,
    0x23, 0x00, 0x23, 0x00, 0x23, 0x00, 0x23, 0x00, 0x23, 0x00, 0x23, 0x00, 0x23, 0x00, 0x23, 0x00,
    0x23, 0x00, 0x23, 0x00, 0x23, 0x00, 0x23, 0x00, 0x23, 0x00, 0x23, 0x00, 0x23, 0x00, 0x23, 0x00,
    0x23, 0x00, 0x23, 0x00, 0x23, 0x00, 0x23, 0x00, 0x23, 0x00, 0x23, 0x00, 0x23, 0x00, 0x23, 0x00,
    0x23, 0x00, 0x23, 0x00, 0x23, 0x00, 0x23, 0x00, 0x23, 0x00, 0x23, 0x00, 0x23, 0x00, 0x23, 0x00,
    0x23, 0x00, 0x23, 0x00, 0x23, 0x00, 0x23, 0x00, 0x23, 0x00, 0x23, 0x00, 0x23, 0x00, 0x23, 0x00,
    0x23, 0x00, 0x23, 0x00, 0x23, 0x00, 0x23, 0x00, 0x23, 0x00, 0x23, 0x00, 0x23, 0x00, 0x23, 0x00,
    0x23, 0x00, 0x23, 0x00, 0x23, 0x00, 0x23, 0x00, 0x23, 0x00, 0x23, 0x00, 0x23, 0x00, 0x23, 0x00,
    0x23, 0x00, 0x23, 0x00, 0x23, 0x00, 0x23, 0x00, 0x23, 0x00, 0x23, 0x00, 0x23, 0x00, 0x23, 0x00,
    0x23, 0x00, 0x23, 0x00, 0x23, 0x00, 0x23, 0x00, 0x23, 0x00, 0x23, 0x00, 0x23, 0x00, 0x23, 0x00,
    0x23, 0x00, 0x23, 0x00, 0x23, 0x00, 0x23, 0x00, 0x23, 0x00, 0x23, 0x00, 0x23, 0x00, 0x23, 0x00,
    0x23, 0x00, 0x23, 0x00, 0x23, 0x00, 0x23, 0x00, 0x23, 0x00, 0x23, 0x00, 0x23, 0x00, 0x23, 0x00,
    0x23, 0x00, 0x23, 0x00, 0x23, 0x00, 0x23, 0x00, 0x23, 0x00, 0x23, 0x00, 0x23, 0x00, 0x23, 0x00,
    0x23, 0x00, 0x23, 0x00, 0x23, 0x00, 0x23, 0x00, 0x23, 0x00, 0x23, 0x00, 0x23, 0x00, 0x23, 0x00,
    0x23, 0x00, 0x23, 0x00, 0x23, 0x00, 0x23, 0x00, 0x23, 0x00, 0x23, 0x00, 0x23, 0x00, 0x23, 0x00,
    0x23, 0x00, 0x23, 0x00, 0x23, 0x00, 0x23, 0x00, 0x23, 0x00, 0x23, 0x00, 0x23, 0x00, 0x23, 0x00,
    0x23, 0x00, 0x23, 0x00, 0x23, 0x00, 0x23, 0x00, 0x23, 0x00, 0x23, 0x00, 0x23, 0x00, 0x23, 0x00,
    0x23, 0x00, 0x23, 0x00, 0x23, 0x00, 0x23, 0x00, 0x23, 0x00, 0x23, 0x00, 0x23, 0x00, 0x23, 0x00,
    0x23, 0x00, 0x23, 0x00, 0x23, 0x00, 0x23, 0x00, 0x23, 0x00, 0x23, 0x00, 0x23, 0x00, 0x23, 0x00,
    0x23, 0x00, 0x23, 0x00, 0x23, 0x00, 0x23, 0x00, 0x23, 0x00, 0x23, 0x00, 0x23, 0x00, 0x23, 0x00,
    0x23, 0x00, 0x23, 0x00, 0x23, 0x00, 0x23, 0x00, 0x23, 0x00, 0x23, 0x00, 0x23, 0x00, 0x23, 0x00,
    0x0c, 0x01, 0x0c, 0x01, 0xef, 0x00, 0x46, 0x00, 0x23, 0x00, 0x23, 0x00, 0x23, 0x00, 0x8a, 0x00,
    0xef, 0x00, 0x0c, 0x01, 0x00, 0x00, 0x00, 0x00, 0x00, 0x00, 0x00, 0x00, 0x00, 0x00, 0x00, 0x00,
    0x00, 0x00, 0x00, 0x00, 0x00, 0x00, 0x00, 0x00, 0x00, 0x00, 0x00, 0x00, 0xef, 0x00, 0x51, 0x01,
    0x46, 0x00, 0x23, 0x00, 0x23, 0x00, 0x46, 0x00, 0x8a, 0x00, 0x8a, 0x00, 0xe8, 0x00, 0x46, 0x00,
    0x23, 0x00, 0x23, 0x00, 0x23, 0x00, 0x23, 0x00, 0x23, 0x00, 0x23, 0x00, 0x23, 0x00, 0x23, 0x00,
    0x23, 0x00, 0x23, 0x00, 0x23, 0x00, 0x23, 0x00, 0x23, 0x00, 0x23, 0x00, 0x23, 0x00, 0x23, 0x00,
    0x23, 0x00, 0x23, 0x00, 0x23, 0x00, 0x23, 0x00, 0x23, 0x00, 0x23, 0x00, 0x23, 0x00, 0x23, 0x00,
    0x23, 0x00, 0x23, 0x00, 0x23, 0x00, 0x23, 0x00, 0x23, 0x00, 0x23, 0x00, 0x23, 0x00, 0x23, 0x00,
    0x23, 0x00, 0x23, 0x00, 0x23, 0x00, 0x23, 0x00, 0x23, 0x00, 0x23, 0x00, 0x23, 0x00, 0x23, 0x00,
    0x23, 0x00, 0x23, 0x00, 0x23, 0x00, 0x23, 0x00, 0x23, 0x00, 0x23, 0x00, 0x23, 0x00, 0x23, 0x00,
    0x23, 0x00, 0x23, 0x00, 0x23, 0x00, 0x23, 0x00, 0x23, 0x00, 0x23, 0x00, 0x23, 0x00, 0x23, 0x00,
    0x23, 0x00, 0x23, 0x00, 0x23, 0x00, 0x23, 0x00, 0x23, 0x00, 0x23, 0x00, 0x23, 0x00, 0x23, 0x00,
    0x23, 0x00, 0x23, 0x00, 0x23, 0x00, 0x23, 0x00, 0x23, 0x00, 0x23, 0x00, 0x23, 0x00, 0x23, 0x00,
    0x23, 0x00, 0x23, 0x00, 0x23, 0x00, 0x23, 0x00, 0x23, 0x00, 0x23, 0x00, 0x23, 0x00, 0x23, 0x00,
    0x23, 0x00, 0x23, 0x00, 0x23, 0x00, 0x23, 0x00, 0x23, 0x00, 0x23, 0x00, 0x23, 0x00, 0x23, 0x00,
    0x23, 0x00, 0x23, 0x00, 0x23, 0x00, 0x23, 0x00, 0x23, 0x00, 0x23, 0x00, 0x23, 0x00, 0x23, 0x00,
    0x23, 0x00, 0x23, 0x00, 0x23, 0x00, 0x23, 0x00, 0x23, 0x00, 0x23, 0x00, 0x23, 0x00, 0x23, 0x00,
    0x23, 0x00, 0x23, 0x00, 0x23, 0x00, 0x23, 0x00, 0x23, 0x00, 0x23, 0x00, 0x23, 0x00, 0x23, 0x00,
    0x23, 0x00, 0x23, 0x00, 0x23, 0x00, 0x23, 0x00, 0x23, 0x00, 0x23, 0x00, 0x23, 0x00, 0x23, 0x00,
    0x23, 0x00, 0x23, 0x00, 0x23, 0x00, 0x23, 0x00, 0x23, 0x00, 0x23, 0x00, 0x23, 0x00, 0x23, 0x00,
    0x23, 0x00, 0x23, 0x00, 0x23, 0x00, 0x23, 0x00, 0x23, 0x00, 0x23, 0x00, 0x23, 0x00, 0x23, 0x00,
    0x23, 0x00, 0x23, 0x00, 0x23, 0x00, 0x23, 0x00, 0x23, 0x00, 0x23, 0x00, 0x23, 0x00, 0x23, 0x00,
    0x23, 0x00, 0x23, 0x00, 0x23, 0x00, 0x23, 0x00, 0x23, 0x00, 0x23, 0x00, 0x23, 0x00, 0x23, 0x00,
    0x23, 0x00, 0x23, 0x00, 0x23, 0x00, 0x23, 0x00, 0x23, 0x00, 0x23, 0x00, 0x23, 0x00, 0x23, 0x00,
    0x23, 0x00, 0x23, 0x00, 0x23, 0x00, 0x23, 0x00, 0x23, 0x00, 0x23, 0x00, 0x23, 0x00, 0x23, 0x00,
    0x23, 0x00, 0x23, 0x00, 0x23, 0x00, 0x23, 0x00, 0x23, 0x00, 0x23, 0x00, 0x23, 0x00, 0x23, 0x00,
    0x23, 0x00, 0x23, 0x00, 0x23, 0x00, 0x23, 0x00, 0x23, 0x00, 0x23, 0x00, 0x23, 0x00, 0x23, 0x00,
    0x23, 0x00, 0x23, 0x00, 0x23, 0x00, 0x23, 0x00, 0x23, 0x00, 0x23, 0x00, 0x23, 0x00, 0x23, 0x00,
    0x23, 0x00, 0x23, 0x00, 0x23, 0x00, 0x23, 0x00, 0x23, 0x00, 0x23, 0x00, 0x23, 0x00, 0x23, 0x00,
    0x23, 0x00, 0x23, 0x00, 0x23, 0x00, 0x23, 0x00, 0x23, 0x00, 0x23, 0x00, 0x23, 0x00, 0x23, 0x00,
    0x8a, 0x00, 0x8a, 0x00, 0xef, 0x00, 0x8a, 0x00, 0x46, 0x00, 0x23, 0x00, 0x23, 0x00, 0xe8, 0x00,
    0xef, 0x00, 0x0c, 0x01, 0x00, 0x00, 0x00, 0x00, 0x00, 0x00, 0x00, 0x00, 0x00, 0x00, 0x00, 0x00,
    0x00, 0x00, 0x00, 0x00, 0x00, 0x00, 0x00, 0x00, 0x00, 0x00, 0x00, 0x00, 0xef, 0x00, 0x51, 0x01,
    0x46, 0x00, 0x23, 0x00, 0x23, 0x00, 0x8a, 0x00, 0x8a, 0x00, 0x46, 0x00, 0x23, 0x00, 0x23, 0x00,
    0x23, 0x00, 0x23, 0x00, 0x23, 0x00, 0x23, 0x00, 0x23, 0x00, 0x23, 0x00, 0x23, 0x00, 0x23, 0x00,
    0x23, 0x00, 0x23, 0x00, 0x23, 0x00, 0x23, 0x00, 0x23, 0x00, 0x23, 0x00, 0x23, 0x00, 0x23, 0x00,
    0x23, 0x00, 0x23, 0x00, 0x23, 0x00, 0x23, 0x00, 0x23, 0x00, 0x23, 0x00, 0x23, 0x00, 0x23, 0x00,
    0x23, 0x00, 0x23, 0x00, 0x23, 0x00, 0x23, 0x00, 0x23, 0x00, 0x23, 0x00, 0x23, 0x00, 0x23, 0x00,
    0x23, 0x00, 0x23, 0x00, 0x23, 0x00, 0x23, 0x00, 0x23, 0x00, 0x23, 0x00, 0x23, 0x00, 0x23, 0x00,
    0x23, 0x00, 0x23, 0x00, 0x23, 0x00, 0x23, 0x00, 0x23, 0x00, 0x23, 0x00, 0x23, 0x00, 0x23, 0x00,
    0x23, 0x00, 0x23, 0x00, 0x23, 0x00, 0x23, 0x00, 0x23, 0x00, 0x23, 0x00, 0x23, 0x00, 0x23, 0x00,
    0x23, 0x00, 0x23, 0x00, 0x23, 0x00, 0x23, 0x00, 0x23, 0x00, 0x23, 0x00, 0x23, 0x00, 0x23, 0x00,
    0x23, 0x00, 0x23, 0x00, 0x23, 0x00, 0x23, 0x00, 0x23, 0x00, 0x23, 0x00, 0x23, 0x00, 0x23, 0x00,
    0x23, 0x00, 0x23, 0x00, 0x23, 0x00, 0x23, 0x00, 0x23, 0x00, 0x23, 0x00, 0x23, 0x00, 0x23, 0x00,
    0x23, 0x00, 0x23, 0x00, 0x23, 0x00, 0x23, 0x00, 0x23, 0x00, 0x23, 0x00, 0x23, 0x00, 0x23, 0x00,
    0x23, 0x00, 0x23, 0x00, 0x23, 0x00, 0x23, 0x00, 0x23, 0x00, 0x23, 0x00, 0x23, 0x00, 0x23, 0x00,
    0x23, 0x00, 0x23, 0x00, 0x23, 0x00, 0x23, 0x00, 0x23, 0x00, 0x23, 0x00, 0x23, 0x00, 0x23, 0x00,
    0x23, 0x00, 0x23, 0x00, 0x23, 0x00, 0x23, 0x00, 0x23, 0x00, 0x23, 0x00, 0x23, 0x00, 0x23, 0x00,
    0x23, 0x00, 0x23, 0x00, 0x23, 0x00, 0x23, 0x00, 0x23, 0x00, 0x23, 0x00, 0x23, 0x00, 0x23, 0x00,
    0x23, 0x00, 0x23, 0x00, 0x23, 0x00, 0x23, 0x00, 0x23, 0x00, 0x23, 0x00, 0x23, 0x00, 0x23, 0x00,
    0x23, 0x00, 0x23, 0x00, 0x23, 0x00, 0x23, 0x00, 0x23, 0x00, 0x23, 0x00, 0x23, 0x00, 0x23, 0x00,
    0x23, 0x00, 0x23, 0x00, 0x23, 0x00, 0x23, 0x00, 0x23, 0x00, 0x23, 0x00, 0x23, 0x00, 0x23, 0x00,
    0x23, 0x00, 0x23, 0x00, 0x23, 0x00, 0x23, 0x00, 0x23, 0x00, 0x23, 0x00, 0x23, 0x00, 0x23, 0x00,
    0x23, 0x00, 0x23, 0x00, 0x23, 0x00, 0x23, 0x00, 0x23, 0x00, 0x23, 0x00, 0x23, 0x00, 0x23, 0x00,
    0x23, 0x00, 0x23, 0x00, 0x23, 0x00, 0x23, 0x00, 0x23, 0x00, 0x23, 0x00, 0x23, 0x00, 0x23, 0x00,
    0x23, 0x00, 0x23, 0x00, 0x23, 0x00, 0x23, 0x00, 0x23, 0x00, 0x23, 0x00, 0x23, 0x00, 0x23, 0x00,
    0x23, 0x00, 0x23, 0x00, 0x23, 0x00, 0x23, 0x00, 0x23, 0x00, 0x23, 0x00, 0x23, 0x00, 0x23, 0x00,
    0x23, 0x00, 0x23, 0x00, 0x23, 0x00, 0x23, 0x00, 0x23, 0x00, 0x23, 0x00, 0x23, 0x00, 0x23, 0x00,
    0x23, 0x00, 0x23, 0x00, 0x23, 0x00, 0x23, 0x00, 0x23, 0x00, 0x23, 0x00, 0x23, 0x00, 0x23, 0x00,
    0x23, 0x00, 0x23, 0x00, 0x23, 0x00, 0x23, 0x00, 0x23, 0x00, 0x23, 0x00, 0x23, 0x00, 0x23, 0x00,
    0x23, 0x00, 0x23, 0x00, 0x8a, 0x00, 0x8a, 0x00, 0xe8, 0x00, 0x23, 0x00, 0x23, 0x00, 0x8a, 0x00,
    0xef, 0x00, 0x0c, 0x01, 0x00, 0x00, 0x00, 0x00, 0x00, 0x00, 0x00, 0x00, 0x00, 0x00, 0x00, 0x00,
    0x00, 0x00, 0x00, 0x00, 0x00, 0x00, 0x00, 0x00, 0x00, 0x00, 0x00, 0x00, 0xef, 0x00, 0xef, 0x00,
    0x46, 0x00, 0x23, 0x00, 0x23, 0x00, 0x46, 0x00, 0xe8, 0x00, 0x23, 0x00, 0x23, 0x00, 0x23, 0x00,
    0x23, 0x00, 0x23, 0x00, 0x23, 0x00, 0x23, 0x00, 0x23, 0x00, 0x23, 0x00, 0x23, 0x00, 0x23, 0x00,
    0x23, 0x00, 0x23, 0x00, 0x23, 0x00, 0x23, 0x00, 0x23, 0x00, 0x23, 0x00, 0x23, 0x00, 0x23, 0x00,
    0x23, 0x00, 0x23, 0x00, 0x23, 0x00, 0x23, 0x00, 0x23, 0x00, 0x23, 0x00, 0x23, 0x00, 0x23, 0x00,
    0x23, 0x00, 0x23, 0x00, 0x23, 0x00, 0x23, 0x00, 0x23, 0x00, 0x23, 0x00, 0x23, 0x00, 0x23, 0x00,
    0x23, 0x00, 0x23, 0x00, 0x23, 0x00, 0x23, 0x00, 0x23, 0x00, 0x23, 0x00, 0x23, 0x00, 0x23, 0x00,
    0x23, 0x00, 0x23, 0x00, 0x23, 0x00, 0x23, 0x00, 0x23, 0x00, 0x23, 0x00, 0x23, 0x00, 0x23, 0x00,
    0x23, 0x00, 0x23, 0x00, 0x23, 0x00, 0x23, 0x00, 0x23, 0x00, 0x23, 0x00, 0x23, 0x00, 0x23, 0x00,
    0x23, 0x00, 0x23, 0x00, 0x23, 0x00, 0x23, 0x00, 0x23, 0x00, 0x23, 0x00, 0x23, 0x00, 0x23, 0x00,
    0x23, 0x00, 0x23, 0x00, 0x23, 0x00, 0x23, 0x00, 0x23, 0x00, 0x23, 0x00, 0x23, 0x00, 0x23, 0x00,
    0x23, 0x00, 0x23, 0x00, 0x23, 0x00, 0x23, 0x00, 0x23, 0x00, 0x23, 0x00, 0x23, 0x00, 0x23, 0x00,
    0x23, 0x00, 0x23, 0x00, 0x23, 0x00, 0x23, 0x00, 0x23, 0x00, 0x23, 0x00, 0x23, 0x00, 0x23, 0x00,
    0x23, 0x00, 0x23, 0x00, 0x23, 0x00, 0x23, 0x00, 0x23, 0x00, 0x23, 0x00, 0x23, 0x00, 0x23, 0x00,
    0x23, 0x00, 0x23, 0x00, 0x23, 0x00, 0x23, 0x00, 0x23, 0x00, 0x23, 0x00, 0x23, 0x00, 0x23, 0x00,
    0x23, 0x00, 0x23, 0x00, 0x23, 0x00, 0x23, 0x00, 0x23, 0x00, 0x23, 0x00, 0x23, 0x00, 0x23, 0x00,
    0x23, 0x00, 0x23, 0x00, 0x23, 0x00, 0x23, 0x00, 0x23, 0x00, 0x23, 0x00, 0x23, 0x00, 0x23, 0x00,
    0x23, 0x00, 0x23, 0x00, 0x23, 0x00, 0x23, 0x00, 0x23, 0x00, 0x23, 0x00, 0x23, 0x00, 0x23, 0x00,
    0x23, 0x00, 0x23, 0x00, 0x23, 0x00, 0x23, 0x00, 0x23, 0x00, 0x23, 0x00, 0x23, 0x00, 0x23, 0x00,
    0x23, 0x00, 0x23, 0x00, 0x23, 0x00, 0x23, 0x00, 0x23, 0x00, 0x23, 0x00, 0x23, 0x00, 0x23, 0x00,
    0x23, 0x00, 0x23, 0x00, 0x23, 0x00, 0x23, 0x00, 0x23, 0x00, 0x23, 0x00, 0x23, 0x00, 0x23, 0x00,
    0x23, 0x00, 0x23, 0x00, 0x23, 0x00, 0x23, 0x00, 0x23, 0x00, 0x23, 0x00, 0x23, 0x00, 0x23, 0x00,
    0x23, 0x00, 0x23, 0x00, 0x23, 0x00, 0x23, 0x00, 0x23, 0x00, 0x23, 0x00, 0x23, 0x00, 0x23, 0x00,
    0x23, 0x00, 0x23, 0x00, 0x23, 0x00, 0x23, 0x00, 0x23, 0x00, 0x23, 0x00, 0x23, 0x00, 0x23, 0x00,
    0x23, 0x00, 0x23, 0x00, 0x23, 0x00, 0x23, 0x00, 0x23, 0x00, 0x23, 0x00, 0x23, 0x00, 0x23, 0x00,
    0x23, 0x00, 0x23, 0x00, 0x23, 0x00, 0x23, 0x00, 0x23, 0x00, 0x23, 0x00, 0x23, 0x00, 0x23, 0x00,
    0x23, 0x00, 0x23, 0x00, 0x23, 0x00, 0x23, 0x00, 0x23, 0x00, 0x23, 0x00, 0x23, 0x00, 0x23, 0x00,
    0x23, 0x00, 0x23, 0x00, 0x23, 0x00, 0x23, 0x00, 0x23, 0x00, 0x23, 0x00, 0x23, 0x00, 0x23, 0x00,
    0x23, 0x00, 0x23, 0x00, 0x46, 0x00, 0xe8, 0x00, 0x46, 0x00, 0x23, 0x00, 0x23, 0x00, 0x8a, 0x00,
    0xef, 0x00, 0x0c, 0x01, 0x00, 0x00, 0x00, 0x00, 0x00, 0x00, 0x00, 0x00, 0x00, 0x00, 0x00, 0x00,
    0x00, 0x00, 0x00, 0x00, 0x00, 0x00, 0x00, 0x00, 0x00, 0x00, 0x00, 0x00, 0xef, 0x00, 0x51, 0x01,
    0x46, 0x00, 0x23, 0x00, 0x23, 0x00, 0x23, 0x00, 0x23, 0x00, 0x23, 0x00, 0x23, 0x00, 0x23, 0x00,
    0x23, 0x00, 0x23, 0x00, 0x23, 0x00, 0x23, 0x00, 0x23, 0x00, 0x23, 0x00, 0x23, 0x00, 0x23, 0x00,
    0x23, 0x00, 0x23, 0x00, 0x23, 0x00, 0x23, 0x00, 0x23, 0x00, 0x23, 0x00, 0x00, 0x00, 0x23, 0x00,
    0x23, 0x00, 0x23, 0x00, 0x23, 0x00, 0x23, 0x00, 0x23, 0x00, 0x23, 0x00, 0x23, 0x00, 0x23, 0x00,
    0x23, 0x00, 0x23, 0x00, 0x23, 0x00, 0x23, 0x00, 0x23, 0x00, 0x23, 0x00, 0x23, 0x00, 0x23, 0x00,
    0x23, 0x00, 0x23, 0x00, 0x23, 0x00, 0x23, 0x00, 0x23, 0x00, 0x23, 0x00, 0x23, 0x00, 0x23, 0x00,
    0x23, 0x00, 0x23, 0x00, 0x23, 0x00, 0x23, 0x00, 0x23, 0x00, 0x23, 0x00, 0x23, 0x00, 0x23, 0x00,
    0x23, 0x00, 0x23, 0x00, 0x23, 0x00, 0x23, 0x00, 0x23, 0x00, 0x23, 0x00, 0x23, 0x00, 0x23, 0x00,
    0x23, 0x00, 0x23, 0x00, 0x23, 0x00, 0x23, 0x00, 0x23, 0x00, 0x23, 0x00, 0x23, 0x00, 0x23, 0x00,
    0x23, 0x00, 0x23, 0x00, 0x23, 0x00, 0x23, 0x00, 0x23, 0x00, 0x23, 0x00, 0x23, 0x00, 0x23, 0x00,
    0x23, 0x00, 0x23, 0x00, 0x23, 0x00, 0x23, 0x00, 0x23, 0x00, 0x23, 0x00, 0x23, 0x00, 0x23, 0x00,
    0x23, 0x00, 0x23, 0x00, 0x23, 0x00, 0x23, 0x00, 0x23, 0x00, 0x23, 0x00, 0x23, 0x00, 0x23, 0x00,
    0x23, 0x00, 0x23, 0x00, 0x23, 0x00, 0x23, 0x00, 0x23, 0x00, 0x23, 0x00, 0x23, 0x00, 0x23, 0x00,
    0x23, 0x00, 0x23, 0x00, 0x23, 0x00, 0x23, 0x00, 0x23, 0x00, 0x23, 0x00, 0x23, 0x00, 0x23, 0x00,
    0x23, 0x00, 0x23, 0x00, 0x23, 0x00, 0x23, 0x00, 0x23, 0x00, 0x23, 0x00, 0x23, 0x00, 0x23, 0x00,
    0x23, 0x00, 0x23, 0x00, 0x23, 0x00, 0x23, 0x00, 0x23, 0x00, 0x23, 0x00, 0x23, 0x00, 0x23, 0x00,
    0x23, 0x00, 0x23, 0x00, 0x23, 0x00, 0x23, 0x00, 0x23, 0x00, 0x23, 0x00, 0x23, 0x00, 0x23, 0x00,
    0x23, 0x00, 0x23, 0x00, 0x23, 0x00, 0x23, 0x00, 0x23, 0x00, 0x23, 0x00, 0x23, 0x00, 0x23, 0x00,
    0x23, 0x00, 0x23, 0x00, 0x23, 0x00, 0x23, 0x00, 0x23, 0x00, 0x23, 0x00, 0x23, 0x00, 0x23, 0x00,
    0x23, 0x00, 0x23, 0x00, 0x23, 0x00, 0x23, 0x00, 0x23, 0x00, 0x23, 0x00, 0x23, 0x00, 0x23, 0x00,
    0x23, 0x00, 0x23, 0x00, 0x23, 0x00, 0x23, 0x00, 0x23, 0x00, 0x23, 0x00, 0x23, 0x00, 0x23, 0x00,
    0x23, 0x00, 0x23, 0x00, 0x23, 0x00, 0x23, 0x00, 0x23, 0x00, 0x23, 0x00, 0x23, 0x00, 0x23, 0x00,
    0x23, 0x00, 0x23, 0x00, 0x23, 0x00, 0x23, 0x00, 0x23, 0x00, 0x23, 0x00, 0x23, 0x00, 0x23, 0x00,
    0x23, 0x00, 0x23, 0x00, 0x23, 0x00, 0x23, 0x00, 0x23, 0x00, 0x23, 0x00, 0x23, 0x00, 0x23, 0x00,
    0x23, 0x00, 0x23, 0x00, 0x23, 0x00, 0x23, 0x00, 0x23, 0x00, 0x23, 0x00, 0x23, 0x00, 0x23, 0x00,
    0x23, 0x00, 0x23, 0x00, 0x23, 0x00, 0x23, 0x00, 0x23, 0x00, 0x23, 0x00, 0x23, 0x00, 0x23, 0x00,
    0x23, 0x00, 0x23, 0x00, 0x23, 0x00, 0x23, 0x00, 0x23, 0x00, 0x23, 0x00, 0x23, 0x00, 0x23, 0x00,
    0x23, 0x00, 0x23, 0x00, 0x23, 0x00, 0x23, 0x00, 0x23, 0x00, 0x23, 0x00, 0x23, 0x00, 0x8a, 0x00,
    0xef, 0x00, 0x0c, 0x01, 0x00, 0x00, 0x00, 0x00, 0x00, 0x00, 0x00, 0x00, 0x00, 0x00, 0x00, 0x00,
    0x00, 0x00, 0x00, 0x00, 0x00, 0x00, 0x00, 0x00, 0x00, 0x00, 0x00, 0x00, 0xef, 0x00, 0x51, 0x01,
    0x46, 0x00, 0x23, 0x00, 0x23, 0x00, 0x23, 0x00, 0x23, 0x00, 0x23, 0x00, 0x23, 0x00, 0x23, 0x00,
    0x23, 0x00, 0x23, 0x00, 0x23, 0x00, 0x23, 0x00, 0x23, 0x00, 0x23, 0x00, 0x23, 0x00, 0x51, 0x01,
    0x5a, 0x01, 0x51, 0x01, 0x23, 0x00, 0x23, 0x00, 0x8a, 0x00, 0x33, 0x01, 0x51, 0x01, 0x23, 0x00,
    0x23, 0x00, 0x51, 0x01, 0x57, 0x01, 0xef, 0x00, 0x23, 0x00, 0x23, 0x00, 0x8a, 0x00, 0x19, 0x02,
    0x33, 0x01, 0x23, 0x00, 0x23, 0x00, 0x23, 0x00, 0x23, 0x00, 0x23, 0x00, 0x23, 0x00, 0x23, 0x00,
    0x23, 0x00, 0x23, 0x00, 0x23, 0x00, 0x23, 0x00, 0x23, 0x00, 0x23, 0x00, 0x23, 0x00, 0x23, 0x00,
    0x23, 0x00, 0x23, 0x00, 0x23, 0x00, 0x23, 0x00, 0x23, 0x00, 0x23, 0x00, 0x23, 0x00, 0x23, 0x00,
    0x23, 0x00, 0x23, 0x00, 0x23, 0x00, 0x23, 0x00, 0x23, 0x00, 0x23, 0x00, 0x23, 0x00, 0x23, 0x00,
    0x23, 0x00, 0x23, 0x00, 0x23, 0x00, 0x23, 0x00, 0x23, 0x00, 0x23, 0x00, 0x23, 0x00, 0x23, 0x00,
    0x23, 0x00, 0x23, 0x00, 0x23, 0x00, 0x23, 0x00, 0x23, 0x00, 0x23, 0x00, 0x23, 0x00, 0x23, 0x00,
    0x23, 0x00, 0x23, 0x00, 0x23, 0x00, 0x23, 0x00, 0x23, 0x00, 0x23, 0x00, 0x23, 0x00, 0x23, 0x00,
    0x23, 0x00, 0x23, 0x00, 0x23, 0x00, 0x23, 0x00, 0x23, 0x00, 0x23, 0x00, 0x23, 0x00, 0x23, 0x00,
    0x23, 0x00, 0x23, 0x00, 0x23, 0x00, 0x23, 0x00, 0x23, 0x00, 0x23, 0x00, 0x23, 0x00, 0x23, 0x00,
    0x23, 0x00, 0x23, 0x00, 0x23, 0x00, 0x23, 0x00, 0x23, 0x00, 0x23, 0x00, 0x23, 0x00, 0x23, 0x00,
    0x23, 0x00, 0x23, 0x00, 0x23, 0x00, 0x23, 0x00, 0x23, 0x00, 0x23, 0x00, 0x23, 0x00, 0x23, 0x00,
    0x23, 0x00, 0x23, 0x00, 0x23, 0x00, 0x23, 0x00, 0x23, 0x00, 0x23, 0x00, 0x23, 0x00, 0x23, 0x00,
    0x23, 0x00, 0x23, 0x00, 0x23, 0x00, 0x23, 0x00, 0x23, 0x00, 0x23, 0x00, 0x23, 0x00, 0x23, 0x00,
    0x23, 0x00, 0x23, 0x00, 0x23, 0x00, 0x23, 0x00, 0x23, 0x00, 0x23, 0x00, 0x23, 0x00, 0x23, 0x00,
    0x23, 0x00, 0x23, 0x00, 0x23, 0x00, 0x23, 0x00, 0x23, 0x00, 0x23, 0x00, 0x23, 0x00, 0x23, 0x00,
    0x23, 0x00, 0x23, 0x00, 0x23, 0x00, 0x23, 0x00, 0x23, 0x00, 0x23, 0x00, 0x23, 0x00, 0x23, 0x00,
    0x23, 0x00, 0x23, 0x00, 0x23, 0x00, 0x23, 0x00, 0x23, 0x00, 0x23, 0x00, 0x23, 0x00, 0x23, 0x00,
    0x23, 0x00, 0x23, 0x00, 0x23, 0x00, 0x23, 0x00, 0x23, 0x00, 0x23, 0x00, 0x23, 0x00, 0x23, 0x00,
    0x23, 0x00, 0x23, 0x00, 0x23, 0x00, 0x23, 0x00, 0x23, 0x00, 0x23, 0x00, 0x23, 0x00, 0x23, 0x00,
    0x23, 0x00, 0x23, 0x00, 0x23, 0x00, 0x23, 0x00, 0x23, 0x00, 0x23, 0x00, 0x23, 0x00, 0xb5, 0x01,
    0x57, 0x01, 0x46, 0x00, 0x23, 0x00, 0x23, 0x00, 0xb5, 0x01, 0xb5, 0x01, 0x46, 0x00, 0x23, 0x00,
    0x23, 0x00, 0xb5, 0x01, 0xb5, 0x01, 0x0c, 0x01, 0x23, 0x00, 0x23, 0x00, 0x0c, 0x01, 0xb5, 0x01,
    0x33, 0x01, 0x23, 0x00, 0x23, 0x00, 0x23, 0x00, 0x23, 0x00, 0x23, 0x00, 0x23, 0x00, 0x23, 0x00,
    0x23, 0x00, 0x23, 0x00, 0x23, 0x00, 0x23, 0x00, 0x23, 0x00, 0x23, 0x00, 0x23, 0x00, 0xe8, 0x00,
    0xef, 0x00, 0x0c, 0x01, 0x00, 0x00, 0x00, 0x00, 0x00, 0x00, 0x00, 0x00, 0x00, 0x00, 0x00, 0x00,
    0x00, 0x00, 0x00, 0x00, 0x00, 0x00, 0x00, 0x00, 0x00, 0x00, 0x00, 0x00, 0xef, 0x00, 0x51, 0x01,
    0x46, 0x00, 0x23, 0x00, 0x23, 0x00, 0x23, 0x00, 0x23, 0x00, 0x23, 0x00, 0x23, 0x00, 0x23, 0x00,
    0x23, 0x00, 0x23, 0x00, 0x23, 0x00, 0x23, 0x00, 0x23, 0x00, 0x23, 0x00, 0x23, 0x00, 0x33, 0x01,
    0x5a, 0x01, 0x33, 0x01, 0x23, 0x00, 0x23, 0x00, 0x0c, 0x01, 0x57, 0x01, 0x33, 0x01, 0x23, 0x00,
    0x23, 0x00, 0x51, 0x01, 0x57, 0x01, 0xef, 0x00, 0x23, 0x00, 0x23, 0x00, 0x8a, 0x00, 0x5a, 0x01,
    0xb5, 0x01, 0x23, 0x00, 0x23, 0x00, 0x23, 0x00, 0x23, 0x00, 0x23, 0x00, 0x23, 0x00, 0x23, 0x00,
    0x23, 0x00, 0x23, 0x00, 0x23, 0x00, 0x23, 0x00, 0x23, 0x00, 0x23, 0x00, 0x23, 0x00, 0x23, 0x00,
    0x23, 0x00, 0x23, 0x00, 0x23, 0x00, 0x23, 0x00, 0x23, 0x00, 0x23, 0x00, 0x23, 0x00, 0x23, 0x00,
    0x23, 0x00, 0x23, 0x00, 0x23, 0x00, 0x23, 0x00, 0x23, 0x00, 0x23, 0x00, 0x23, 0x00, 0x23, 0x00,
    0x23, 0x00, 0x23, 0x00, 0x23, 0x00, 0x23, 0x00, 0x23, 0x00, 0x23, 0x00, 0x23, 0x00, 0x23, 0x00,
    0x23, 0x00, 0x23, 0x00, 0x23, 0x00, 0x23, 0x00, 0x23, 0x00, 0x23, 0x00, 0x23, 0x00, 0x23, 0x00,
    0x23, 0x00, 0x23, 0x00, 0x23, 0x00, 0x23, 0x00, 0x23, 0x00, 0x23, 0x00, 0x23, 0x00, 0x23, 0x00,
    0x23, 0x00, 0x23, 0x00, 0x23, 0x00, 0x23, 0x00, 0x23, 0x00, 0x23, 0x00, 0x23, 0x00, 0x23, 0x00,
    0x23, 0x00, 0x23, 0x00, 0x23, 0x00, 0x23, 0x00, 0x23, 0x00, 0x23, 0x00, 0x23, 0x00, 0x23, 0x00,
    0x23, 0x00, 0x23, 0x00, 0x23, 0x00, 0x23, 0x00, 0x23, 0x00, 0x23, 0x00, 0x23, 0x00, 0x23, 0x00,
    0x23, 0x00, 0x23, 0x00, 0x23, 0x00, 0x23, 0x00, 0x23, 0x00, 0x23, 0x00, 0x23, 0x00, 0x23, 0x00,
    0x23, 0x00, 0x23, 0x00, 0x23, 0x00, 0x23, 0x00, 0x23, 0x00, 0x23, 0x00, 0x23, 0x00, 0x23, 0x00,
    0x23, 0x00, 0x23, 0x00, 0x23, 0x00, 0x23, 0x00, 0x23, 0x00, 0x23, 0x00, 0x23, 0x00, 0x23, 0x00,
    0x23, 0x00, 0x23, 0x00, 0x23, 0x00, 0x23, 0x00, 0x23, 0x00, 0x23, 0x00, 0x23, 0x00, 0x23, 0x00,
    0x23, 0x00, 0x23, 0x00, 0x23, 0x00, 0x23, 0x00, 0x23, 0x00, 0x23, 0x00, 0x23, 0x00, 0x23, 0x00,
    0x23, 0x00, 0x23, 0x00, 0x23, 0x00, 0x23, 0x00, 0x23, 0x00, 0x23, 0x00, 0x23, 0x00, 0x23, 0x00,
    0x23, 0x00, 0x23, 0x00, 0x23, 0x00, 0x23, 0x00, 0x23, 0x00, 0x23, 0x00, 0x23, 0x00, 0x23, 0x00,
    0x23, 0x00, 0x23, 0x00, 0x23, 0x00, 0x23, 0x00, 0x23, 0x00, 0x23, 0x00, 0x23, 0x00, 0x23, 0x00,
    0x23, 0x00, 0x23, 0x00, 0x23, 0x00, 0x23, 0x00, 0x23, 0x00, 0x23, 0x00, 0x23, 0x00, 0x23, 0x00,
    0x23, 0x00, 0x23, 0x00, 0x23, 0x00, 0x23, 0x00, 0x23, 0x00, 0x23, 0x00, 0x23, 0x00, 0x57, 0x01,
    0x5a, 0x01, 0x46, 0x00, 0x23, 0x00, 0x23, 0x00, 0x57, 0x01, 0x57, 0x01, 0x8a, 0x00, 0x23, 0x00,
    0x23, 0x00, 0x57, 0x01, 0x57, 0x01, 0xef, 0x00, 0x23, 0x00, 0x23, 0x00, 0xef, 0x00, 0x57, 0x01,
    0xb5, 0x01, 0x23, 0x00, 0x23, 0x00, 0x23, 0x00, 0x23, 0x00, 0x23, 0x00, 0x23, 0x00, 0x23, 0x00,
    0x23, 0x00, 0x23, 0x00, 0x23, 0x00, 0x23, 0x00, 0x23, 0x00, 0x23, 0x00, 0x23, 0x00, 0xe8, 0x00,
    0xef, 0x00, 0x0c, 0x01, 0x00, 0x00, 0x00, 0x00, 0x00, 0x00, 0x00, 0x00, 0x00, 0x00, 0x00, 0x00,
    0x00, 0x00, 0x00, 0x00, 0x00, 0x00, 0x00, 0x00, 0x00, 0x00, 0x00, 0x00, 0xef, 0x00, 0x51, 0x01,
    0x46, 0x00, 0x23, 0x00, 0x23, 0x00, 0x23, 0x00, 0x00, 0x00, 0x23, 0x00, 0x23, 0x00, 0x23, 0x00,
    0x23, 0x00, 0x23, 0x00, 0x23, 0x00, 0x23, 0x00, 0x23, 0x00, 0x23, 0x00, 0x23, 0x00, 0xe8, 0x00,
    0xef, 0x00, 0x8a, 0x00, 0x23, 0x00, 0x23, 0x00, 0x46, 0x00, 0x0c, 0x01, 0x8a, 0x00, 0x23, 0x00,
    0x23, 0x00, 0xe8, 0x00, 0x0c, 0x01, 0xe8, 0x00, 0x23, 0x00, 0x23, 0x00, 0x46, 0x00, 0xef, 0x00,
    0x8a, 0x00, 0x23, 0x00, 0x23, 0x00, 0x23, 0x00, 0x23, 0x00, 0x23, 0x00, 0x23, 0x00, 0x23, 0x00,
    0x23, 0x00, 0x23, 0x00, 0x23, 0x00, 0x23, 0x00, 0x23, 0x00, 0x23, 0x00, 0x23, 0x00, 0x23, 0x00,
    0x23, 0x00, 0x23, 0x00, 0x23, 0x00, 0x23, 0x00, 0x23, 0x00, 0x23, 0x00, 0x23, 0x00, 0x23, 0x00,
    0x23, 0x00, 0x23, 0x00, 0x23, 0x00, 0x23, 0x00, 0x23, 0x00, 0x23, 0x00, 0x23, 0x00, 0x23, 0x00,
    0x23, 0x00, 0x23, 0x00, 0x23, 0x00, 0x23, 0x00, 0x23, 0x00, 0x23, 0x00, 0x23, 0x00, 0x23, 0x00,
    0x23, 0x00, 0x23, 0x00, 0x23, 0x00, 0x23, 0x00, 0x23, 0x00, 0x23, 0x00, 0x23, 0x00, 0x23, 0x00,
    0x23, 0x00, 0x23, 0x00, 0x23, 0x00, 0x23, 0x00, 0x23, 0x00, 0x23, 0x00, 0x23, 0x00, 0x23, 0x00,
    0x23, 0x00, 0x23, 0x00, 0x23, 0x00, 0x23, 0x00, 0x23, 0x00, 0x23, 0x00, 0x23, 0x00, 0x23, 0x00,
    0x23, 0x00, 0x23, 0x00, 0x23, 0x00, 0x23, 0x00, 0x23, 0x00, 0x23, 0x00, 0x23, 0x00, 0x23, 0x00,
    0x23, 0x00, 0x23, 0x00, 0x23, 0x00, 0x23, 0x00, 0x23, 0x00, 0x23, 0x00, 0x23, 0x00, 0x23, 0x00,
    0x23, 0x00, 0x23, 0x00, 0x23, 0x00, 0x23, 0x00, 0x23, 0x00, 0x23, 0x00, 0x23, 0x00, 0x23, 0x00,
    0x23, 0x00, 0x23, 0x00, 0x23, 0x00, 0x23, 0x00, 0x23, 0x00, 0x23, 0x00, 0x23, 0x00, 0x23, 0x00,
    0x23, 0x00, 0x23, 0x00, 0x23, 0x00, 0x23, 0x00, 0x23, 0x00, 0x23, 0x00, 0x23, 0x00, 0x23, 0x00,
    0x23, 0x00, 0x23, 0x00, 0x23, 0x00, 0x23, 0x00, 0x23, 0x00, 0x23, 0x00, 0x23, 0x00, 0x23, 0x00,
    0x23, 0x00, 0x23, 0x00, 0x23, 0x00, 0x23, 0x00, 0x23, 0x00, 0x23, 0x00, 0x23, 0x00, 0x23, 0x00,
    0x23, 0x00, 0x23, 0x00, 0x23, 0x00, 0x23, 0x00, 0x23, 0x00, 0x23, 0x00, 0x23, 0x00, 0x23, 0x00,
    0x23, 0x00, 0x23, 0x00, 0x23, 0x00, 0x23, 0x00, 0x23, 0x00, 0x23, 0x00, 0x23, 0x00, 0x23, 0x00,
    0x23, 0x00, 0x23, 0x00, 0x23, 0x00, 0x23, 0x00, 0x23, 0x00, 0x23, 0x00, 0x23, 0x00, 0x23, 0x00,
    0x23, 0x00, 0x23, 0x00, 0x23, 0x00, 0x23, 0x00, 0x23, 0x00, 0x23, 0x00, 0x23, 0x00, 0x23, 0x00,
    0x23, 0x00, 0x23, 0x00, 0x23, 0x00, 0x23, 0x00, 0x23, 0x00, 0x23, 0x00, 0x23, 0x00, 0x8a, 0x00,
    0xef, 0x00, 0x23, 0x00, 0x23, 0x00, 0x00, 0x00, 0x8a, 0x00, 0x0c, 0x01, 0x46, 0x00, 0x23, 0x00,
    0x23, 0x00, 0x0c, 0x01, 0xef, 0x00, 0x46, 0x00, 0x23, 0x00, 0x23, 0x00, 0x46, 0x00, 0xef, 0x00,
    0x8a, 0x00, 0x23, 0x00, 0x23, 0x00, 0x23, 0x00, 0x23, 0x00, 0x23, 0x00, 0x23, 0x00, 0x23, 0x00,
    0x23, 0x00, 0x23, 0x00, 0x23, 0x00, 0x23, 0x00, 0x23, 0x00, 0x23, 0x00, 0x23, 0x00, 0xe8, 0x00,
    0xef, 0x00, 0x0c, 0x01, 0x00, 0x00, 0x00, 0x00, 0x00, 0x00, 0x00, 0x00, 0x00, 0x00, 0x00, 0x00,
    0x00, 0x00, 0x00, 0x00, 0x00, 0x00, 0x00, 0x00, 0x00, 0x00, 0x00, 0x00, 0xef, 0x00, 0x51, 0x01,
    0x46, 0x00, 0x23, 0x00, 0x23, 0x00, 0x8a, 0x00, 0x8a, 0x00, 0x23, 0x00, 0x23, 0x00, 0x23, 0x00,
    0x23, 0x00, 0x23, 0x00, 0x23, 0x00, 0x23, 0x00, 0x23, 0x00, 0x23, 0x00, 0x23, 0x00, 0x23, 0x00,
    0x23, 0x00, 0x23, 0x00, 0x23, 0x00, 0x23, 0x00, 0x23, 0x00, 0x23, 0x00, 0x23, 0x00, 0x23, 0x00,
    0x23, 0x00, 0x23, 0x00, 0x23, 0x00, 0x23, 0x00, 0x23, 0x00, 0x23, 0x00, 0x23, 0x00, 0x23, 0x00,
    0x23, 0x00, 0x23, 0x00, 0x23, 0x00, 0x23, 0x00, 0x23, 0x00, 0x23, 0x00, 0x23, 0x00, 0x23, 0x00,
    0x23, 0x00, 0x23, 0x00, 0x23, 0x00, 0x23, 0x00, 0x23, 0x00, 0x23, 0x00, 0x23, 0x00, 0x23, 0x00,
    0x23, 0x00, 0x23, 0x00, 0x23, 0x00, 0x23, 0x00, 0x23, 0x00, 0x23, 0x00, 0x23, 0x00, 0x23, 0x00,
    0x23, 0x00, 0x23, 0x00, 0x23, 0x00, 0x23, 0x00, 0x23, 0x00, 0x23, 0x00, 0x23, 0x00, 0x23, 0x00,
    0x23, 0x00, 0x23, 0x00, 0x23, 0x00, 0x23, 0x00, 0x23, 0x00, 0x23, 0x00, 0x23, 0x00, 0x23, 0x00,
    0x23, 0x00, 0x23, 0x00, 0x23, 0x00, 0x23, 0x00, 0x23, 0x00, 0x23, 0x00, 0x23, 0x00, 0x23, 0x00,
    0x23, 0x00, 0x23, 0x00, 0x23, 0x00, 0x23, 0x00, 0x23, 0x00, 0x23, 0x00, 0x23, 0x00, 0x23, 0x00,
    0x23, 0x00, 0x23, 0x00, 0x23, 0x00, 0x23, 0x00, 0x23, 0x00, 0x23, 0x00, 0x23, 0x00, 0x23, 0x00,
    0x23, 0x00, 0x23, 0x00, 0x23, 0x00, 0x23, 0x00, 0x23, 0x00, 0x23, 0x00, 0x23, 0x00, 0x23, 0x00,
    0x23, 0x00, 0x23, 0x00, 0x23, 0x00, 0x23, 0x00, 0x23, 0x00, 0x23, 0x00, 0x23, 0x00, 0x23, 0x00,
    0x23, 0x00, 0x23, 0x00, 0x23, 0x00, 0x23, 0x00, 0x23, 0x00, 0x23, 0x00, 0x23, 0x00, 0x23, 0x00,
    0x23, 0x00, 0x23, 0x00, 0x23, 0x00, 0x23, 0x00, 0x23, 0x00, 0x23, 0x00, 0x23, 0x00, 0x23, 0x00,
    0x23, 0x00, 0x23, 0x00, 0x23, 0x00, 0x23, 0x00, 0x23, 0x00, 0x23, 0x00, 0x23, 0x00, 0x23, 0x00,
    0x23, 0x00, 0x23, 0x00, 0x23, 0x00, 0x23, 0x00, 0x23, 0x00, 0x23, 0x00, 0x23, 0x00, 0x23, 0x00,
    0x23, 0x00, 0x23, 0x00, 0x23, 0x00, 0x23, 0x00, 0x23, 0x00, 0x23, 0x00, 0x23, 0x00, 0x23, 0x00,
    0x23, 0x00, 0x23, 0x00, 0x23, 0x00, 0x23, 0x00, 0x23, 0x00, 0x23, 0x00, 0x23, 0x00, 0x23, 0x00,
    0x23, 0x00, 0x23, 0x00, 0x23, 0x00, 0x23, 0x00, 0x23, 0x00, 0x23, 0x00, 0x23, 0x00, 0x23, 0x00,
    0x23, 0x00, 0x23, 0x00, 0x23, 0x00, 0x23, 0x00, 0x23, 0x00, 0x23, 0x00, 0x23, 0x00, 0x23, 0x00,
    0x23, 0x00, 0x23, 0x00, 0x23, 0x00, 0x23, 0x00, 0x23, 0x00, 0x23, 0x00, 0x23, 0x00, 0x23, 0x00,
    0x23, 0x00, 0x23, 0x00, 0x23, 0x00, 0x23, 0x00, 0x23, 0x00, 0x23, 0x00, 0x23, 0x00, 0x23, 0x00,
    0x23, 0x00, 0x23, 0x00, 0x23, 0x00, 0x23, 0x00, 0x23, 0x00, 0x23, 0x00, 0x23, 0x00, 0x23, 0x00,
    0x23, 0x00, 0x23, 0x00, 0x23, 0x00, 0x23, 0x00, 0x23, 0x00, 0x23, 0x00, 0x23, 0x00, 0x23, 0x00,
    0x23, 0x00, 0x23, 0x00, 0x23, 0x00, 0x23, 0x00, 0x23, 0x00, 0x23, 0x00, 0x23, 0x00, 0x23, 0x00,
    0x23, 0x00, 0x23, 0x00, 0x46, 0x00, 0x8a, 0x00, 0x46, 0x00, 0x23, 0x00, 0x23, 0x00, 0xe8, 0x00,
    0xef, 0x00, 0x0c, 0x01, 0x00, 0x00, 0x00, 0x00, 0x00, 0x00, 0x00, 0x00, 0x00, 0x00, 0x00, 0x00,
    0x00, 0x00, 0x00, 0x00, 0x00, 0x00, 0x00, 0x00, 0x00, 0x00, 0x00, 0x00, 0x51, 0x01, 0x51, 0x01,
    0x46, 0x00, 0x23, 0x00, 0x23, 0x00, 0xb5, 0x01, 0xb5, 0x01, 0x8a, 0x00, 0x23, 0x00, 0x23, 0x00,
    0x23, 0x00, 0x23, 0x00, 0x23, 0x00, 0x23, 0x00, 0x23, 0x00, 0x23, 0x00, 0x23, 0x00, 0x23, 0x00,
    0x23, 0x00, 0x23, 0x00, 0x23, 0x00, 0x23, 0x00, 0x23, 0x00, 0x23, 0x00, 0x23, 0x00, 0x23, 0x00,
    0x23, 0x00, 0x23, 0x00, 0x23, 0x00, 0x23, 0x00, 0x23, 0x00, 0x23, 0x00, 0x23, 0x00, 0x23, 0x00,
    0x23, 0x00, 0x23, 0x00, 0x23, 0x00, 0x23, 0x00, 0x23, 0x00, 0x23, 0x00, 0x23, 0x00, 0x23, 0x00,
    0x23, 0x00, 0x23, 0x00, 0x23, 0x00, 0x23, 0x00, 0x23, 0x00, 0x23, 0x00, 0x23, 0x00, 0x23, 0x00,
    0x23, 0x00, 0x23, 0x00, 0x23, 0x00, 0x23, 0x00, 0x23, 0x00, 0x23, 0x00, 0x23, 0x00, 0x23, 0x00,
    0x23, 0x00, 0x23, 0x00, 0x23, 0x00, 0x23, 0x00, 0x23, 0x00, 0x23, 0x00, 0x23, 0x00, 0x23, 0x00,
    0x23, 0x00, 0x23, 0x00, 0x23, 0x00, 0x23, 0x00, 0x23, 0x00, 0x23, 0x00, 0x23, 0x00, 0x23, 0x00,
    0x23, 0x00, 0x23, 0x00, 0x23, 0x00, 0x23, 0x00, 0x23, 0x00, 0x23, 0x00, 0x23, 0x00, 0x23, 0x00,
    0x23, 0x00, 0x23, 0x00, 0x23, 0x00, 0x23, 0x00, 0x23, 0x00, 0x23, 0x00, 0x23, 0x00, 0x23, 0x00,
    0x23, 0x00, 0x23, 0x00, 0x23, 0x00, 0x23, 0x00, 0x23, 0x00, 0x23, 0x00, 0x23, 0x00, 0x23, 0x00,
    0x23, 0x00, 0x23, 0x00, 0x23, 0x00, 0x23, 0x00, 0x23, 0x00, 0x23, 0x00, 0x23, 0x00, 0x23, 0x00,
    0x23, 0x00, 0x23, 0x00, 0x23, 0x00, 0x23, 0x00, 0x23, 0x00, 0x23, 0x00, 0x23, 0x00, 0x23, 0x00,
    0x23, 0x00, 0x23, 0x00, 0x23, 0x00, 0x23, 0x00, 0x23, 0x00, 0x23, 0x00, 0x23, 0x00, 0x23, 0x00,
    0x23, 0x00, 0x23, 0x00, 0x23, 0x00, 0x23, 0x00, 0x23, 0x00, 0x23, 0x00, 0x23, 0x00, 0x23, 0x00,
    0x23, 0x00, 0x23, 0x00, 0x23, 0x00, 0x23, 0x00, 0x23, 0x00, 0x23, 0x00, 0x23, 0x00, 0x23, 0x00,
    0x23, 0x00, 0x23, 0x00, 0x23, 0x00, 0x23, 0x00, 0x23, 0x00, 0x23, 0x00, 0x23, 0x00, 0x23, 0x00,
    0x23, 0x00, 0x23, 0x00, 0x23, 0x00, 0x23, 0x00, 0x23, 0x00, 0x23, 0x00, 0x23, 0x00, 0x23, 0x00,
    0x23, 0x00, 0x23, 0x00, 0x23, 0x00, 0x23, 0x00, 0x23, 0x00, 0x23, 0x00, 0x23, 0x00, 0x23, 0x00,
    0x23, 0x00, 0x23, 0x00, 0x23, 0x00, 0x23, 0x00, 0x23, 0x00, 0x23, 0x00, 0x23, 0x00, 0x23, 0x00,
    0x23, 0x00, 0x23, 0x00, 0x23, 0x00, 0x23, 0x00, 0x23, 0x00, 0x23, 0x00, 0x23, 0x00, 0x23, 0x00,
    0x23, 0x00, 0x23, 0x00, 0x23, 0x00, 0x23, 0x00, 0x23, 0x00, 0x23, 0x00, 0x23, 0x00, 0x23, 0x00,
    0x23, 0x00, 0x23, 0x00, 0x23, 0x00, 0x23, 0x00, 0x23, 0x00, 0x23, 0x00, 0x23, 0x00, 0x23, 0x00,
    0x23, 0x00, 0x23, 0x00, 0x23, 0x00, 0x23, 0x00, 0x23, 0x00, 0x23, 0x00, 0x23, 0x00, 0x23, 0x00,
    0x23, 0x00, 0x23, 0x00, 0x23, 0x00, 0x23, 0x00, 0x23, 0x00, 0x23, 0x00, 0x23, 0x00, 0x23, 0x00,
    0x23, 0x00, 0x23, 0x00, 0x23, 0x00, 0x23, 0x00, 0x23, 0x00, 0x23, 0x00, 0x23, 0x00, 0x23, 0x00,
    0x23, 0x00, 0x23, 0x00, 0xef, 0x00, 0x51, 0x01, 0xef, 0x00, 0x23, 0x00, 0x23, 0x00, 0xe8, 0x00,
    0xef, 0x00, 0x0c, 0x01, 0x00, 0x00, 0x00, 0x00, 0x00, 0x00, 0x00, 0x00, 0x00, 0x00, 0x00, 0x00,
    0x00, 0x00, 0x00, 0x00, 0x00, 0x00, 0x00, 0x00, 0x00, 0x00, 0x00, 0x00, 0xef, 0x00, 0x51, 0x01,
    0x46, 0x00, 0x23, 0x00, 0x00, 0x00, 0x57, 0x01, 0x5a, 0x01, 0xef, 0x00, 0xe8, 0x00, 0x46, 0x00,
    0x23, 0x00, 0x23, 0x00, 0x23, 0x00, 0x23, 0x00, 0x23, 0x00, 0x23, 0x00, 0x23, 0x00, 0x23, 0x00,
    0x23, 0x00, 0x23, 0x00, 0x23, 0x00, 0x23, 0x00, 0x23, 0x00, 0x23, 0x00, 0x23, 0x00, 0x23, 0x00,
    0x23, 0x00, 0x23, 0x00, 0x23, 0x00, 0x23, 0x00, 0x23, 0x00, 0x23, 0x00, 0x23, 0x00, 0x23, 0x00,
    0x23, 0x00, 0x23, 0x00, 0x23, 0x00, 0x23, 0x00, 0x23, 0x00, 0x23, 0x00, 0x23, 0x00, 0x23, 0x00,
    0x23, 0x00, 0x23, 0x00, 0x23, 0x00, 0x23, 0x00, 0x23, 0x00, 0x23, 0x00, 0x23, 0x00, 0x23, 0x00,
    0x23, 0x00, 0x23, 0x00, 0x23, 0x00, 0x23, 0x00, 0x23, 0x00, 0x23, 0x00, 0x23, 0x00, 0x23, 0x00,
    0x23, 0x00, 0x23, 0x00, 0x23, 0x00, 0x23, 0x00, 0x23, 0x00, 0x23, 0x00, 0x23, 0x00, 0x23, 0x00,
    0x23, 0x00, 0x23, 0x00, 0x23, 0x00, 0x23, 0x00, 0x23, 0x00, 0x23, 0x00, 0x23, 0x00, 0x23, 0x00,
    0x23, 0x00, 0x23, 0x00, 0x23, 0x00, 0x23, 0x00, 0x23, 0x00, 0x23, 0x00, 0x23, 0x00, 0x23, 0x00,
    0x23, 0x00, 0x23, 0x00, 0x23, 0x00, 0x23, 0x00, 0x23, 0x00, 0x23, 0x00, 0x23, 0x00, 0x23, 0x00,
    0x23, 0x00, 0x23, 0x00, 0x23, 0x00, 0x23, 0x00, 0x23, 0x00, 0x23, 0x00, 0x23, 0x00, 0x23, 0x00,
    0x23, 0x00, 0x23, 0x00, 0x23, 0x00, 0x23, 0x00, 0x23, 0x00, 0x23, 0x00, 0x23, 0x00, 0x23, 0x00,
    0x23, 0x00, 0x23, 0x00, 0x23, 0x00, 0x23, 0x00, 0x23, 0x00, 0x23, 0x00, 0x23, 0x00, 0x23, 0x00,
    0x23, 0x00, 0x23, 0x00, 0x23, 0x00, 0x23, 0x00, 0x23, 0x00, 0x23, 0x00, 0x23, 0x00, 0x23, 0x00,
    0x23, 0x00, 0x23, 0x00, 0x23, 0x00, 0x23, 0x00, 0x23, 0x00, 0x23, 0x00, 0x23, 0x00, 0x23, 0x00,
    0x23, 0x00, 0x23, 0x00, 0x23, 0x00, 0x23, 0x00, 0x23, 0x00, 0x23, 0x00, 0x23, 0x00, 0x23, 0x00,
    0x23, 0x00, 0x23, 0x00, 0x23, 0x00, 0x23, 0x00, 0x23, 0x00, 0x23, 0x00, 0x23, 0x00, 0x23, 0x00,
    0x23, 0x00, 0x23, 0x00, 0x23, 0x00, 0x23, 0x00, 0x23, 0x00, 0x23, 0x00, 0x23, 0x00, 0x23, 0x00,
    0x23, 0x00, 0x23, 0x00, 0x23, 0x00, 0x23, 0x00, 0x23, 0x00, 0x23, 0x00, 0x23, 0x00, 0x23, 0x00,
    0x23, 0x00, 0x23, 0x00, 0x23, 0x00, 0x23, 0x00, 0x23, 0x00, 0x23, 0x00, 0x23, 0x00, 0x23, 0x00,
    0x23, 0x00, 0x23, 0x00, 0x23, 0x00, 0x23, 0x00, 0x23, 0x00, 0x23, 0x00, 0x23, 0x00, 0x23, 0x00,
    0x23, 0x00, 0x23, 0x00, 0x23, 0x00, 0x23, 0x00, 0x23, 0x00, 0x23, 0x00, 0x23, 0x00, 0x23, 0x00,
    0x23, 0x00, 0x23, 0x00, 0x23, 0x00, 0x23, 0x00, 0x23, 0x00, 0x23, 0x00, 0x23, 0x00, 0x23, 0x00,
    0x23, 0x00, 0x23, 0x00, 0x23, 0x00, 0x23, 0x00, 0x23, 0x00, 0x23, 0x00, 0x23, 0x00, 0x23, 0x00,
    0x23, 0x00, 0x23, 0x00, 0x23, 0x00, 0x23, 0x00, 0x23, 0x00, 0x23, 0x00, 0x23, 0x00, 0x23, 0x00,
    0x23, 0x00, 0x23, 0x00, 0x23, 0x00, 0x23, 0x00, 0x23, 0x00, 0x23, 0x00, 0x23, 0x00, 0x23, 0x00,
    0x46, 0x00, 0x46, 0x00, 0x33, 0x01, 0x33, 0x01, 0xef, 0x00, 0x23, 0x00, 0x23, 0x00, 0x46, 0x00,
    0x51, 0x01, 0x0c, 0x01, 0x00, 0x00, 0x00, 0x00, 0x00, 0x00, 0x00, 0x00, 0x00, 0x00, 0x00, 0x00,
    0x00, 0x00, 0x00, 0x00, 0x00, 0x00, 0x00, 0x00, 0x00, 0x00, 0x00, 0x00, 0xef, 0x00, 0x51, 0x01,
    0x46, 0x00, 0x23, 0x00, 0x00, 0x00, 0x8a, 0x00, 0x51, 0x01, 0x19, 0x02, 0xb5, 0x01, 0x33, 0x01,
    0x23, 0x00, 0x23, 0x00, 0x23, 0x00, 0x23, 0x00, 0x23, 0x00, 0x23, 0x00, 0x23, 0x00, 0x23, 0x00,
    0x23, 0x00, 0x23, 0x00, 0x23, 0x00, 0x23, 0x00, 0x23, 0x00, 0x23, 0x00, 0x23, 0x00, 0x23, 0x00,
    0x23, 0x00, 0x23, 0x00, 0x23, 0x00, 0x23, 0x00, 0x23, 0x00, 0x23, 0x00, 0x23, 0x00, 0x23, 0x00,
    0x23, 0x00, 0x23, 0x00, 0x23, 0x00, 0x23, 0x00, 0x23, 0x00, 0x23, 0x00, 0x23, 0x00, 0x23, 0x00,
    0x23, 0x00, 0x23, 0x00, 0x23, 0x00, 0x23, 0x00, 0x23, 0x00, 0x23, 0x00, 0x23, 0x00, 0x23, 0x00,
    0x23, 0x00, 0x23, 0x00, 0x23, 0x00, 0x23, 0x00, 0x23, 0x00, 0x23, 0x00, 0x23, 0x00, 0x23, 0x00,
    0x23, 0x00, 0x23, 0x00, 0x23, 0x00, 0x23, 0x00, 0x23, 0x00, 0x23, 0x00, 0x23, 0x00, 0x23, 0x00,
    0x23, 0x00, 0x23, 0x00, 0x23, 0x00, 0x23, 0x00, 0x23, 0x00, 0x23, 0x00, 0x23, 0x00, 0x23, 0x00,
    0x23, 0x00, 0x23, 0x00, 0x23, 0x00, 0x23, 0x00, 0x23, 0x00, 0x23, 0x00, 0x23, 0x00, 0x23, 0x00,
    0x23, 0x00, 0x23, 0x00, 0x23, 0x00, 0x23, 0x00, 0x23, 0x00, 0x23, 0x00, 0x23, 0x00, 0x23, 0x00,
    0x23, 0x00, 0x23, 0x00, 0x23, 0x00, 0x23, 0x00, 0x23, 0x00, 0x23, 0x00, 0x23, 0x00, 0x23, 0x00,
    0x23, 0x00, 0x23, 0x00, 0x23, 0x00, 0x23, 0x00, 0x23, 0x00, 0x23, 0x00, 0x23, 0x00, 0x23, 0x00,
    0x23, 0x00, 0x23, 0x00, 0x23, 0x00, 0x23, 0x00, 0x23, 0x00, 0x23, 0x00, 0x23, 0x00, 0x23, 0x00,
    0x23, 0x00, 0x23, 0x00, 0x23, 0x00, 0x23, 0x00, 0x23, 0x00, 0x23, 0x00, 0x23, 0x00, 0x23, 0x00,
    0x23, 0x00, 0x23, 0x00, 0x23, 0x00, 0x23, 0x00, 0x23, 0x00, 0x23, 0x00, 0x23, 0x00, 0x23, 0x00,
    0x23, 0x00, 0x23, 0x00, 0x23, 0x00, 0x23, 0x00, 0x23, 0x00, 0x23, 0x00, 0x23, 0x00, 0x23, 0x00,
    0x23, 0x00, 0x23, 0x00, 0x23, 0x00, 0x23, 0x00, 0x23, 0x00, 0x23, 0x00, 0x23, 0x00, 0x23, 0x00,
    0x23, 0x00, 0x23, 0x00, 0x23, 0x00, 0x23, 0x00, 0x23, 0x00, 0x23, 0x00, 0x23, 0x00, 0x23, 0x00,
    0x23, 0x00, 0x23, 0x00, 0x23, 0x00, 0x23, 0x00, 0x23, 0x00, 0x23, 0x00, 0x23, 0x00, 0x23, 0x00,
    0x23, 0x00, 0x23, 0x00, 0x23, 0x00, 0x23, 0x00, 0x23, 0x00, 0x23, 0x00, 0x23, 0x00, 0x23, 0x00,
    0x23, 0x00, 0x23, 0x00, 0x23, 0x00, 0x23, 0x00, 0x23, 0x00, 0x23, 0x00, 0x23, 0x00, 0x23, 0x00,
    0x23, 0x00, 0x23, 0x00, 0x23, 0x00, 0x23, 0x00, 0x23, 0x00, 0x23, 0x00, 0x23, 0x00, 0x23, 0x00,
    0x23, 0x00, 0x23, 0x00, 0x23, 0x00, 0x23, 0x00, 0x23, 0x00, 0x23, 0x00, 0x23, 0x00, 0x23, 0x00,
    0x23, 0x00, 0x23, 0x00, 0x23, 0x00, 0x23, 0x00, 0x23, 0x00, 0x23, 0x00, 0x23, 0x00, 0x23, 0x00,
    0x23, 0x00, 0x23, 0x00, 0x23, 0x00, 0x23, 0x00, 0x23, 0x00, 0x23, 0x00, 0x23, 0x00, 0x23, 0x00,
    0x23, 0x00, 0x23, 0x00, 0x23, 0x00, 0x23, 0x00, 0x23, 0x00, 0x23, 0x00, 0x23, 0x00, 0x23, 0x00,
    0x33, 0x01, 0x51, 0x01, 0xb5, 0x01, 0x0c, 0x01, 0x46, 0x00, 0x23, 0x00, 0x23, 0x00, 0x46, 0x00,
    0xef, 0x00, 0x0c, 0x01, 0x00, 0x00, 0x00, 0x00, 0x00, 0x00, 0x00, 0x00, 0x00, 0x00, 0x00, 0x00,
    0x00, 0x00, 0x00, 0x00, 0x00, 0x00, 0x00, 0x00, 0x00, 0x00, 0x00, 0x00, 0xef, 0x00, 0xef, 0x00,
    0xef, 0x00, 0x46, 0x00, 0x23, 0x00, 0x23, 0x00, 0x46, 0x00, 0xb5, 0x01, 0x51, 0x01, 0x51, 0x01,
    0x23, 0x00, 0x23, 0x00, 0x23, 0x00, 0x23, 0x00, 0x23, 0x00, 0x23, 0x00, 0x23, 0x00, 0x23, 0x00,
    0x23, 0x00, 0x23, 0x00, 0x23, 0x00, 0x23, 0x00, 0x23, 0x00, 0x23, 0x00, 0x23, 0x00, 0x23, 0x00,
    0x23, 0x00, 0x23, 0x00, 0x23, 0x00, 0x23, 0x00, 0x23, 0x00, 0x23, 0x00, 0x23, 0x00, 0x23, 0x00,
    0x23, 0x00, 0x23, 0x00, 0x23, 0x00, 0x23, 0x00, 0x23, 0x00, 0x23, 0x00, 0x23, 0x00, 0x23, 0x00,
    0x23, 0x00, 0x23, 0x00, 0x23, 0x00, 0x23, 0x00, 0x23, 0x00, 0x23, 0x00, 0x23, 0x00, 0x23, 0x00,
    0x23, 0x00, 0x23, 0x00, 0x23, 0x00, 0x23, 0x00, 0x23, 0x00, 0x23, 0x00, 0x23, 0x00, 0x23, 0x00,
    0x23, 0x00, 0x23, 0x00, 0x23, 0x00, 0x23, 0x00, 0x23, 0x00, 0x23, 0x00, 0x23, 0x00, 0x23, 0x00,
    0x23, 0x00, 0x23, 0x00, 0x23, 0x00, 0x23, 0x00, 0x23, 0x00, 0x23, 0x00, 0x23, 0x00, 0x23, 0x00,
    0x23, 0x00, 0x23, 0x00, 0x23, 0x00, 0x23, 0x00, 0x23, 0x00, 0x23, 0x00, 0x23, 0x00, 0x23, 0x00,
    0x23, 0x00, 0x23, 0x00, 0x23, 0x00, 0x23, 0x00, 0x23, 0x00, 0x23, 0x00, 0x23, 0x00, 0x23, 0x00,
    0x23, 0x00, 0x23, 0x00, 0x23, 0x00, 0x23, 0x00, 0x23, 0x00, 0x23, 0x00, 0x23, 0x00, 0x23, 0x00,
    0x23, 0x00, 0x23, 0x00, 0x23, 0x00, 0x23, 0x00, 0x23, 0x00, 0x23, 0x00, 0x23, 0x00, 0x23, 0x00,
    0x23, 0x00, 0x23, 0x00, 0x23, 0x00, 0x23, 0x00, 0x23, 0x00, 0x23, 0x00, 0x23, 0x00, 0x23, 0x00,
    0x23, 0x00, 0x23, 0x00, 0x23, 0x00, 0x23, 0x00, 0x23, 0x00, 0x23, 0x00, 0x23, 0x00, 0x23, 0x00,
    0x23, 0x00, 0x23, 0x00, 0x23, 0x00, 0x23, 0x00, 0x23, 0x00, 0x23, 0x00, 0x23, 0x00, 0x23, 0x00,
    0x23, 0x00, 0x23, 0x00, 0x23, 0x00, 0x23, 0x00, 0x23, 0x00, 0x23, 0x00, 0x23, 0x00, 0x23, 0x00,
    0x23, 0x00, 0x23, 0x00, 0x23, 0x00, 0x23, 0x00, 0x23, 0x00, 0x23, 0x00, 0x23, 0x00, 0x23, 0x00,
    0x23, 0x00, 0x23, 0x00, 0x23, 0x00, 0x23, 0x00, 0x23, 0x00, 0x23, 0x00, 0x23, 0x00, 0x23, 0x00,
    0x23, 0x00, 0x23, 0x00, 0x23, 0x00, 0x23, 0x00, 0x23, 0x00, 0x23, 0x00, 0x23, 0x00, 0x23, 0x00,
    0x23, 0x00, 0x23, 0x00, 0x23, 0x00, 0x23, 0x00, 0x23, 0x00, 0x23, 0x00, 0x23, 0x00, 0x23, 0x00,
    0x23, 0x00, 0x23, 0x00, 0x23, 0x00, 0x23, 0x00, 0x23, 0x00, 0x23, 0x00, 0x23, 0x00, 0x23, 0x00,
    0x23, 0x00, 0x23, 0x00, 0x23, 0x00, 0x23, 0x00, 0x23, 0x00, 0x23, 0x00, 0x23, 0x00, 0x23, 0x00,
    0x23, 0x00, 0x23, 0x00, 0x23, 0x00, 0x23, 0x00, 0x23, 0x00, 0x23, 0x00, 0x23, 0x00, 0x23, 0x00,
    0x23, 0x00, 0x23, 0x00, 0x23, 0x00, 0x23, 0x00, 0x23, 0x00, 0x23, 0x00, 0x23, 0x00, 0x23, 0x00,
    0x23, 0x00, 0x23, 0x00, 0x23, 0x00, 0x23, 0x00, 0x23, 0x00, 0x23, 0x00, 0x23, 0x00, 0x23, 0x00,
    0x23, 0x00, 0x23, 0x00, 0x23, 0x00, 0x23, 0x00, 0x23, 0x00, 0x23, 0x00, 0x23, 0x00, 0x23, 0x00,
    0x51, 0x01, 0xef, 0x00, 0x33, 0x01, 0x46, 0x00, 0x23, 0x00, 0x00, 0x00, 0x8a, 0x00, 0xef, 0x00,
    0xef, 0x00, 0x0c, 0x01, 0x00, 0x00, 0x00, 0x00, 0x00, 0x00, 0x00, 0x00, 0x00, 0x00, 0x00, 0x00,
    0x00, 0x00, 0x00, 0x00, 0x00, 0x00, 0x00, 0x00, 0x00, 0x00, 0x00, 0x00, 0x00, 0x00, 0x00, 0x00,
    0x51, 0x01, 0xef, 0x00, 0xef, 0x00, 0xe8, 0x00, 0x23, 0x00, 0x23, 0x00, 0x23, 0x00, 0x23, 0x00,
    0x23, 0x00, 0x23, 0x00, 0x23, 0x00, 0x23, 0x00, 0x23, 0x00, 0x23, 0x00, 0x23, 0x00, 0x23, 0x00,
    0x23, 0x00, 0x23, 0x00, 0x23, 0x00, 0x23, 0x00, 0x23, 0x00, 0x23, 0x00, 0x23, 0x00, 0x23, 0x00,
    0x23, 0x00, 0x23, 0x00, 0x23, 0x00, 0x23, 0x00, 0x23, 0x00, 0x23, 0x00, 0x23, 0x00, 0x23, 0x00,
    0x23, 0x00, 0x23, 0x00, 0x23, 0x00, 0x23, 0x00, 0x23, 0x00, 0x23, 0x00, 0x23, 0x00, 0x23, 0x00,
    0x23, 0x00, 0x23, 0x00, 0x23, 0x00, 0x23, 0x00, 0x23, 0x00, 0x23, 0x00, 0x23, 0x00, 0x23, 0x00,
    0x23, 0x00, 0x23, 0x00, 0x23, 0x00, 0x23, 0x00, 0x23, 0x00, 0x23, 0x00, 0x23, 0x00, 0x23, 0x00,
    0x23, 0x00, 0x23, 0x00, 0x23, 0x00, 0x23, 0x00, 0x23, 0x00, 0x23, 0x00, 0x23, 0x00, 0x23, 0x00,
    0x23, 0x00, 0x23, 0x00, 0x23, 0x00, 0x23, 0x00, 0x23, 0x00, 0x23, 0x00, 0x23, 0x00, 0x23, 0x00,
    0x23, 0x00, 0x23, 0x00, 0x23, 0x00, 0x23, 0x00, 0x23, 0x00, 0x23, 0x00, 0x23, 0x00, 0x23, 0x00,
    0x23, 0x00, 0x23, 0x00, 0x23, 0x00, 0x23, 0x00, 0x23, 0x00, 0x23, 0x00, 0x23, 0x00, 0x23, 0x00,
    0x23, 0x00, 0x23, 0x00, 0x23, 0x00, 0x23, 0x00, 0x23, 0x00, 0x23, 0x00, 0x23, 0x00, 0x23, 0x00,
    0x23, 0x00, 0x23, 0x00, 0x23, 0x00, 0x23, 0x00, 0x23, 0x00, 0x23, 0x00, 0x23, 0x00, 0x23, 0x00,
    0x23, 0x00, 0x23, 0x00, 0x23, 0x00, 0x23, 0x00, 0x23, 0x00, 0x23, 0x00, 0x23, 0x00, 0x23, 0x00,
    0x23, 0x00, 0x23, 0x00, 0x23, 0x00, 0x23, 0x00, 0x23, 0x00, 0x23, 0x00, 0x23, 0x00, 0x23, 0x00,
    0x23, 0x00, 0x23, 0x00, 0x23, 0x00, 0x23, 0x00, 0x23, 0x00, 0x23, 0x00, 0x23, 0x00, 0x23, 0x00,
    0x23, 0x00, 0x23, 0x00, 0x23, 0x00, 0x23, 0x00, 0x23, 0x00, 0x23, 0x00, 0x23, 0x00, 0x23, 0x00,
    0x23, 0x00, 0x23, 0x00, 0x23, 0x00, 0x23, 0x00, 0x23, 0x00, 0x23, 0x00, 0x23, 0x00, 0x23, 0x00,
    0x23, 0x00, 0x23, 0x00, 0x23, 0x00, 0x23, 0x00, 0x23, 0x00, 0x23, 0x00, 0x23, 0x00, 0x23, 0x00,
    0x23, 0x00, 0x23, 0x00, 0x23, 0x00, 0x23, 0x00, 0x23, 0x00, 0x23, 0x00, 0x23, 0x00, 0x23, 0x00,
    0x23, 0x00, 0x23, 0x00, 0x23, 0x00, 0x23, 0x00, 0x23, 0x00, 0x23, 0x00, 0x23, 0x00, 0x23, 0x00,
    0x23, 0x00, 0x23, 0x00, 0x23, 0x00, 0x23, 0x00, 0x23, 0x00, 0x23, 0x00, 0x23, 0x00, 0x23, 0x00,
    0x23, 0x00, 0x23, 0x00, 0x23, 0x00, 0x23, 0x00, 0x23, 0x00, 0x23, 0x00, 0x23, 0x00, 0x23, 0x00,
    0x23, 0x00, 0x23, 0x00, 0x23, 0x00, 0x23, 0x00, 0x23, 0x00, 0x23, 0x00, 0x23, 0x00, 0x23, 0x00,
    0x23, 0x00, 0x23, 0x00, 0x23, 0x00, 0x23, 0x00, 0x23, 0x00, 0x23, 0x00, 0x23, 0x00, 0x23, 0x00,
    0x23, 0x00, 0x23, 0x00, 0x23, 0x00, 0x23, 0x00, 0x23, 0x00, 0x23, 0x00, 0x23, 0x00, 0x23, 0x00,
    0x23, 0x00, 0x23, 0x00, 0x23, 0x00, 0x23, 0x00, 0x23, 0x00, 0x23, 0x00, 0x23, 0x00, 0x23, 0x00,
    0x23, 0x00, 0x23, 0x00, 0x23, 0x00, 0x23, 0x00, 0x46, 0x00, 0x0c, 0x01, 0x0c, 0x01, 0xef, 0x00,
    0x00, 0x00, 0x00, 0x00, 0x00, 0x00, 0x00, 0x00, 0x00, 0x00, 0x00, 0x00, 0x00, 0x00, 0x00, 0x00,
    0x00, 0x00, 0x00, 0x00, 0x00, 0x00, 0x00, 0x00, 0x00, 0x00, 0x00, 0x00, 0x00, 0x00, 0x00, 0x00,
    0x51, 0x01, 0x51, 0x01, 0x51, 0x01, 0x8a, 0x00, 0x23, 0x00, 0x23, 0x00, 0x23, 0x00, 0x23, 0x00,
    0x23, 0x00, 0x23, 0x00, 0x23, 0x00, 0x23, 0x00, 0x23, 0x00, 0x23, 0x00, 0x23, 0x00, 0x23, 0x00,
    0x23, 0x00, 0x23, 0x00, 0x23, 0x00, 0x23, 0x00, 0x23, 0x00, 0x23, 0x00, 0x23, 0x00, 0x23, 0x00,
    0x23, 0x00, 0x23, 0x00, 0x23, 0x00, 0x23, 0x00, 0x23, 0x00, 0x23, 0x00, 0x23, 0x00, 0x23, 0x00,
    0x23, 0x00, 0x23, 0x00, 0x23, 0x00, 0x23, 0x00, 0x23, 0x00, 0x23, 0x00, 0x23, 0x00, 0x23, 0x00,
    0x23, 0x00, 0x23, 0x00, 0x23, 0x00, 0x23, 0x00, 0x23, 0x00, 0x23, 0x00, 0x23, 0x00, 0x23, 0x00,
    0x23, 0x00, 0x23, 0x00, 0x23, 0x00, 0x23, 0x00, 0x23, 0x00, 0x23, 0x00, 0x23, 0x00, 0x23, 0x00,
    0x23, 0x00, 0x23, 0x00, 0x23, 0x00, 0x23, 0x00, 0x23, 0x00, 0x23, 0x00, 0x23, 0x00, 0x23, 0x00,
    0x23, 0x00, 0x23, 0x00, 0x23, 0x00, 0x23, 0x00, 0x23, 0x00, 0x23, 0x00, 0x23, 0x00, 0x23, 0x00,
    0x23, 0x00, 0x23, 0x00, 0x23, 0x00, 0x23, 0x00, 0x23, 0x00, 0x23, 0x00, 0x23, 0x00, 0x23, 0x00,
    0x23, 0x00, 0x23, 0x00, 0x23, 0x00, 0x23, 0x00, 0x23, 0x00, 0x23, 0x00, 0x23, 0x00, 0x23, 0x00,
    0x23, 0x00, 0x23, 0x00, 0x23, 0x00, 0x23, 0x00, 0x23, 0x00, 0x23, 0x00, 0x23, 0x00, 0x23, 0x00,
    0x23, 0x00, 0x23, 0x00, 0x23, 0x00, 0x23, 0x00, 0x23, 0x00, 0x23, 0x00, 0x23, 0x00, 0x23, 0x00,
    0x23, 0x00, 0x23, 0x00, 0x23, 0x00, 0x23, 0x00, 0x23, 0x00, 0x23, 0x00, 0x23, 0x00, 0x23, 0x00,
    0x23, 0x00, 0x23, 0x00, 0x23, 0x00, 0x23, 0x00, 0x23, 0x00, 0x23, 0x00, 0x23, 0x00, 0x23, 0x00,
    0x23, 0x00, 0x23, 0x00, 0x23, 0x00, 0x23, 0x00, 0x23, 0x00, 0x23, 0x00, 0x23, 0x00, 0x23, 0x00,
    0x23, 0x00, 0x23, 0x00, 0x23, 0x00, 0x23, 0x00, 0x23, 0x00, 0x23, 0x00, 0x23, 0x00, 0x23, 0x00,
    0x23, 0x00, 0x23, 0x00, 0x23, 0x00, 0x23, 0x00, 0x23, 0x00, 0x23, 0x00, 0x23, 0x00, 0x23, 0x00,
    0x23, 0x00, 0x23, 0x00, 0x23, 0x00, 0x23, 0x00, 0x23, 0x00, 0x23, 0x00, 0x23, 0x00, 0x23, 0x00,
    0x23, 0x00, 0x23, 0x00, 0x23, 0x00, 0x23, 0x00, 0x23, 0x00, 0x23, 0x00, 0x23, 0x00, 0x23, 0x00,
    0x23, 0x00, 0x23, 0x00, 0x23, 0x00, 0x23, 0x00, 0x23, 0x00, 0x23, 0x00, 0x23, 0x00, 0x23, 0x00,
    0x23, 0x00, 0x23, 0x00, 0x23, 0x00, 0x23, 0x00, 0x23, 0x00, 0x23, 0x00, 0x23, 0x00, 0x23, 0x00,
    0x23, 0x00, 0x23, 0x00, 0x23, 0x00, 0x23, 0x00, 0x23, 0x00, 0x23, 0x00, 0x23, 0x00, 0x23, 0x00,
    0x23, 0x00, 0x23, 0x00, 0x23, 0x00, 0x23, 0x00, 0x23, 0x00, 0x23, 0x00, 0x23, 0x00, 0x23, 0x00,
    0x23, 0x00, 0x23, 0x00, 0x23, 0x00, 0x23, 0x00, 0x23, 0x00, 0x23, 0x00, 0x23, 0x00, 0x23, 0x00,
    0x23, 0x00, 0x23, 0x00, 0x23, 0x00, 0x23, 0x00, 0x23, 0x00, 0x23, 0x00, 0x23, 0x00, 0x23, 0x00,
    0x23, 0x00, 0x23, 0x00, 0x23, 0x00, 0x23, 0x00, 0x23, 0x00, 0x23, 0x00, 0x23, 0x00, 0x23, 0x00,
    0x23, 0x00, 0x23, 0x00, 0x23, 0x00, 0x23, 0x00, 0x8a, 0x00, 0xef, 0x00, 0xef, 0x00, 0xef, 0x00,
    0x00, 0x00, 0x00, 0x00, 0x00, 0x00, 0x00, 0x00, 0x00, 0x00, 0x00, 0x00, 0x00, 0x00, 0x00, 0x00,
    0x00, 0x00, 0x00, 0x00, 0x00, 0x00, 0x00, 0x00, 0x00, 0x00, 0x00, 0x00, 0x00, 0x00, 0x00, 0x00,
    0x23, 0x00, 0x23, 0x00, 0xef, 0x00, 0xef, 0x00, 0x0c, 0x01, 0x0c, 0x01, 0xef, 0x00, 0xef, 0x00,
    0xef, 0x00, 0xef, 0x00, 0xef, 0x00, 0xef, 0x00, 0xef, 0x00, 0xef, 0x00, 0xef, 0x00, 0xef, 0x00,
    0xef, 0x00, 0xef, 0x00, 0xef, 0x00, 0xef, 0x00, 0xef, 0x00, 0xef, 0x00, 0xef, 0x00, 0xef, 0x00,
    0xef, 0x00, 0xef, 0x00, 0xef, 0x00, 0xef, 0x00, 0xef, 0x00, 0xef, 0x00, 0xef, 0x00, 0xef, 0x00,
    0xef, 0x00, 0xef, 0x00, 0xef, 0x00, 0xef, 0x00, 0xef, 0x00, 0xef, 0x00, 0xef, 0x00, 0xef, 0x00,
    0xef, 0x00, 0xef, 0x00, 0xef, 0x00, 0xef, 0x00, 0xef, 0x00, 0xef, 0x00, 0xef, 0x00, 0xef, 0x00,
    0xef, 0x00, 0xef, 0x00, 0xef, 0x00, 0xef, 0x00, 0xef, 0x00, 0xef, 0x00, 0xef, 0x00, 0xef, 0x00,
    0xef, 0x00, 0xef, 0x00, 0xef, 0x00, 0xef, 0x00, 0xef, 0x00, 0xef, 0x00, 0xef, 0x00, 0xef, 0x00,
    0xef, 0x00, 0xef, 0x00, 0xef, 0x00, 0xef, 0x00, 0xef, 0x00, 0xef, 0x00, 0xef, 0x00, 0xef, 0x00,
    0xef, 0x00, 0xef, 0x00, 0xef, 0x00, 0xef, 0x00, 0xef, 0x00, 0xef, 0x00, 0xef, 0x00, 0xef, 0x00,
    0xef, 0x00, 0xef, 0x00, 0xef, 0x00, 0xef, 0x00, 0xef, 0x00, 0xef, 0x00, 0xef, 0x00, 0xef, 0x00,
    0xef, 0x00, 0xef, 0x00, 0xef, 0x00, 0xef, 0x00, 0xef, 0x00, 0xef, 0x00, 0xef, 0x00, 0xef, 0x00,
    0xef, 0x00, 0xef, 0x00, 0xef, 0x00, 0xef, 0x00, 0xef, 0x00, 0xef, 0x00, 0xef, 0x00, 0xef, 0x00,
    0xef, 0x00, 0xef, 0x00, 0xef, 0x00, 0xef, 0x00, 0xef, 0x00, 0xef, 0x00, 0xef, 0x00, 0xef, 0x00,
    0xef, 0x00, 0xef, 0x00, 0xef, 0x00, 0xef, 0x00, 0xef, 0x00, 0xef, 0x00, 0xef, 0x00, 0xef, 0x00,
    0xef, 0x00, 0xef, 0x00, 0xef, 0x00, 0xef, 0x00, 0xef, 0x00, 0xef, 0x00, 0xef, 0x00, 0xef, 0x00,
    0xef, 0x00, 0xef, 0x00, 0xef, 0x00, 0xef, 0x00, 0xef, 0x00, 0xef, 0x00, 0xef, 0x00, 0xef, 0x00,
    0xef, 0x00, 0xef, 0x00, 0xef, 0x00, 0xef, 0x00, 0xef, 0x00, 0xef, 0x00, 0xef, 0x00, 0xef, 0x00,
    0xef, 0x00, 0xef, 0x00, 0xef, 0x00, 0xef, 0x00, 0xef, 0x00, 0xef, 0x00, 0xef, 0x00, 0xef, 0x00,
    0xef, 0x00, 0x0c, 0x01, 0xef, 0x00, 0xef, 0x00, 0xef, 0x00, 0xef, 0x00, 0xef, 0x00, 0xef, 0x00,
    0xef, 0x00, 0xef, 0x00, 0xef, 0x00, 0xef, 0x00, 0xef, 0x00, 0xef, 0x00, 0xef, 0x00, 0xef, 0x00,
    0xef, 0x00, 0xef, 0x00, 0xef, 0x00, 0xef, 0x00, 0xef, 0x00, 0xef, 0x00, 0xef, 0x00, 0xef, 0x00,
    0xef, 0x00, 0xef, 0x00, 0xef, 0x00, 0xef, 0x00, 0xef, 0x00, 0xef, 0x00, 0xef, 0x00, 0xef, 0x00,
    0xef, 0x00, 0xef, 0x00, 0xef, 0x00, 0xef, 0x00, 0xef, 0x00, 0xef, 0x00, 0xef, 0x00, 0xef, 0x00,
    0xef, 0x00, 0xef, 0x00, 0xef, 0x00, 0xef, 0x00, 0xef, 0x00, 0xef, 0x00, 0xef, 0x00, 0xef, 0x00,
    0xef, 0x00, 0xef, 0x00, 0xef, 0x00, 0xef, 0x00, 0xef, 0x00, 0xef, 0x00, 0xef, 0x00, 0xef, 0x00,
    0xef, 0x00, 0xef, 0x00, 0xef, 0x00, 0xef, 0x00, 0xef, 0x00, 0xef, 0x00, 0xef, 0x00, 0xef, 0x00,
    0xef, 0x00, 0xef, 0x00, 0x0c, 0x01, 0x0c, 0x01, 0xef, 0x00, 0xef, 0x00, 0x23, 0x00, 0x23, 0x00,
    0x00, 0x00, 0x00, 0x00, 0x00, 0x00, 0x00, 0x00, 0x00, 0x00, 0x00, 0x00, 0x00, 0x00, 0x00, 0x00,
    0x00, 0x00, 0x00, 0x00, 0x00, 0x00, 0x00, 0x00, 0x00, 0x00, 0x00, 0x00, 0x00, 0x00, 0x00, 0x00,
    0x00, 0x00, 0x00, 0x00, 0x0c, 0x01, 0xef, 0x00, 0xef, 0x00, 0xef, 0x00, 0xef, 0x00, 0xef, 0x00,
    0xef, 0x00, 0xef, 0x00, 0xef, 0x00, 0xef, 0x00, 0xef, 0x00, 0xef, 0x00, 0xef, 0x00, 0xef, 0x00,
    0xef, 0x00, 0xef, 0x00, 0xef, 0x00, 0xef, 0x00, 0xef, 0x00, 0xef, 0x00, 0xef, 0x00, 0xef, 0x00,
    0xef, 0x00, 0xef, 0x00, 0xef, 0x00, 0xef, 0x00, 0xef, 0x00, 0xef, 0x00, 0xef, 0x00, 0xef, 0x00,
    0xef, 0x00, 0xef, 0x00, 0xef, 0x00, 0xef, 0x00, 0xef, 0x00, 0xef, 0x00, 0xef, 0x00, 0xef, 0x00,
    0xef, 0x00, 0xef, 0x00, 0xef, 0x00, 0xef, 0x00, 0xef, 0x00, 0xef, 0x00, 0xef, 0x00, 0xef, 0x00,
    0xef, 0x00, 0xef, 0x00, 0xef, 0x00, 0xef, 0x00, 0xef, 0x00, 0xef, 0x00, 0xef, 0x00, 0xef, 0x00,
    0xef, 0x00, 0xef, 0x00, 0xef, 0x00, 0xef, 0x00, 0xef, 0x00, 0xef, 0x00, 0xef, 0x00, 0xef, 0x00,
    0xef, 0x00, 0xef, 0x00, 0xef, 0x00, 0xef, 0x00, 0xef, 0x00, 0xef, 0x00, 0xef, 0x00, 0xef, 0x00,
    0xef, 0x00, 0xef, 0x00, 0xef, 0x00, 0xef, 0x00, 0xef, 0x00, 0xef, 0x00, 0xef, 0x00, 0xef, 0x00,
    0xef, 0x00, 0xef, 0x00, 0xef, 0x00, 0xef, 0x00, 0xef, 0x00, 0xef, 0x00, 0xef, 0x00, 0xef, 0x00,
    0xef, 0x00, 0xef, 0x00, 0xef, 0x00, 0xef, 0x00, 0xef, 0x00, 0xef, 0x00, 0xef, 0x00, 0xef, 0x00,
    0xef, 0x00, 0xef, 0x00, 0xef, 0x00, 0xef, 0x00, 0xef, 0x00, 0xef, 0x00, 0xef, 0x00, 0xef, 0x00,
    0xef, 0x00, 0xef, 0x00, 0xef, 0x00, 0xef, 0x00, 0xef, 0x00, 0xef, 0x00, 0xef, 0x00, 0xef, 0x00,
    0xef, 0x00, 0xef, 0x00, 0xef, 0x00, 0xef, 0x00, 0xef, 0x00, 0xef, 0x00, 0xef, 0x00, 0xef, 0x00,
    0xef, 0x00, 0xef, 0x00, 0xef, 0x00, 0xef, 0x00, 0xef, 0x00, 0xef, 0x00, 0xef, 0x00, 0xef, 0x00,
    0xef, 0x00, 0xef, 0x00, 0xef, 0x00, 0xef, 0x00, 0xef, 0x00, 0xef, 0x00, 0xef, 0x00, 0xef, 0x00,
    0xef, 0x00, 0xef, 0x00, 0xef, 0x00, 0xef, 0x00, 0xef, 0x00, 0xef, 0x00, 0xef, 0x00, 0xef, 0x00,
    0xef, 0x00, 0xef, 0x00, 0xef, 0x00, 0xef, 0x00, 0xef, 0x00, 0xef, 0x00, 0xef, 0x00, 0xef, 0x00,
    0xef, 0x00, 0xef, 0x00, 0xef, 0x00, 0xef, 0x00, 0xef, 0x00, 0xef, 0x00, 0xef, 0x00, 0xef, 0x00,
    0xef, 0x00, 0xef, 0x00, 0xef, 0x00, 0xef, 0x00, 0xef, 0x00, 0xef, 0x00, 0xef, 0x00, 0xef, 0x00,
    0xef, 0x00, 0xef, 0x00, 0xef, 0x00, 0xef, 0x00, 0xef, 0x00, 0xef, 0x00, 0xef, 0x00, 0xef, 0x00,
    0xef, 0x00, 0xef, 0x00, 0xef, 0x00, 0xef, 0x00, 0xef, 0x00, 0xef, 0x00, 0xef, 0x00, 0xef, 0x00,
    0xef, 0x00, 0xef, 0x00, 0xef, 0x00, 0xef, 0x00, 0xef, 0x00, 0xef, 0x00, 0xef, 0x00, 0xef, 0x00,
    0xef, 0x00, 0xef, 0x00, 0xef, 0x00, 0xef, 0x00, 0xef, 0x00, 0xef, 0x00, 0xef, 0x00, 0xef, 0x00,
    0xef, 0x00, 0xef, 0x00, 0xef, 0x00, 0xef, 0x00, 0xef, 0x00, 0xef, 0x00, 0xef, 0x00, 0xef, 0x00,
    0xef, 0x00, 0xef, 0x00, 0xef, 0x00, 0xef, 0x00, 0xef, 0x00, 0xef, 0x00, 0xef, 0x00, 0xef, 0x00,
    0xef, 0x00, 0xef, 0x00, 0xef, 0x00, 0xef, 0x00, 0xef, 0x00, 0xef, 0x00, 0x00, 0x00, 0x00, 0x00,
    0x00, 0x00, 0x00, 0x00, 0x00, 0x00, 0x00, 0x00, 0x00, 0x00, 0x00, 0x00, 0x00, 0x00, 0x00, 0x00,
    0x00, 0x00, 0x00, 0x00, 0x00, 0x00, 0x00, 0x00, 0x00, 0x00, 0x00, 0x00, 0x00, 0x00, 0x00, 0x00,
    0x00, 0x00, 0x00, 0x00, 0x00, 0x00, 0x00, 0x00, 0x00, 0x00, 0x00, 0x00, 0x00, 0x00, 0x00, 0x00,
    0x00, 0x00, 0x00, 0x00, 0x00, 0x00, 0x00, 0x00, 0x00, 0x00, 0x00, 0x00, 0x00, 0x00, 0x00, 0x00,
    0x00, 0x00, 0x00, 0x00, 0x00, 0x00, 0x00, 0x00, 0x00, 0x00, 0x00, 0x00, 0x00, 0x00, 0x00, 0x00,
    0x00, 0x00, 0x00, 0x00, 0x00, 0x00, 0x00, 0x00, 0x00, 0x00, 0x00, 0x00, 0x00, 0x00, 0x00, 0x00,
    0x00, 0x00, 0x00, 0x00, 0x00, 0x00, 0x00, 0x00, 0x00, 0x00, 0x00, 0x00, 0x00, 0x00, 0x00, 0x00,
    0x00, 0x00, 0x00, 0x00, 0x00, 0x00, 0x00, 0x00, 0x00, 0x00, 0x00, 0x00, 0x00, 0x00, 0x00, 0x00,
    0x00, 0x00, 0x00, 0x00, 0x00, 0x00, 0x00, 0x00, 0x00, 0x00, 0x00, 0x00, 0x00, 0x00, 0x00, 0x00,
    0x00, 0x00, 0x00, 0x00, 0x00, 0x00, 0x00, 0x00, 0x00, 0x00, 0x00, 0x00, 0x00, 0x00, 0x00, 0x00,
    0x00, 0x00, 0x00, 0x00, 0x00, 0x00, 0x00, 0x00, 0x00, 0x00, 0x00, 0x00, 0x00, 0x00, 0x00, 0x00,
    0x00, 0x00, 0x00, 0x00, 0x00, 0x00, 0x00, 0x00, 0x00, 0x00, 0x00, 0x00, 0x00, 0x00, 0x00, 0x00,
    0x00, 0x00, 0x00, 0x00, 0x00, 0x00, 0x00, 0x00, 0x00, 0x00, 0x00, 0x00, 0x00, 0x00, 0x00, 0x00,
    0x00, 0x00, 0x00, 0x00, 0x00, 0x00, 0x00, 0x00, 0x00, 0x00, 0x00, 0x00, 0x00, 0x00, 0x00, 0x00,
    0x00, 0x00, 0x00, 0x00, 0x00, 0x00, 0x00, 0x00, 0x00, 0x00, 0x00, 0x00, 0x00, 0x00, 0x00, 0x00,
    0x00, 0x00, 0x00, 0x00, 0x00, 0x00, 0x00, 0x00, 0x00, 0x00, 0x00, 0x00, 0x00, 0x00, 0x00, 0x00,
    0x00, 0x00, 0x00, 0x00, 0x00, 0x00, 0x00, 0x00, 0x00, 0x00, 0x00, 0x00, 0x00, 0x00, 0x00, 0x00,
    0x00, 0x00, 0x00, 0x00, 0x00, 0x00, 0x00, 0x00, 0x00, 0x00, 0x00, 0x00, 0x00, 0x00, 0x00, 0x00,
    0x00, 0x00, 0x00, 0x00, 0x00, 0x00, 0x00, 0x00, 0x00, 0x00, 0x00, 0x00, 0x00, 0x00, 0x00, 0x00,
    0x00, 0x00, 0x00, 0x00, 0x00, 0x00, 0x00, 0x00, 0x00, 0x00, 0x00, 0x00, 0x00, 0x00, 0x00, 0x00,
    0x00, 0x00, 0x00, 0x00, 0x00, 0x00, 0x00, 0x00, 0x00, 0x00, 0x00, 0x00, 0x00, 0x00, 0x00, 0x00,
    0x00, 0x00, 0x00, 0x00, 0x00, 0x00, 0x00, 0x00, 0x00, 0x00, 0x00, 0x00, 0x00, 0x00, 0x00, 0x00,
    0x00, 0x00, 0x00, 0x00, 0x00, 0x00, 0x00, 0x00, 0x00, 0x00, 0x00, 0x00, 0x00, 0x00, 0x00, 0x00,
    0x00, 0x00, 0x00, 0x00, 0x00, 0x00, 0x00, 0x00, 0x00, 0x00, 0x00, 0x00, 0x00, 0x00, 0x00, 0x00,
    0x00, 0x00, 0x00, 0x00, 0x00, 0x00, 0x00, 0x00, 0x00, 0x00, 0x00, 0x00, 0x00, 0x00, 0x00, 0x00,
    0x00, 0x00, 0x00, 0x00, 0x00, 0x00, 0x00, 0x00, 0x00, 0x00, 0x00, 0x00, 0x00, 0x00, 0x00, 0x00,
    0x00, 0x00, 0x00, 0x00, 0x00, 0x00, 0x00, 0x00, 0x00, 0x00, 0x00, 0x00, 0x00, 0x00, 0x00, 0x00,
    0x00, 0x00, 0x00, 0x00, 0x00, 0x00, 0x00, 0x00, 0x00, 0x00, 0x00, 0x00, 0x00, 0x00, 0x00, 0x00,
    0x00, 0x00, 0x00, 0x00, 0x00, 0x00, 0x00, 0x00, 0x00, 0x00, 0x00, 0x00, 0x00, 0x00, 0x00, 0x00,
    0x00, 0x00, 0x00, 0x00, 0x00, 0x00, 0x00, 0x00, 0x00, 0x00, 0x00, 0x00, 0x00, 0x00, 0x00, 0x00,
    0x00, 0x00, 0x00, 0x00, 0x00, 0x00, 0x00, 0x00, 0x00, 0x00, 0x00, 0x00, 0x00, 0x00, 0x00, 0x00,
    0x00, 0x00, 0x00, 0x00, 0x00, 0x00, 0x00, 0x00, 0x00, 0x00, 0x00, 0x00, 0x00, 0x00, 0x00, 0x00,
    0x00, 0x00, 0x00, 0x00, 0x00, 0x00, 0x00, 0x00, 0x00, 0x00, 0x00, 0x00, 0x00, 0x00, 0x00, 0x00,
    0x00, 0x00, 0x00, 0x00, 0x00, 0x00, 0x00, 0x00, 0x00, 0x00, 0x00, 0x00, 0x00, 0x00, 0x00, 0x00,
    0x00, 0x00, 0x00, 0x00, 0x00, 0x00, 0x00, 0x00, 0x00, 0x00, 0x00, 0x00, 0x00, 0x00, 0x00, 0x00,
    0x00, 0x00, 0x00, 0x00, 0x00, 0x00, 0x00, 0x00, 0x00, 0x00, 0x00, 0x00, 0x00, 0x00, 0x00, 0x00,
    0x00, 0x00, 0x00, 0x00, 0x00, 0x00, 0x00, 0x00, 0x00, 0x00, 0x00, 0x00, 0x00, 0x00, 0x00, 0x00,
    0x00, 0x00, 0x00, 0x00, 0x00, 0x00, 0x00, 0x00, 0x00, 0x00, 0x00, 0x00, 0x00, 0x00, 0x00, 0x00,
    0x00, 0x00, 0x00, 0x00, 0x00, 0x00, 0x00, 0x00, 0x00, 0x00, 0x00, 0x00, 0x00, 0x00, 0x00, 0x00,
    0x00, 0x00, 0x00, 0x00, 0x00, 0x00, 0x00, 0x00, 0x00, 0x00, 0x00, 0x00, 0x00, 0x00, 0x00, 0x00,
    0x00, 0x00, 0x00, 0x00, 0x00, 0x00, 0x00, 0x00, 0x00, 0x00, 0x00, 0x00, 0x00, 0x00, 0x00, 0x00,
    0x00, 0x00, 0x00, 0x00, 0x00, 0x00, 0x00, 0x00, 0x00, 0x00, 0x00, 0x00, 0x00, 0x00, 0x00, 0x00,
    0x00, 0x00, 0x00, 0x00, 0x00, 0x00, 0x00, 0x00, 0x00, 0x00, 0x00, 0x00, 0x00, 0x00, 0x00, 0x00,
    0x00, 0x00, 0x00, 0x00, 0x00, 0x00, 0x00, 0x00, 0x00, 0x00, 0x00, 0x00, 0x00, 0x00, 0x00, 0x00,
    0x00, 0x00, 0x00, 0x00, 0x00, 0x00, 0x00, 0x00, 0x00, 0x00, 0x00, 0x00, 0x00, 0x00, 0x00, 0x00,
    0x00, 0x00, 0x00, 0x00, 0x00, 0x00, 0x00, 0x00, 0x00, 0x00, 0x00, 0x00, 0x00, 0x00, 0x00, 0x00,
    0x00, 0x00, 0x00, 0x00, 0x00, 0x00, 0x00, 0x00, 0x00, 0x00, 0x00, 0x00, 0x00, 0x00, 0x00, 0x00,
    0x00, 0x00, 0x00, 0x00, 0x00, 0x00, 0x00, 0x00, 0x00, 0x00, 0x00, 0x00, 0x00, 0x00, 0x00, 0x00,
    0x00, 0x00, 0x00, 0x00, 0x00, 0x00, 0x00, 0x00, 0x00, 0x00, 0x00, 0x00, 0x00, 0x00, 0x00, 0x00,
    0x00, 0x00, 0x00, 0x00, 0x00, 0x00, 0x00, 0x00, 0x00, 0x00, 0x00, 0x00, 0x00, 0x00, 0x00, 0x00,
    0x00, 0x00, 0x00, 0x00, 0x00, 0x00, 0x00, 0x00, 0x00, 0x00, 0x00, 0x00, 0x00, 0x00, 0x00, 0x00,
    0x00, 0x00, 0x00, 0x00, 0x00, 0x00, 0x00, 0x00, 0x00, 0x00, 0x00, 0x00, 0x00, 0x00, 0x00, 0x00,
    0x00, 0x00, 0x00, 0x00, 0x00, 0x00, 0x00, 0x00, 0x00, 0x00, 0x00, 0x00, 0x00, 0x00, 0x00, 0x00,
    0x00, 0x00, 0x00, 0x00, 0x00, 0x00, 0x00, 0x00, 0x00, 0x00, 0x00, 0x00, 0x00, 0x00, 0x00, 0x00,
    0x00, 0x00, 0x00, 0x00, 0x00, 0x00, 0x00, 0x00, 0x00, 0x00, 0x00, 0x00, 0x00, 0x00, 0x00, 0x00,
    0x00, 0x00, 0x00, 0x00, 0x00, 0x00, 0x00, 0x00, 0x00, 0x00, 0x00, 0x00, 0x00, 0x00, 0x00, 0x00,
    0x00, 0x00, 0x00, 0x00, 0x00, 0x00, 0x00, 0x00, 0x00, 0x00, 0x00, 0x00, 0x00, 0x00, 0x00, 0x00,
    0x00, 0x00, 0x00, 0x00, 0x00, 0x00, 0x00, 0x00, 0x00, 0x00, 0x00, 0x00, 0x00, 0x00, 0x00, 0x00,
    0x00, 0x00, 0x00, 0x00, 0x00, 0x00, 0x00, 0x00, 0x00, 0x00, 0x00, 0x00, 0x00, 0x00, 0x00, 0x00,
    0x00, 0x00, 0x00, 0x00, 0x00, 0x00, 0x00, 0x00, 0x00, 0x00, 0x00, 0x00, 0x00, 0x00, 0x00, 0x00,
    0x00, 0x00, 0x00, 0x00, 0x00, 0x00, 0x00, 0x00, 0x00, 0x00, 0x00, 0x00, 0x00, 0x00, 0x00, 0x00,
    0x00, 0x00, 0x00, 0x00, 0x00, 0x00, 0x00, 0x00, 0x00, 0x00, 0x00, 0x00, 0x00, 0x00, 0x00, 0x00,
    0x00, 0x00, 0x00, 0x00, 0x00, 0x00, 0x00, 0x00, 0x00, 0x00, 0x00, 0x00, 0x00, 0x00, 0x00, 0x00,
    0x00, 0x00, 0x00, 0x00, 0x00, 0x00, 0x00, 0x00, 0x00, 0x00, 0x00, 0x00, 0x00, 0x00, 0x00, 0x00,
    0x00, 0x00, 0x00, 0x00, 0x00, 0x00, 0x00, 0x00, 0x00, 0x00, 0x00, 0x00, 0x00, 0x00, 0x00, 0x00,
    0x00, 0x00, 0x00, 0x00, 0x00, 0x00, 0x00, 0x00, 0x00, 0x00, 0x00, 0x00, 0x00, 0x00, 0x00, 0x00,
    0x00, 0x00, 0x00, 0x00, 0x00, 0x00, 0x00, 0x00, 0x00, 0x00, 0x00, 0x00, 0x00, 0x00, 0x00, 0x00,
    0x00, 0x00, 0x00, 0x00, 0x00, 0x00, 0x00, 0x00, 0x00, 0x00, 0x00, 0x00, 0x00, 0x00, 0x00, 0x00,
    0x00, 0x00, 0x00, 0x00, 0x00, 0x00, 0x00, 0x00, 0x00, 0x00, 0x00, 0x00, 0x00, 0x00, 0x00, 0x00,
    0x00, 0x00, 0x00, 0x00, 0x00, 0x00, 0x00, 0x00, 0x00, 0x00, 0x00, 0x00, 0x00, 0x00, 0x00, 0x00,
    0x00, 0x00, 0x00, 0x00, 0x00, 0x00, 0x00, 0x00, 0x00, 0x00, 0x00, 0x00, 0x00, 0x00, 0x00, 0x00,
    0x00, 0x00, 0x00, 0x00, 0x00, 0x00, 0x00, 0x00, 0x00, 0x00, 0x00, 0x00, 0x00, 0x00, 0x00, 0x00,
    0x00, 0x00, 0x00, 0x00, 0x00, 0x00, 0x00, 0x00, 0x00, 0x00, 0x00, 0x00, 0x00, 0x00, 0x00, 0x00,
    0x00, 0x00, 0x00, 0x00, 0x00, 0x00, 0x00, 0x00, 0x00, 0x00, 0x00, 0x00, 0x00, 0x00, 0x00, 0x00,
    0x00, 0x00, 0x00, 0x00, 0x00, 0x00, 0x00, 0x00, 0x00, 0x00, 0x00, 0x00, 0x00, 0x00, 0x00, 0x00,
    0x00, 0x00, 0x00, 0x00, 0x00, 0x00, 0x00, 0x00, 0x00, 0x00, 0x00, 0x00, 0x00, 0x00, 0x00, 0x00,
    0x00, 0x00, 0x00, 0x00, 0x00, 0x00, 0x00, 0x00, 0x00, 0x00, 0x00, 0x00, 0x00, 0x00, 0x00, 0x00,
    0x00, 0x00, 0x00, 0x00, 0x00, 0x00, 0x00, 0x00, 0x00, 0x00, 0x00, 0x00, 0x00, 0x00, 0x00, 0x00,
    0x00, 0x00, 0x00, 0x00, 0x00, 0x00, 0x00, 0x00, 0x00, 0x00, 0x00, 0x00, 0x00, 0x00, 0x00, 0x00,
    0x00, 0x00, 0x00, 0x00, 0x00, 0x00, 0x00, 0x00, 0x00, 0x00, 0x00, 0x00, 0x00, 0x00, 0x00, 0x00,
    0x00, 0x00, 0x00, 0x00, 0x00, 0x00, 0x00, 0x00, 0x00, 0x00, 0x00, 0x00, 0x00, 0x00, 0x00, 0x00,
    0x00, 0x00, 0x00, 0x00, 0x00, 0x00, 0x00, 0x00, 0x00, 0x00, 0x00, 0x00, 0x00, 0x00, 0x00, 0x00,
    0x00, 0x00, 0x00, 0x00, 0x00, 0x00, 0x00, 0x00, 0x00, 0x00, 0x00, 0x00, 0x00, 0x00, 0x00, 0x00,
    0x00, 0x00, 0x00, 0x00, 0x00, 0x00, 0x00, 0x00, 0x00, 0x00, 0x00, 0x00, 0x00, 0x00, 0x00, 0x00,
    0x00, 0x00, 0x00, 0x00, 0x00, 0x00, 0x00, 0x00, 0x00, 0x00, 0x00, 0x00, 0x00, 0x00, 0x00, 0x00,
    0x00, 0x00, 0x00, 0x00, 0x00, 0x00, 0x00, 0x00, 0x00, 0x00, 0x00, 0x00, 0x00, 0x00, 0x00, 0x00,
    0x00, 0x00, 0x00, 0x00, 0x00, 0x00, 0x00, 0x00, 0x00, 0x00, 0x00, 0x00, 0x00, 0x00, 0x00, 0x00,
    0x00, 0x00, 0x00, 0x00, 0x00, 0x00, 0x00, 0x00, 0x00, 0x00, 0x00, 0x00, 0x00, 0x00, 0x00, 0x00,
    0x00, 0x00, 0x00, 0x00, 0x00, 0x00, 0x00, 0x00, 0x00, 0x00, 0x00, 0x00, 0x00, 0x00, 0x00, 0x00,
    0x00, 0x00, 0x00, 0x00, 0x00, 0x00, 0x00, 0x00, 0x00, 0x00, 0x00, 0x00, 0x00, 0x00, 0x00, 0x00,
    0x00, 0x00, 0x00, 0x00, 0x00, 0x00, 0x00, 0x00, 0x00, 0x00, 0x00, 0x00, 0x00, 0x00, 0x00, 0x00,
    0x00, 0x00, 0x00, 0x00, 0x00, 0x00, 0x00, 0x00, 0x00, 0x00, 0x00, 0x00, 0x00, 0x00, 0x00, 0x00,
    0x00, 0x00, 0x00, 0x00, 0x00, 0x00, 0x00, 0x00, 0x00, 0x00, 0x00, 0x00, 0x00, 0x00, 0x00, 0x00,
    0x00, 0x00, 0x00, 0x00, 0x00, 0x00, 0x00, 0x00, 0x00, 0x00, 0x00, 0x00, 0x00, 0x00, 0x00, 0x00,
    0x00, 0x00, 0x00, 0x00, 0x00, 0x00, 0x00, 0x00, 0x00, 0x00, 0x00, 0x00, 0x00, 0x00, 0x00, 0x00,
    0x00, 0x00, 0x00, 0x00, 0x00, 0x00, 0x00, 0x00, 0x00, 0x00, 0x00, 0x00, 0x00, 0x00, 0x00, 0x00,
    0x00, 0x00, 0x00, 0x00, 0x00, 0x00, 0x00, 0x00, 0x00, 0x00, 0x00, 0x00, 0x00, 0x00, 0x00, 0x00,
    0x00, 0x00, 0x00, 0x00, 0x00, 0x00, 0x00, 0x00, 0x00, 0x00, 0x00, 0x00, 0x00, 0x00, 0x00, 0x00,
    0x00, 0x00, 0x00, 0x00, 0x00, 0x00, 0x00, 0x00, 0x00, 0x00, 0x00, 0x00, 0x00, 0x00, 0x00, 0x00,
    0x00, 0x00, 0x00, 0x00, 0x00, 0x00, 0x00, 0x00, 0x00, 0x00, 0x00, 0x00, 0x00, 0x00, 0x00, 0x00,
    0x00, 0x00, 0x00, 0x00, 0x00, 0x00, 0x00, 0x00, 0x00, 0x00, 0x00, 0x00, 0x00, 0x00, 0x00, 0x00,
    0x00, 0x00, 0x00, 0x00, 0x00, 0x00, 0x00, 0x00, 0x00, 0x00, 0x00, 0x00, 0x00, 0x00, 0x00, 0x00,
    0x00, 0x00, 0x00, 0x00, 0x00, 0x00, 0x00, 0x00, 0x00, 0x00, 0x00, 0x00, 0x00, 0x00, 0x00, 0x00,
    0x00, 0x00, 0x00, 0x00, 0x00, 0x00, 0x00, 0x00, 0x00, 0x00, 0x00, 0x00, 0x00, 0x00, 0x00, 0x00,
    0x00, 0x00, 0x00, 0x00, 0x00, 0x00, 0x00, 0x00, 0x00, 0x00, 0x00, 0x00, 0x00, 0x00, 0x00, 0x00,
    0x00, 0x00, 0x00, 0x00, 0x00, 0x00, 0x00, 0x00, 0x00, 0x00, 0x00, 0x00, 0x00, 0x00, 0x00, 0x00,
    0x00, 0x00, 0x00, 0x00, 0x00, 0x00, 0x00, 0x00, 0x00, 0x00, 0x00, 0x00, 0x00, 0x00, 0x00, 0x00,
    0x00, 0x00, 0x00, 0x00, 0x00, 0x00, 0x00, 0x00, 0x00, 0x00, 0x00, 0x00, 0x00, 0x00, 0x00, 0x00,
    0x00, 0x00, 0x00, 0x00, 0x00, 0x00, 0x00, 0x00, 0x00, 0x00, 0x00, 0x00, 0x00, 0x00, 0x00, 0x00,
    0x00, 0x00, 0x00, 0x00, 0x00, 0x00, 0x00, 0x00, 0x00, 0x00, 0x00, 0x00, 0x00, 0x00, 0x00, 0x00,
    0x00, 0x00, 0x00, 0x00, 0x00, 0x00, 0x00, 0x00, 0x00, 0x00, 0x00, 0x00, 0x00, 0x00, 0x00, 0x00,
    0x00, 0x00, 0x00, 0x00, 0x00, 0x00, 0x00, 0x00, 0x00, 0x00, 0x00, 0x00, 0x00, 0x00, 0x00, 0x00,
    0x00, 0x00, 0x00, 0x00, 0x00, 0x00, 0x00, 0x00, 0x00, 0x00, 0x00, 0x00, 0x00, 0x00, 0x00, 0x00,
    0x00, 0x00, 0x00, 0x00, 0x00, 0x00, 0x00, 0x00, 0x00, 0x00, 0x00, 0x00, 0x00, 0x00, 0x00, 0x00,
    0x00, 0x00, 0x00, 0x00, 0x00, 0x00, 0x00, 0x00, 0x00, 0x00, 0x00, 0x00, 0x00, 0x00, 0x00, 0x00,
    0x00, 0x00, 0x00, 0x00, 0x00, 0x00, 0x00, 0x00, 0x00, 0x00, 0x00, 0x00, 0x00, 0x00, 0x00, 0x00,
    0x00, 0x00, 0x00, 0x00, 0x00, 0x00, 0x00, 0x00, 0x00, 0x00, 0x00, 0x00, 0x00, 0x00, 0x00, 0x00,
    0x00, 0x00, 0x00, 0x00, 0x00, 0x00, 0x00, 0x00, 0x00, 0x00, 0x00, 0x00, 0x00, 0x00, 0x00, 0x00,
    0x00, 0x00, 0x00, 0x00, 0x00, 0x00, 0x00, 0x00, 0x00, 0x00, 0x00, 0x00, 0x00, 0x00, 0x00, 0x00,
    0x00, 0x00, 0x00, 0x00, 0x00, 0x00, 0x00, 0x00, 0x00, 0x00, 0x00, 0x00, 0x00, 0x00, 0x00, 0x00,
    0x00, 0x00, 0x00, 0x00, 0x00, 0x00, 0x00, 0x00, 0x00, 0x00, 0x00, 0x00, 0x00, 0x00, 0x00, 0x00,
    0x00, 0x00, 0x00, 0x00, 0x00, 0x00, 0x00, 0x00, 0x00, 0x00, 0x00, 0x00, 0x00, 0x00, 0x00, 0x00,
    0x00, 0x00, 0x00, 0x00, 0x00, 0x00, 0x00, 0x00, 0x00, 0x00, 0x00, 0x00, 0x00, 0x00, 0x00, 0x00,
    0x00, 0x00, 0x00, 0x00, 0x00, 0x00, 0x00, 0x00, 0x00, 0x00, 0x00, 0x00, 0x00, 0x00, 0x00, 0x00,
    0x00, 0x00, 0x00, 0x00, 0x00, 0x00, 0x00, 0x00, 0x00, 0x00, 0x00, 0x00, 0x00, 0x00, 0x00, 0x00,
    0x00, 0x00, 0x00, 0x00, 0x00, 0x00, 0x00, 0x00, 0x00, 0x00, 0x00, 0x00, 0x00, 0x00, 0x00, 0x00,
    0x00, 0x00, 0x00, 0x00, 0x00, 0x00, 0x00, 0x00, 0x00, 0x00, 0x00, 0x00, 0x00, 0x00, 0x00, 0x00,
    0x00, 0x00, 0x00, 0x00, 0x00, 0x00, 0x00, 0x00, 0x00, 0x00, 0x00, 0x00, 0x00, 0x00, 0x00, 0x00,
    0x00, 0x00, 0x00, 0x00, 0x00, 0x00, 0x00, 0x00, 0x00, 0x00, 0x00, 0x00, 0x00, 0x00, 0x00, 0x00,
    0x00, 0x00, 0x00, 0x00, 0x00, 0x00, 0x00, 0x00, 0x00, 0x00, 0x00, 0x00, 0x00, 0x00, 0x00, 0x00,
    0x00, 0x00, 0x00, 0x00, 0x00, 0x00, 0x00, 0x00, 0x00, 0x00, 0x00, 0x00, 0x00, 0x00, 0x00, 0x00,
    0x00, 0x00, 0x00, 0x00, 0x00, 0x00, 0x00, 0x00, 0x00, 0x00, 0x00, 0x00, 0x00, 0x00, 0x00, 0x00,
    0x00, 0x00, 0x00, 0x00, 0x00, 0x00, 0x00, 0x00, 0x00, 0x00, 0x00, 0x00, 0x00, 0x00, 0x00, 0x00,
    0x00, 0x00, 0x00, 0x00, 0x00, 0x00, 0x00, 0x00, 0x00, 0x00, 0x00, 0x00, 0x00, 0x00, 0x00, 0x00,
    0x00, 0x00, 0x00, 0x00, 0x00, 0x00, 0x00, 0x00, 0x00, 0x00, 0x00, 0x00, 0x00, 0x00, 0x00, 0x00,
    0x00, 0x00, 0x00, 0x00, 0x00, 0x00, 0x00, 0x00, 0x00, 0x00, 0x00, 0x00, 0x00, 0x00, 0x00, 0x00,
    0x00, 0x00, 0x00, 0x00, 0x00, 0x00, 0x00, 0x00, 0x00, 0x00, 0x00, 0x00, 0x00, 0x00, 0x00, 0x00,
    0x00, 0x00, 0x00, 0x00, 0x00, 0x00, 0x00, 0x00, 0x00, 0x00, 0x00, 0x00, 0x00, 0x00, 0x00, 0x00,
    0x00, 0x00, 0x00, 0x00, 0x00, 0x00, 0x00, 0x00, 0x00, 0x00, 0x00, 0x00, 0x00, 0x00, 0x00, 0x00,
    0x00, 0x00, 0x00, 0x00, 0x00, 0x00, 0x00, 0x00, 0x00, 0x00, 0x00, 0x00, 0x00, 0x00, 0x00, 0x00,
    0x00, 0x00, 0x00, 0x00, 0x00, 0x00, 0x00, 0x00, 0x00, 0x00, 0x00, 0x00, 0x00, 0x00, 0x00, 0x00,
    0x00, 0x00, 0x00, 0x00, 0x00, 0x00, 0x00, 0x00, 0x00, 0x00, 0x00, 0x00, 0x00, 0x00, 0x00, 0x00,
    0x00, 0x00, 0x00, 0x00, 0x00, 0x00, 0x00, 0x00, 0x00, 0x00, 0x00, 0x00, 0x00, 0x00, 0x00, 0x00,
    0x00, 0x00, 0x00, 0x00, 0x00, 0x00, 0x00, 0x00, 0x00, 0x00, 0x00, 0x00, 0x00, 0x00, 0x00, 0x00,
    0x00, 0x00, 0x00, 0x00, 0x00, 0x00, 0x00, 0x00, 0x00, 0x00, 0x00, 0x00, 0x00, 0x00, 0x00, 0x00,
    0x00, 0x00, 0x00, 0x00, 0x00, 0x00, 0x00, 0x00, 0x00, 0x00, 0x00, 0x00, 0x00, 0x00, 0x00, 0x00,
    0x00, 0x00, 0x00, 0x00, 0x00, 0x00, 0x00, 0x00, 0x00, 0x00, 0x00, 0x00, 0x00, 0x00, 0x00, 0x00,
    0x00, 0x00, 0x00, 0x00, 0x00, 0x00, 0x00, 0x00, 0x00, 0x00, 0x00, 0x00, 0x00, 0x00, 0x00, 0x00,
    0x00, 0x00, 0x00, 0x00, 0x00, 0x00, 0x00, 0x00, 0x00, 0x00, 0x00, 0x00, 0x00, 0x00, 0x00, 0x00,
    0x00, 0x00, 0x00, 0x00, 0x00, 0x00, 0x00, 0x00, 0x00, 0x00, 0x00, 0x00, 0x00, 0x00, 0x00, 0x00,
    0x00, 0x00, 0x00, 0x00, 0x00, 0x00, 0x00, 0x00, 0x00, 0x00, 0x00, 0x00, 0x00, 0x00, 0x00, 0x00,
    0x00, 0x00, 0x00, 0x00, 0x00, 0x00, 0x00, 0x00, 0x00, 0x00, 0x00, 0x00, 0x00, 0x00, 0x00, 0x00,
    0x00, 0x00, 0x00, 0x00, 0x00, 0x00, 0x00, 0x00, 0x00, 0x00, 0x00, 0x00, 0x00, 0x00, 0x00, 0x00,
    0x00, 0x00, 0x00, 0x00, 0x00, 0x00, 0x00, 0x00, 0x00, 0x00, 0x00, 0x00, 0x00, 0x00, 0x00, 0x00,
    0x00, 0x00, 0x00, 0x00, 0x00, 0x00, 0x00, 0x00, 0x00, 0x00, 0x00, 0x00, 0x00, 0x00, 0x00, 0x00,
    0x00, 0x00, 0x00, 0x00, 0x00, 0x00, 0x00, 0x00, 0x00, 0x00, 0x00, 0x00, 0x00, 0x00, 0x00, 0x00,
    0x00, 0x00, 0x00, 0x00, 0x00, 0x00, 0x00, 0x00, 0x00, 0x00, 0x00, 0x00, 0x00, 0x00, 0x00, 0x00,
    0x00, 0x00, 0x00, 0x00, 0x00, 0x00, 0x00, 0x00, 0x00, 0x00, 0x00, 0x00, 0x00, 0x00, 0x00, 0x00,
    0x00, 0x00, 0x00, 0x00, 0x00, 0x00, 0x00, 0x00, 0x00, 0x00, 0x00, 0x00, 0x00, 0x00, 0x00, 0x00,
    0x00, 0x00, 0x00, 0x00, 0x00, 0x00, 0x00, 0x00, 0x00, 0x00, 0x00, 0x00, 0x00, 0x00, 0x00, 0x00,
    0x00, 0x00, 0x00, 0x00, 0x00, 0x00, 0x00, 0x00, 0x00, 0x00, 0x00, 0x00, 0x00, 0x00, 0x00, 0x00,
    0x00, 0x00, 0x00, 0x00, 0x00, 0x00, 0x00, 0x00, 0x00, 0x00, 0x00, 0x00, 0x00, 0x00, 0x00, 0x00,
    0x00, 0x00, 0x00, 0x00, 0x00, 0x00, 0x00, 0x00, 0x00, 0x00, 0x00, 0x00, 0x00, 0x00, 0x00, 0x00,
    0x00, 0x00, 0x00, 0x00, 0x00, 0x00, 0x00, 0x00, 0x00, 0x00, 0x00, 0x00, 0x00, 0x00, 0x00, 0x00,
    0x00, 0x00, 0x00, 0x00, 0x00, 0x00, 0x00, 0x00, 0x00, 0x00, 0x00, 0x00, 0x00, 0x00, 0x00, 0x00,
    0x00, 0x00, 0x00, 0x00, 0x00, 0x00, 0x00, 0x00, 0x00, 0x00, 0x00, 0x00, 0x00, 0x00, 0x00, 0x00,
    0x00, 0x00, 0x00, 0x00, 0x00, 0x00, 0x00, 0x00, 0x00, 0x00, 0x00, 0x00, 0x00, 0x00, 0x00, 0x00,
    0x00, 0x00, 0x00, 0x00, 0x00, 0x00, 0x00, 0x00, 0x00, 0x00, 0x00, 0x00, 0x00, 0x00, 0x00, 0x00,
    0x00, 0x00, 0x00, 0x00, 0x00, 0x00, 0x00, 0x00, 0x00, 0x00, 0x00, 0x00, 0x00, 0x00, 0x00, 0x00,
    0x00, 0x00, 0x00, 0x00, 0x00, 0x00, 0x00, 0x00, 0x00, 0x00, 0x00, 0x00, 0x00, 0x00, 0x00, 0x00,
    0x00, 0x00, 0x00, 0x00, 0x00, 0x00, 0x00, 0x00, 0x00, 0x00, 0x00, 0x00, 0x00, 0x00, 0x00, 0x00,
    0x00, 0x00, 0x00, 0x00, 0x00, 0x00, 0x00, 0x00, 0x00, 0x00, 0x00, 0x00, 0x00, 0x00, 0x00, 0x00,
    0x00, 0x00, 0x00, 0x00, 0x00, 0x00, 0x00, 0x00, 0x00, 0x00, 0x00, 0x00, 0x00, 0x00, 0x00, 0x00,
    0x00, 0x00, 0x00, 0x00, 0x00, 0x00, 0x00, 0x00, 0x00, 0x00, 0x00, 0x00, 0x00, 0x00, 0x00, 0x00,
    0x00, 0x00, 0x00, 0x00, 0x00, 0x00, 0x00, 0x00, 0x00, 0x00, 0x00, 0x00, 0x00, 0x00, 0x00, 0x00,
    0x00, 0x00, 0x00, 0x00, 0x00, 0x00, 0x00, 0x00, 0x00, 0x00, 0x00, 0x00, 0x00, 0x00, 0x00, 0x00,
    0x00, 0x00, 0x00, 0x00, 0x00, 0x00, 0x00, 0x00, 0x00, 0x00, 0x00, 0x00, 0x00, 0x00, 0x00, 0x00,
    0x00, 0x00, 0x00, 0x00, 0x00, 0x00, 0x00, 0x00, 0x00, 0x00, 0x00, 0x00, 0x00, 0x00, 0x00, 0x00,
    0x00, 0x00, 0x00, 0x00, 0x00, 0x00, 0x00, 0x00, 0x00, 0x00, 0x00, 0x00, 0x00, 0x00, 0x00, 0x00,
    0x00, 0x00, 0x00, 0x00, 0x00, 0x00, 0x00, 0x00, 0x00, 0x00, 0x00, 0x00, 0x00, 0x00, 0x00, 0x00,
    0x00, 0x00, 0x00, 0x00, 0x00, 0x00, 0x00, 0x00, 0x00, 0x00, 0x00, 0x00, 0x00, 0x00, 0x00, 0x00,
};

const lv_image_dsc_t ui_menu_chrome = {
    .header.magic = LV_IMAGE_HEADER_MAGIC,
    .header.cf = LV_COLOR_FORMAT_RGB565,
    .header.flags = 0,
    .header.w = 240,
    .header.h = 320,
    .header.stride = 480,
    .data_size = sizeof(ui_menu_chrome_map),
    .data = ui_menu_chrome_map,
};
